DIGITAL_ID,AIR_QUALITY_INDEX,PM2_5,PM10,CO2_LEVEL_PPM,UV_INDEX,TEMPERATURE_C,HUMIDITY_PERCENT,NOISE_LEVEL_DB,POLLEN_COUNT,WEATHER,GREEN_SPACE_ACCESS,COMMUTE_TIME_MINUTES,POLLUTION_EXPOSURE_SCORE,ENVIRONMENTAL_RISK
104001,80,52.6,14.7,848,10.0,33.6,26,69.0,260,Cloudy,Excellent,12,71.7,Moderate
104002,183,21.4,11.8,673,3.5,15.7,42,88.0,128,Sunny,Excellent,41,55.1,Moderate
104003,187,131.2,33.2,944,4.7,5.6,94,74.0,326,Sunny,Good,94,41.5,High
104004,228,97.2,60.3,911,9.1,33.9,52,71.0,377,Sunny,Excellent,97,37.2,High
104005,49,28.9,56.5,630,1.8,28.5,59,50.0,481,Foggy,Moderate,63,79.9,Low
104006,28,67.3,217.2,515,9.4,38.8,24,32.0,258,Sunny,Poor,32,72.8,Moderate
104007,83,46.7,74.3,592,2.7,37.2,64,95.0,291,Sunny,Moderate,57,66.2,Moderate
104008,180,111.8,36.8,828,,5.3,60,40.0,418,Windy,Moderate,75,48.3,High
104009,139,70.7,124.6,513,7.5,36.6,27,53.0,434,Cloudy,Excellent,59,55.0,Moderate
104010,71,148.4,190.2,673,10.0,3.8,69,79.0,376,Cloudy,Good,40,52.0,Moderate
104011,108,12.9,152.4,917,6.7,38.2,50,50.0,139,Cloudy,Moderate,66,66.4,Moderate
104012,161,56.5,72.2,900,5.0,33.5,23,54.0,14,Rainy,Moderate,19,55.2,Moderate
104013,222,74.9,127.9,1180,6.3,23.5,85,33.0,387,Rainy,Good,58,41.4,High
104014,72,78.0,160.1,989,2.2,27.1,75,72.0,183,Sunny,Moderate,65,62.5,Moderate
104015,246,50.8,162.9,983,7.6,0.2,24,76.0,480,Windy,Poor,101,33.9,High
104016,206,110.7,150.0,1108,2.1,-3.0,73,52.0,15,Sunny,Good,58,36.9,High
104017,97,131.8,192.9,1047,6.1,11.5,99,89.0,220,Sunny,Good,73,48.2,High
104018,241,141.1,192.7,557,7.1,36.1,20,50.0,389,Sunny,Good,33,25.1,High
104019,60,121.7,131.6,664,9.9,18.3,95,,62,Snowy,Excellent,85,58.5,Moderate
104020,215,128.3,100.3,653,5.0,6.2,92,80.0,240,Rainy,Poor,113,32.9,High
104021,87,84.8,144.7,588,8.5,36.7,80,44.0,484,Snowy,Poor,31,62.5,Moderate
104022,239,124.8,181.8,1076,1.8,6.4,26,87.0,278,Rainy,Moderate,85,24.2,High
104023,27,49.0,11.2,1153,1.7,35.8,49,55.0,332,Sunny,Moderate,119,83.2,Low
104024,21,62.8,218.3,573,5.8,17.6,34,88.0,427,Sunny,Moderate,72,69.0,Moderate
104025,124,51.0,,437,6.6,18.2,23,74.0,256,Cloudy,Good,117,61.7,Moderate
104026,144,72.8,108.8,886,7.0,8.6,82,95.0,184,Sunny,Moderate,16,50.4,Moderate
104027,129,,193.1,778,8.2,40.0,89,64.0,75,Sunny,Moderate,27,55.2,Moderate
104028,105,144.4,57.3,569,3.2,-0.6,57,93.0,26,Windy,Moderate,54,51.6,Moderate
104029,188,50.4,110.1,624,6.8,2.2,66,56.0,24,Rainy,Excellent,79,49.0,High
104030,139,19.2,37.8,996,2.1,26.8,79,60.0,341,Sunny,Good,104,64.8,Moderate
104031,146,81.4,,1094,2.4,37.5,21,41.0,61,Snowy,Good,80,55.2,Moderate
104032,202,13.3,47.2,415,0.7,-0.2,88,74.0,481,Rainy,Moderate,77,52.3,Moderate
104033,35,21.0,86.4,941,8.2,31.7,27,61.0,145,Sunny,Good,92,80.8,Low
104034,240,36.8,88.4,772,5.6,32.1,70,83.0,232,Cloudy,Good,86,39.7,High
104035,81,72.3,218.6,604,2.6,24.1,38,95.0,463,Sunny,Moderate,31,56.3,Moderate
104036,132,67.8,218.9,474,6.1,19.3,50,61.0,348,Sunny,Good,63,51.1,Moderate
104037,195,121.0,34.1,495,3.9,11.1,99,44.0,285,Sunny,Good,13,44.3,High
104038,177,112.2,162.5,964,9.2,12.6,41,84.0,413,Foggy,Poor,37,38.2,High
104039,31,66.8,20.9,734,5.8,28.7,52,70.0,83,Cloudy,Excellent,74,78.4,Low
104040,54,53.4,16.3,796,0.3,-1.7,91,69.0,174,Windy,Excellent,55,76.2,Low
104041,30,50.9,32.1,736,,24.2,56,78.0,405,Sunny,Excellent,101,79.1,Low
104042,83,117.2,212.8,732,0.8,8.9,31,67.0,380,Sunny,Excellent,44,53.7,Moderate
104043,69,12.6,207.6,626,7.7,18.3,88,85.0,169,Windy,Good,10,67.2,Moderate
104044,232,6.9,50.7,731,4.8,22.9,83,63.0,289,Cloudy,Moderate,8,48.6,High
104045,168,120.4,44.0,473,2.7,39.3,44,30.0,446,Windy,Good,7,50.1,Moderate
104046,88,74.2,60.5,616,7.4,24.0,73,39.0,3,Sunny,Good,17,68.3,Moderate
104047,67,24.0,118.3,1139,1.4,6.4,48,69.0,497,Foggy,Excellent,30,72.2,Moderate
104048,39,39.2,129.6,460,,-1.0,32,45.0,286,Cloudy,Good,38,77.3,Low
104049,120,140.2,56.5,730,2.8,26.3,45,75.0,306,Sunny,Moderate,81,51.3,Moderate
104050,214,129.6,168.9,1174,4.0,22.3,41,53.0,49,Rainy,Good,57,32.2,High
104051,191,107.9,75.0,950,7.0,28.6,95,43.0,269,Snowy,Good,51,44.6,High
104052,180,74.9,203.6,507,0.0,18.0,92,68.0,7,Sunny,Excellent,12,41.6,High
104053,220,80.4,147.9,1077,5.2,36.3,29,47.0,356,Foggy,Excellent,80,38.7,High
104054,208,146.4,101.6,1162,9.8,41.0,67,70.0,68,Rainy,Excellent,12,32.9,High
104055,156,145.0,175.9,897,7.5,-3.0,61,85.0,391,Sunny,Moderate,23,37.2,High
104056,87,36.2,181.8,948,4.3,32.2,78,65.0,138,Sunny,Good,109,64.4,Moderate
104057,54,122.6,71.0,467,7.3,-3.2,72,53.0,247,Cloudy,Excellent,78,66.7,Moderate
104058,228,33.6,81.3,677,10.3,17.3,59,58.0,28,Sunny,Good,36,45.1,High
104059,245,36.0,206.6,1043,2.1,18.1,94,51.0,182,Cloudy,Good,25,36.2,High
104060,235,103.0,44.6,417,5.8,29.8,81,40.0,212,Snowy,Good,68,39.1,High
104061,243,63.7,18.9,783,2.6,12.6,25,70.0,422,Rainy,Excellent,27,40.7,High
104062,84,140.1,105.4,708,9.4,36.0,23,78.0,396,Cloudy,Moderate,95,55.0,Moderate
104063,27,17.9,178.3,1020,7.9,12.1,74,40.0,319,Sunny,Moderate,93,80.1,Low
104064,64,79.2,172.1,1146,8.8,12.1,88,81.0,304,Foggy,Good,75,62.3,Moderate
104065,106,138.2,203.1,792,10.4,6.1,22,96.0,18,Sunny,Good,46,44.6,High
104066,194,136.1,122.0,513,2.6,29.2,26,37.0,382,Sunny,Excellent,39,38.9,High
104067,187,27.7,31.0,710,0.5,-1.2,31,60.0,450,Rainy,Moderate,6,55.5,Moderate
104068,95,58.2,133.6,934,3.2,13.2,36,35.0,225,Snowy,Moderate,96,65.7,Moderate
104069,201,94.8,173.5,468,4.4,8.3,86,42.0,229,Foggy,Excellent,75,39.6,High
104070,95,,29.6,544,6.9,6.5,94,35.0,338,Foggy,Good,110,74.5,Moderate
104071,193,145.4,46.3,950,8.8,-2.0,89,96.0,95,Foggy,Poor,108,35.9,High
104072,66,137.6,12.6,937,3.8,4.5,55,56.0,494,Cloudy,Good,80,65.4,Moderate
104073,34,29.2,134.7,1082,5.2,17.3,36,74.0,483,Sunny,Good,56,76.2,Low
104074,124,22.6,196.2,1000,8.6,20.2,20,55.0,114,Rainy,Moderate,21,59.7,Moderate
104075,166,17.4,150.8,590,2.5,8.5,86,33.0,358,Sunny,Good,90,57.2,Moderate
104076,45,136.9,216.2,858,2.4,27.5,99,66.0,179,Sunny,Good,13,58.1,Moderate
104077,71,33.1,23.2,1015,6.5,11.8,97,50.0,372,Sunny,Moderate,56,77.1,Low
104078,112,65.4,199.6,914,4.8,13.4,68,57.0,77,Sunny,Poor,7,56.3,Moderate
104079,169,70.1,181.0,491,10.4,34.1,70,61.0,326,Cloudy,Moderate,26,46.0,High
104080,40,91.9,76.0,1181,3.9,22.6,90,82.0,275,Cloudy,Good,58,69.8,Moderate
104081,70,15.4,214.4,380,8.4,42.7,62,62.0,351,Cloudy,Moderate,40,68.6,Moderate
104082,57,37.9,70.5,572,6.4,13.0,50,55.0,365,Windy,Poor,43,76.2,Low
104083,39,140.1,196.8,1153,0.6,36.4,43,46.0,181,Rainy,Good,22,61.7,Moderate
104084,176,136.7,195.0,615,0.9,31.9,56,85.0,94,Foggy,Excellent,85,33.7,High
104085,198,118.3,169.1,631,2.2,39.5,84,59.0,85,Cloudy,Poor,31,35.8,High
104086,151,7.8,128.3,1137,1.6,42.8,82,34.0,388,Sunny,Excellent,103,62.1,Moderate
104087,74,52.4,35.2,730,3.6,-4.6,75,35.0,94,Sunny,Excellent,100,75.1,Low
104088,218,96.1,121.7,905,6.4,-0.6,93,91.0,334,Rainy,Good,71,34.0,High
104089,111,44.9,84.9,411,6.6,28.7,37,39.0,491,Windy,Good,17,66.5,Moderate
104090,47,136.9,176.4,1062,6.5,14.5,84,99.0,445,Sunny,Moderate,21,56.4,Moderate
104091,23,96.9,169.2,1196,1.3,36.0,48,39.0,144,Windy,Good,65,71.9,Moderate
104092,169,15.4,,870,6.6,-4.4,96,73.0,247,Cloudy,Excellent,22,50.4,Moderate
104093,95,136.8,13.1,420,4.5,35.3,23,85.0,180,Sunny,Moderate,119,57.3,Moderate
104094,192,143.9,179.9,951,9.9,1.8,31,33.0,292,Rainy,Moderate,21,35.9,High
104095,86,16.3,,885,10.0,9.5,75,42.0,18,Cloudy,Moderate,60,68.0,Moderate
104096,105,82.2,175.8,489,8.4,43.5,67,48.0,137,Sunny,Good,52,57.6,Moderate
104097,213,49.0,37.3,665,7.7,-2.4,38,99.0,43,Cloudy,Excellent,20,44.0,High
104098,235,62.0,27.1,689,1.3,12.5,45,91.0,225,Snowy,Moderate,90,39.8,High
104099,181,31.0,14.4,939,0.9,-0.8,57,38.0,432,Cloudy,Excellent,29,59.2,Moderate
104100,110,88.8,142.0,1075,9.2,37.7,99,75.0,344,Sunny,Excellent,69,54.9,Moderate
104101,202,143.9,142.2,877,4.7,30.2,44,85.0,36,Foggy,Moderate,31,30.8,High
104102,124,77.9,217.3,890,5.0,35.0,75,69.0,313,Sunny,Good,18,50.6,Moderate
104103,20,17.0,93.6,765,9.3,21.4,93,96.0,219,Sunny,Good,96,80.1,Low
104104,91,94.9,79.7,816,6.8,12.9,47,91.0,127,Cloudy,Moderate,115,59.1,Moderate
104105,106,54.3,141.1,724,2.0,-4.9,80,75.0,142,Windy,Good,104,59.8,Moderate
104106,185,129.1,183.4,640,2.3,8.9,70,35.0,403,Cloudy,Excellent,120,38.5,High
104107,25,68.0,206.7,392,0.1,20.7,31,58.0,182,Rainy,Good,111,71.2,Moderate
104108,233,33.0,178.7,402,7.8,28.2,27,48.0,396,Foggy,Excellent,54,40.4,High
104109,172,32.7,99.6,1137,5.3,6.4,77,44.0,403,Snowy,Poor,100,55.7,Moderate
104110,229,116.5,143.3,581,10.4,1.9,42,86.0,42,Sunny,Moderate,33,29.0,High
104111,164,,189.8,561,7.9,5.1,56,67.0,478,Snowy,Good,85,49.1,High
104112,80,116.2,,357,1.1,12.7,30,50.0,209,Rainy,Excellent,32,61.0,Moderate
104113,31,34.9,55.5,983,1.8,2.4,36,80.0,424,Sunny,Excellent,109,79.5,Low
104114,25,51.6,45.6,832,5.5,2.8,75,68.0,47,Sunny,Moderate,25,80.2,Low
104115,237,72.5,10.0,391,10.2,-2.8,72,49.0,311,Rainy,Poor,28,43.2,High
104116,46,141.8,160.8,682,2.7,37.8,86,31.0,219,Sunny,Excellent,50,63.6,Moderate
104117,155,140.1,33.3,582,9.1,6.0,21,61.0,366,Sunny,Poor,64,47.5,High
104118,230,35.0,61.2,419,3.4,36.1,48,33.0,195,Rainy,Good,103,48.0,High
104119,143,56.9,72.6,365,3.0,16.9,76,36.0,471,Windy,Good,24,60.2,Moderate
104120,125,26.7,127.7,418,9.9,26.6,53,,171,Sunny,Excellent,56,64.7,Moderate
104121,212,,93.6,402,0.5,-1.2,97,54.0,236,Cloudy,Moderate,26,42.3,High
104122,204,71.8,151.7,1034,7.3,24.2,21,38.0,456,Rainy,Good,72,43.3,High
104123,112,135.6,21.7,1123,0.5,9.5,94,55.0,174,Rainy,Moderate,20,57.0,Moderate
104124,128,139.9,36.0,728,8.8,-0.2,50,93.0,433,Foggy,Good,25,49.1,High
104125,118,60.6,114.8,1150,9.1,40.4,96,47.0,499,Rainy,Moderate,48,61.0,Moderate
104126,187,76.3,80.8,812,9.8,25.2,63,31.0,31,Rainy,Excellent,66,50.0,Moderate
104127,161,135.0,72.1,876,2.0,7.1,75,30.0,223,Foggy,Excellent,25,48.2,High
104128,54,122.0,24.1,1131,1.4,16.0,73,77.0,53,Sunny,Excellent,108,66.7,Moderate
104129,195,5.5,198.1,1028,5.5,12.8,72,92.0,422,Sunny,Moderate,109,45.1,High
104130,103,51.4,,412,3.0,30.0,93,65.0,468,Cloudy,Moderate,15,61.0,Moderate
104131,75,66.2,35.5,610,6.7,25.4,95,92.0,185,Cloudy,Excellent,64,67.6,Moderate
104132,196,38.3,23.7,849,5.7,-4.0,65,55.0,491,Sunny,Good,41,53.4,Moderate
104133,160,33.9,214.7,470,1.6,4.9,73,35.0,233,Sunny,Moderate,48,52.9,Moderate
104134,208,10.5,153.0,589,8.1,18.9,50,55.0,316,Rainy,Good,26,48.2,High
104135,249,98.3,97.7,814,8.8,17.3,43,72.0,230,Windy,Poor,88,31.3,High
104136,68,43.1,157.4,456,10.6,20.8,44,30.0,109,Sunny,Poor,70,71.7,Moderate
104137,65,12.6,168.8,529,4.4,30.7,54,38.0,474,Cloudy,Moderate,47,74.5,Moderate
104138,132,38.5,173.8,365,3.7,29.1,76,56.0,366,Sunny,Moderate,79,57.3,Moderate
104139,209,121.3,110.4,704,2.1,13.6,91,32.0,99,Rainy,Moderate,25,39.1,High
104140,155,128.5,100.3,658,2.0,38.9,88,90.0,199,Cloudy,Good,37,42.7,High
104141,62,75.0,12.3,1076,3.5,-1.9,47,31.0,210,Foggy,Good,117,76.1,Low
104142,167,65.3,204.6,938,10.8,24.2,95,60.0,220,Sunny,Excellent,21,45.9,High
104143,143,146.8,136.7,1086,1.0,42.5,52,94.0,402,Cloudy,Poor,40,40.4,High
104144,116,34.1,52.7,954,2.9,22.5,72,47.0,324,Sunny,Moderate,18,67.7,Moderate
104145,109,36.2,203.1,530,0.9,17.8,35,35.0,149,Cloudy,Excellent,41,62.4,Moderate
104146,58,47.3,202.1,523,3.0,1.7,45,71.0,162,Windy,Good,35,66.7,Moderate
104147,104,30.0,217.7,703,1.0,35.5,31,97.0,393,Foggy,Good,8,57.1,Moderate
104148,196,60.0,193.6,703,5.6,13.7,96,33.0,142,Cloudy,Moderate,10,44.5,High
104149,211,137.1,219.5,568,4.8,30.1,50,33.0,257,Windy,Good,54,31.3,High
104150,81,94.2,61.4,1004,1.9,4.9,46,94.0,244,Sunny,Moderate,89,61.6,Moderate
104151,125,64.7,186.9,664,1.9,-2.9,55,,489,Sunny,Excellent,81,53.4,Moderate
104152,126,140.5,182.8,783,6.9,10.3,78,72.0,149,Windy,Moderate,42,44.1,High
104153,73,12.0,58.5,631,4.3,9.1,22,84.0,111,Sunny,Good,83,74.1,Moderate
104154,145,,30.7,608,0.6,38.7,51,48.0,98,Sunny,Excellent,9,63.3,Moderate
104155,28,87.1,215.7,908,10.1,38.2,34,,102,Cloudy,Moderate,42,68.7,Moderate
104156,107,94.3,72.2,354,4.5,21.7,94,87.0,210,Cloudy,Moderate,28,57.1,Moderate
104157,56,10.7,192.9,923,6.5,-4.1,85,59.0,494,Sunny,Poor,22,73.1,Moderate
104158,68,63.4,10.9,945,9.7,6.4,82,36.0,11,Windy,Moderate,97,76.0,Low
104159,60,99.1,14.4,994,4.4,27.0,20,98.0,380,Cloudy,Good,36,66.8,Moderate
104160,36,106.2,107.8,743,9.0,0.1,94,93.0,225,Cloudy,Poor,75,66.1,Moderate
104161,107,97.5,60.1,685,10.1,30.0,24,31.0,445,Sunny,Moderate,98,62.9,Moderate
104162,40,51.5,154.9,412,1.9,-4.4,25,96.0,300,Cloudy,Good,106,69.3,Moderate
104163,70,18.6,128.8,1142,9.8,29.1,24,38.0,441,Snowy,Good,94,74.9,Moderate
104164,78,66.9,26.3,393,1.3,37.2,92,52.0,147,Foggy,Poor,76,71.4,Moderate
104165,186,23.7,44.2,502,3.0,18.5,47,43.0,178,Foggy,Moderate,93,57.2,Moderate
104166,202,142.4,91.5,1131,8.9,36.5,88,83.0,6,Cloudy,Moderate,34,33.7,High
104167,60,73.9,49.0,1032,9.9,34.1,63,74.0,151,Foggy,Excellent,92,70.5,Moderate
104168,58,51.0,176.4,505,7.5,28.6,35,45.0,322,Sunny,Moderate,34,70.1,Moderate
104169,160,116.1,97.4,827,1.2,17.3,90,86.0,69,Sunny,Good,9,43.8,High
104170,211,77.2,29.6,624,5.8,8.6,97,37.0,352,Snowy,Excellent,8,47.6,High
104171,30,50.0,111.7,707,6.3,38.0,41,54.0,52,Sunny,Moderate,55,77.6,Low
104172,166,122.7,29.1,775,3.1,27.4,92,70.0,161,Sunny,Moderate,110,46.9,High
104173,158,130.7,37.1,881,10.9,34.9,42,91.0,416,Foggy,Good,13,44.9,High
104174,96,102.6,60.3,832,3.7,22.6,62,47.0,92,Snowy,Good,59,62.7,Moderate
104175,146,11.8,190.5,563,2.3,3.6,87,79.0,150,Sunny,Excellent,37,54.9,Moderate
104176,65,87.1,204.2,428,1.2,44.0,62,70.0,57,Snowy,Excellent,119,60.6,Moderate
104177,64,115.7,183.5,488,4.2,4.1,45,63.0,195,Windy,Good,97,59.1,Moderate
104178,20,24.8,80.2,447,7.6,40.6,60,41.0,324,Foggy,Excellent,35,85.3,Low
104179,187,38.2,67.2,1013,2.5,5.4,89,71.0,481,Cloudy,Good,112,51.3,Moderate
104180,127,133.0,125.3,547,8.5,13.7,50,84.0,207,Rainy,Moderate,87,46.5,High
104181,38,7.9,161.6,1134,1.5,17.0,36,88.0,423,Snowy,Excellent,113,75.3,Low
104182,95,114.1,218.6,505,4.8,41.1,28,80.0,302,Rainy,Excellent,58,50.3,Moderate
104183,91,73.7,37.6,399,7.7,39.4,74,82.0,298,Rainy,Poor,115,64.7,Moderate
104184,219,69.8,20.4,828,1.5,36.2,25,38.0,444,Cloudy,Moderate,65,47.4,High
104185,208,6.0,155.8,577,6.6,13.8,89,32.0,425,Cloudy,Excellent,70,50.8,Moderate
104186,128,123.8,184.8,806,8.8,-4.8,83,37.0,61,Foggy,Excellent,24,49.2,High
104187,31,57.2,187.7,871,6.6,29.1,23,,194,Sunny,Moderate,80,69.4,Moderate
104188,208,83.4,152.5,498,5.6,15.5,86,59.0,54,Sunny,Good,118,39.0,High
104189,180,103.2,210.3,407,9.2,32.9,75,96.0,362,Snowy,Moderate,89,35.1,High
104190,64,106.9,117.3,511,10.8,34.7,37,84.0,48,Sunny,Good,65,61.4,Moderate
104191,109,143.6,201.9,826,2.0,17.0,51,63.0,105,Cloudy,Poor,99,46.8,High
104192,122,82.0,,456,7.6,32.4,67,72.0,432,Sunny,Moderate,40,50.3,Moderate
104193,239,63.0,187.9,776,0.9,37.0,48,57.0,77,Rainy,Excellent,88,34.3,High
104194,216,143.3,75.0,744,0.5,41.4,51,66.0,374,Foggy,Good,112,33.6,High
104195,27,98.1,51.2,1150,3.1,24.1,44,59.0,416,Rainy,Moderate,24,74.9,Moderate
104196,172,48.2,125.1,535,10.7,33.9,95,91.0,283,Sunny,Excellent,49,47.9,High
104197,110,23.3,105.1,907,6.1,19.7,82,58.0,56,Foggy,Excellent,104,66.3,Moderate
104198,193,127.2,,795,3.0,-2.9,28,31.0,168,Sunny,Excellent,50,37.2,High
104199,106,57.5,31.0,990,1.5,2.8,90,86.0,375,Cloudy,Good,22,63.9,Moderate
104200,177,100.8,64.1,1179,10.1,1.4,33,,375,Cloudy,Moderate,74,44.2,High
104201,194,73.3,167.9,797,4.0,3.6,39,71.0,206,Foggy,Excellent,101,40.8,High
104202,234,33.8,29.9,436,3.4,-4.5,29,78.0,259,Sunny,Moderate,78,44.5,High
104203,196,92.2,77.4,598,9.4,37.9,30,86.0,275,Rainy,Moderate,22,41.2,High
104204,194,13.8,91.3,1190,6.6,23.0,58,47.0,372,Cloudy,Poor,119,54.2,Moderate
104205,103,64.9,140.7,789,1.9,14.2,38,99.0,344,Sunny,Moderate,68,56.7,Moderate
104206,101,84.3,43.2,606,4.6,15.5,38,56.0,162,Foggy,Poor,38,63.9,Moderate
104207,165,68.2,190.7,626,10.2,18.2,62,83.0,243,Rainy,Poor,83,44.3,High
104208,213,113.6,104.0,1139,9.9,-1.3,80,53.0,249,Snowy,Good,7,37.5,High
104209,87,125.0,202.6,787,0.8,8.7,89,63.0,308,Sunny,Good,76,52.9,Moderate
104210,241,116.8,108.3,865,3.0,37.6,91,51.0,38,Snowy,Good,119,32.1,High
104211,180,10.6,67.8,926,1.7,32.2,84,92.0,308,Windy,Good,15,53.7,Moderate
104212,146,33.1,39.8,551,5.9,23.2,42,65.0,120,Cloudy,Excellent,50,61.3,Moderate
104213,183,82.8,10.8,924,8.2,19.0,79,90.0,85,Rainy,Moderate,100,47.6,High
104214,101,140.5,121.8,1004,3.3,7.9,29,71.0,98,Foggy,Excellent,116,51.8,Moderate
104215,248,126.1,32.5,1105,8.3,18.6,82,62.0,373,Windy,Good,46,32.4,High
104216,166,127.2,92.3,1153,7.4,24.9,21,38.0,245,Cloudy,Good,21,46.4,High
104217,175,49.0,133.7,1146,8.0,30.6,55,54.0,494,Rainy,Poor,51,50.5,Moderate
104218,187,67.3,67.9,529,10.4,3.3,76,42.0,347,Snowy,Excellent,34,50.7,Moderate
104219,103,73.3,46.8,1035,,35.7,85,76.0,393,Sunny,Poor,47,62.7,Moderate
104220,132,27.8,172.7,674,3.8,12.3,98,74.0,207,Rainy,Excellent,12,56.9,Moderate
104221,244,9.5,208.8,972,7.5,20.2,39,34.0,112,Foggy,Moderate,44,41.1,High
104222,95,,31.1,1036,8.9,25.4,61,60.0,470,Foggy,Good,75,58.3,Moderate
104223,141,39.9,42.7,824,2.1,19.4,40,60.0,82,Windy,Good,24,61.7,Moderate
104224,162,39.8,211.6,1014,9.3,23.6,85,70.0,64,Sunny,Poor,80,48.5,High
104225,60,17.1,17.9,749,0.6,0.6,57,75.0,0,Foggy,Good,89,78.8,Low
104226,186,139.6,215.3,566,0.1,16.6,97,81.0,436,Rainy,Good,32,30.9,High
104227,21,,11.0,1158,1.7,9.0,88,34.0,173,Sunny,Moderate,32,81.6,Low
104228,210,101.7,193.5,802,10.8,-0.7,43,,249,Rainy,Moderate,63,36.2,High
104229,48,137.2,74.5,753,5.8,4.6,45,50.0,409,Windy,Poor,66,66.2,Moderate
104230,124,55.1,207.1,589,0.5,25.1,21,38.0,225,Sunny,Moderate,84,56.9,Moderate
104231,221,95.1,76.6,1087,11.0,4.8,65,46.0,385,Foggy,Moderate,116,40.4,High
104232,213,10.6,147.4,535,8.2,4.1,53,53.0,283,Foggy,Good,78,47.7,High
104233,70,32.1,26.8,397,9.2,22.6,81,,83,Sunny,Moderate,58,76.6,Low
104234,94,,60.9,735,2.3,40.2,60,37.0,489,Foggy,Moderate,90,61.3,Moderate
104235,224,116.2,172.5,557,1.2,34.4,34,73.0,238,Foggy,Good,11,29.8,High
104236,29,55.8,121.0,506,5.7,40.3,74,91.0,410,Sunny,Moderate,72,72.9,Moderate
104237,161,59.6,204.9,574,8.5,24.1,22,58.0,27,Sunny,Good,28,47.8,High
104238,229,82.4,100.0,493,7.0,15.5,95,53.0,379,Cloudy,Good,102,38.6,High
104239,70,5.0,192.7,768,6.9,31.5,57,63.0,286,Sunny,Good,45,70.9,Moderate
104240,137,40.0,104.3,460,,8.1,70,89.0,430,Snowy,Good,115,56.4,Moderate
104241,220,35.2,215.6,1179,2.5,-1.1,36,60.0,390,Cloudy,Moderate,58,39.4,High
104242,140,41.3,211.6,814,7.3,12.2,68,33.0,327,Foggy,Excellent,18,56.0,Moderate
104243,58,121.9,79.1,481,4.3,10.0,40,38.0,479,Foggy,Excellent,48,67.2,Moderate
104244,47,45.6,196.0,974,0.8,28.8,43,83.0,458,Sunny,Excellent,53,68.0,Moderate
104245,22,32.8,188.0,1185,2.2,22.6,59,30.0,303,Cloudy,Excellent,67,79.7,Low
104246,103,78.1,,950,8.7,1.9,39,90.0,281,Cloudy,Excellent,85,60.4,Moderate
104247,217,130.5,141.1,1022,9.9,40.4,98,60.0,182,Rainy,Moderate,49,32.2,High
104248,174,40.0,25.3,683,3.1,24.7,54,74.0,344,Cloudy,Good,76,55.2,Moderate
104249,136,16.4,185.7,424,2.1,17.9,67,89.0,134,Sunny,Good,110,55.4,Moderate
104250,21,56.7,46.7,1142,0.3,41.9,52,,467,Sunny,Moderate,81,80.0,Low
104251,112,113.4,24.9,761,10.4,-0.1,75,56.0,360,Sunny,Moderate,11,59.4,Moderate
104252,185,84.9,94.0,868,7.5,34.5,60,87.0,56,Foggy,Excellent,7,43.1,High
104253,150,123.4,,974,10.5,13.2,73,98.0,114,Sunny,Poor,92,41.8,High
104254,163,144.1,189.5,385,9.5,29.8,63,63.0,185,Sunny,Poor,51,37.6,High
104255,113,119.9,214.6,1127,3.7,41.5,91,39.0,477,Rainy,Excellent,92,50.6,Moderate
104256,59,92.6,102.3,974,1.2,20.9,30,,375,Sunny,Moderate,65,63.7,Moderate
104257,21,76.5,22.7,1153,5.5,-3.9,33,54.0,0,Sunny,Excellent,75,80.5,Low
104258,100,10.8,167.3,572,0.3,-3.6,61,32.0,337,Rainy,Excellent,34,69.1,Moderate
104259,188,147.7,128.7,1072,1.6,11.5,98,63.0,455,Rainy,Good,9,35.7,High
104260,31,60.6,104.1,879,2.6,34.1,31,57.0,28,Sunny,Moderate,108,76.2,Low
104261,182,27.1,74.9,590,7.3,9.4,36,38.0,231,Cloudy,Moderate,89,56.4,Moderate
104262,84,101.7,,483,5.6,11.7,97,40.0,149,Cloudy,Good,117,62.9,Moderate
104263,74,46.2,81.1,1081,3.3,34.2,44,68.0,479,Cloudy,Good,76,70.3,Moderate
104264,64,89.9,169.0,740,6.2,0.8,45,42.0,423,Rainy,Good,11,65.0,Moderate
104265,226,90.1,124.2,451,1.4,37.3,66,40.0,189,Sunny,Good,43,38.3,High
104266,237,69.6,194.1,1001,8.3,8.3,44,64.0,269,Cloudy,Poor,6,32.9,High
104267,120,126.2,124.1,1030,7.8,-2.4,79,37.0,247,Snowy,Moderate,47,53.4,Moderate
104268,232,43.4,60.0,847,2.4,0.9,79,,385,Foggy,Good,16,46.4,High
104269,81,70.1,188.7,860,6.7,42.6,46,98.0,418,Windy,Good,32,57.8,Moderate
104270,68,83.0,127.0,1052,5.5,17.6,62,99.0,326,Cloudy,Poor,112,61.6,Moderate
104271,146,101.2,53.4,886,0.7,7.8,95,86.0,194,Cloudy,Moderate,23,50.3,Moderate
104272,242,118.7,140.9,894,3.1,21.1,39,64.0,380,Cloudy,Excellent,32,28.8,High
104273,172,62.2,85.1,692,11.0,29.1,82,40.0,254,Windy,Good,103,53.3,Moderate
104274,42,98.7,187.3,1190,1.1,10.9,99,67.0,78,Windy,Good,80,64.5,Moderate
104275,171,26.8,105.2,355,5.6,31.3,44,78.0,362,Sunny,Poor,96,52.9,Moderate
104276,57,140.2,162.6,543,9.3,7.6,46,64.0,97,Sunny,Good,94,58.4,Moderate
104277,47,60.5,30.1,1091,,0.6,71,58.0,149,Cloudy,Excellent,106,77.0,Low
104278,40,110.8,93.2,486,2.9,22.5,29,70.0,273,Sunny,Good,74,67.8,Moderate
104279,201,7.9,216.5,1184,9.8,2.6,69,,301,Foggy,Good,23,48.5,High
104280,126,34.8,179.8,822,3.4,42.0,49,39.0,337,Sunny,Moderate,68,60.3,Moderate
104281,165,75.6,43.6,565,,-5.0,20,52.0,446,Sunny,Good,95,53.8,Moderate
104282,183,132.3,68.3,698,8.1,32.8,73,75.0,122,Windy,Excellent,13,40.3,High
104283,118,81.5,79.3,532,8.7,9.0,23,41.0,97,Sunny,Excellent,45,60.9,Moderate
104284,192,139.8,146.6,517,10.9,37.3,26,84.0,163,Sunny,Good,54,32.9,High
104285,138,75.2,169.0,1143,,-2.0,49,42.0,45,Cloudy,Good,14,53.5,Moderate
104286,92,76.1,167.4,387,7.2,42.7,84,36.0,358,Rainy,Moderate,78,62.3,Moderate
104287,200,22.4,117.1,1024,9.9,0.1,48,41.0,238,Sunny,Good,101,51.4,Moderate
104288,249,121.4,180.3,820,10.0,34.4,44,90.0,229,Cloudy,Excellent,86,22.6,High
104289,141,40.8,101.8,801,10.7,20.9,59,54.0,292,Sunny,Moderate,58,59.2,Moderate
104290,49,135.4,36.0,839,8.5,16.5,45,31.0,243,Rainy,Poor,14,70.0,Moderate
104291,207,137.1,128.5,491,2.1,9.0,36,55.0,17,Cloudy,Good,11,34.4,High
104292,127,141.8,210.0,1109,7.8,37.1,50,80.0,170,Windy,Good,108,41.6,High
104293,117,80.4,176.5,452,0.8,5.0,80,98.0,359,Cloudy,Moderate,36,50.7,Moderate
104294,51,103.2,131.5,1060,3.5,31.1,27,91.0,156,Cloudy,Excellent,111,62.8,Moderate
104295,214,117.9,145.8,1061,1.3,17.3,88,68.0,203,Rainy,Poor,58,33.2,High
104296,214,24.0,205.4,391,10.4,44.9,20,,145,Sunny,Poor,74,44.3,High
104297,175,92.1,100.0,496,3.7,25.6,98,93.0,478,Sunny,Good,87,43.1,High
104298,191,10.0,79.6,415,7.8,0.2,90,71.0,142,Snowy,Good,67,53.3,Moderate
104299,98,77.1,215.2,542,6.3,16.0,65,39.0,186,Sunny,Excellent,109,58.4,Moderate
104300,60,27.5,191.3,647,1.2,-1.7,39,48.0,487,Rainy,Poor,111,71.5,Moderate
104301,82,31.5,77.8,387,6.2,9.3,59,33.0,121,Sunny,Moderate,38,74.3,Moderate
104302,42,57.9,107.4,851,7.3,12.2,21,32.0,349,Windy,Good,47,76.9,Low
104303,123,67.7,,1002,9.7,37.7,80,43.0,99,Foggy,Excellent,9,60.6,Moderate
104304,94,95.4,41.3,967,0.8,36.9,90,39.0,283,Cloudy,Moderate,23,65.7,Moderate
104305,67,15.8,,777,3.3,-4.4,96,35.0,436,Cloudy,Poor,117,72.0,Moderate
104306,179,78.0,94.9,1013,,21.6,49,60.0,14,Cloudy,Moderate,118,47.7,High
104307,76,31.5,193.8,701,0.4,6.2,49,60.0,383,Windy,Excellent,58,66.8,Moderate
104308,137,88.2,49.8,675,,11.0,64,77.0,42,Sunny,Good,18,54.6,Moderate
104309,119,97.4,125.1,387,2.4,-3.9,43,38.0,288,Rainy,Excellent,14,56.8,Moderate
104310,143,85.7,15.0,446,7.4,32.5,75,55.0,385,Rainy,Poor,53,57.7,Moderate
104311,180,112.1,170.5,457,3.1,42.5,80,31.0,186,Cloudy,Good,15,42.5,High
104312,171,53.7,132.0,980,6.6,6.0,32,33.0,7,Sunny,Moderate,35,52.9,Moderate
104313,186,115.9,141.4,500,10.6,12.1,99,35.0,111,Sunny,Excellent,70,42.0,High
104314,53,67.8,20.9,423,8.7,5.3,75,59.0,32,Windy,Excellent,14,75.4,Low
104315,203,75.2,54.3,406,3.7,41.5,34,84.0,418,Sunny,Moderate,25,43.3,High
104316,175,99.0,25.6,684,5.2,-4.5,30,57.0,401,Cloudy,Moderate,5,49.6,High
104317,184,7.7,70.7,601,2.2,24.2,31,90.0,89,Sunny,Good,50,53.4,Moderate
104318,26,99.8,141.8,1153,0.2,38.5,22,84.0,495,Sunny,Good,99,67.9,Moderate
104319,215,94.7,128.9,1174,3.2,4.3,43,65.0,148,Cloudy,Moderate,79,37.0,High
104320,184,49.9,138.6,1116,4.1,24.5,28,34.0,447,Windy,Moderate,111,50.6,Moderate
104321,75,17.4,125.3,603,6.2,-2.5,65,58.0,411,Rainy,Moderate,78,72.3,Moderate
104322,84,18.2,67.3,734,10.4,35.7,90,41.0,211,Snowy,Excellent,24,75.2,Low
104323,212,138.9,61.3,805,10.4,8.7,79,51.0,115,Rainy,Good,25,37.0,High
104324,66,104.9,38.8,608,0.8,44.4,30,88.0,172,Rainy,Poor,41,64.8,Moderate
104325,167,23.4,188.3,1131,,41.1,29,68.0,19,Cloudy,Poor,105,50.9,Moderate
104326,38,56.7,139.5,814,0.5,31.6,22,31.0,378,Foggy,Moderate,18,76.3,Low
104327,176,90.9,49.2,383,7.1,19.8,38,43.0,131,Cloudy,Poor,62,50.7,Moderate
104328,221,126.2,47.2,844,1.3,33.3,21,39.0,291,Cloudy,Excellent,61,38.8,High
104329,207,11.3,193.3,675,10.4,1.5,36,77.0,353,Cloudy,Good,61,44.0,High
104330,165,,166.0,1186,9.5,10.5,21,93.0,236,Sunny,Moderate,73,48.0,High
104331,239,134.0,148.5,587,0.2,-3.7,72,32.0,76,Sunny,Excellent,74,30.3,High
104332,182,6.3,95.4,1040,8.6,27.3,35,89.0,222,Sunny,Poor,28,52.8,Moderate
104333,190,34.2,65.0,965,7.0,35.3,29,97.0,435,Rainy,Good,84,48.7,High
104334,242,144.1,215.7,890,5.4,42.3,87,50.0,125,Sunny,Good,64,23.4,High
104335,238,93.9,177.4,1088,6.6,29.3,62,48.0,38,Cloudy,Good,27,32.2,High
104336,145,42.9,73.4,815,7.5,31.6,77,49.0,326,Foggy,Good,51,60.2,Moderate
104337,158,14.7,,1093,9.7,39.8,79,87.0,208,Cloudy,Moderate,42,51.7,Moderate
104338,68,9.1,169.4,653,8.4,41.8,43,71.0,105,Sunny,Good,120,71.1,Moderate
104339,132,40.5,72.4,1196,6.3,19.6,95,39.0,139,Snowy,Excellent,84,63.9,Moderate
104340,57,132.8,99.6,466,9.1,0.5,35,52.0,248,Sunny,Moderate,119,63.6,Moderate
104341,83,65.3,49.1,556,10.9,18.3,28,41.0,54,Cloudy,Excellent,56,70.7,Moderate
104342,88,109.4,33.3,1046,3.3,22.8,25,38.0,117,Cloudy,Moderate,17,65.6,Moderate
104343,155,138.2,161.8,830,1.3,26.6,84,58.0,349,Sunny,Good,119,41.6,High
104344,181,64.2,66.2,999,8.0,44.5,97,49.0,175,Sunny,Good,113,51.5,Moderate
104345,195,32.7,,752,10.8,40.9,43,94.0,353,Sunny,Good,12,42.5,High
104346,135,80.0,219.1,1184,1.3,14.8,29,32.0,469,Sunny,Moderate,106,51.9,Moderate
104347,203,136.7,26.1,1025,4.7,0.7,92,37.0,212,Sunny,Moderate,36,42.1,High
104348,223,121.6,109.3,936,0.7,5.7,46,68.0,264,Foggy,Poor,90,33.0,High
104349,249,14.5,178.4,582,8.5,3.7,22,93.0,139,Cloudy,Good,21,35.2,High
104350,84,105.4,175.7,633,10.4,12.8,57,60.0,464,Windy,Moderate,9,57.4,Moderate
104351,50,87.9,169.6,829,5.5,38.8,92,51.0,463,Cloudy,Good,76,66.9,Moderate
104352,151,136.6,83.3,1116,4.5,16.9,93,34.0,324,Rainy,Poor,54,48.9,High
104353,132,22.8,105.3,358,10.0,23.4,92,87.0,338,Sunny,Moderate,98,59.5,Moderate
104354,128,82.4,134.9,1064,,4.0,36,92.0,440,Sunny,Good,87,51.1,Moderate
104355,197,132.5,214.5,728,9.8,19.6,67,90.0,283,Cloudy,Good,16,28.9,High
104356,88,64.5,78.8,1166,4.3,38.7,68,81.0,272,Windy,Good,93,64.4,Moderate
104357,177,74.9,203.9,952,6.2,33.7,62,62.0,21,Sunny,Moderate,48,42.8,High
104358,139,15.2,66.6,730,5.8,-0.9,26,51.0,418,Cloudy,Moderate,81,64.7,Moderate
104359,107,45.3,217.7,1193,6.8,38.1,87,80.0,368,Sunny,Poor,72,56.4,Moderate
104360,206,52.1,150.8,1011,10.4,8.7,93,40.0,186,Cloudy,Moderate,63,45.1,High
104361,86,142.0,107.3,709,10.5,28.3,40,87.0,206,Rainy,Moderate,14,53.4,Moderate
104362,94,46.0,138.8,525,9.1,2.3,97,79.0,146,Rainy,Good,52,62.7,Moderate
104363,64,71.8,67.2,834,2.1,28.7,44,99.0,494,Sunny,Moderate,32,66.6,Moderate
104364,23,102.3,67.6,754,3.7,-3.2,80,,433,Sunny,Good,9,75.6,Low
104365,173,28.5,33.8,382,5.4,25.0,47,75.0,153,Cloudy,Moderate,96,56.2,Moderate
104366,174,75.5,34.0,814,10.0,27.3,97,73.0,107,Foggy,Excellent,48,50.6,Moderate
104367,193,112.1,83.0,1045,5.7,7.2,71,86.0,315,Cloudy,Excellent,35,39.1,High
104368,126,130.7,170.2,506,,41.8,32,34.0,299,Cloudy,Moderate,20,49.7,High
104369,211,95.8,137.7,914,10.8,-2.7,53,68.0,439,Cloudy,Poor,27,36.8,High
104370,238,,31.5,1157,6.6,39.6,86,87.0,482,Sunny,Moderate,97,34.6,High
104371,70,23.3,189.0,551,9.7,14.1,23,38.0,298,Snowy,Moderate,115,71.4,Moderate
104372,69,142.1,136.3,1135,11.0,30.7,63,52.0,150,Sunny,Moderate,25,58.5,Moderate
104373,25,24.2,211.8,524,9.3,27.6,34,76.0,457,Rainy,Good,6,74.4,Moderate
104374,78,117.3,150.7,593,7.2,3.4,27,65.0,405,Cloudy,Excellent,27,57.8,Moderate
104375,144,43.4,46.8,618,9.3,10.9,24,60.0,174,Rainy,Poor,84,60.5,Moderate
104376,162,140.4,109.5,795,0.9,21.5,85,52.0,54,Sunny,Poor,15,43.3,High
104377,49,109.4,146.2,423,7.0,37.3,92,85.0,266,Windy,Good,77,62.2,Moderate
104378,189,114.3,15.9,445,,42.7,65,75.0,310,Sunny,Good,6,44.0,High
104379,248,36.8,13.1,522,1.3,-4.0,84,87.0,153,Rainy,Poor,86,41.6,High
104380,141,69.2,37.2,755,9.8,12.6,85,65.0,384,Snowy,Moderate,17,58.0,Moderate
104381,144,94.6,62.8,504,7.0,28.4,45,97.0,499,Cloudy,Excellent,49,49.9,High
104382,56,116.6,100.2,532,2.7,21.4,50,89.0,483,Sunny,Excellent,76,62.0,Moderate
104383,189,20.1,112.4,672,4.3,42.2,70,43.0,189,Foggy,Poor,14,53.6,Moderate
104384,143,144.5,39.0,638,10.7,-4.2,60,54.0,148,Sunny,Excellent,95,49.6,High
104385,120,134.1,151.4,607,9.5,16.9,70,73.0,7,Foggy,Good,85,47.4,High
104386,54,44.2,135.2,936,0.2,28.4,38,75.0,147,Sunny,Good,92,70.7,Moderate
104387,106,124.3,71.8,523,10.8,5.9,92,42.0,172,Cloudy,Excellent,25,58.2,Moderate
104388,153,80.2,12.9,679,4.1,31.3,22,91.0,80,Sunny,Good,5,53.1,Moderate
104389,215,72.0,26.3,580,7.6,-0.9,57,48.0,78,Sunny,Good,20,46.5,High
104390,37,50.6,92.3,1108,7.8,17.6,89,41.0,468,Sunny,Good,47,78.6,Low
104391,220,89.2,42.3,510,10.0,28.8,64,77.0,320,Sunny,Moderate,101,39.9,High
104392,132,110.8,89.1,535,9.7,8.3,90,62.0,59,Foggy,Good,10,52.3,Moderate
104393,48,64.6,141.9,492,3.1,-1.3,60,66.0,450,Snowy,Good,80,69.9,Moderate
104394,96,96.2,124.9,631,7.1,42.9,44,35.0,94,Sunny,Good,100,61.4,Moderate
104395,78,106.4,58.5,989,4.3,40.7,69,72.0,311,Sunny,Excellent,116,63.1,Moderate
104396,194,108.1,82.2,1027,5.8,41.3,20,79.0,127,Rainy,Excellent,15,40.1,High
104397,145,12.5,138.9,376,6.1,43.9,73,75.0,121,Cloudy,Moderate,86,58.0,Moderate
104398,164,129.7,190.8,595,4.4,4.2,32,57.0,286,Windy,Excellent,70,39.7,High
104399,128,71.4,168.2,836,5.1,2.9,59,96.0,340,Cloudy,Good,100,50.4,Moderate
104400,243,43.1,126.2,996,2.3,-3.3,40,40.0,86,Rainy,Moderate,53,40.8,High
104401,41,40.1,86.1,551,6.7,39.6,60,49.0,381,Rainy,Good,117,78.6,Low
104402,87,75.0,86.7,370,8.3,32.6,80,59.0,80,Rainy,Good,24,65.1,Moderate
104403,88,133.6,194.7,940,4.7,26.7,52,65.0,21,Sunny,Poor,25,51.9,Moderate
104404,184,59.9,18.2,1019,10.8,41.4,92,97.0,251,Cloudy,Poor,40,49.1,High
104405,68,113.7,217.5,443,,23.8,48,65.0,189,Sunny,Poor,42,56.7,Moderate
104406,160,19.0,149.5,357,6.5,1.5,74,,311,Rainy,Moderate,60,52.7,Moderate
104407,181,74.0,153.0,821,6.4,3.8,51,57.0,85,Cloudy,Poor,95,45.2,High
104408,128,148.8,18.0,688,0.4,1.6,30,68.0,483,Snowy,Moderate,115,51.4,Moderate
104409,105,116.7,137.2,608,2.5,10.4,71,95.0,378,Sunny,Good,15,50.7,Moderate
104410,72,35.5,111.8,404,10.0,14.0,55,72.0,455,Cloudy,Moderate,22,70.0,Moderate
104411,142,77.7,32.2,897,6.0,34.8,50,34.0,366,Sunny,Excellent,85,60.1,Moderate
104412,106,38.9,68.4,355,4.8,4.6,33,42.0,7,Rainy,Moderate,102,68.6,Moderate
104413,198,64.4,197.0,726,4.6,31.3,82,,317,Windy,Good,49,43.0,High
104414,150,118.1,125.5,903,9.8,19.6,71,86.0,333,Snowy,Good,30,44.0,High
104415,61,116.8,96.8,399,4.0,45.0,73,,229,Foggy,Excellent,63,64.6,Moderate
104416,117,38.1,25.3,461,9.5,33.8,69,90.0,151,Foggy,Good,10,64.1,Moderate
104417,179,138.7,160.0,495,3.4,43.4,73,79.0,277,Snowy,Good,47,35.2,High
104418,128,90.9,157.6,579,5.8,12.1,92,63.0,14,Sunny,Moderate,98,51.9,Moderate
104419,70,60.1,138.9,1072,1.6,1.2,54,94.0,467,Sunny,Good,56,63.8,Moderate
104420,104,77.8,117.2,846,9.1,20.3,49,74.0,474,Cloudy,Moderate,107,58.7,Moderate
104421,193,92.7,101.1,655,8.1,1.2,74,63.0,411,Foggy,Good,66,42.8,High
104422,146,86.2,134.6,891,5.8,19.6,20,37.0,405,Cloudy,Moderate,118,52.9,Moderate
104423,40,75.5,59.0,810,0.3,8.5,34,77.0,286,Sunny,Good,100,73.1,Moderate
104424,63,78.2,207.7,1156,5.3,19.6,44,65.0,456,Foggy,Moderate,21,62.4,Moderate
104425,158,30.6,133.6,977,2.5,42.5,39,95.0,247,Cloudy,Moderate,81,51.7,Moderate
104426,122,122.8,75.4,575,4.5,9.5,90,40.0,254,Rainy,Poor,50,55.5,Moderate
104427,87,83.6,104.4,408,9.4,44.7,35,81.0,445,Snowy,Excellent,45,61.0,Moderate
104428,148,24.0,179.2,425,8.5,6.5,71,65.0,342,Windy,Good,17,55.0,Moderate
104429,111,116.1,43.9,777,2.7,5.4,84,60.0,324,Windy,Excellent,10,57.9,Moderate
104430,210,140.2,71.5,1077,10.8,22.2,89,53.0,364,Windy,Good,90,36.5,High
104431,43,142.4,152.7,481,9.9,37.1,20,50.0,166,Rainy,Good,101,62.5,Moderate
104432,144,58.5,,847,,32.5,35,59.0,80,Cloudy,Poor,37,57.3,Moderate
104433,246,24.6,176.4,1165,5.8,31.2,46,93.0,295,Rainy,Moderate,8,34.6,High
104434,160,80.2,37.4,942,9.9,9.1,37,68.0,68,Windy,Good,82,52.9,Moderate
104435,130,21.3,170.2,654,7.0,-3.9,96,30.0,182,Cloudy,Moderate,54,62.5,Moderate
104436,117,140.4,24.4,416,5.9,3.1,63,71.0,326,Sunny,Excellent,52,53.8,Moderate
104437,158,31.6,12.6,579,8.2,12.5,69,34.0,63,Sunny,Good,103,63.7,Moderate
104438,247,41.7,198.6,682,2.6,43.6,93,41.0,263,Cloudy,Moderate,31,36.5,High
104439,198,64.0,132.1,626,9.7,41.0,33,58.0,326,Sunny,Moderate,10,44.3,High
104440,36,60.6,83.9,933,5.8,5.0,71,32.0,85,Snowy,Moderate,62,78.9,Low
104441,118,120.2,58.8,1070,6.6,31.3,94,90.0,43,Sunny,Good,67,52.4,Moderate
104442,101,71.2,139.5,1133,1.0,24.0,69,80.0,293,Sunny,Good,5,58.3,Moderate
104443,123,29.8,116.9,493,3.4,-2.5,36,65.0,372,Sunny,Poor,111,61.9,Moderate
104444,233,43.7,218.2,600,4.7,13.6,22,31.0,148,Rainy,Poor,32,38.8,High
104445,171,78.8,216.5,1145,4.6,19.3,81,58.0,259,Sunny,Good,33,43.1,High
104446,38,26.4,143.4,1040,8.6,28.4,40,70.0,415,Cloudy,Moderate,100,75.8,Low
104447,184,93.7,103.0,429,3.1,9.7,52,58.0,310,Foggy,Good,32,44.7,High
104448,104,87.0,113.1,406,2.0,41.7,20,93.0,348,Windy,Good,95,55.9,Moderate
104449,27,,153.3,715,6.4,17.6,89,87.0,443,Windy,Moderate,78,65.7,Moderate
104450,47,141.0,31.3,657,6.8,7.4,75,39.0,58,Rainy,Good,86,69.2,Moderate
104451,24,137.3,79.0,523,1.3,10.8,23,40.0,93,Windy,Moderate,72,71.3,Moderate
104452,164,142.2,25.8,811,0.0,32.6,41,36.0,322,Snowy,Moderate,106,48.5,High
104453,120,40.5,25.4,1099,10.1,27.0,96,90.0,4,Foggy,Moderate,119,63.3,Moderate
104454,183,24.1,51.1,1027,0.9,32.1,77,95.0,82,Sunny,Excellent,45,52.1,Moderate
104455,137,48.8,111.9,945,9.9,9.6,63,82.0,327,Sunny,Moderate,110,55.7,Moderate
104456,166,134.8,174.8,842,4.4,11.3,76,94.0,382,Sunny,Poor,120,35.8,High
104457,83,145.9,112.0,909,7.2,14.8,59,56.0,36,Foggy,Good,59,56.4,Moderate
104458,110,129.6,80.5,988,2.0,4.4,75,36.0,478,Rainy,Excellent,36,57.0,Moderate
104459,136,21.0,27.3,1030,9.1,29.6,82,94.0,26,Cloudy,Poor,73,62.2,Moderate
104460,117,142.4,125.6,723,2.0,11.5,58,87.0,12,Cloudy,Good,26,46.9,High
104461,30,66.4,67.0,698,4.3,11.3,26,54.0,489,Windy,Good,116,77.9,Low
104462,73,6.3,139.1,416,2.6,8.5,33,77.0,389,Foggy,Excellent,61,71.4,Moderate
104463,192,69.1,215.2,679,9.2,17.6,37,33.0,64,Rainy,Excellent,26,43.1,High
104464,66,11.7,33.4,543,9.4,33.6,74,37.0,413,Snowy,Good,70,81.3,Low
104465,159,83.9,54.5,504,4.1,36.8,75,97.0,202,Sunny,Good,45,48.9,High
104466,168,54.1,109.3,509,3.4,35.2,76,89.0,179,Cloudy,Moderate,47,48.9,High
104467,158,73.6,213.4,1045,8.5,26.1,77,33.0,296,Windy,Moderate,38,48.8,High
104468,239,93.9,172.1,615,9.7,9.0,44,37.0,478,Snowy,Moderate,118,33.4,High
104469,24,131.0,198.6,517,6.9,31.7,89,45.0,463,Rainy,Good,6,65.5,Moderate
104470,228,101.0,80.1,494,10.2,-3.0,99,48.0,270,Sunny,Moderate,114,38.0,High
104471,203,67.9,218.3,535,4.2,34.9,22,30.0,388,Sunny,Poor,63,41.4,High
104472,39,123.8,31.6,1123,1.7,34.0,40,63.0,14,Sunny,Good,40,70.2,Moderate
104473,188,136.3,21.1,772,2.0,28.5,51,74.0,0,Rainy,Excellent,108,41.3,High
104474,65,22.4,,1135,7.4,-0.1,21,92.0,270,Cloudy,Good,12,66.9,Moderate
104475,31,,204.7,806,4.5,44.9,39,35.0,483,Foggy,Excellent,37,70.8,Moderate
104476,89,46.3,29.0,1189,1.7,32.8,94,65.0,443,Rainy,Poor,37,70.5,Moderate
104477,36,11.8,33.8,694,3.2,31.7,37,95.0,47,Sunny,Good,72,80.9,Low
104478,134,101.9,,1084,5.8,-1.8,73,37.0,181,Sunny,Good,22,59.1,Moderate
104479,166,130.1,31.9,903,1.3,14.9,94,96.0,486,Windy,Excellent,68,43.3,High
104480,173,28.6,54.0,865,0.0,-0.7,55,56.0,182,Cloudy,Moderate,65,57.1,Moderate
104481,67,122.8,213.7,1137,10.1,13.1,95,63.0,327,Rainy,Excellent,87,56.2,Moderate
104482,127,128.7,150.3,1145,3.4,23.5,80,57.0,372,Cloudy,Moderate,14,48.5,High
104483,71,,173.5,1054,2.4,38.9,79,60.0,213,Sunny,Poor,54,56.0,Moderate
104484,115,43.5,173.0,453,7.7,9.1,55,46.0,26,Sunny,Good,110,60.8,Moderate
104485,89,136.1,122.4,596,9.4,26.2,63,84.0,225,Cloudy,Good,109,53.1,Moderate
104486,202,51.5,177.5,1161,7.0,3.2,87,38.0,157,Cloudy,Good,98,44.8,High
104487,247,85.1,135.1,372,2.8,12.7,85,86.0,459,Rainy,Moderate,26,30.0,High
104488,121,12.3,76.1,1164,9.5,42.4,63,74.0,59,Rainy,Excellent,43,65.5,Moderate
104489,94,11.4,127.8,874,5.6,32.4,96,35.0,65,Foggy,Moderate,106,71.8,Moderate
104490,180,109.5,122.0,493,4.2,22.3,48,43.0,173,Windy,Excellent,69,44.1,High
104491,209,69.4,182.9,1079,6.7,7.6,67,60.0,498,Cloudy,Excellent,34,38.9,High
104492,235,42.2,216.2,1044,7.7,14.0,55,83.0,51,Cloudy,Good,9,33.5,High
104493,170,32.6,96.3,1103,6.5,2.8,27,40.0,485,Rainy,Excellent,119,56.7,Moderate
104494,162,102.1,170.3,542,10.1,12.7,24,98.0,469,Sunny,Moderate,115,40.3,High
104495,174,5.1,31.0,814,6.9,2.5,97,31.0,242,Foggy,Excellent,30,63.4,Moderate
104496,222,121.9,173.1,1133,9.7,34.8,66,46.0,336,Cloudy,Moderate,67,32.2,High
104497,211,16.5,88.0,724,6.5,-1.0,62,65.0,290,Foggy,Good,50,49.1,High
104498,228,32.8,18.3,1026,3.6,4.5,29,32.0,243,Foggy,Moderate,35,50.9,Moderate
104499,198,61.0,86.3,1041,5.9,29.6,29,92.0,120,Rainy,Excellent,107,43.5,High
104500,200,75.3,138.2,978,0.9,40.1,25,72.0,41,Sunny,Excellent,45,40.9,High
104501,225,56.5,35.0,615,2.5,43.2,35,,183,Rainy,Moderate,16,44.8,High
104502,238,51.5,204.0,727,8.4,36.8,79,58.0,44,Rainy,Good,21,35.0,High
104503,101,144.8,26.3,899,7.3,5.6,45,52.0,51,Snowy,Good,22,57.9,Moderate
104504,111,98.0,205.3,905,1.8,9.3,40,88.0,150,Sunny,Good,70,49.2,High
104505,198,8.4,158.5,423,4.8,38.5,77,78.0,412,Cloudy,Good,117,47.6,High
104506,194,67.4,79.2,787,1.6,39.5,60,84.0,28,Foggy,Moderate,92,44.6,High
104507,23,131.9,92.1,575,9.4,27.0,49,57.0,56,Foggy,Poor,96,69.7,Moderate
104508,154,48.7,165.6,1168,,10.7,24,54.0,497,Sunny,Good,120,52.8,Moderate
104509,128,18.7,136.3,657,7.2,6.2,29,36.0,274,Windy,Poor,43,64.3,Moderate
104510,182,115.0,151.0,697,6.7,37.6,30,63.0,208,Sunny,Poor,78,39.6,High
104511,67,92.9,91.7,825,,5.3,82,51.0,7,Windy,Excellent,115,67.1,Moderate
104512,92,87.7,112.4,664,3.1,28.1,26,96.0,433,Sunny,Excellent,37,57.7,Moderate
104513,91,12.8,217.9,874,4.4,43.4,78,79.0,390,Foggy,Good,92,63.3,Moderate
104514,135,25.4,54.9,774,8.9,30.3,31,77.0,246,Rainy,Good,79,62.2,Moderate
104515,192,95.3,97.7,873,8.4,7.9,83,99.0,394,Cloudy,Good,12,39.2,High
104516,100,35.1,71.3,911,8.1,9.1,60,86.0,194,Sunny,Good,95,65.6,Moderate
104517,100,78.1,170.7,1174,8.2,-0.4,79,54.0,321,Sunny,Good,30,58.7,Moderate
104518,132,84.0,170.4,598,1.6,29.3,91,95.0,338,Rainy,Moderate,80,48.1,High
104519,244,46.1,71.4,980,1.1,20.9,47,45.0,411,Windy,Excellent,39,42.5,High
104520,115,142.5,27.1,918,9.5,5.3,99,87.0,439,Snowy,Moderate,61,52.1,Moderate
104521,91,127.2,12.4,531,9.2,6.4,82,70.0,27,Windy,Poor,83,60.7,Moderate
104522,166,109.7,,1125,7.5,-4.5,22,80.0,344,Snowy,Moderate,25,44.0,High
104523,82,16.3,96.2,455,6.7,43.9,51,50.0,330,Foggy,Excellent,41,73.5,Moderate
104524,57,20.4,217.6,540,4.0,36.4,40,85.0,295,Snowy,Excellent,98,67.9,Moderate
104525,86,76.5,108.7,486,2.5,14.7,74,76.0,234,Sunny,Good,9,62.3,Moderate
104526,206,,63.8,1049,7.3,42.3,37,72.0,129,Snowy,Poor,21,49.1,High
104527,88,146.8,197.2,469,10.0,28.9,72,60.0,75,Sunny,Moderate,94,50.7,Moderate
104528,32,28.0,113.1,1103,4.8,32.6,94,44.0,444,Foggy,Moderate,102,80.8,Low
104529,194,75.7,135.8,1180,3.3,29.0,80,77.0,232,Cloudy,Excellent,101,41.5,High
104530,208,57.8,30.1,421,3.0,32.8,69,91.0,229,Sunny,Moderate,86,45.0,High
104531,50,97.7,90.4,1104,0.3,3.5,27,99.0,331,Sunny,Moderate,29,64.9,Moderate
104532,227,23.7,208.3,480,5.7,23.1,31,32.0,369,Rainy,Poor,109,42.7,High
104533,133,67.4,133.8,806,10.9,37.5,70,67.0,408,Sunny,Moderate,65,54.6,Moderate
104534,243,44.8,82.3,1130,9.0,-4.0,85,87.0,484,Foggy,Good,98,38.1,High
104535,41,133.7,141.4,828,9.9,1.2,60,96.0,350,Sunny,Moderate,41,59.9,Moderate
104536,112,10.9,201.2,401,6.8,7.3,41,74.0,309,Sunny,Poor,88,61.1,Moderate
104537,233,137.5,67.5,923,5.3,9.7,28,,400,Sunny,Moderate,113,30.9,High
104538,190,125.8,116.1,468,10.9,4.1,97,37.0,431,Sunny,Good,70,41.2,High
104539,86,48.1,211.3,613,4.9,26.2,98,95.0,395,Cloudy,Moderate,17,58.7,Moderate
104540,73,119.4,,588,10.1,9.7,30,90.0,188,Cloudy,Poor,44,61.2,Moderate
104541,157,9.5,161.1,700,8.4,2.9,32,46.0,477,Sunny,Moderate,46,57.9,Moderate
104542,61,145.2,139.0,604,3.6,40.3,75,65.0,1,Sunny,Good,88,58.1,Moderate
104543,83,81.4,152.7,1034,5.5,29.8,47,97.0,335,Sunny,Moderate,74,58.0,Moderate
104544,145,49.0,83.8,658,4.2,7.3,83,50.0,64,Snowy,Moderate,79,58.8,Moderate
104545,40,57.6,75.9,1098,1.5,13.0,83,75.0,51,Cloudy,Excellent,114,74.6,Moderate
104546,227,14.6,153.7,1180,3.9,32.0,89,75.0,33,Sunny,Moderate,29,42.2,High
104547,223,148.5,55.3,956,9.8,34.5,74,45.0,300,Sunny,Good,46,34.8,High
104548,213,10.7,98.1,1198,8.3,3.8,56,51.0,239,Cloudy,Poor,14,50.4,Moderate
104549,188,100.0,49.5,844,3.1,41.8,52,35.0,128,Sunny,Poor,99,48.2,High
104550,171,69.2,11.7,406,4.0,34.3,44,85.0,242,Rainy,Good,47,51.8,Moderate
104551,54,142.6,213.7,752,6.8,37.8,42,74.0,355,Foggy,Poor,72,55.1,Moderate
104552,203,40.7,100.7,416,4.6,2.2,79,87.0,307,Sunny,Good,93,44.8,High
104553,49,82.2,213.6,395,5.5,2.2,75,57.0,322,Sunny,Moderate,32,64.9,Moderate
104554,76,74.9,39.5,955,7.7,10.3,82,46.0,97,Sunny,Excellent,28,70.8,Moderate
104555,241,106.9,133.3,999,5.1,-1.8,27,65.0,75,Cloudy,Excellent,103,30.6,High
104556,66,14.9,,718,2.1,-0.4,36,41.0,311,Sunny,Poor,45,79.6,Low
104557,182,33.1,,954,5.7,2.2,76,,441,Cloudy,Poor,65,46.6,High
104558,38,36.1,174.6,581,3.9,30.6,94,88.0,364,Foggy,Good,9,71.3,Moderate
104559,133,112.0,33.6,751,3.2,-3.5,81,41.0,218,Sunny,Good,101,56.8,Moderate
104560,27,32.4,201.5,910,3.6,-0.8,30,91.0,305,Cloudy,Good,15,72.1,Moderate
104561,45,88.2,50.9,372,4.8,42.2,86,69.0,100,Snowy,Poor,12,71.9,Moderate
104562,132,,138.7,923,9.8,-0.8,59,31.0,118,Sunny,Good,25,61.9,Moderate
104563,90,129.9,217.0,616,8.1,21.9,59,54.0,408,Sunny,Good,100,52.0,Moderate
104564,49,141.6,195.3,1190,7.3,27.1,75,60.0,139,Rainy,Moderate,68,58.4,Moderate
104565,154,80.2,210.9,467,5.2,42.9,72,76.0,370,Sunny,Poor,9,44.5,High
104566,86,56.1,81.9,949,0.0,40.0,47,89.0,224,Windy,Excellent,38,64.8,Moderate
104567,84,38.9,32.2,950,3.7,17.0,61,70.0,254,Sunny,Moderate,13,71.6,Moderate
104568,55,12.2,49.6,404,8.9,42.1,65,79.0,72,Cloudy,Moderate,42,78.3,Low
104569,44,43.9,115.1,502,4.3,16.6,37,52.0,448,Rainy,Good,47,75.9,Low
104570,56,99.9,176.6,588,6.2,28.5,42,41.0,311,Sunny,Moderate,100,65.0,Moderate
104571,20,82.4,41.5,614,2.3,8.0,45,51.0,305,Sunny,Moderate,14,79.3,Low
104572,162,141.9,148.5,617,10.1,26.8,48,85.0,470,Sunny,Excellent,16,37.9,High
104573,56,62.5,78.0,462,10.2,21.9,71,45.0,155,Windy,Good,103,74.0,Moderate
104574,160,105.6,81.7,515,1.6,25.3,94,87.0,258,Rainy,Moderate,107,45.7,High
104575,155,76.0,149.0,1017,8.0,29.1,65,80.0,421,Sunny,Excellent,22,47.5,High
104576,152,79.3,108.1,357,0.8,3.7,20,35.0,63,Rainy,Good,91,54.2,Moderate
104577,207,43.8,180.5,1063,6.6,10.1,82,31.0,309,Rainy,Excellent,16,45.4,High
104578,147,71.0,42.7,566,2.0,31.8,35,91.0,35,Foggy,Good,35,53.8,Moderate
104579,220,73.3,175.9,780,1.6,3.2,44,71.0,247,Cloudy,Good,15,35.7,High
104580,146,107.5,23.5,641,0.0,12.2,81,72.0,427,Windy,Good,102,52.4,Moderate
104581,20,141.4,50.8,399,10.3,28.3,99,81.0,43,Cloudy,Excellent,31,68.8,Moderate
104582,183,52.8,147.8,456,9.1,41.9,35,87.0,452,Windy,Good,25,44.6,High
104583,54,11.1,189.5,358,0.9,-1.2,88,49.0,118,Sunny,Good,78,74.6,Moderate
104584,213,77.0,63.1,1094,6.6,20.8,89,,348,Sunny,Moderate,17,40.8,High
104585,210,83.9,78.7,1049,2.6,-0.9,53,96.0,180,Windy,Moderate,49,38.6,High
104586,123,,122.8,805,2.9,14.0,99,88.0,396,Windy,Excellent,51,59.4,Moderate
104587,42,115.3,54.4,672,9.6,3.8,72,77.0,427,Sunny,Poor,29,68.2,Moderate
104588,28,147.8,180.3,658,1.3,27.5,42,64.0,387,Rainy,Moderate,81,61.8,Moderate
104589,53,142.1,172.5,1199,6.6,32.9,62,37.0,69,Cloudy,Moderate,109,61.1,Moderate
104590,193,33.6,40.5,971,4.4,7.4,63,61.0,434,Sunny,Good,68,53.1,Moderate
104591,225,131.9,107.4,494,2.1,30.6,51,74.0,357,Sunny,Excellent,74,30.9,High
104592,147,107.2,172.7,1089,5.0,17.3,42,96.0,453,Sunny,Poor,103,42.4,High
104593,23,70.8,80.8,1170,10.3,9.2,39,56.0,266,Rainy,Excellent,32,77.7,Low
104594,177,83.4,143.0,761,8.6,21.2,38,32.0,218,Sunny,Moderate,24,47.8,High
104595,242,128.2,,463,1.5,14.0,91,86.0,437,Sunny,Good,88,31.4,High
104596,121,74.6,137.8,924,9.3,6.5,48,94.0,365,Foggy,Poor,45,53.0,Moderate
104597,94,59.1,42.1,748,10.3,32.8,37,49.0,189,Sunny,Good,8,69.0,Moderate
104598,118,76.5,184.4,624,3.0,34.9,88,70.0,255,Rainy,Good,88,53.4,Moderate
104599,91,89.0,,473,3.7,35.0,31,30.0,186,Windy,Moderate,73,65.7,Moderate
104600,22,32.4,69.1,435,1.4,14.1,29,33.0,226,Sunny,Excellent,90,85.4,Low
104601,161,135.6,186.6,931,3.8,3.5,56,39.0,60,Sunny,Excellent,28,41.5,High
104602,207,102.8,20.5,396,7.4,37.0,74,58.0,167,Rainy,Good,112,43.6,High
104603,224,96.8,93.3,1060,3.0,11.5,23,44.0,131,Cloudy,Excellent,21,39.0,High
104604,192,19.4,87.7,550,0.1,32.4,82,48.0,154,Cloudy,Excellent,9,53.9,Moderate
104605,243,92.6,69.8,625,3.7,35.9,31,87.0,271,Cloudy,Moderate,61,33.0,High
104606,53,22.5,201.5,898,5.0,33.4,37,82.0,209,Foggy,Moderate,30,69.5,Moderate
104607,64,16.4,167.7,1064,6.2,14.5,27,75.0,6,Sunny,Poor,104,70.6,Moderate
104608,80,81.5,23.4,479,7.5,41.9,51,47.0,10,Snowy,Good,76,69.9,Moderate
104609,102,63.4,160.1,797,0.7,28.0,68,32.0,199,Sunny,Good,77,62.8,Moderate
104610,142,90.4,120.7,1153,5.2,23.8,82,99.0,250,Cloudy,Poor,21,47.7,High
104611,121,17.9,199.2,738,2.9,29.9,96,51.0,63,Sunny,Moderate,60,61.0,Moderate
104612,35,67.5,75.7,925,10.4,-2.8,78,84.0,179,Cloudy,Moderate,12,73.4,Moderate
104613,85,30.3,130.6,612,4.0,14.5,86,93.0,127,Windy,Good,68,65.2,Moderate
104614,187,148.1,115.2,981,1.1,39.1,58,70.0,261,Sunny,Poor,73,35.8,High
104615,164,86.4,112.8,627,0.5,3.1,69,37.0,119,Sunny,Excellent,14,50.8,Moderate
104616,138,104.7,105.8,1063,2.9,15.7,90,94.0,47,Cloudy,Excellent,54,47.9,High
104617,181,52.2,53.2,395,2.0,15.3,45,32.0,68,Sunny,Moderate,59,55.3,Moderate
104618,143,18.7,168.7,517,7.1,12.8,42,58.0,376,Snowy,Moderate,18,57.8,Moderate
104619,163,146.5,104.8,794,9.3,23.1,82,99.0,261,Snowy,Good,95,37.9,High
104620,121,46.5,211.3,971,3.4,44.8,85,47.0,229,Windy,Moderate,31,57.4,Moderate
104621,207,66.5,64.8,395,6.4,7.8,58,87.0,251,Rainy,Moderate,9,42.8,High
104622,85,99.2,153.4,1073,8.0,30.2,85,30.0,444,Cloudy,Moderate,83,62.1,Moderate
104623,213,8.6,207.6,889,4.4,32.9,65,51.0,449,Sunny,Good,32,45.1,High
104624,237,122.5,149.3,436,0.7,24.2,34,52.0,478,Rainy,Excellent,9,30.0,High
104625,32,82.8,193.0,1152,2.5,-0.1,35,37.0,230,Cloudy,Good,90,71.0,Moderate
104626,203,45.3,183.8,734,,23.6,91,58.0,223,Foggy,Poor,16,43.0,High
104627,130,13.9,85.6,1018,9.1,42.7,35,73.0,456,Foggy,Good,110,63.4,Moderate
104628,178,28.6,136.0,614,1.0,12.1,58,91.0,206,Foggy,Good,12,48.6,High
104629,53,134.8,42.8,1126,2.5,27.0,30,48.0,340,Cloudy,Good,63,67.3,Moderate
104630,58,104.5,122.5,371,8.5,43.0,55,88.0,365,Cloudy,Excellent,69,62.1,Moderate
104631,214,41.2,58.4,1117,5.3,34.9,37,48.0,436,Windy,Poor,103,48.8,High
104632,155,14.5,166.2,1052,8.4,29.4,42,,27,Rainy,Excellent,64,57.0,Moderate
104633,234,105.1,120.9,799,2.3,43.6,96,97.0,364,Rainy,Moderate,84,29.5,High
104634,225,88.0,96.4,581,10.5,3.5,68,34.0,218,Sunny,Good,59,40.7,High
104635,139,63.7,66.4,535,8.6,33.6,61,34.0,388,Windy,Good,98,60.6,Moderate
104636,145,57.7,219.7,675,,15.3,63,54.0,336,Rainy,Poor,47,50.6,Moderate
104637,74,36.4,25.1,532,6.1,13.0,20,53.0,100,Cloudy,Moderate,45,75.8,Low
104638,46,102.1,19.1,746,1.2,21.0,26,30.0,57,Windy,Moderate,14,75.5,Low
104639,137,145.7,55.6,830,4.0,-3.3,67,57.0,23,Cloudy,Moderate,102,49.4,High
104640,240,30.5,213.9,752,7.3,10.6,35,76.0,414,Rainy,Good,120,34.8,High
104641,72,91.6,215.6,812,3.6,3.3,67,89.0,226,Cloudy,Moderate,79,56.4,Moderate
104642,58,66.5,147.5,766,7.2,1.9,97,48.0,168,Rainy,Good,88,69.4,Moderate
104643,84,69.8,194.8,551,2.7,11.9,62,43.0,488,Sunny,Moderate,111,62.5,Moderate
104644,164,,54.9,414,7.9,35.1,70,99.0,245,Cloudy,Moderate,11,52.8,Moderate
104645,177,124.6,214.1,904,4.0,5.1,85,37.0,323,Cloudy,Good,25,38.8,High
104646,200,75.4,40.0,1082,8.7,21.6,50,66.0,211,Cloudy,Poor,79,46.4,High
104647,32,83.8,31.2,366,1.5,32.4,58,39.0,362,Windy,Moderate,105,78.7,Low
104648,40,49.2,33.6,1185,4.0,7.0,28,96.0,464,Sunny,Good,91,75.6,Low
104649,166,,130.4,1146,5.1,41.2,60,42.0,429,Windy,Excellent,48,55.6,Moderate
104650,72,17.5,174.0,532,4.7,38.3,82,68.0,265,Cloudy,Poor,99,69.4,Moderate
104651,38,108.5,87.0,740,4.8,7.6,33,93.0,420,Rainy,Poor,86,66.5,Moderate
104652,76,33.5,215.4,393,4.9,44.5,77,59.0,404,Sunny,Moderate,92,65.6,Moderate
104653,44,105.1,101.2,1049,10.9,28.5,93,33.0,20,Sunny,Good,90,71.1,Moderate
104654,233,61.6,41.6,831,2.1,9.3,83,74.0,123,Snowy,Good,41,41.2,High
104655,50,65.3,107.9,612,8.5,29.1,47,35.0,368,Sunny,Good,115,74.3,Moderate
104656,100,73.0,152.6,523,6.1,28.3,23,45.0,463,Foggy,Moderate,48,61.1,Moderate
104657,202,58.3,184.8,790,4.5,25.3,53,51.0,96,Sunny,Excellent,69,42.3,High
104658,42,19.6,106.3,915,7.0,30.6,23,50.0,137,Foggy,Poor,118,79.8,Low
104659,51,49.9,134.7,569,9.4,8.4,89,94.0,491,Cloudy,Excellent,10,68.7,Moderate
104660,209,101.2,66.1,907,5.1,43.9,77,59.0,337,Cloudy,Moderate,42,41.0,High
104661,93,101.5,145.6,743,9.5,37.9,23,53.0,352,Sunny,Good,97,58.5,Moderate
104662,29,46.5,217.1,1121,1.0,32.3,69,93.0,92,Cloudy,Good,47,69.0,Moderate
104663,247,71.7,20.3,544,7.2,-3.7,24,42.0,94,Sunny,Moderate,61,41.7,High
104664,219,33.0,196.2,758,3.7,24.5,94,55.0,23,Cloudy,Moderate,79,41.3,High
104665,73,35.5,128.1,820,4.3,30.3,64,49.0,379,Cloudy,Moderate,84,71.3,Moderate
104666,71,8.3,62.9,696,6.3,37.7,54,90.0,395,Rainy,Good,74,74.1,Moderate
104667,167,135.0,210.5,811,5.3,42.3,94,35.0,403,Windy,Good,69,39.7,High
104668,179,35.6,111.5,410,4.2,40.8,94,72.0,453,Cloudy,Poor,59,50.7,Moderate
104669,133,38.0,79.7,515,3.4,15.3,46,78.0,135,Sunny,Moderate,116,59.7,Moderate
104670,33,45.5,48.1,1021,6.8,39.8,21,38.0,333,Sunny,Moderate,39,82.4,Low
104671,197,23.5,61.3,500,5.6,-5.0,73,66.0,132,Windy,Good,28,52.1,Moderate
104672,175,97.7,184.9,460,3.6,12.6,91,45.0,53,Sunny,Moderate,42,43.0,High
104673,129,15.9,139.0,837,2.3,0.7,98,33.0,291,Rainy,Good,7,64.6,Moderate
104674,72,24.5,201.8,898,8.5,39.2,67,61.0,111,Sunny,Good,55,67.9,Moderate
104675,171,98.5,58.7,352,8.8,41.4,96,46.0,421,Sunny,Good,65,49.9,High
104676,98,54.3,35.4,832,2.4,7.8,68,70.0,130,Rainy,Excellent,44,67.1,Moderate
104677,41,107.7,11.3,362,2.9,13.4,97,74.0,419,Cloudy,Good,58,71.7,Moderate
104678,49,85.8,116.7,511,2.6,44.2,20,45.0,277,Cloudy,Excellent,70,70.5,Moderate
104679,210,42.1,219.6,693,9.7,23.3,52,49.0,263,Rainy,Good,119,41.3,High
104680,23,99.4,155.9,798,8.5,19.9,54,71.0,444,Sunny,Moderate,64,69.0,Moderate
104681,224,21.9,74.8,681,0.8,20.0,73,39.0,381,Sunny,Poor,19,49.4,High
104682,78,82.8,194.1,613,9.2,29.8,75,81.0,77,Rainy,Excellent,90,58.2,Moderate
104683,234,68.4,174.2,432,0.4,42.7,34,89.0,262,Cloudy,Good,50,32.1,High
104684,27,43.8,13.2,1126,,13.3,88,77.0,67,Sunny,Good,114,81.5,Low
104685,229,92.6,181.5,683,10.1,3.6,23,52.0,61,Rainy,Excellent,59,33.4,High
104686,31,131.3,73.1,729,9.5,4.3,83,62.0,402,Rainy,Excellent,8,68.8,Moderate
104687,138,149.8,41.4,568,8.6,-4.0,41,54.0,362,Sunny,Good,28,49.7,High
104688,178,93.1,57.5,1007,5.0,22.8,43,79.0,174,Rainy,Moderate,87,46.0,High
104689,225,63.7,108.4,1159,3.5,41.5,66,99.0,279,Cloudy,Moderate,98,36.5,High
104690,53,37.7,99.2,1158,9.7,30.7,94,84.0,463,Sunny,Poor,90,72.6,Moderate
104691,101,,70.7,803,7.2,44.6,25,97.0,389,Cloudy,Moderate,107,63.5,Moderate
104692,117,74.5,46.2,1022,3.3,40.5,46,33.0,235,Rainy,Good,116,64.4,Moderate
104693,146,58.3,170.1,1090,5.1,19.6,29,57.0,135,Foggy,Moderate,44,52.5,Moderate
104694,94,137.5,217.9,1095,9.7,19.3,58,58.0,408,Rainy,Good,31,49.9,High
104695,124,58.4,173.3,438,9.9,26.4,93,77.0,223,Sunny,Good,83,54.3,Moderate
104696,223,59.1,72.1,682,7.3,0.5,56,42.0,88,Sunny,Poor,56,45.0,High
104697,68,60.6,61.4,659,8.1,25.4,73,72.0,457,Windy,Moderate,41,70.2,Moderate
104698,98,126.3,55.7,1076,0.4,18.2,70,,106,Windy,Moderate,5,60.6,Moderate
104699,204,99.4,38.7,769,,27.1,79,69.0,40,Sunny,Excellent,80,42.5,High
104700,242,94.1,125.8,958,7.6,23.3,91,75.0,185,Sunny,Poor,13,31.4,High
104701,112,53.5,137.1,1074,0.2,10.5,70,87.0,464,Rainy,Moderate,87,57.9,Moderate
104702,173,123.6,158.2,703,9.3,25.4,81,85.0,187,Rainy,Good,22,37.6,High
104703,37,10.6,152.8,1173,10.2,13.3,68,41.0,365,Sunny,Good,43,80.3,Low
104704,115,131.3,71.4,449,2.6,4.7,70,54.0,386,Rainy,Excellent,79,54.6,Moderate
104705,233,79.3,79.4,494,9.3,28.8,47,45.0,8,Sunny,Excellent,79,40.1,High
104706,57,62.7,153.1,359,7.3,10.3,55,80.0,179,Sunny,Moderate,34,66.6,Moderate
104707,228,77.1,83.4,393,6.4,39.5,44,82.0,185,Sunny,Excellent,24,37.3,High
104708,106,101.8,54.7,1112,9.3,5.0,55,81.0,443,Cloudy,Poor,120,57.9,Moderate
104709,107,6.9,88.6,735,3.1,25.0,96,96.0,81,Windy,Moderate,19,65.9,Moderate
104710,69,131.4,67.1,1088,8.7,23.6,79,53.0,176,Cloudy,Good,68,63.2,Moderate
104711,27,69.8,28.5,1110,3.5,4.9,26,43.0,93,Sunny,Good,29,81.0,Low
104712,188,54.7,184.3,844,,17.0,84,51.0,388,Windy,Good,53,45.3,High
104713,153,25.0,189.2,842,5.0,28.8,92,60.0,445,Sunny,Excellent,71,54.0,Moderate
104714,88,68.7,56.1,518,1.3,10.9,55,87.0,115,Snowy,Excellent,111,64.4,Moderate
104715,191,77.0,23.6,991,4.2,0.7,92,98.0,159,Snowy,Good,30,45.4,High
104716,140,63.5,165.2,880,2.6,25.8,49,48.0,244,Sunny,Poor,49,54.1,Moderate
104717,83,103.4,54.4,685,1.1,6.2,66,82.0,282,Sunny,Poor,96,61.7,Moderate
104718,176,66.0,92.6,1096,1.2,29.1,48,31.0,212,Windy,Moderate,10,52.7,Moderate
104719,175,144.4,23.5,862,8.6,37.0,24,82.0,151,Cloudy,Moderate,114,41.8,High
104720,158,91.9,57.5,479,9.7,1.2,84,96.0,165,Sunny,Poor,36,48.1,High
104721,140,122.1,176.5,888,10.2,16.9,88,76.0,450,Windy,Good,79,43.7,High
104722,84,20.9,178.9,863,9.4,17.2,82,82.0,399,Sunny,Excellent,81,65.2,Moderate
104723,126,62.6,53.5,599,9.1,26.6,75,86.0,142,Sunny,Moderate,21,58.5,Moderate
104724,166,53.8,80.5,1083,0.8,11.7,36,54.0,24,Rainy,Poor,50,54.2,Moderate
104725,156,87.6,38.2,487,8.7,15.9,70,64.0,199,Rainy,Excellent,57,53.1,Moderate
104726,174,129.9,25.6,624,8.6,-4.4,56,58.0,232,Cloudy,Good,114,46.0,High
104727,181,16.4,218.4,813,1.4,1.1,28,46.0,3,Sunny,Good,104,49.9,High
104728,191,15.5,147.7,490,7.3,23.5,57,78.0,287,Cloudy,Excellent,98,48.6,High
104729,215,128.3,123.8,605,5.0,5.8,72,85.0,172,Rainy,Good,8,31.2,High
104730,119,35.9,170.8,1173,9.9,2.2,32,32.0,183,Windy,Good,82,62.5,Moderate
104731,101,102.0,186.4,805,7.6,11.2,72,51.0,250,Cloudy,Poor,114,55.2,Moderate
104732,162,83.7,179.4,783,10.5,3.2,94,43.0,290,Rainy,Poor,32,47.5,High
104733,70,125.8,13.5,956,1.2,-2.0,68,32.0,436,Sunny,Poor,75,68.4,Moderate
104734,160,,49.2,522,0.4,9.2,89,67.0,285,Windy,Excellent,20,59.3,Moderate
104735,102,23.8,,822,10.7,3.2,54,50.0,358,Sunny,Excellent,82,66.4,Moderate
104736,196,85.7,88.9,772,0.9,35.0,35,80.0,111,Rainy,Excellent,105,42.0,High
104737,217,142.2,216.3,788,4.2,-1.9,32,53.0,304,Foggy,Poor,43,27.8,High
104738,131,65.2,149.7,406,7.1,32.4,30,74.0,349,Windy,Excellent,117,53.7,Moderate
104739,75,52.4,210.9,847,9.7,14.1,21,98.0,464,Rainy,Moderate,95,59.9,Moderate
104740,223,93.0,52.3,963,2.8,28.8,38,73.0,338,Rainy,Good,34,38.8,High
104741,198,139.9,191.4,518,0.3,-2.4,64,76.0,435,Foggy,Excellent,83,30.4,High
104742,184,126.4,77.5,931,5.7,41.0,65,86.0,478,Windy,Excellent,61,39.2,High
104743,164,,217.8,1199,5.2,33.4,66,48.0,464,Rainy,Moderate,60,36.9,High
104744,205,,43.1,910,3.4,2.0,68,63.0,129,Rainy,Excellent,43,53.6,Moderate
104745,234,21.4,118.4,777,9.6,5.9,98,32.0,186,Sunny,Good,46,46.2,High
104746,237,,176.5,768,8.2,27.2,61,68.0,420,Cloudy,Good,22,30.5,High
104747,176,124.0,100.9,696,9.4,41.1,52,89.0,495,Sunny,Moderate,79,39.5,High
104748,180,46.4,108.3,866,1.8,17.3,60,39.0,28,Cloudy,Good,26,52.7,Moderate
104749,79,39.7,217.1,804,7.6,19.3,88,69.0,157,Rainy,Poor,114,63.3,Moderate
104750,238,119.1,99.3,1063,,6.9,38,31.0,373,Sunny,Good,8,34.8,High
104751,236,13.2,136.9,551,,14.2,58,74.0,234,Sunny,Excellent,7,41.7,High
104752,139,58.6,21.5,528,1.9,9.3,26,56.0,277,Cloudy,Good,65,61.3,Moderate
104753,202,78.3,186.9,406,11.0,12.5,58,82.0,101,Sunny,Good,28,36.7,High
104754,157,86.3,146.1,1047,5.8,-4.0,53,38.0,458,Cloudy,Moderate,82,50.3,Moderate
104755,194,110.6,94.8,953,9.2,-2.9,63,30.0,224,Foggy,Poor,56,44.1,High
104756,42,56.5,13.4,1153,1.6,29.0,88,62.0,274,Rainy,Moderate,71,78.8,Low
104757,232,93.8,134.3,850,7.3,29.1,87,67.0,322,Sunny,Good,35,33.6,High
104758,168,89.9,12.7,1088,10.0,11.5,82,86.0,231,Sunny,Good,57,49.7,High
104759,32,84.4,10.3,461,5.9,39.3,90,62.0,341,Rainy,Poor,65,77.4,Low
104760,120,97.9,139.4,497,3.2,8.3,67,77.0,273,Rainy,Good,62,52.0,Moderate
104761,180,42.6,49.7,1130,1.4,14.8,22,32.0,364,Cloudy,Moderate,39,56.8,Moderate
104762,43,17.3,50.3,1064,3.3,31.6,53,61.0,477,Sunny,Poor,35,81.6,Low
104763,127,22.3,147.2,727,3.9,32.2,28,50.0,448,Sunny,Moderate,61,62.1,Moderate
104764,30,37.6,21.3,697,7.8,38.1,80,97.0,467,Sunny,Good,120,79.3,Low
104765,36,77.5,75.8,707,2.0,-3.5,39,46.0,112,Cloudy,Moderate,80,75.8,Low
104766,215,126.9,41.4,405,1.2,4.2,59,71.0,388,Snowy,Excellent,14,36.9,High
104767,194,106.7,131.8,1162,4.3,27.0,31,97.0,459,Windy,Good,88,36.0,High
104768,44,119.4,149.0,665,5.0,11.9,47,41.0,138,Cloudy,Good,22,66.2,Moderate
104769,113,55.9,161.4,534,6.9,-2.8,67,74.0,215,Snowy,Excellent,112,57.5,Moderate
104770,220,63.7,63.6,403,7.8,24.3,93,65.0,313,Foggy,Moderate,60,43.1,High
104771,40,62.1,28.7,386,9.8,14.7,94,80.0,273,Rainy,Moderate,40,75.9,Low
104772,103,,26.5,1072,,13.2,26,36.0,327,Rainy,Moderate,55,72.6,Moderate
104773,230,13.9,99.5,1154,5.8,8.2,33,62.0,348,Foggy,Poor,65,45.8,High
104774,230,90.7,208.6,619,4.0,-4.7,38,77.0,183,Sunny,Good,23,29.6,High
104775,159,148.4,55.7,1081,0.0,4.1,73,95.0,405,Sunny,Moderate,85,41.3,High
104776,56,29.2,63.9,857,6.4,18.7,79,62.0,311,Foggy,Good,108,77.0,Low
104777,61,11.8,31.2,577,9.0,8.8,86,56.0,492,Cloudy,Moderate,15,80.4,Low
104778,164,118.0,137.2,777,0.4,38.7,53,76.0,193,Snowy,Poor,9,41.9,High
104779,120,41.6,152.8,1072,0.0,2.1,60,95.0,278,Windy,Good,105,56.3,Moderate
104780,67,125.3,145.0,1159,8.0,38.8,50,72.0,271,Cloudy,Moderate,49,58.5,Moderate
104781,122,107.1,190.8,350,7.5,15.2,58,48.0,299,Cloudy,Good,104,50.8,Moderate
104782,47,142.1,112.1,372,4.5,8.8,97,97.0,71,Cloudy,Moderate,49,59.2,Moderate
104783,60,64.3,38.2,852,7.3,10.2,71,39.0,195,Sunny,Moderate,52,75.7,Low
104784,118,101.0,70.8,797,10.5,11.5,66,51.0,269,Sunny,Moderate,112,58.0,Moderate
104785,66,72.4,149.1,1145,2.7,20.3,39,95.0,392,Cloudy,Good,18,62.5,Moderate
104786,165,96.4,138.8,845,2.7,12.7,71,31.0,330,Sunny,Moderate,32,48.7,High
104787,225,70.2,121.5,774,,27.4,90,47.0,239,Sunny,Moderate,13,40.3,High
104788,246,32.4,153.4,1049,8.0,16.3,81,48.0,485,Sunny,Good,63,39.4,High
104789,124,78.6,143.9,367,3.9,28.6,24,59.0,107,Rainy,Good,42,55.2,Moderate
104790,143,81.6,195.1,794,10.9,25.2,76,35.0,498,Windy,Good,97,51.2,Moderate
104791,218,122.5,133.1,910,7.9,7.2,23,56.0,399,Rainy,Excellent,29,33.8,High
104792,32,111.7,173.5,908,4.0,35.6,30,44.0,396,Cloudy,Excellent,76,67.8,Moderate
104793,229,101.2,62.2,976,1.6,34.9,38,60.0,291,Foggy,Excellent,52,37.5,High
104794,248,21.4,,388,6.5,44.4,46,73.0,299,Sunny,Moderate,23,37.9,High
104795,160,109.5,199.5,1078,3.2,3.8,48,39.0,99,Sunny,Poor,6,44.2,High
104796,119,77.5,91.0,559,10.0,37.4,37,50.0,80,Sunny,Moderate,10,59.7,Moderate
104797,50,134.6,173.6,1123,4.9,38.6,56,76.0,269,Cloudy,Moderate,34,58.6,Moderate
104798,149,138.4,162.2,560,3.2,27.1,80,84.0,348,Sunny,Good,65,40.1,High
104799,35,13.0,22.5,914,6.5,20.3,66,65.0,16,Sunny,Good,6,84.5,Low
104800,156,124.0,,630,1.5,42.9,39,87.0,192,Sunny,Poor,55,41.7,High
104801,92,10.5,37.3,1182,6.2,43.6,89,48.0,211,Cloudy,Moderate,87,75.5,Low
104802,185,58.2,213.1,482,0.6,27.1,68,,352,Cloudy,Excellent,17,39.8,High
104803,222,83.6,180.4,798,6.7,13.0,34,39.0,125,Rainy,Good,53,37.1,High
104804,73,26.5,33.0,613,5.8,35.9,37,78.0,309,Cloudy,Excellent,12,74.2,Moderate
104805,203,113.2,35.6,1156,5.7,-0.5,57,83.0,125,Sunny,Good,13,39.8,High
104806,233,6.2,134.8,460,7.5,9.5,41,90.0,129,Windy,Good,27,41.6,High
104807,244,29.4,82.4,904,,44.3,95,88.0,144,Cloudy,Poor,105,39.6,High
104808,119,89.2,17.3,1199,5.1,35.7,79,31.0,255,Sunny,Moderate,76,63.9,Moderate
104809,128,108.6,123.7,587,4.9,42.0,85,37.0,22,Sunny,Good,77,54.0,Moderate
104810,106,137.9,91.4,806,5.1,24.7,45,,213,Snowy,Good,20,55.0,Moderate
104811,192,107.3,31.2,1108,10.8,15.4,83,97.0,128,Rainy,Moderate,20,41.3,High
104812,181,102.4,178.4,865,1.5,44.0,77,43.0,11,Cloudy,Good,16,41.9,High
104813,156,62.2,202.2,1173,7.6,10.5,22,51.0,140,Sunny,Moderate,93,49.2,High
104814,235,5.2,168.9,522,4.4,32.9,49,46.0,461,Cloudy,Good,15,44.0,High
104815,27,22.4,182.7,542,5.6,22.9,38,92.0,457,Rainy,Good,86,74.1,Moderate
104816,26,82.5,55.5,864,8.4,6.4,29,55.0,267,Windy,Excellent,17,77.1,Low
104817,55,,65.4,1139,1.7,-4.1,65,65.0,56,Cloudy,Poor,39,68.0,Moderate
104818,37,65.5,53.8,917,8.4,14.2,38,74.0,85,Sunny,Excellent,86,75.4,Low
104819,22,110.9,170.7,1135,0.8,22.4,77,59.0,273,Sunny,Good,111,68.3,Moderate
104820,47,80.7,209.1,758,5.3,4.2,25,50.0,102,Sunny,Good,98,66.4,Moderate
104821,89,,160.5,1037,8.2,15.7,70,49.0,338,Rainy,Moderate,47,69.2,Moderate
104822,191,32.8,195.1,977,2.1,25.8,33,71.0,349,Sunny,Moderate,105,44.8,High
104823,168,126.8,144.1,433,8.5,30.7,77,85.0,142,Cloudy,Excellent,34,38.8,High
104824,47,110.1,91.4,1020,1.8,-2.4,27,41.0,422,Rainy,Excellent,64,69.7,Moderate
104825,73,134.7,99.4,1147,8.8,28.2,21,37.0,333,Sunny,Moderate,71,62.0,Moderate
104826,201,22.0,25.8,429,5.2,-2.2,37,92.0,328,Rainy,Moderate,33,50.7,Moderate
104827,84,148.6,16.6,927,7.5,-3.6,76,,452,Rainy,Moderate,29,57.7,Moderate
104828,119,35.4,156.0,558,10.1,2.6,54,36.0,416,Cloudy,Moderate,70,62.9,Moderate
104829,40,6.7,102.1,871,4.5,27.7,85,91.0,175,Windy,Moderate,115,77.8,Low
104830,246,149.6,126.0,548,2.6,-2.4,75,90.0,132,Rainy,Good,9,22.5,High
104831,32,45.8,127.1,920,9.5,-4.0,62,39.0,343,Cloudy,Moderate,99,78.5,Low
104832,76,101.9,68.2,583,1.8,0.9,92,79.0,263,Windy,Moderate,9,62.8,Moderate
104833,68,30.6,109.9,1168,6.9,42.5,91,49.0,146,Rainy,Excellent,89,73.7,Moderate
104834,137,89.1,108.9,593,10.2,40.4,27,57.0,435,Snowy,Good,116,53.5,Moderate
104835,73,136.1,91.6,742,7.4,-0.7,24,,11,Rainy,Moderate,53,61.6,Moderate
104836,157,51.4,182.3,915,2.2,10.2,32,37.0,327,Cloudy,Good,30,52.8,Moderate
104837,72,102.2,104.7,795,1.7,42.4,26,36.0,391,Sunny,Moderate,75,65.9,Moderate
104838,63,32.2,136.8,1198,2.8,-0.1,40,34.0,54,Rainy,Good,34,74.6,Moderate
104839,66,95.6,198.1,742,4.3,-0.3,56,30.0,229,Sunny,Excellent,102,63.7,Moderate
104840,72,53.8,191.9,358,1.8,-0.7,64,39.0,467,Windy,Excellent,32,67.1,Moderate
104841,93,35.6,197.0,962,8.8,43.8,71,87.0,121,Cloudy,Poor,18,60.4,Moderate
104842,65,50.4,66.7,1156,3.9,32.2,67,94.0,348,Rainy,Poor,22,69.5,Moderate
104843,32,30.9,17.3,1064,10.3,5.7,81,89.0,232,Cloudy,Good,61,80.8,Low
104844,184,135.8,64.8,502,9.3,-2.7,97,49.0,161,Cloudy,Excellent,112,42.4,High
104845,121,62.6,68.5,459,10.0,43.3,70,87.0,81,Rainy,Excellent,85,58.6,Moderate
104846,43,40.6,201.0,1183,3.2,16.3,23,72.0,448,Rainy,Good,29,70.1,Moderate
104847,21,70.0,146.3,615,6.3,24.9,75,58.0,458,Sunny,Good,74,74.7,Moderate
104848,233,51.5,27.2,722,3.5,9.0,94,31.0,46,Sunny,Good,9,47.4,High
104849,100,112.9,38.4,501,2.8,32.9,53,55.0,363,Windy,Moderate,57,61.0,Moderate
104850,119,145.8,42.7,944,6.7,4.8,64,88.0,290,Windy,Moderate,89,50.1,Moderate
104851,161,68.5,142.4,764,9.0,34.3,35,30.0,498,Sunny,Excellent,43,52.7,Moderate
104852,157,129.8,164.4,995,1.0,6.5,28,60.0,499,Sunny,Moderate,61,41.9,High
104853,182,87.1,190.5,675,3.0,-0.1,99,67.0,159,Sunny,Good,118,40.6,High
104854,172,27.8,207.5,1021,2.3,18.9,35,51.0,178,Foggy,Excellent,88,50.2,Moderate
104855,150,105.1,52.4,900,8.8,35.7,50,95.0,361,Sunny,Moderate,15,48.3,High
104856,130,79.4,75.1,525,10.3,14.2,32,76.0,207,Sunny,Excellent,73,55.7,Moderate
104857,121,99.3,60.5,874,0.9,-3.6,24,30.0,389,Sunny,Excellent,106,60.3,Moderate
104858,36,134.0,85.3,664,4.2,22.7,66,79.0,392,Rainy,Excellent,107,65.3,Moderate
104859,31,68.9,202.1,416,10.1,29.0,58,,39,Windy,Poor,103,69.5,Moderate
104860,201,135.7,130.8,1109,3.8,32.0,37,74.0,213,Cloudy,Moderate,103,33.6,High
104861,135,113.8,165.0,902,7.8,15.1,39,65.0,431,Sunny,Good,29,47.3,High
104862,43,75.8,112.9,533,1.1,-0.1,21,63.0,455,Rainy,Moderate,34,71.2,Moderate
104863,48,92.5,16.1,384,4.9,24.2,59,38.0,351,Sunny,Good,6,75.7,Low
104864,190,52.2,23.5,854,5.5,11.5,49,33.0,153,Sunny,Poor,88,55.1,Moderate
104865,172,147.6,123.0,1198,8.3,42.3,29,92.0,337,Windy,Moderate,40,36.0,High
104866,247,101.8,,1151,3.2,20.1,83,33.0,292,Windy,Moderate,41,32.0,High
104867,141,11.4,55.2,425,,18.6,61,34.0,435,Foggy,Moderate,6,67.1,Moderate
104868,207,52.4,161.6,821,3.3,10.5,94,39.0,395,Cloudy,Moderate,116,44.5,High
104869,109,95.4,180.2,931,6.1,11.9,72,73.0,165,Sunny,Poor,112,52.6,Moderate
104870,249,,,1095,9.6,20.6,72,69.0,481,Snowy,Moderate,51,41.9,High
104871,84,8.5,166.7,872,9.1,10.3,59,65.0,451,Sunny,Excellent,95,69.0,Moderate
104872,103,70.3,94.8,632,0.6,39.6,35,64.0,271,Sunny,Good,100,61.9,Moderate
104873,138,53.2,152.5,1165,9.7,17.0,67,88.0,444,Sunny,Excellent,63,52.4,Moderate
104874,175,68.6,170.4,885,1.0,9.6,80,94.0,23,Foggy,Good,8,42.3,High
104875,35,43.1,218.3,623,4.6,2.8,57,60.0,461,Rainy,Good,95,71.6,Moderate
104876,194,28.9,82.5,888,8.4,28.6,63,75.0,400,Sunny,Excellent,98,50.0,Moderate
104877,228,104.9,96.3,403,0.9,-3.7,34,78.0,114,Sunny,Good,71,33.8,High
104878,123,79.6,44.8,404,0.4,17.5,80,35.0,350,Windy,Moderate,50,62.6,Moderate
104879,111,34.0,52.9,1094,3.6,22.5,26,99.0,259,Windy,Moderate,113,63.4,Moderate
104880,205,51.3,155.6,626,8.0,12.0,49,48.0,305,Rainy,Excellent,95,44.4,High
104881,223,,202.6,792,5.7,32.5,55,71.0,363,Sunny,Excellent,106,31.7,High
104882,46,15.5,92.9,767,4.6,28.8,30,59.0,225,Cloudy,Excellent,40,79.3,Low
104883,200,26.4,47.8,981,8.9,43.6,89,55.0,101,Rainy,Poor,69,52.9,Moderate
104884,189,15.6,69.9,574,8.4,20.4,48,32.0,485,Foggy,Good,103,57.4,Moderate
104885,206,122.8,105.6,919,8.6,21.9,98,62.0,130,Sunny,Poor,60,36.7,High
104886,194,114.1,71.0,604,5.1,7.3,25,79.0,263,Cloudy,Poor,80,39.9,High
104887,241,114.2,59.1,525,0.2,14.3,95,60.0,11,Sunny,Poor,39,34.0,High
104888,181,108.9,164.6,915,1.9,-3.7,70,97.0,418,Cloudy,Excellent,86,36.4,High
104889,184,102.1,11.6,495,8.2,29.5,99,39.0,321,Sunny,Good,114,50.1,Moderate
104890,153,74.2,123.2,1120,8.3,10.6,57,51.0,180,Windy,Poor,105,52.3,Moderate
104891,154,98.1,176.7,1013,10.7,22.0,92,92.0,348,Sunny,Excellent,27,42.5,High
104892,243,10.6,65.9,734,2.1,7.7,41,83.0,470,Cloudy,Moderate,101,43.4,High
104893,243,95.1,136.7,611,1.4,26.1,73,80.0,160,Cloudy,Good,82,30.0,High
104894,172,117.8,150.5,880,1.5,17.4,59,33.0,113,Windy,Good,48,44.1,High
104895,52,77.6,147.6,720,2.0,19.1,26,66.0,17,Snowy,Poor,5,67.3,Moderate
104896,74,56.8,103.6,1032,5.8,42.1,59,92.0,103,Sunny,Moderate,95,65.5,Moderate
104897,205,45.2,82.8,546,10.7,30.3,43,80.0,185,Sunny,Moderate,92,45.5,High
104898,26,98.2,185.5,934,6.5,8.1,60,37.0,341,Cloudy,Moderate,70,70.6,Moderate
104899,76,105.5,169.3,1164,,20.2,70,30.0,461,Cloudy,Good,16,62.2,Moderate
104900,145,131.3,,946,7.4,18.3,58,37.0,92,Sunny,Moderate,17,50.6,Moderate
104901,31,54.6,31.6,633,0.8,34.8,62,84.0,300,Snowy,Poor,31,77.9,Low
104902,35,116.6,25.1,651,9.0,36.7,88,38.0,142,Sunny,Poor,24,74.7,Moderate
104903,227,86.4,29.8,481,7.1,9.2,78,80.0,142,Foggy,Moderate,115,39.3,High
104904,62,133.0,132.4,469,1.9,36.1,44,45.0,300,Sunny,Good,116,61.8,Moderate
104905,136,81.5,20.8,1077,6.9,4.0,44,82.0,451,Sunny,Excellent,119,56.5,Moderate
104906,247,80.1,80.8,485,6.6,33.1,92,88.0,99,Sunny,Excellent,105,33.1,High
104907,224,88.8,168.2,977,0.7,7.4,43,74.0,452,Cloudy,Good,102,33.2,High
104908,154,113.7,71.8,922,2.9,9.9,81,66.0,450,Sunny,Good,10,48.4,High
104909,247,144.9,170.3,878,4.3,37.6,62,95.0,459,Rainy,Excellent,12,20.1,High
104910,130,15.7,166.5,383,2.7,16.0,78,93.0,61,Cloudy,Good,25,57.1,Moderate
104911,70,12.7,61.6,881,2.7,44.5,73,65.0,83,Sunny,Excellent,107,76.3,Low
104912,220,140.9,163.1,557,6.3,2.6,98,79.0,427,Windy,Good,25,27.4,High
104913,179,81.8,167.0,1023,5.2,18.2,45,82.0,275,Foggy,Excellent,49,41.4,High
104914,94,94.2,93.5,648,7.3,31.6,73,86.0,166,Rainy,Moderate,74,58.5,Moderate
104915,27,75.0,54.2,871,10.5,-4.7,80,48.0,294,Windy,Good,109,78.6,Low
104916,244,18.6,119.5,443,7.3,2.6,94,55.0,128,Sunny,Moderate,48,42.4,High
104917,234,116.4,203.5,763,6.4,-4.0,98,97.0,363,Sunny,Poor,63,24.0,High
104918,236,113.3,144.3,720,9.3,44.6,63,72.0,66,Sunny,Excellent,34,29.5,High
104919,219,50.2,46.3,758,7.0,33.0,28,87.0,46,Foggy,Poor,14,43.5,High
104920,64,49.4,153.4,732,1.8,13.7,61,88.0,456,Cloudy,Moderate,79,66.1,Moderate
104921,233,126.5,99.7,790,3.5,2.8,48,75.0,373,Sunny,Excellent,5,30.4,High
104922,78,15.5,134.2,796,8.1,-0.5,98,97.0,309,Cloudy,Good,14,67.7,Moderate
104923,151,,164.2,968,8.1,21.6,99,69.0,147,Sunny,Poor,29,41.8,High
104924,123,42.2,118.1,966,10.9,43.8,77,42.0,249,Sunny,Moderate,84,62.7,Moderate
104925,214,91.0,180.9,420,6.9,28.7,82,38.0,136,Cloudy,Good,87,37.7,High
104926,176,140.7,161.7,433,9.9,13.3,68,95.0,94,Sunny,Poor,78,33.9,High
104927,176,103.3,139.2,558,0.6,20.0,30,82.0,237,Sunny,Moderate,115,40.8,High
104928,117,65.1,41.7,608,6.2,44.9,73,33.0,283,Sunny,Moderate,18,65.7,Moderate
104929,245,,185.5,588,10.1,20.9,49,43.0,319,Cloudy,Poor,7,29.7,High
104930,175,54.9,206.5,651,3.2,43.2,85,37.0,34,Rainy,Moderate,72,47.9,High
104931,224,45.2,38.8,581,1.7,-4.2,84,91.0,295,Cloudy,Good,44,43.2,High
104932,98,149.5,112.5,631,3.9,31.0,77,74.0,380,Rainy,Moderate,37,51.4,Moderate
104933,143,113.9,64.4,743,8.7,26.4,76,96.0,357,Sunny,Moderate,88,47.8,High
104934,234,98.5,168.4,767,0.9,29.3,56,91.0,491,Sunny,Excellent,83,28.5,High
104935,191,56.5,161.5,555,6.6,23.5,73,99.0,257,Windy,Excellent,11,40.9,High
104936,237,12.1,39.6,613,1.5,-2.8,92,65.0,386,Sunny,Excellent,112,47.4,High
104937,23,9.5,194.2,660,4.8,2.5,88,30.0,269,Cloudy,Excellent,7,82.0,Low
104938,109,85.4,48.0,1046,10.6,41.1,43,89.0,464,Foggy,Excellent,95,58.8,Moderate
104939,123,115.5,177.4,975,2.1,6.6,82,,354,Cloudy,Moderate,41,50.9,Moderate
104940,156,82.9,106.0,428,0.4,44.6,70,41.0,323,Sunny,Moderate,97,52.6,Moderate
104941,138,126.9,78.9,691,4.7,29.0,34,,46,Foggy,Excellent,30,51.4,Moderate
104942,152,9.8,43.2,1162,6.4,17.2,66,76.0,93,Sunny,Moderate,95,61.7,Moderate
104943,75,58.2,45.2,911,3.3,41.0,92,82.0,181,Rainy,Moderate,29,69.1,Moderate
104944,115,39.4,149.0,1181,6.0,34.7,65,96.0,441,Sunny,Good,44,57.5,Moderate
104945,231,69.9,125.6,444,10.5,16.4,49,39.0,189,Cloudy,Good,47,39.9,High
104946,197,15.5,35.6,1119,3.4,-1.6,98,75.0,486,Cloudy,Good,119,53.4,Moderate
104947,94,143.3,33.7,700,3.4,38.4,39,33.0,50,Cloudy,Moderate,98,60.9,Moderate
104948,162,37.4,,411,5.3,33.3,76,86.0,205,Snowy,Good,48,56.5,Moderate
104949,51,138.7,166.2,491,5.7,34.5,68,67.0,303,Foggy,Good,88,59.2,Moderate
104950,47,66.8,159.5,1191,0.0,32.2,75,41.0,410,Sunny,Excellent,75,71.4,Moderate
104951,41,147.9,22.3,1083,6.8,8.8,75,60.0,332,Windy,Poor,33,67.8,Moderate
104952,36,85.3,127.7,460,11.0,37.9,44,31.0,438,Sunny,Moderate,114,73.8,Moderate
104953,78,140.0,27.8,965,3.2,-4.9,28,30.0,124,Sunny,Good,102,64.8,Moderate
104954,109,5.8,199.8,876,6.9,6.9,41,54.0,211,Foggy,Poor,94,64.3,Moderate
104955,218,113.5,200.5,1131,0.1,-2.7,96,34.0,368,Cloudy,Good,95,33.7,High
104956,125,135.9,156.6,1020,6.6,0.5,56,77.0,432,Sunny,Moderate,61,45.7,High
104957,204,25.3,204.5,506,4.9,21.6,47,43.0,407,Cloudy,Good,112,45.7,High
104958,45,18.9,180.4,888,5.8,-3.1,33,81.0,265,Sunny,Good,13,72.5,Moderate
104959,44,66.6,184.0,946,6.0,4.1,49,50.0,134,Cloudy,Moderate,26,69.9,Moderate
104960,157,140.4,129.6,358,1.9,6.6,58,54.0,371,Rainy,Moderate,80,43.0,High
104961,64,83.6,74.3,625,8.5,27.8,76,96.0,272,Windy,Good,74,65.1,Moderate
104962,102,81.5,55.7,576,6.1,18.4,24,79.0,277,Sunny,Excellent,10,61.2,Moderate
104963,30,25.5,78.7,535,3.0,17.9,31,62.0,314,Sunny,Good,31,81.4,Low
104964,224,5.1,142.0,940,10.3,33.4,54,46.0,299,Sunny,Moderate,87,47.4,High
104965,200,122.5,46.3,565,0.1,17.8,60,99.0,266,Sunny,Excellent,56,37.1,High
104966,219,17.7,64.3,782,8.0,12.4,82,63.0,297,Foggy,Moderate,74,48.9,High
104967,123,96.9,108.3,918,4.2,43.1,61,55.0,278,Foggy,Poor,53,55.3,Moderate
104968,87,137.6,58.9,1005,5.7,-4.6,84,71.0,373,Rainy,Excellent,85,57.8,Moderate
104969,114,35.3,133.6,705,3.2,10.3,84,60.0,443,Rainy,Poor,97,62.6,Moderate
104970,175,101.5,203.9,1192,3.5,25.5,62,80.0,213,Windy,Excellent,27,38.1,High
104971,222,16.4,167.1,741,0.2,34.1,79,65.0,487,Sunny,Moderate,85,43.2,High
104972,84,92.5,149.9,928,8.0,35.8,39,42.0,61,Sunny,Moderate,25,62.1,Moderate
104973,68,28.8,132.4,624,7.8,-2.7,82,42.0,366,Sunny,Good,78,73.5,Moderate
104974,194,111.7,112.5,843,7.2,30.5,43,61.0,53,Windy,Good,111,40.0,High
104975,71,48.7,49.2,966,9.7,31.0,94,34.0,337,Cloudy,Poor,12,75.5,Low
104976,121,72.2,197.9,800,9.9,5.7,91,41.0,374,Cloudy,Excellent,58,55.6,Moderate
104977,235,91.9,62.2,769,6.1,0.6,54,88.0,364,Sunny,Moderate,18,34.8,High
104978,201,29.8,29.2,1049,7.5,32.5,60,70.0,473,Rainy,Good,35,51.8,Moderate
104979,207,112.5,167.5,513,0.1,7.5,35,66.0,111,Windy,Good,55,34.3,High
104980,76,48.9,46.9,1128,9.3,-4.9,99,97.0,477,Sunny,Good,66,68.4,Moderate
104981,66,101.0,88.1,912,9.0,6.2,25,77.0,268,Rainy,Good,22,63.9,Moderate
104982,178,28.0,15.9,987,0.2,-3.4,39,72.0,323,Sunny,Good,51,56.6,Moderate
104983,193,,38.8,941,6.0,7.5,75,70.0,106,Snowy,Moderate,98,43.7,High
104984,45,23.6,46.4,532,10.0,11.8,94,85.0,282,Cloudy,Excellent,86,78.2,Low
104985,133,66.7,21.4,659,2.0,8.6,27,98.0,370,Sunny,Excellent,56,57.2,Moderate
104986,24,40.8,147.9,366,3.9,41.0,25,40.0,167,Cloudy,Good,93,79.4,Low
104987,103,113.5,185.8,795,3.6,6.6,27,38.0,73,Sunny,Good,117,54.8,Moderate
104988,71,43.0,88.4,519,3.9,18.4,81,57.0,235,Windy,Good,41,71.9,Moderate
104989,124,132.8,193.7,629,0.5,42.9,33,51.0,91,Foggy,Moderate,93,47.0,High
104990,222,134.3,54.8,1165,3.1,39.0,22,35.0,84,Cloudy,Good,34,37.7,High
104991,73,33.5,78.3,689,3.2,10.5,21,55.0,371,Sunny,Good,34,73.4,Moderate
104992,180,94.0,41.7,1075,9.5,11.3,41,,74,Rainy,Moderate,104,49.7,High
104993,197,17.7,140.3,1059,3.9,24.7,89,43.0,83,Cloudy,Poor,79,51.1,Moderate
104994,185,61.8,98.2,868,4.9,40.9,90,64.0,244,Sunny,Good,52,48.0,High
104995,174,108.4,138.8,360,4.2,-4.5,25,71.0,227,Sunny,Moderate,43,41.6,High
104996,245,100.6,170.0,873,1.3,14.7,69,82.0,82,Windy,Good,31,27.1,High
104997,34,95.6,124.6,971,10.9,37.5,63,51.0,499,Snowy,Moderate,20,71.1,Moderate
104998,243,46.0,141.8,482,9.1,15.5,27,82.0,393,Windy,Moderate,106,35.4,High
104999,80,59.8,206.4,989,6.0,31.0,43,95.0,14,Cloudy,Moderate,36,58.6,Moderate
105000,141,19.9,72.8,497,5.2,29.6,46,42.0,492,Snowy,Poor,33,64.4,Moderate
103001,31,137.3,135.4,710,3.7,6.1,22,75.0,313,Foggy,Poor,105,63.7,Moderate
103002,68,96.8,,669,8.7,32.1,27,70.0,176,Sunny,Good,34,63.7,Moderate
103003,61,109.6,156.6,571,8.7,-1.9,94,98.0,334,Windy,Good,88,58.2,Moderate
103004,185,42.3,101.1,1087,10.5,-2.5,80,59.0,214,Cloudy,Excellent,106,50.7,Moderate
103005,101,109.3,52.5,559,10.1,29.7,24,73.0,24,Rainy,Good,48,58.8,Moderate
103006,192,9.1,54.9,745,0.9,22.8,45,39.0,491,Sunny,Good,53,57.7,Moderate
103007,54,59.4,11.2,932,9.1,15.9,92,59.0,323,Cloudy,Moderate,20,76.7,Low
103008,177,95.9,73.2,838,,23.8,36,78.0,291,Sunny,Excellent,118,45.2,High
103009,235,26.2,167.3,950,9.5,31.8,85,64.0,116,Foggy,Excellent,90,39.8,High
103010,177,124.3,176.8,1123,1.0,0.2,70,94.0,79,Sunny,Good,106,35.0,High
103011,225,39.1,52.5,813,9.1,22.7,66,46.0,174,Sunny,Excellent,78,47.6,High
103012,153,99.6,211.4,1049,1.8,36.2,59,60.0,231,Windy,Moderate,88,43.9,High
103013,86,63.8,115.5,973,3.7,13.1,46,99.0,314,Cloudy,Moderate,57,61.2,Moderate
103014,99,91.4,202.6,801,0.3,33.2,59,81.0,468,Rainy,Good,109,53.0,Moderate
103015,26,20.6,158.4,762,,37.3,20,55.0,435,Rainy,Excellent,6,79.4,Low
103016,199,7.5,161.7,1100,4.9,36.0,65,34.0,39,Sunny,Excellent,71,51.8,Moderate
103017,33,136.9,27.9,825,9.0,27.5,30,43.0,170,Sunny,Moderate,46,71.9,Moderate
103018,92,44.1,56.2,605,8.5,30.9,58,,116,Foggy,Poor,68,67.3,Moderate
103019,162,123.9,11.9,499,2.6,34.4,37,44.0,183,Sunny,Good,12,51.0,Moderate
103020,168,149.9,,476,1.7,31.7,66,41.0,80,Cloudy,Moderate,77,39.7,High
103021,182,35.7,82.3,741,4.3,17.6,93,75.0,386,Rainy,Poor,96,51.3,Moderate
103022,85,43.4,175.2,1180,9.7,3.0,40,93.0,70,Sunny,Excellent,25,61.4,Moderate
103023,110,101.1,81.2,829,1.0,10.5,47,88.0,139,Rainy,Poor,119,55.2,Moderate
103024,149,145.0,182.1,746,6.0,5.4,20,55.0,192,Cloudy,Good,101,41.2,High
103025,182,137.8,37.4,751,1.0,13.1,33,58.0,170,Windy,Poor,64,43.0,High
103026,229,77.9,46.4,623,5.2,19.5,39,33.0,100,Sunny,Good,38,43.8,High
103027,225,120.3,81.6,1194,1.4,43.0,92,79.0,69,Sunny,Good,120,33.1,High
103028,39,24.7,95.8,488,0.9,43.0,64,54.0,173,Windy,Poor,8,79.8,Low
103029,229,,83.2,452,2.1,33.5,80,69.0,443,Sunny,Good,116,30.1,High
103030,29,144.8,170.4,591,2.8,44.0,46,61.0,188,Cloudy,Poor,93,62.8,Moderate
103031,44,28.7,30.4,466,3.0,44.9,75,66.0,432,Snowy,Excellent,66,80.5,Low
103032,213,48.4,83.8,563,7.1,39.3,71,39.0,214,Rainy,Moderate,100,47.8,High
103033,44,19.5,185.8,833,0.6,-1.0,87,67.0,24,Cloudy,Good,80,73.7,Moderate
103034,73,44.4,24.0,878,0.9,16.3,56,90.0,88,Sunny,Poor,6,71.3,Moderate
103035,52,123.3,207.9,1040,,21.7,50,56.0,130,Snowy,Excellent,115,59.8,Moderate
103036,183,59.9,217.1,573,9.6,1.2,68,36.0,195,Sunny,Good,54,45.4,High
103037,114,17.8,28.6,619,6.9,35.4,72,38.0,318,Foggy,Moderate,116,72.1,Moderate
103038,33,54.6,71.2,1174,8.0,2.4,58,88.0,285,Sunny,Poor,80,75.1,Low
103039,84,147.3,88.2,483,4.1,14.2,29,65.0,224,Windy,Good,118,56.3,Moderate
103040,129,96.3,173.0,463,2.3,-1.6,28,59.0,348,Cloudy,Good,114,50.7,Moderate
103041,99,65.3,135.1,790,0.4,21.2,32,48.0,387,Sunny,Good,30,62.8,Moderate
103042,73,29.1,145.3,993,5.4,24.9,37,70.0,333,Cloudy,Good,89,69.1,Moderate
103043,144,148.0,169.1,1000,6.3,31.8,31,84.0,340,Sunny,Moderate,112,39.5,High
103044,199,124.0,34.8,714,9.9,12.0,91,35.0,326,Sunny,Excellent,41,44.1,High
103045,150,45.8,185.0,581,9.7,24.5,24,51.0,148,Sunny,Moderate,59,53.2,Moderate
103046,246,15.2,158.2,807,,31.7,26,99.0,70,Windy,Good,104,36.1,High
103047,188,13.2,131.2,724,4.7,33.1,34,53.0,128,Sunny,Good,22,52.7,Moderate
103048,153,22.5,196.8,953,1.8,10.1,86,91.0,443,Foggy,Good,28,50.8,Moderate
103049,44,89.2,157.1,1128,,-1.6,37,71.0,289,Sunny,Moderate,34,66.4,Moderate
103050,160,139.7,52.4,960,10.2,-3.1,57,51.0,86,Rainy,Good,21,46.7,High
103051,136,77.0,100.2,556,1.6,33.4,45,45.0,386,Windy,Excellent,84,56.8,Moderate
103052,245,127.2,113.7,869,10.7,14.3,57,42.0,17,Foggy,Excellent,46,30.8,High
103053,155,69.7,,817,5.6,1.7,78,66.0,42,Sunny,Moderate,85,56.1,Moderate
103054,168,107.7,210.5,792,5.0,4.2,71,81.0,75,Rainy,Good,112,38.2,High
103055,245,111.1,37.0,670,1.9,33.3,52,53.0,333,Sunny,Poor,16,35.4,High
103056,215,30.2,156.5,442,7.3,24.9,40,46.0,40,Cloudy,Moderate,31,45.3,High
103057,44,57.4,116.3,757,5.1,20.1,36,45.0,475,Rainy,Good,59,74.9,Moderate
103058,98,97.4,15.4,507,4.1,26.2,81,30.0,361,Sunny,Moderate,8,66.9,Moderate
103059,87,15.3,204.2,448,2.9,1.9,78,30.0,364,Sunny,Good,39,69.3,Moderate
103060,192,57.4,188.9,574,0.7,11.0,21,59.0,279,Sunny,Poor,69,43.2,High
103061,207,82.5,120.1,790,5.7,13.7,83,53.0,279,Sunny,Good,80,41.5,High
103062,31,149.5,58.1,1069,3.4,10.7,44,75.0,258,Sunny,Excellent,33,66.1,Moderate
103063,51,73.8,35.5,934,7.8,38.2,60,31.0,442,Windy,Moderate,76,77.1,Low
103064,147,123.3,86.3,750,8.0,24.1,38,44.0,441,Sunny,Moderate,76,50.0,Moderate
103065,115,67.6,63.6,920,3.7,31.5,57,58.0,328,Rainy,Moderate,80,62.2,Moderate
103066,111,120.5,116.4,1148,7.4,6.8,44,91.0,23,Snowy,Poor,40,50.6,Moderate
103067,160,91.3,212.9,413,2.8,8.2,58,42.0,449,Cloudy,Good,116,45.4,High
103068,50,133.6,130.7,1117,8.0,6.3,23,94.0,374,Rainy,Good,38,59.0,Moderate
103069,97,64.6,196.9,909,0.2,29.4,22,74.0,295,Rainy,Good,40,57.5,Moderate
103070,39,92.6,146.7,628,1.7,12.5,53,76.0,475,Cloudy,Poor,59,66.9,Moderate
103071,165,96.4,109.8,1059,2.7,15.3,29,45.0,326,Cloudy,Poor,8,48.7,High
103072,240,65.5,189.5,1019,8.5,30.5,46,32.0,392,Foggy,Poor,15,36.3,High
103073,79,25.9,109.0,1172,0.7,43.6,20,99.0,108,Foggy,Good,63,67.3,Moderate
103074,210,18.6,192.4,868,2.1,3.1,63,34.0,358,Rainy,Good,7,46.9,High
103075,153,7.4,71.2,597,3.9,-1.9,71,55.0,443,Sunny,Good,78,62.5,Moderate
103076,179,131.7,37.1,717,0.1,4.7,44,44.0,422,Cloudy,Good,16,45.7,High
103077,112,,189.6,1093,8.4,31.7,93,84.0,288,Cloudy,Excellent,117,57.2,Moderate
103078,62,35.7,,967,6.2,4.7,84,51.0,417,Snowy,Excellent,77,72.8,Moderate
103079,149,111.7,196.7,447,9.9,24.2,99,66.0,317,Rainy,Good,25,43.3,High
103080,79,51.4,206.9,617,0.3,24.5,30,58.0,340,Cloudy,Good,102,63.5,Moderate
103081,170,78.4,21.3,409,3.0,9.7,87,55.0,316,Rainy,Good,26,53.4,Moderate
103082,230,28.6,,849,8.0,-1.6,96,99.0,348,Sunny,Good,22,39.5,High
103083,50,144.2,88.7,657,,15.0,34,40.0,26,Snowy,Moderate,112,65.3,Moderate
103084,24,128.5,141.4,842,2.7,4.3,76,49.0,125,Sunny,Good,10,68.3,Moderate
103085,230,130.2,176.7,760,6.6,4.2,93,,400,Rainy,Moderate,93,24.2,High
103086,181,64.0,68.9,489,8.7,21.1,83,62.0,315,Sunny,Good,118,50.1,Moderate
103087,29,115.5,126.9,677,0.4,28.7,30,59.0,169,Sunny,Moderate,113,68.7,Moderate
103088,108,25.9,158.8,813,7.9,-1.2,39,79.0,46,Sunny,Excellent,83,61.6,Moderate
103089,149,6.2,38.2,1051,2.8,23.9,49,63.0,367,Foggy,Excellent,69,64.2,Moderate
103090,145,7.9,181.0,986,10.4,7.3,29,34.0,342,Rainy,Moderate,59,60.5,Moderate
103091,30,90.1,137.3,512,5.9,28.7,73,41.0,180,Cloudy,Poor,44,72.8,Moderate
103092,197,71.0,,409,0.4,35.5,77,81.0,364,Snowy,Excellent,86,37.4,High
103093,178,80.1,81.3,380,4.4,35.4,98,80.0,404,Rainy,Excellent,56,46.3,High
103094,75,6.1,32.7,682,10.6,13.5,48,,391,Rainy,Poor,48,79.1,Low
103095,226,66.3,116.4,425,8.0,23.4,20,87.0,72,Cloudy,Excellent,99,36.8,High
103096,220,109.1,,1104,3.3,34.7,77,93.0,121,Sunny,Good,66,36.6,High
103097,234,69.2,213.6,666,6.3,-2.0,40,35.0,352,Sunny,Poor,88,35.4,High
103098,102,111.2,18.1,1119,,25.3,34,78.0,185,Sunny,Moderate,112,59.6,Moderate
103099,156,38.8,168.2,766,0.3,36.8,86,66.0,323,Rainy,Good,93,52.3,Moderate
103100,118,122.9,120.3,539,2.0,13.6,52,39.0,318,Sunny,Poor,101,54.1,Moderate
103101,168,90.3,87.4,838,6.1,17.8,57,95.0,442,Cloudy,Moderate,78,45.1,High
103102,92,35.6,23.8,664,4.4,29.9,38,85.0,81,Cloudy,Excellent,33,69.5,Moderate
103103,175,39.3,140.7,645,2.1,-1.6,23,95.0,479,Sunny,Moderate,23,47.2,High
103104,209,96.1,132.9,850,8.5,14.3,95,74.0,29,Foggy,Good,32,36.8,High
103105,134,125.3,69.0,526,5.4,9.8,77,97.0,280,Foggy,Moderate,95,47.7,High
103106,26,65.3,201.1,1149,3.4,-4.2,89,93.0,120,Sunny,Poor,23,68.1,Moderate
103107,99,42.5,73.9,1155,1.8,4.8,31,45.0,352,Windy,Excellent,111,68.9,Moderate
103108,163,130.7,104.4,1068,6.7,14.8,98,39.0,354,Cloudy,Moderate,35,45.9,High
103109,116,102.0,124.2,564,7.3,4.9,36,50.0,105,Snowy,Good,58,55.7,Moderate
103110,23,70.0,31.0,1002,7.4,25.1,20,41.0,311,Sunny,Good,103,81.8,Low
103111,23,75.7,205.8,946,2.4,17.4,33,42.0,417,Sunny,Moderate,66,72.3,Moderate
103112,122,34.6,88.7,1043,6.5,-3.0,21,39.0,433,Windy,Moderate,18,65.6,Moderate
103113,59,95.9,27.0,681,10.0,8.8,23,42.0,129,Windy,Poor,54,72.3,Moderate
103114,36,57.0,91.3,477,3.9,-4.0,85,63.0,204,Cloudy,Poor,63,75.8,Low
103115,120,149.4,136.0,618,2.3,12.9,65,88.0,52,Windy,Moderate,74,44.9,High
103116,122,,117.9,900,8.5,8.0,69,78.0,381,Rainy,Good,62,55.4,Moderate
103117,143,75.5,155.9,884,1.9,29.4,79,35.0,296,Sunny,Good,13,53.9,Moderate
103118,71,87.0,21.7,1103,2.8,10.4,71,41.0,278,Sunny,Good,61,71.6,Moderate
103119,240,137.9,69.8,715,1.1,13.8,67,58.0,188,Sunny,Good,45,31.0,High
103120,71,,182.0,968,2.9,31.3,58,55.0,214,Snowy,Moderate,31,58.1,Moderate
103121,183,70.4,26.8,697,4.5,19.0,89,97.0,30,Foggy,Moderate,62,47.6,High
103122,143,109.2,189.7,491,0.7,22.8,79,45.0,449,Cloudy,Moderate,85,47.2,High
103123,185,90.0,29.3,494,,37.1,49,82.0,257,Rainy,Poor,104,46.2,High
103124,197,76.4,185.2,1141,5.7,5.3,46,48.0,452,Rainy,Good,72,41.3,High
103125,82,32.9,85.8,594,6.5,44.5,93,76.0,59,Sunny,Good,62,69.4,Moderate
103126,248,72.3,138.6,791,4.1,40.0,74,61.0,77,Sunny,Moderate,28,33.7,High
103127,135,40.6,42.1,1052,7.4,9.3,89,99.0,22,Cloudy,Moderate,119,58.8,Moderate
103128,210,137.7,23.9,639,4.7,39.6,45,99.0,184,Rainy,Excellent,84,34.6,High
103129,81,53.6,55.3,1040,8.4,32.7,61,90.0,34,Windy,Good,66,67.2,Moderate
103130,246,143.1,36.8,461,9.0,41.5,86,34.0,493,Sunny,Good,85,33.3,High
103131,26,82.3,75.6,563,7.4,29.6,86,88.0,0,Cloudy,Moderate,71,72.9,Moderate
103132,174,96.6,118.0,999,5.4,28.7,71,31.0,104,Snowy,Poor,107,48.1,High
103133,111,83.7,133.6,549,8.6,-4.8,25,31.0,175,Sunny,Good,105,60.2,Moderate
103134,233,23.8,175.9,754,5.4,18.7,29,32.0,48,Cloudy,Excellent,7,43.2,High
103135,33,,147.8,770,1.2,5.0,57,99.0,167,Sunny,Good,112,69.6,Moderate
103136,218,19.4,137.8,356,1.3,11.2,96,72.0,317,Cloudy,Excellent,55,44.3,High
103137,248,95.3,96.5,874,10.4,43.9,31,34.0,270,Snowy,Good,109,35.7,High
103138,105,69.8,109.5,941,2.3,-0.7,65,79.0,157,Sunny,Good,103,59.3,Moderate
103139,152,117.8,97.0,635,9.0,31.1,68,39.0,20,Windy,Good,71,49.8,High
103140,202,37.0,186.9,1020,2.7,3.6,91,56.0,391,Sunny,Good,84,44.3,High
103141,149,28.9,58.3,738,4.7,-4.6,82,53.0,390,Sunny,Moderate,61,61.5,Moderate
103142,81,63.9,11.2,765,7.2,20.1,88,51.0,104,Cloudy,Good,24,72.1,Moderate
103143,238,139.4,146.8,1133,1.7,3.1,62,32.0,289,Windy,Moderate,49,29.9,High
103144,168,108.0,52.5,1062,8.1,43.3,79,45.0,120,Sunny,Poor,10,49.7,High
103145,249,65.7,196.9,499,7.6,5.2,48,59.0,191,Sunny,Good,37,31.6,High
103146,98,80.0,190.4,777,,4.6,97,72.0,425,Rainy,Excellent,47,56.0,Moderate
103147,168,17.2,26.1,1157,6.2,-3.4,93,33.0,228,Cloudy,Good,54,63.1,Moderate
103148,157,147.8,32.3,642,1.2,11.5,30,69.0,495,Sunny,Excellent,31,45.5,High
103149,234,101.6,114.0,683,4.8,-3.8,54,45.0,180,Sunny,Good,34,35.5,High
103150,77,46.4,137.9,621,1.0,19.9,42,45.0,351,Windy,Moderate,103,69.2,Moderate
103151,139,89.9,67.7,392,3.4,20.3,91,95.0,224,Foggy,Good,22,51.3,Moderate
103152,186,20.9,160.5,817,,-2.3,40,84.0,453,Sunny,Good,34,47.6,High
103153,152,145.0,134.9,668,6.3,7.0,56,49.0,233,Cloudy,Moderate,111,43.6,High
103154,84,30.3,78.2,841,8.2,36.6,47,80.0,265,Sunny,Excellent,94,69.3,Moderate
103155,32,99.0,15.3,876,6.3,18.1,77,86.0,345,Rainy,Good,19,73.0,Moderate
103156,232,40.6,167.5,1109,2.1,16.7,72,,313,Sunny,Moderate,100,37.0,High
103157,237,109.0,55.1,521,6.5,29.9,47,47.0,498,Sunny,Excellent,103,36.8,High
103158,232,117.6,185.2,1079,8.3,30.7,61,88.0,364,Snowy,Moderate,80,26.1,High
103159,200,102.6,98.3,998,1.5,33.1,92,57.0,217,Sunny,Poor,66,41.1,High
103160,101,94.1,131.2,670,9.0,36.5,80,,210,Sunny,Moderate,25,54.2,Moderate
103161,248,134.4,193.3,1088,6.1,6.6,98,57.0,98,Foggy,Excellent,16,23.9,High
103162,192,16.4,191.4,393,,-1.7,52,42.0,108,Foggy,Good,53,49.7,High
103163,179,53.0,88.0,881,5.7,14.0,74,35.0,387,Sunny,Good,5,53.5,Moderate
103164,183,41.0,53.9,980,4.4,37.8,56,58.0,344,Cloudy,Poor,79,53.6,Moderate
103165,228,148.3,,803,3.3,-1.1,66,38.0,252,Cloudy,Poor,59,28.7,High
103166,246,61.5,100.9,1095,8.5,23.8,55,58.0,391,Cloudy,Excellent,29,37.5,High
103167,207,111.2,,1197,9.9,30.1,47,67.0,11,Foggy,Poor,51,40.2,High
103168,158,104.3,199.9,1123,8.4,19.1,29,94.0,117,Snowy,Excellent,77,39.6,High
103169,210,35.8,51.6,432,9.3,7.8,42,85.0,87,Snowy,Good,43,46.8,High
103170,168,39.7,15.4,892,,11.3,24,59.0,343,Sunny,Good,111,58.3,Moderate
103171,71,45.8,14.3,671,10.0,-1.4,25,88.0,208,Cloudy,Good,31,72.2,Moderate
103172,202,64.6,140.7,1135,1.3,9.6,61,87.0,408,Cloudy,Poor,97,40.2,High
103173,136,39.0,149.0,583,5.0,-2.8,66,39.0,480,Sunny,Good,54,59.5,Moderate
103174,45,7.8,75.3,889,0.0,31.3,47,50.0,410,Sunny,Moderate,95,82.2,Low
103175,215,132.5,77.2,601,5.6,39.9,32,85.0,129,Sunny,Poor,59,33.0,High
103176,53,145.0,81.3,1185,10.2,26.7,44,55.0,328,Sunny,Moderate,32,63.5,Moderate
103177,71,54.5,152.8,1114,2.2,27.8,26,44.0,182,Sunny,Good,61,68.6,Moderate
103178,131,54.1,22.2,798,7.0,18.6,85,64.0,441,Sunny,Moderate,107,62.4,Moderate
103179,101,6.0,205.1,588,7.1,2.8,99,44.0,416,Sunny,Good,86,66.4,Moderate
103180,246,103.6,56.7,839,1.8,-4.6,77,35.0,82,Cloudy,Moderate,83,37.0,High
103181,240,124.7,219.9,813,2.6,12.2,85,57.0,253,Cloudy,Excellent,20,25.1,High
103182,199,26.3,46.0,663,5.1,32.6,55,92.0,432,Sunny,Moderate,115,49.5,High
103183,176,28.2,172.0,524,,43.0,21,58.0,4,Foggy,Moderate,91,50.5,Moderate
103184,185,119.6,56.9,1055,6.4,16.6,57,77.0,302,Cloudy,Moderate,98,41.8,High
103185,61,94.4,27.0,529,5.3,13.3,93,92.0,467,Snowy,Poor,104,67.1,Moderate
103186,40,11.5,193.7,734,5.7,17.3,33,87.0,23,Foggy,Excellent,60,73.0,Moderate
103187,61,95.3,190.3,644,1.5,16.4,46,50.0,120,Sunny,Good,39,63.1,Moderate
103188,160,49.8,94.7,564,5.7,26.3,34,51.0,94,Cloudy,Good,32,55.4,Moderate
103189,132,58.5,157.5,1064,0.5,31.7,31,56.0,427,Cloudy,Good,50,55.7,Moderate
103190,124,116.6,127.0,1111,9.7,34.2,62,86.0,451,Cloudy,Good,71,48.7,High
103191,211,122.6,189.1,1118,3.8,27.5,76,39.0,223,Sunny,Excellent,20,34.0,High
103192,36,63.1,76.2,424,9.4,16.9,67,51.0,238,Windy,Moderate,83,77.0,Low
103193,139,142.3,120.0,693,7.7,42.5,80,73.0,226,Sunny,Poor,87,44.6,High
103194,156,63.9,111.9,1063,8.4,30.6,63,57.0,141,Foggy,Excellent,78,53.0,Moderate
103195,188,116.9,84.3,491,3.5,16.3,71,79.0,419,Snowy,Excellent,53,40.0,High
103196,148,75.2,197.2,1067,2.5,17.3,81,80.0,50,Rainy,Good,72,46.5,High
103197,149,135.1,44.8,548,4.5,35.9,21,30.0,389,Sunny,Good,26,51.7,Moderate
103198,79,136.6,41.4,520,0.3,17.0,90,63.0,144,Cloudy,Moderate,22,61.0,Moderate
103199,67,17.7,131.2,755,10.1,20.8,50,64.0,337,Sunny,Excellent,26,72.9,Moderate
103200,48,140.8,148.1,1177,4.3,9.6,92,90.0,327,Sunny,Moderate,110,58.1,Moderate
103201,116,124.7,50.9,577,10.9,36.9,91,59.0,306,Windy,Excellent,20,55.7,Moderate
103202,29,119.7,92.1,760,8.4,21.1,52,97.0,51,Cloudy,Poor,60,66.1,Moderate
103203,77,34.1,208.8,1040,0.9,22.6,24,69.0,11,Cloudy,Poor,7,64.7,Moderate
103204,207,121.7,61.8,1136,7.3,39.0,97,94.0,336,Windy,Poor,112,35.6,High
103205,40,128.3,150.4,411,3.0,41.0,77,66.0,94,Sunny,Excellent,119,63.3,Moderate
103206,47,46.9,165.4,676,2.7,36.2,96,93.0,370,Rainy,Good,57,68.3,Moderate
103207,222,143.1,104.1,1065,2.8,-1.7,30,30.0,128,Rainy,Excellent,39,34.7,High
103208,53,12.2,,482,10.1,17.2,42,44.0,10,Cloudy,Moderate,109,74.3,Moderate
103209,27,26.7,164.7,933,5.5,12.2,64,42.0,489,Windy,Good,107,79.5,Low
103210,206,82.9,106.2,939,7.4,5.7,46,58.0,271,Foggy,Moderate,84,41.9,High
103211,233,88.5,129.6,538,3.1,40.4,98,84.0,356,Cloudy,Moderate,89,32.6,High
103212,219,98.5,155.4,705,5.8,39.5,75,74.0,368,Cloudy,Moderate,25,33.6,High
103213,196,7.5,134.4,420,3.9,18.3,78,33.0,91,Cloudy,Moderate,69,53.8,Moderate
103214,98,144.3,194.5,612,3.5,1.7,99,93.0,8,Rainy,Good,61,46.0,High
103215,164,11.5,84.9,655,2.7,-4.3,59,44.0,374,Rainy,Good,98,60.5,Moderate
103216,207,25.7,73.0,907,4.5,16.9,37,77.0,122,Sunny,Moderate,51,48.3,High
103217,106,7.0,54.9,573,7.3,-3.0,70,85.0,263,Sunny,Poor,38,68.8,Moderate
103218,107,87.2,17.9,677,2.4,25.5,80,99.0,280,Foggy,Moderate,52,59.5,Moderate
103219,192,140.2,19.0,1111,10.6,25.4,42,44.0,457,Sunny,Moderate,43,43.3,High
103220,230,101.6,192.7,937,1.4,39.9,55,68.0,423,Rainy,Poor,114,30.0,High
103221,88,124.3,152.5,423,5.3,4.5,57,98.0,450,Windy,Good,91,51.8,Moderate
103222,179,6.9,148.7,860,0.9,13.6,91,89.0,118,Sunny,Poor,102,50.6,Moderate
103223,191,83.6,139.1,491,0.2,38.0,75,73.0,406,Rainy,Excellent,34,41.3,High
103224,212,71.6,188.3,934,10.1,18.7,58,72.0,189,Sunny,Good,54,36.6,High
103225,106,77.4,110.9,451,8.9,-2.0,95,33.0,278,Foggy,Good,101,62.8,Moderate
103226,120,15.5,192.8,955,7.6,0.5,88,79.0,299,Sunny,Good,20,59.0,Moderate
103227,27,104.2,85.5,930,9.5,35.7,47,68.0,55,Cloudy,Excellent,109,71.6,Moderate
103228,96,78.0,204.6,414,8.8,32.2,40,83.0,195,Cloudy,Good,98,54.8,Moderate
103229,219,115.9,156.7,542,7.1,38.8,81,52.0,378,Snowy,Good,7,33.6,High
103230,106,75.4,,411,9.3,0.9,42,89.0,497,Sunny,Good,113,59.8,Moderate
103231,62,26.7,128.5,881,4.3,33.0,40,64.0,22,Cloudy,Excellent,65,72.8,Moderate
103232,148,99.0,121.9,590,6.1,27.8,94,83.0,264,Sunny,Moderate,6,47.1,High
103233,128,30.0,39.0,1064,8.5,6.6,35,87.0,244,Sunny,Good,30,62.7,Moderate
103234,198,131.5,134.2,759,0.9,43.7,81,91.0,259,Snowy,Good,22,32.8,High
103235,171,93.9,76.1,649,9.4,23.5,84,77.0,417,Sunny,Excellent,70,46.4,High
103236,246,27.8,21.0,544,1.7,40.3,99,36.0,230,Rainy,Excellent,44,47.7,High
103237,171,144.5,209.2,803,9.5,38.0,24,74.0,209,Windy,Poor,7,34.0,High
103238,36,80.2,144.7,923,3.4,11.7,65,42.0,161,Foggy,Moderate,21,72.5,Moderate
103239,152,15.6,194.2,968,3.6,21.8,83,82.0,376,Rainy,Moderate,28,52.9,Moderate
103240,167,95.9,152.0,986,0.8,16.6,60,68.0,353,Sunny,Good,6,44.0,High
103241,40,41.7,85.0,650,9.7,30.5,63,47.0,169,Cloudy,Excellent,74,78.8,Low
103242,77,121.5,117.7,1128,1.9,24.4,34,51.0,386,Foggy,Excellent,44,60.6,Moderate
103243,178,123.6,151.9,805,6.9,34.2,87,65.0,338,Windy,Moderate,30,39.0,High
103244,129,146.9,211.7,551,7.1,-4.4,70,82.0,289,Cloudy,Moderate,61,40.4,High
103245,247,77.8,63.3,1023,3.1,29.4,73,32.0,473,Foggy,Poor,53,39.8,High
103246,158,71.0,193.7,651,10.8,11.0,87,91.0,226,Windy,Good,61,44.3,High
103247,199,114.3,204.1,973,0.7,6.2,96,58.0,360,Foggy,Good,60,34.5,High
103248,162,24.2,150.8,686,6.7,35.1,61,37.0,362,Rainy,Excellent,74,56.7,Moderate
103249,230,84.3,205.6,381,5.3,-0.5,65,75.0,478,Windy,Moderate,80,30.7,High
103250,154,84.2,93.6,447,2.7,6.4,44,85.0,42,Windy,Good,25,49.0,High
103251,47,18.0,210.1,1108,1.8,5.2,86,78.0,474,Sunny,Good,20,71.1,Moderate
103252,70,65.6,157.6,1122,8.1,16.0,54,72.0,194,Foggy,Poor,10,64.4,Moderate
103253,205,128.7,18.8,540,10.1,11.1,92,39.0,420,Sunny,Moderate,38,42.8,High
103254,24,129.1,200.4,890,1.2,31.0,97,42.0,11,Cloudy,Excellent,63,66.0,Moderate
103255,24,19.4,111.7,397,2.1,30.0,41,86.0,494,Snowy,Excellent,71,79.2,Low
103256,113,18.2,106.7,599,10.8,11.3,28,31.0,470,Rainy,Moderate,45,69.0,Moderate
103257,115,43.1,129.0,575,0.2,16.8,43,94.0,464,Windy,Moderate,23,58.3,Moderate
103258,27,131.8,41.4,621,5.6,5.4,42,71.0,271,Cloudy,Moderate,33,70.2,Moderate
103259,83,23.7,108.5,1014,5.7,28.5,80,87.0,61,Cloudy,Excellent,36,68.1,Moderate
103260,157,109.4,,834,2.9,14.8,56,39.0,16,Sunny,Poor,14,45.5,High
103261,57,19.7,13.3,677,7.3,1.6,64,92.0,270,Cloudy,Moderate,68,77.5,Low
103262,130,95.4,67.3,1146,10.4,1.4,34,90.0,25,Rainy,Poor,95,52.8,Moderate
103263,243,56.6,10.5,529,5.0,11.1,76,30.0,44,Sunny,Good,97,45.9,High
103264,131,119.4,97.3,1163,8.2,32.4,33,55.0,385,Cloudy,Good,81,51.7,Moderate
103265,239,38.9,162.9,1014,7.1,-3.7,71,34.0,144,Sunny,Excellent,24,40.8,High
103266,100,97.7,177.7,1095,5.2,7.9,55,64.0,64,Snowy,Poor,32,55.0,Moderate
103267,242,39.2,208.5,372,0.5,3.1,46,42.0,349,Sunny,Excellent,31,37.1,High
103268,155,108.5,137.8,955,8.2,42.8,36,56.0,479,Rainy,Excellent,81,46.6,High
103269,123,131.7,63.5,719,4.0,30.3,60,41.0,285,Cloudy,Excellent,29,54.8,Moderate
103270,172,23.4,204.1,594,2.5,6.7,23,79.0,489,Sunny,Moderate,33,48.1,High
103271,92,130.7,172.8,1151,10.4,5.4,22,88.0,67,Windy,Poor,120,50.3,Moderate
103272,213,91.1,130.6,509,8.5,37.9,38,60.0,361,Cloudy,Moderate,19,38.2,High
103273,226,23.4,156.1,722,10.6,4.5,60,98.0,299,Rainy,Moderate,49,38.9,High
103274,197,67.0,204.1,634,2.8,44.9,59,66.0,95,Rainy,Poor,49,39.7,High
103275,214,28.3,159.6,870,9.2,9.1,77,31.0,59,Rainy,Excellent,34,47.0,High
103276,68,106.6,87.4,799,6.7,-0.8,58,94.0,482,Rainy,Poor,42,61.2,Moderate
103277,55,115.0,159.7,1046,10.8,29.5,26,32.0,256,Snowy,Good,64,65.1,Moderate
103278,145,20.3,18.5,1156,10.4,25.5,55,49.0,18,Rainy,Good,36,65.6,Moderate
103279,87,78.4,91.1,996,10.7,45.0,95,31.0,32,Cloudy,Excellent,54,67.3,Moderate
103280,97,123.1,95.3,971,10.5,35.1,39,71.0,466,Sunny,Excellent,75,55.9,Moderate
103281,124,140.7,45.0,930,0.1,16.4,95,72.0,419,Foggy,Good,39,51.3,Moderate
103282,188,79.5,,485,8.2,28.8,48,50.0,90,Foggy,Excellent,101,50.9,Moderate
103283,236,142.8,38.0,445,3.0,35.9,87,74.0,460,Cloudy,Good,80,31.1,High
103284,141,82.7,147.5,468,7.8,20.7,85,49.0,474,Sunny,Excellent,91,52.4,Moderate
103285,138,62.2,178.5,723,10.8,8.6,66,72.0,237,Sunny,Excellent,9,51.6,Moderate
103286,209,128.0,217.5,623,0.4,5.5,42,79.0,461,Rainy,Poor,111,28.2,High
103287,133,76.5,82.7,1199,6.2,9.8,25,72.0,23,Sunny,Poor,112,55.5,Moderate
103288,29,73.4,135.9,526,8.1,37.4,37,53.0,226,Snowy,Poor,35,73.9,Moderate
103289,168,76.1,206.8,1098,2.8,14.0,72,89.0,338,Foggy,Moderate,84,41.4,High
103290,183,127.8,45.1,1133,,9.3,41,61.0,380,Foggy,Moderate,101,43.4,High
103291,159,125.6,160.7,626,0.7,35.3,87,34.0,408,Sunny,Moderate,57,44.9,High
103292,110,63.5,168.5,487,1.0,-3.4,94,31.0,394,Foggy,Moderate,118,61.1,Moderate
103293,21,53.3,28.7,481,7.2,24.7,54,55.0,264,Rainy,Good,5,82.9,Low
103294,137,76.3,190.9,393,5.6,38.7,94,54.0,5,Sunny,Excellent,90,51.2,Moderate
103295,32,88.1,180.8,472,0.3,15.5,28,79.0,57,Cloudy,Good,96,66.7,Moderate
103296,200,39.6,17.0,485,10.7,8.5,50,68.0,99,Rainy,Moderate,73,51.6,Moderate
103297,179,120.1,29.1,716,7.2,19.6,62,40.0,121,Foggy,Moderate,72,47.9,High
103298,114,75.5,20.3,722,5.7,30.9,94,92.0,356,Sunny,Good,69,60.2,Moderate
103299,163,53.4,80.3,475,3.0,20.8,36,97.0,156,Sunny,Excellent,19,50.5,Moderate
103300,51,20.5,117.0,788,7.2,-4.6,70,47.0,200,Cloudy,Good,105,77.8,Low
103301,51,39.6,121.8,1136,4.0,-1.1,85,,224,Foggy,Moderate,107,74.3,Moderate
103302,143,142.6,66.2,925,7.7,31.1,43,,470,Foggy,Good,117,46.7,High
103303,245,49.2,201.4,1157,7.5,15.0,34,89.0,462,Sunny,Good,56,31.0,High
103304,30,29.5,87.3,1093,1.0,34.2,47,51.0,266,Sunny,Good,42,81.6,Low
103305,29,71.8,,400,10.0,27.5,22,69.0,150,Foggy,Moderate,113,78.3,Low
103306,34,49.5,73.0,486,5.4,24.1,48,91.0,409,Rainy,Poor,28,75.2,Low
103307,36,10.1,121.5,507,4.3,40.1,71,32.0,256,Foggy,Poor,27,83.0,Low
103308,187,51.9,95.7,405,10.5,-3.9,73,92.0,477,Windy,Excellent,51,46.1,High
103309,165,83.9,67.5,942,4.8,2.8,77,49.0,80,Sunny,Good,11,52.0,Moderate
103310,202,85.0,37.6,1093,7.9,26.2,64,55.0,430,Snowy,Good,35,46.1,High
103311,220,56.7,182.0,777,7.2,-1.7,96,70.0,365,Sunny,Good,11,37.5,High
103312,172,69.9,219.2,792,1.8,27.2,69,32.0,424,Windy,Moderate,81,46.5,High
103313,78,145.0,79.2,675,10.9,44.2,41,72.0,406,Rainy,Good,8,57.4,Moderate
103314,97,59.7,90.1,989,5.1,38.9,71,46.0,99,Foggy,Moderate,58,66.3,Moderate
103315,143,42.4,139.8,987,4.3,24.5,72,82.0,104,Foggy,Good,86,54.0,Moderate
103316,236,40.3,160.9,1178,10.1,39.7,50,81.0,251,Sunny,Poor,108,36.5,High
103317,133,71.4,92.3,429,5.8,0.8,90,62.0,132,Sunny,Excellent,87,56.7,Moderate
103318,41,,200.0,823,7.8,17.7,67,89.0,98,Cloudy,Excellent,84,59.9,Moderate
103319,177,34.9,127.6,726,9.3,16.4,50,97.0,177,Windy,Moderate,56,47.9,High
103320,231,107.8,104.6,682,2.6,11.8,23,85.0,264,Windy,Moderate,86,31.8,High
103321,232,8.1,145.8,524,1.9,-5.0,54,93.0,131,Foggy,Moderate,84,40.7,High
103322,191,65.7,210.1,1006,0.8,39.6,86,37.0,198,Rainy,Poor,52,43.5,High
103323,51,117.5,176.9,790,9.9,33.9,83,98.0,192,Sunny,Good,99,58.1,Moderate
103324,198,54.1,18.4,475,2.2,27.6,28,62.0,207,Sunny,Good,93,50.7,Moderate
103325,193,86.7,79.8,1043,3.4,1.4,65,54.0,56,Sunny,Poor,70,45.5,High
103326,132,,108.8,568,3.1,13.9,75,36.0,379,Rainy,Good,114,63.0,Moderate
103327,139,112.6,76.0,627,3.4,41.2,75,88.0,408,Foggy,Good,58,48.9,High
103328,168,12.6,157.0,834,7.3,25.8,45,62.0,441,Sunny,Moderate,119,54.2,Moderate
103329,246,128.6,183.5,944,10.5,25.2,79,,261,Windy,Moderate,96,24.1,High
103330,141,33.7,163.6,490,3.6,40.7,96,62.0,229,Cloudy,Good,84,56.2,Moderate
103331,51,131.8,217.8,1195,4.5,23.0,91,58.0,141,Sunny,Good,58,58.3,Moderate
103332,241,56.1,67.2,956,8.5,24.9,67,68.0,62,Cloudy,Good,104,39.7,High
103333,138,,193.7,1055,4.8,12.3,77,86.0,117,Cloudy,Excellent,49,43.7,High
103334,58,51.3,171.0,459,10.2,13.6,82,93.0,484,Foggy,Poor,44,65.6,Moderate
103335,31,136.4,86.1,401,5.5,29.3,77,95.0,458,Cloudy,Excellent,39,64.2,Moderate
103336,194,23.4,164.2,964,3.8,11.0,22,38.0,320,Sunny,Excellent,28,50.3,Moderate
103337,37,30.9,31.9,962,10.7,23.0,26,58.0,307,Windy,Moderate,39,82.2,Low
103338,168,76.5,175.8,1003,4.7,9.0,71,57.0,489,Foggy,Moderate,98,46.1,High
103339,160,16.9,121.8,1062,2.5,3.3,81,82.0,320,Rainy,Moderate,41,54.9,Moderate
103340,168,33.4,71.4,668,2.0,17.7,21,75.0,244,Sunny,Good,79,54.7,Moderate
103341,145,141.8,147.7,548,10.9,5.9,52,68.0,380,Sunny,Poor,113,42.7,High
103342,155,146.6,144.7,1145,8.3,39.9,31,87.0,355,Sunny,Good,38,38.6,High
103343,65,59.6,54.0,1078,4.5,10.2,67,83.0,135,Sunny,Good,106,70.1,Moderate
103344,123,138.9,16.4,395,9.1,24.9,95,35.0,95,Foggy,Moderate,107,56.9,Moderate
103345,154,84.0,101.1,854,6.0,8.2,72,74.0,224,Sunny,Good,28,49.7,High
103346,170,44.1,129.6,889,3.5,7.9,93,69.0,7,Cloudy,Poor,97,50.7,Moderate
103347,243,106.8,194.1,863,8.2,12.5,60,52.0,13,Rainy,Good,8,28.5,High
103348,222,100.5,204.9,366,8.2,40.8,77,71.0,23,Windy,Poor,109,30.6,High
103349,105,148.4,121.0,664,5.5,14.6,87,67.0,191,Sunny,Good,54,50.5,Moderate
103350,169,43.4,168.3,785,0.5,36.1,42,45.0,240,Cloudy,Poor,98,51.5,Moderate
103351,108,102.4,102.3,737,0.8,4.9,55,76.0,488,Sunny,Moderate,82,55.6,Moderate
103352,41,12.5,166.7,426,8.7,-2.6,40,50.0,348,Sunny,Moderate,28,77.8,Low
103353,111,21.5,,720,9.1,34.1,91,50.0,24,Sunny,Good,106,69.8,Moderate
103354,48,5.6,87.9,514,,22.1,74,54.0,389,Rainy,Poor,120,80.9,Low
103355,32,149.9,143.2,958,9.2,20.2,75,90.0,128,Sunny,Good,102,60.1,Moderate
103356,229,121.3,13.8,966,7.9,8.6,32,83.0,86,Cloudy,Good,40,35.2,High
103357,21,119.1,,373,9.9,-1.4,41,89.0,232,Sunny,Moderate,83,64.9,Moderate
103358,48,78.9,185.5,1061,1.7,19.1,26,71.0,288,Foggy,Good,39,65.5,Moderate
103359,232,48.5,93.8,384,4.3,38.4,43,90.0,397,Rainy,Good,33,38.7,High
103360,226,26.9,104.1,863,5.1,1.0,80,61.0,446,Windy,Moderate,40,44.8,High
103361,199,46.3,188.8,1150,3.3,41.5,24,82.0,55,Sunny,Excellent,72,41.0,High
103362,46,59.5,172.9,1193,8.0,8.7,69,73.0,189,Windy,Moderate,83,68.6,Moderate
103363,69,114.7,70.5,810,10.0,21.6,81,40.0,27,Cloudy,Moderate,15,66.3,Moderate
103364,114,83.3,78.0,487,4.5,-1.7,74,,28,Sunny,Good,59,58.0,Moderate
103365,226,16.2,152.6,1198,10.4,16.3,45,89.0,490,Snowy,Good,53,40.8,High
103366,170,7.6,128.3,923,5.7,1.3,29,65.0,487,Snowy,Moderate,83,55.6,Moderate
103367,107,19.8,44.1,1160,5.7,-2.6,30,89.0,278,Foggy,Moderate,61,67.3,Moderate
103368,63,64.5,75.1,1058,6.6,43.3,59,62.0,171,Snowy,Good,89,71.0,Moderate
103369,224,140.3,199.0,920,3.0,31.5,30,71.0,37,Sunny,Good,103,25.8,High
103370,41,97.4,154.5,614,4.2,31.0,23,42.0,432,Sunny,Good,91,69.0,Moderate
103371,190,121.3,217.1,682,6.1,-0.5,21,43.0,298,Cloudy,Moderate,59,36.1,High
103372,184,72.6,171.1,537,10.4,41.5,96,87.0,265,Sunny,Moderate,60,40.9,High
103373,208,57.4,207.8,412,7.1,18.5,58,69.0,26,Snowy,Good,78,38.4,High
103374,116,20.7,55.4,1169,3.7,37.6,42,94.0,135,Cloudy,Moderate,8,64.5,Moderate
103375,203,132.0,172.0,628,0.1,-4.4,64,34.0,235,Foggy,Poor,113,35.6,High
103376,22,118.6,14.2,891,10.8,9.9,93,59.0,244,Rainy,Excellent,29,75.2,Low
103377,210,29.4,150.9,520,5.4,44.8,96,74.0,451,Cloudy,Moderate,6,43.7,High
103378,137,79.3,108.5,852,10.3,16.4,61,87.0,468,Sunny,Poor,106,51.7,Moderate
103379,38,75.7,82.8,882,6.0,39.4,61,68.0,84,Sunny,Poor,23,73.1,Moderate
103380,42,95.6,191.1,648,6.7,11.4,48,41.0,413,Windy,Good,92,67.3,Moderate
103381,176,142.2,189.4,550,7.8,21.3,35,63.0,12,Foggy,Good,12,35.5,High
103382,49,89.1,14.7,484,3.5,37.7,86,43.0,57,Cloudy,Poor,68,75.5,Low
103383,58,83.3,138.0,621,7.7,25.3,79,67.0,258,Windy,Excellent,10,66.0,Moderate
103384,127,12.3,87.2,884,5.8,31.3,23,45.0,467,Rainy,Good,88,66.8,Moderate
103385,130,14.1,97.3,791,7.4,6.4,35,90.0,99,Foggy,Good,18,61.0,Moderate
103386,44,32.2,184.7,436,9.2,2.8,60,88.0,103,Sunny,Moderate,108,70.2,Moderate
103387,147,9.7,75.1,380,2.0,6.5,25,96.0,260,Cloudy,Good,74,59.0,Moderate
103388,248,112.8,208.0,470,6.7,19.7,61,40.0,277,Cloudy,Poor,80,27.4,High
103389,130,109.9,47.7,418,0.6,35.0,76,40.0,441,Cloudy,Good,109,57.0,Moderate
103390,155,24.7,149.2,995,1.1,12.7,47,45.0,65,Sunny,Moderate,75,57.2,Moderate
103391,125,126.2,151.1,1176,7.4,23.2,42,67.0,88,Cloudy,Good,61,48.1,High
103392,205,27.4,63.0,845,0.8,35.2,95,59.0,295,Rainy,Good,113,50.8,Moderate
103393,163,48.7,78.2,495,6.5,6.9,61,70.0,87,Sunny,Excellent,34,53.9,Moderate
103394,91,41.1,185.3,682,2.4,39.1,31,30.0,377,Rainy,Poor,84,66.4,Moderate
103395,148,59.0,170.0,830,3.3,42.7,83,67.0,4,Rainy,Moderate,12,51.1,Moderate
103396,127,41.9,,612,1.4,-3.1,77,89.0,143,Windy,Moderate,18,59.3,Moderate
103397,24,75.9,122.1,642,2.7,-2.0,70,48.0,116,Cloudy,Moderate,52,75.7,Low
103398,22,64.1,23.0,778,9.0,-0.5,48,88.0,270,Sunny,Excellent,88,78.4,Low
103399,212,148.1,53.8,435,7.0,33.8,38,97.0,498,Cloudy,Moderate,32,31.7,High
103400,151,13.1,112.0,365,10.4,4.5,64,39.0,204,Sunny,Excellent,10,61.7,Moderate
103401,123,25.6,28.1,1077,0.5,31.3,73,46.0,74,Rainy,Moderate,34,68.8,Moderate
103402,246,12.7,187.1,977,8.7,17.1,99,58.0,79,Sunny,Excellent,8,39.0,High
103403,243,95.7,160.8,467,7.7,36.8,85,35.0,17,Cloudy,Moderate,104,33.2,High
103404,83,12.9,208.2,619,,35.4,91,95.0,216,Sunny,Moderate,71,63.6,Moderate
103405,125,126.3,155.6,744,8.0,43.0,32,92.0,430,Sunny,Good,14,45.4,High
103406,117,79.2,207.5,511,7.9,7.6,84,60.0,101,Foggy,Good,106,53.1,Moderate
103407,236,81.4,126.4,1049,5.1,6.5,31,54.0,487,Foggy,Excellent,31,36.0,High
103408,29,86.4,136.0,453,7.6,-3.4,90,50.0,131,Cloudy,Poor,86,72.6,Moderate
103409,168,29.8,215.2,1002,4.9,15.5,33,45.0,308,Sunny,Excellent,49,50.9,Moderate
103410,147,33.7,144.8,516,3.7,18.0,61,33.0,57,Foggy,Good,79,59.0,Moderate
103411,65,51.2,16.5,649,5.1,43.2,95,75.0,111,Foggy,Good,104,73.8,Moderate
103412,238,91.1,162.0,377,9.8,36.5,67,37.0,84,Windy,Poor,108,34.4,High
103413,174,35.5,200.1,773,4.2,3.3,43,35.0,330,Cloudy,Moderate,39,50.9,Moderate
103414,85,21.9,177.1,1133,4.4,34.9,84,82.0,313,Sunny,Excellent,112,65.0,Moderate
103415,188,145.7,132.6,911,6.7,3.9,36,93.0,115,Sunny,Moderate,17,32.7,High
103416,131,8.2,151.0,505,8.3,-1.1,57,,314,Windy,Poor,59,59.9,Moderate
103417,32,121.4,217.9,673,8.1,36.9,47,92.0,161,Windy,Moderate,91,59.6,Moderate
103418,156,119.3,29.0,697,0.2,43.8,52,35.0,285,Cloudy,Good,47,52.7,Moderate
103419,183,48.1,,470,7.6,-0.6,43,91.0,437,Sunny,Good,77,44.7,High
103420,105,24.7,69.5,1001,5.0,35.7,89,62.0,323,Rainy,Excellent,72,68.5,Moderate
103421,109,26.1,144.4,877,5.8,38.0,23,31.0,205,Windy,Good,47,66.9,Moderate
103422,77,106.1,137.6,1170,6.2,0.9,52,70.0,330,Rainy,Moderate,44,59.5,Moderate
103423,73,98.2,42.2,910,8.0,9.2,29,45.0,67,Rainy,Moderate,118,68.5,Moderate
103424,31,118.5,53.4,513,9.1,31.7,55,,409,Sunny,Poor,35,68.7,Moderate
103425,228,140.9,140.5,411,7.1,35.4,96,38.0,386,Sunny,Moderate,7,31.2,High
103426,225,105.3,36.9,689,,12.7,92,98.0,247,Rainy,Excellent,104,35.2,High
103427,33,27.6,65.7,1015,4.1,3.0,50,39.0,56,Windy,Moderate,21,83.6,Low
103428,140,40.3,185.4,661,1.5,27.4,23,36.0,164,Sunny,Moderate,84,57.1,Moderate
103429,181,127.1,78.7,725,10.5,30.1,27,95.0,165,Sunny,Good,43,38.7,High
103430,200,35.3,112.5,695,5.1,20.2,46,49.0,296,Rainy,Moderate,70,49.2,High
103431,140,15.5,207.6,499,6.2,2.2,55,92.0,3,Cloudy,Excellent,73,53.4,Moderate
103432,39,107.0,57.7,934,8.3,37.2,28,33.0,409,Cloudy,Excellent,101,74.0,Moderate
103433,94,63.4,91.8,930,0.8,27.3,62,57.0,294,Rainy,Good,81,65.2,Moderate
103434,163,138.4,137.4,526,9.4,38.5,43,64.0,364,Snowy,Excellent,80,40.8,High
103435,242,99.3,168.6,703,8.8,41.6,56,31.0,105,Windy,Good,23,33.0,High
103436,89,18.1,199.3,863,8.5,35.3,60,70.0,107,Sunny,Good,26,64.8,Moderate
103437,75,142.4,202.2,658,0.2,42.9,45,57.0,169,Cloudy,Poor,108,53.6,Moderate
103438,230,42.5,173.1,468,5.8,42.7,23,30.0,266,Sunny,Poor,12,41.8,High
103439,120,53.9,57.9,868,0.6,26.0,20,56.0,266,Windy,Poor,112,63.4,Moderate
103440,205,63.3,15.2,1116,6.1,31.4,39,96.0,53,Windy,Poor,72,45.1,High
103441,151,12.4,90.6,827,7.9,30.0,64,68.0,485,Sunny,Poor,75,60.0,Moderate
103442,130,77.0,39.7,763,1.3,26.1,88,69.0,165,Sunny,Moderate,116,58.5,Moderate
103443,144,22.9,159.2,936,7.6,-4.0,71,57.0,253,Sunny,Poor,90,57.7,Moderate
103444,151,63.1,148.8,700,4.9,12.8,83,53.0,275,Rainy,Moderate,22,52.5,Moderate
103445,39,55.9,19.2,855,8.9,0.0,40,80.0,153,Sunny,Moderate,10,77.3,Low
103446,157,117.1,185.7,544,5.9,10.0,99,85.0,127,Rainy,Excellent,118,39.9,High
103447,43,121.5,62.2,536,3.7,-1.6,91,55.0,485,Rainy,Moderate,8,69.1,Moderate
103448,246,27.2,100.8,799,,41.0,95,81.0,75,Rainy,Poor,45,39.3,High
103449,173,58.1,150.3,845,9.9,17.6,44,35.0,374,Windy,Good,113,50.9,Moderate
103450,56,,100.2,864,5.0,4.5,86,88.0,220,Cloudy,Excellent,55,69.0,Moderate
103451,249,27.0,102.7,1045,4.5,24.2,45,41.0,269,Foggy,Good,16,42.7,High
103452,232,,23.8,1196,0.4,4.8,46,92.0,433,Sunny,Moderate,116,33.4,High
103453,73,107.5,94.3,622,4.0,35.2,71,65.0,122,Sunny,Moderate,41,62.7,Moderate
103454,122,32.6,170.6,401,9.3,10.3,82,38.0,24,Cloudy,Good,6,61.8,Moderate
103455,168,58.2,202.2,612,8.4,10.7,64,96.0,438,Rainy,Good,7,43.1,High
103456,221,20.3,96.8,717,2.4,38.5,77,58.0,434,Sunny,Poor,49,47.1,High
103457,57,96.1,99.0,482,4.5,23.0,57,37.0,105,Cloudy,Moderate,89,69.6,Moderate
103458,193,22.6,157.6,574,2.2,39.4,54,72.0,105,Sunny,Good,43,47.5,High
103459,23,148.0,208.0,659,10.5,15.6,65,64.0,102,Windy,Moderate,81,61.3,Moderate
103460,207,118.2,,922,6.6,12.2,90,51.0,473,Cloudy,Good,116,40.2,High
103461,76,61.6,102.4,365,8.3,20.3,22,95.0,265,Rainy,Good,58,64.3,Moderate
103462,192,88.9,177.2,1090,7.9,-1.9,25,50.0,13,Foggy,Poor,82,40.9,High
103463,39,137.1,138.0,544,9.6,2.7,32,70.0,132,Snowy,Poor,98,62.6,Moderate
103464,36,85.3,33.2,1112,10.4,6.0,65,70.0,440,Cloudy,Good,22,74.6,Moderate
103465,138,30.3,141.8,792,0.4,35.8,98,78.0,21,Cloudy,Excellent,17,56.6,Moderate
103466,90,59.9,49.2,652,10.7,31.7,52,33.0,74,Rainy,Excellent,18,70.9,Moderate
103467,23,127.3,117.1,397,9.6,4.7,98,94.0,284,Sunny,Poor,45,65.3,Moderate
103468,240,98.4,121.1,1096,4.2,8.8,81,39.0,390,Sunny,Poor,44,35.0,High
103469,33,99.4,194.0,470,9.2,42.2,82,96.0,243,Sunny,Good,93,62.8,Moderate
103470,22,130.7,107.1,848,8.1,-0.7,75,39.0,255,Snowy,Good,105,71.1,Moderate
103471,235,134.6,68.7,1181,8.7,22.4,58,46.0,145,Sunny,Good,95,33.5,High
103472,248,138.4,58.5,911,2.4,21.1,79,96.0,414,Sunny,Poor,91,26.2,High
103473,99,18.8,193.6,818,7.1,31.3,97,82.0,426,Sunny,Good,75,62.0,Moderate
103474,205,83.9,45.9,390,0.3,8.1,43,64.0,211,Rainy,Good,52,44.3,High
103475,74,112.4,99.4,805,9.3,41.7,69,33.0,248,Rainy,Moderate,14,64.9,Moderate
103476,151,114.8,49.3,883,10.5,15.5,52,97.0,34,Rainy,Good,93,46.9,High
103477,139,93.0,172.4,720,7.3,9.3,95,40.0,326,Sunny,Good,58,51.2,Moderate
103478,43,29.2,109.6,531,5.6,11.8,93,73.0,252,Foggy,Good,39,76.0,Low
103479,181,,,866,8.0,12.4,26,89.0,349,Cloudy,Moderate,28,39.9,High
103480,177,109.4,85.8,1006,3.6,4.9,65,99.0,259,Cloudy,Moderate,53,40.8,High
103481,101,17.5,189.0,939,6.9,41.4,81,91.0,306,Foggy,Good,46,61.2,Moderate
103482,166,72.3,126.3,580,7.9,3.7,20,61.0,349,Foggy,Excellent,79,49.0,High
103483,178,30.2,160.8,1158,1.6,39.1,98,75.0,285,Rainy,Good,88,48.8,High
103484,207,53.9,198.4,697,1.5,15.2,84,52.0,349,Foggy,Excellent,78,41.2,High
103485,79,7.6,199.4,828,7.9,8.5,64,66.0,180,Cloudy,Excellent,54,68.3,Moderate
103486,166,63.0,,558,4.7,4.9,74,87.0,209,Sunny,Moderate,25,49.9,High
103487,68,84.7,210.0,1024,9.8,20.2,85,72.0,490,Sunny,Poor,32,59.9,Moderate
103488,82,94.8,15.2,1029,3.4,28.5,86,44.0,109,Cloudy,Moderate,96,68.7,Moderate
103489,129,101.2,89.1,627,0.5,39.9,99,96.0,329,Rainy,Moderate,59,50.6,Moderate
103490,230,126.3,198.1,1098,7.1,27.6,73,31.0,141,Cloudy,Moderate,31,30.4,High
103491,169,36.2,67.7,1037,7.5,19.2,82,,163,Windy,Poor,101,58.5,Moderate
103492,171,22.5,67.3,402,6.1,-3.3,73,82.0,86,Cloudy,Moderate,72,55.0,Moderate
103493,128,128.5,73.6,359,7.5,40.8,71,74.0,139,Sunny,Moderate,103,50.5,Moderate
103494,95,27.7,138.6,1007,5.8,40.1,73,70.0,331,Sunny,Good,88,65.6,Moderate
103495,49,146.3,102.0,1088,7.6,13.9,86,92.0,161,Foggy,Excellent,10,59.3,Moderate
103496,77,127.2,162.6,1097,0.5,-3.5,56,61.0,25,Windy,Good,62,56.6,Moderate
103497,249,77.6,197.9,813,4.1,31.7,31,31.0,133,Rainy,Poor,10,32.9,High
103498,136,147.3,151.6,1103,2.3,34.6,78,39.0,356,Windy,Moderate,64,46.4,High
103499,178,19.1,52.9,1166,1.1,22.1,39,72.0,114,Windy,Excellent,85,55.8,Moderate
103500,119,48.9,205.9,932,2.6,15.1,51,72.0,180,Foggy,Moderate,23,55.2,Moderate
103501,211,,65.5,507,2.1,37.6,90,96.0,398,Cloudy,Good,117,37.4,High
103502,38,55.8,41.5,368,10.7,4.6,63,52.0,361,Cloudy,Poor,65,79.2,Low
103503,195,139.6,28.9,404,3.2,17.0,85,89.0,358,Sunny,Excellent,21,37.8,High
103504,192,14.5,128.3,1076,2.5,-3.8,97,35.0,146,Foggy,Moderate,53,53.8,Moderate
103505,247,84.7,33.9,1070,9.2,3.2,74,42.0,359,Foggy,Moderate,7,39.5,High
103506,113,90.7,39.1,370,4.6,42.0,35,50.0,430,Snowy,Poor,114,61.8,Moderate
103507,202,99.6,73.0,631,4.6,23.9,90,87.0,214,Cloudy,Moderate,38,39.3,High
103508,132,42.1,69.1,1110,4.9,35.3,87,57.0,483,Cloudy,Poor,66,62.0,Moderate
103509,202,57.9,136.9,889,4.6,19.3,71,99.0,76,Cloudy,Excellent,64,39.9,High
103510,244,127.3,181.5,766,3.6,36.7,56,37.0,94,Sunny,Excellent,72,28.0,High
103511,165,33.3,169.9,1157,3.1,21.9,65,87.0,444,Cloudy,Good,91,49.1,High
103512,82,124.9,65.1,1072,9.7,-4.8,60,69.0,484,Sunny,Moderate,86,60.1,Moderate
103513,135,86.6,61.5,634,1.8,40.0,24,30.0,217,Foggy,Good,38,59.2,Moderate
103514,132,115.5,212.8,881,2.0,2.4,85,94.0,362,Cloudy,Good,33,42.3,High
103515,239,108.5,11.7,881,6.3,17.5,24,39.0,367,Foggy,Moderate,64,39.5,High
103516,66,35.1,194.7,860,3.8,18.8,82,89.0,51,Rainy,Moderate,48,65.3,Moderate
103517,222,87.5,51.9,1191,4.6,-2.6,22,98.0,273,Sunny,Good,19,37.1,High
103518,76,130.8,208.9,745,8.9,-2.3,27,49.0,443,Sunny,Excellent,49,55.3,Moderate
103519,137,67.7,81.9,469,9.9,33.1,45,91.0,174,Foggy,Poor,79,54.0,Moderate
103520,64,145.2,102.5,446,8.7,10.0,93,42.0,312,Snowy,Moderate,107,61.7,Moderate
103521,180,70.6,158.5,469,2.6,15.5,72,87.0,32,Sunny,Good,13,42.5,High
103522,164,25.7,133.4,886,10.8,23.2,95,66.0,359,Sunny,Moderate,115,54.1,Moderate
103523,217,61.5,76.8,502,4.0,13.7,48,39.0,415,Rainy,Good,39,45.8,High
103524,23,143.0,126.3,594,1.9,33.8,33,32.0,131,Sunny,Good,14,69.2,Moderate
103525,167,51.4,163.4,1121,5.5,39.2,24,63.0,424,Sunny,Good,108,49.3,High
103526,66,130.9,18.9,865,8.0,-2.0,46,63.0,274,Rainy,Poor,42,65.2,Moderate
103527,238,132.8,,742,0.9,26.8,87,,6,Rainy,Poor,33,34.7,High
103528,162,55.8,106.2,492,7.0,10.9,48,66.0,494,Cloudy,Excellent,50,52.2,Moderate
103529,217,17.1,37.7,853,9.4,24.2,22,97.0,226,Foggy,Excellent,74,47.3,High
103530,66,110.1,149.5,1143,2.9,19.2,49,63.0,254,Rainy,Good,87,61.1,Moderate
103531,97,50.2,55.0,1196,7.6,11.7,28,61.0,281,Windy,Moderate,94,67.7,Moderate
103532,143,118.5,100.9,569,4.4,-0.3,20,87.0,235,Sunny,Excellent,77,46.3,High
103533,94,69.2,51.5,1188,4.6,23.0,42,53.0,342,Sunny,Moderate,109,66.9,Moderate
103534,122,75.4,125.2,509,3.1,0.6,86,38.0,353,Sunny,Good,120,58.9,Moderate
103535,156,117.8,34.4,425,6.9,2.8,51,70.0,434,Sunny,Moderate,116,49.1,High
103536,109,60.4,14.9,960,4.0,44.1,25,53.0,183,Foggy,Good,49,67.1,Moderate
103537,163,69.3,20.7,1041,9.1,10.8,96,54.0,198,Foggy,Poor,81,55.9,Moderate
103538,88,59.5,210.4,988,10.6,24.2,68,65.0,202,Snowy,Excellent,94,60.0,Moderate
103539,80,58.3,39.9,381,10.3,8.6,34,37.0,434,Cloudy,Moderate,112,72.9,Moderate
103540,157,81.3,158.8,1126,1.8,38.3,77,88.0,135,Snowy,Moderate,57,45.2,High
103541,69,122.3,24.3,683,0.2,9.2,72,64.0,396,Cloudy,Moderate,88,65.3,Moderate
103542,22,57.5,32.7,874,4.8,13.3,49,67.0,287,Sunny,Good,6,80.8,Low
103543,224,81.0,116.9,789,8.0,25.4,95,61.0,488,Cloudy,Excellent,8,38.0,High
103544,126,102.3,107.6,701,10.8,38.5,59,80.0,289,Rainy,Moderate,75,51.7,Moderate
103545,132,44.1,209.8,688,8.6,35.8,78,57.0,145,Sunny,Moderate,23,54.8,Moderate
103546,113,45.2,208.4,749,6.4,8.2,82,85.0,206,Sunny,Excellent,103,55.3,Moderate
103547,137,140.3,173.7,745,0.3,36.5,67,37.0,54,Sunny,Good,15,46.1,High
103548,217,109.9,136.4,551,9.1,30.1,87,70.0,298,Rainy,Excellent,87,33.9,High
103549,100,88.7,105.5,879,1.9,44.5,26,52.0,407,Sunny,Moderate,36,60.9,Moderate
103550,128,98.9,84.8,442,0.6,41.8,66,83.0,494,Rainy,Moderate,18,52.6,Moderate
103551,70,9.2,208.9,1141,9.4,21.7,62,52.0,404,Cloudy,Moderate,53,70.7,Moderate
103552,166,94.6,136.6,707,6.2,32.5,35,61.0,401,Cloudy,Good,73,45.8,High
103553,189,78.9,131.6,745,1.4,23.5,41,39.0,397,Windy,Excellent,29,46.0,High
103554,54,84.1,58.7,1177,4.3,24.7,82,64.0,249,Cloudy,Moderate,18,70.9,Moderate
103555,65,57.1,19.8,409,0.9,0.1,65,92.0,436,Cloudy,Good,43,71.3,Moderate
103556,173,16.8,208.5,826,7.0,-4.9,64,96.0,274,Windy,Excellent,16,46.8,High
103557,88,33.0,75.9,1075,3.1,-2.6,60,65.0,204,Cloudy,Moderate,53,69.9,Moderate
103558,112,142.9,102.9,961,9.5,43.3,44,78.0,312,Windy,Good,88,49.7,High
103559,83,64.3,34.1,350,3.9,1.3,69,75.0,191,Cloudy,Moderate,22,68.1,Moderate
103560,184,72.7,185.8,904,5.4,-2.8,86,56.0,335,Sunny,Excellent,5,43.3,High
103561,231,12.6,15.8,660,0.7,10.5,71,,1,Rainy,Good,111,50.1,Moderate
103562,68,10.4,185.1,517,3.0,24.4,50,63.0,184,Sunny,Good,8,71.0,Moderate
103563,168,,39.5,541,7.4,42.4,56,88.0,161,Sunny,Moderate,16,45.9,High
103564,93,83.0,196.2,383,8.1,30.0,41,83.0,48,Sunny,Good,30,55.2,Moderate
103565,211,78.8,163.3,383,2.7,8.8,46,95.0,89,Sunny,Moderate,36,34.9,High
103566,24,40.3,44.6,1037,5.5,42.0,21,59.0,437,Rainy,Good,105,82.7,Low
103567,119,113.0,128.8,766,9.0,-3.2,41,52.0,250,Windy,Excellent,83,53.4,Moderate
103568,89,29.4,75.7,1057,4.2,44.0,72,38.0,21,Windy,Good,56,72.9,Moderate
103569,109,32.5,47.4,507,1.5,-2.1,36,84.0,211,Sunny,Poor,103,65.7,Moderate
103570,23,71.8,190.4,1106,4.8,32.7,75,30.0,476,Rainy,Good,94,74.7,Moderate
103571,145,46.5,94.7,849,6.6,-2.7,50,85.0,465,Sunny,Moderate,19,55.1,Moderate
103572,58,40.9,93.7,715,0.1,41.6,62,68.0,476,Rainy,Poor,12,73.2,Moderate
103573,182,98.6,45.7,689,3.8,0.4,91,47.0,233,Windy,Excellent,96,48.4,High
103574,148,99.4,90.4,684,6.7,-2.5,72,71.0,171,Sunny,Moderate,34,49.8,High
103575,43,124.6,193.0,932,10.5,39.5,24,94.0,90,Foggy,Good,58,58.3,Moderate
103576,76,65.6,86.3,676,4.5,-0.2,21,62.0,162,Windy,Good,111,67.9,Moderate
103577,119,15.6,209.8,463,1.8,34.9,78,59.0,284,Snowy,Good,112,60.3,Moderate
103578,89,44.7,208.7,1146,5.9,32.4,23,34.0,5,Rainy,Moderate,71,64.8,Moderate
103579,60,147.1,40.4,767,3.1,24.9,53,79.0,243,Snowy,Good,74,61.6,Moderate
103580,201,91.5,47.2,817,2.4,13.9,86,94.0,420,Foggy,Excellent,99,41.1,High
103581,193,107.9,191.2,492,6.5,40.8,92,39.0,378,Snowy,Excellent,94,38.9,High
103582,79,6.1,92.5,958,10.1,38.6,25,89.0,472,Cloudy,Excellent,12,71.5,Moderate
103583,127,80.1,10.9,658,9.2,16.3,77,56.0,340,Rainy,Poor,107,61.4,Moderate
103584,207,10.4,67.5,750,2.0,6.6,66,57.0,441,Sunny,Good,67,52.4,Moderate
103585,76,87.5,135.5,669,8.4,8.6,24,74.0,447,Foggy,Poor,97,61.6,Moderate
103586,50,138.5,177.8,561,2.5,6.0,80,81.0,158,Foggy,Moderate,21,57.4,Moderate
103587,103,145.4,38.0,666,3.2,22.1,75,95.0,122,Cloudy,Moderate,20,52.6,Moderate
103588,171,83.4,33.2,534,10.1,38.4,54,91.0,359,Snowy,Good,117,48.5,High
103589,236,71.4,203.6,554,10.0,33.7,32,89.0,433,Foggy,Good,49,29.9,High
103590,55,142.0,167.7,713,1.9,34.8,45,69.0,463,Sunny,Moderate,72,57.8,Moderate
103591,232,102.7,133.9,565,0.7,17.4,83,44.0,187,Rainy,Good,14,34.8,High
103592,177,14.4,171.5,595,3.2,11.1,98,36.0,13,Cloudy,Good,84,54.2,Moderate
103593,171,72.5,100.1,588,6.4,32.9,30,68.0,69,Snowy,Excellent,23,48.7,High
103594,127,39.8,169.3,1154,9.6,34.7,81,80.0,138,Cloudy,Poor,43,55.9,Moderate
103595,125,73.1,88.1,740,1.3,29.8,99,36.0,410,Rainy,Excellent,54,60.7,Moderate
103596,177,71.0,61.3,869,4.6,-3.4,66,41.0,357,Cloudy,Excellent,81,52.5,Moderate
103597,105,,163.1,939,3.0,24.5,89,43.0,324,Sunny,Moderate,64,57.9,Moderate
103598,239,56.7,98.1,1185,0.2,12.4,94,,78,Sunny,Excellent,72,39.0,High
103599,154,28.8,216.1,626,8.7,4.8,77,68.0,293,Sunny,Excellent,36,51.2,Moderate
103600,182,78.0,83.4,551,8.9,29.7,29,93.0,317,Sunny,Excellent,86,44.4,High
103601,202,125.4,203.6,563,2.4,8.4,35,41.0,436,Cloudy,Excellent,84,34.3,High
103602,239,101.3,205.9,955,1.7,40.6,31,63.0,79,Rainy,Good,93,28.2,High
103603,33,54.1,60.8,827,1.6,9.9,90,56.0,145,Sunny,Good,118,78.9,Low
103604,139,140.7,177.6,857,5.1,22.8,69,51.0,372,Rainy,Good,68,44.1,High
103605,157,137.3,100.9,424,2.7,36.4,34,47.0,224,Rainy,Good,84,45.5,High
103606,99,35.4,202.7,1018,5.6,15.1,78,75.0,226,Sunny,Good,90,60.3,Moderate
103607,163,10.7,104.5,1014,4.2,36.4,89,73.0,381,Cloudy,Moderate,28,56.9,Moderate
103608,201,112.5,166.3,491,2.3,31.2,81,47.0,179,Snowy,Good,32,37.3,High
103609,242,125.0,108.1,939,8.3,41.0,91,66.0,23,Sunny,Excellent,27,29.4,High
103610,125,145.3,57.8,671,1.7,11.3,81,36.0,98,Sunny,Poor,67,53.6,Moderate
103611,236,134.0,51.9,1043,8.8,0.3,69,97.0,390,Foggy,Moderate,60,29.1,High
103612,224,92.1,99.3,810,6.2,16.5,96,89.0,269,Rainy,Excellent,89,34.8,High
103613,89,81.9,168.7,1056,9.2,34.3,73,77.0,433,Cloudy,Poor,77,58.0,Moderate
103614,63,9.0,137.1,1019,0.1,17.5,73,80.0,93,Rainy,Moderate,70,72.7,Moderate
103615,92,40.8,154.6,495,8.2,8.1,47,81.0,279,Windy,Excellent,42,62.7,Moderate
103616,64,71.6,69.3,403,0.6,-3.6,70,81.0,462,Windy,Poor,32,68.3,Moderate
103617,247,96.1,111.1,705,,10.7,93,83.0,268,Sunny,Good,30,30.2,High
103618,203,85.8,19.3,626,7.7,30.7,52,70.0,146,Cloudy,Poor,64,45.2,High
103619,126,112.7,181.7,1170,3.5,2.4,20,71.0,284,Rainy,Excellent,64,47.6,High
103620,103,45.6,217.9,944,3.5,12.0,88,51.0,21,Sunny,Excellent,95,60.0,Moderate
103621,101,86.9,95.4,749,9.5,-4.0,20,68.0,1,Foggy,Moderate,59,59.8,Moderate
103622,126,17.8,12.3,1017,9.9,31.1,74,52.0,102,Cloudy,Excellent,29,69.4,Moderate
103623,204,65.0,45.7,865,9.8,39.0,64,77.0,460,Cloudy,Excellent,25,45.5,High
103624,40,113.8,147.0,848,8.9,23.4,92,62.0,35,Foggy,Moderate,106,65.6,Moderate
103625,215,105.5,138.5,660,9.0,-3.7,99,70.0,293,Sunny,Excellent,29,34.7,High
103626,197,148.6,175.5,620,6.3,5.9,59,59.0,273,Sunny,Poor,62,32.0,High
103627,180,45.3,63.3,925,0.3,16.9,80,76.0,50,Rainy,Good,42,51.4,Moderate
103628,238,77.2,170.4,798,1.0,24.4,55,86.0,142,Cloudy,Poor,50,30.8,High
103629,26,52.8,154.5,461,7.1,19.8,43,86.0,383,Snowy,Good,79,72.7,Moderate
103630,89,68.9,77.8,588,4.4,40.8,99,91.0,482,Sunny,Good,96,62.7,Moderate
103631,146,129.3,124.6,493,6.2,41.9,33,86.0,435,Cloudy,Good,117,43.4,High
103632,162,104.2,40.9,723,,0.4,94,97.0,16,Sunny,Moderate,104,46.6,High
103633,229,133.0,105.0,369,7.1,1.9,20,54.0,367,Rainy,Good,8,32.2,High
103634,179,,195.1,925,2.7,12.9,66,69.0,76,Sunny,Good,23,47.0,High
103635,222,131.6,98.5,638,5.1,16.1,95,46.0,277,Cloudy,Excellent,66,34.7,High
103636,167,13.7,186.3,942,5.3,24.3,40,77.0,122,Windy,Excellent,28,51.3,Moderate
103637,235,133.8,134.0,546,2.0,33.7,92,68.0,437,Foggy,Good,90,28.1,High
103638,162,52.7,50.3,731,9.6,1.8,58,44.0,435,Rainy,Moderate,59,57.6,Moderate
103639,195,50.6,132.0,930,5.8,35.1,22,46.0,487,Cloudy,Good,116,47.6,High
103640,218,79.3,116.3,1047,9.5,25.5,35,64.0,383,Rainy,Good,29,39.0,High
103641,168,141.4,93.7,1028,2.9,44.0,87,62.0,468,Rainy,Poor,76,41.9,High
103642,189,11.9,35.1,1066,1.9,27.6,45,47.0,345,Windy,Moderate,119,58.1,Moderate
103643,173,56.1,97.5,841,0.2,30.8,73,59.0,173,Windy,Poor,88,51.4,Moderate
103644,139,129.2,25.3,513,1.0,4.8,32,66.0,131,Foggy,Poor,69,51.6,Moderate
103645,147,62.4,30.7,955,1.6,33.4,80,36.0,262,Windy,Excellent,72,60.9,Moderate
103646,161,33.9,97.3,598,0.9,-1.0,39,57.0,393,Sunny,Poor,16,56.4,Moderate
103647,76,66.6,74.1,417,9.9,27.8,46,47.0,270,Rainy,Excellent,29,69.9,Moderate
103648,184,60.9,204.4,370,10.0,-2.2,21,76.0,409,Windy,Poor,25,41.8,High
103649,77,137.7,88.9,1180,10.3,0.8,29,52.0,207,Windy,Good,23,60.0,Moderate
103650,40,115.5,169.2,861,10.6,0.4,79,49.0,295,Foggy,Good,102,65.6,Moderate
103651,101,78.2,121.4,946,,-2.4,38,60.0,225,Cloudy,Moderate,74,60.4,Moderate
103652,88,148.3,157.9,739,5.8,11.1,34,43.0,188,Rainy,Poor,56,54.2,Moderate
103653,150,72.5,64.6,885,1.4,44.7,66,52.0,464,Sunny,Moderate,58,55.9,Moderate
103654,106,13.4,207.8,460,1.5,12.4,43,31.0,357,Rainy,Good,39,65.8,Moderate
103655,237,43.0,121.3,944,8.5,33.0,35,58.0,143,Cloudy,Excellent,7,40.3,High
103656,184,68.2,184.6,809,9.4,1.6,79,79.0,353,Foggy,Moderate,37,41.6,High
103657,235,27.8,86.7,427,8.6,17.7,99,88.0,250,Foggy,Excellent,77,41.2,High
103658,68,142.4,31.0,783,9.2,4.3,68,62.0,375,Snowy,Moderate,11,62.9,Moderate
103659,166,116.2,151.5,729,3.0,4.6,23,77.0,476,Sunny,Good,109,40.9,High
103660,134,43.9,11.6,1001,5.1,-0.0,85,73.0,244,Cloudy,Good,31,62.7,Moderate
103661,108,90.7,109.8,789,5.1,16.6,68,41.0,17,Rainy,Moderate,5,60.1,Moderate
103662,104,109.6,50.5,1132,10.9,-1.2,50,71.0,202,Sunny,Moderate,44,58.5,Moderate
103663,147,141.5,141.7,688,10.4,40.5,85,64.0,203,Sunny,Poor,22,43.1,High
103664,159,132.8,215.7,773,6.6,17.4,73,70.0,484,Windy,Good,39,37.7,High
103665,208,79.7,107.5,518,1.5,36.9,21,84.0,1,Sunny,Poor,85,39.2,High
103666,188,117.3,181.7,1058,2.8,44.0,80,42.0,437,Sunny,Poor,43,38.8,High
103667,180,86.5,116.6,611,4.0,28.9,34,68.0,375,Rainy,Moderate,15,44.6,High
103668,197,85.1,,1076,9.6,40.1,79,95.0,401,Foggy,Poor,105,39.1,High
103669,136,21.6,205.4,928,1.9,1.8,62,64.0,53,Windy,Moderate,49,56.3,Moderate
103670,215,23.3,196.9,578,2.4,36.5,59,62.0,165,Foggy,Excellent,79,42.5,High
103671,146,81.8,175.0,510,3.8,8.6,49,65.0,352,Snowy,Moderate,7,48.7,High
103672,90,44.0,72.2,776,10.2,18.6,82,42.0,328,Cloudy,Moderate,81,70.7,Moderate
103673,105,8.1,124.5,471,5.5,27.3,43,85.0,142,Foggy,Poor,56,65.4,Moderate
103674,52,109.8,57.0,498,7.1,40.2,63,75.0,447,Cloudy,Moderate,64,67.1,Moderate
103675,100,9.7,103.2,1054,4.3,40.5,33,75.0,91,Cloudy,Moderate,96,68.2,Moderate
103676,171,91.3,111.7,1092,2.1,-0.4,47,73.0,7,Cloudy,Moderate,62,45.4,High
103677,80,83.2,184.6,460,2.5,13.2,33,75.0,251,Windy,Good,106,58.9,Moderate
103678,80,145.5,198.2,1006,8.8,34.7,75,98.0,429,Foggy,Excellent,58,48.4,High
103679,117,75.2,97.1,570,9.8,30.2,53,60.0,99,Cloudy,Moderate,115,59.1,Moderate
103680,47,14.2,13.7,413,5.4,-3.7,97,53.0,38,Cloudy,Good,38,83.9,Low
103681,205,85.0,191.0,987,3.9,17.5,31,61.0,435,Windy,Good,32,37.3,High
103682,62,127.0,46.6,1079,8.9,36.5,75,96.0,135,Sunny,Moderate,65,61.7,Moderate
103683,188,149.5,140.6,1145,7.4,31.9,80,45.0,361,Snowy,Moderate,70,36.7,High
103684,186,67.4,15.2,703,0.4,15.6,80,86.0,433,Cloudy,Moderate,114,49.1,High
103685,105,51.4,,823,3.9,31.8,59,53.0,49,Cloudy,Poor,70,64.9,Moderate
103686,196,136.5,217.1,1097,7.5,22.6,39,63.0,82,Cloudy,Good,41,31.2,High
103687,36,32.7,31.1,834,6.3,40.6,61,81.0,253,Cloudy,Good,20,79.9,Low
103688,117,94.2,99.0,362,10.8,24.4,26,77.0,195,Snowy,Moderate,76,55.0,Moderate
103689,217,63.8,74.5,502,9.5,15.0,98,82.0,26,Foggy,Moderate,108,41.4,High
103690,217,11.0,200.1,588,0.7,38.1,92,84.0,76,Cloudy,Good,79,41.2,High
103691,117,55.4,192.6,539,8.0,-2.5,87,67.0,293,Windy,Excellent,49,56.0,Moderate
103692,84,43.5,59.9,1012,3.7,40.0,50,31.0,254,Rainy,Moderate,19,73.6,Moderate
103693,93,104.5,27.0,435,7.5,29.8,89,98.0,20,Sunny,Moderate,8,59.6,Moderate
103694,104,142.6,141.7,370,6.8,42.0,95,82.0,217,Rainy,Good,27,48.9,High
103695,24,43.9,80.6,1043,5.5,7.5,66,79.0,44,Rainy,Excellent,76,78.5,Low
103696,21,122.7,151.1,668,9.4,29.7,70,58.0,441,Sunny,Good,84,68.1,Moderate
103697,41,13.0,16.7,507,,35.5,77,84.0,406,Cloudy,Excellent,20,81.8,Low
103698,131,83.0,38.0,830,9.8,30.1,41,90.0,181,Foggy,Good,92,55.6,Moderate
103699,76,15.2,154.1,425,3.1,5.5,43,79.0,285,Rainy,Excellent,57,68.9,Moderate
103700,85,140.4,54.6,678,3.8,8.8,53,45.0,478,Sunny,Good,14,60.6,Moderate
103701,93,116.1,190.1,765,6.8,23.3,82,99.0,350,Sunny,Good,38,49.9,High
103702,117,100.4,22.3,552,10.6,17.3,79,73.0,143,Sunny,Excellent,22,58.5,Moderate
103703,163,124.5,55.3,578,4.1,31.8,38,45.0,51,Cloudy,Excellent,57,48.5,High
103704,131,98.9,219.7,501,0.4,13.9,43,57.0,250,Sunny,Moderate,20,47.9,High
103705,198,145.5,100.9,1124,4.9,38.0,83,86.0,105,Sunny,Excellent,104,33.3,High
103706,144,108.5,157.6,421,6.0,16.6,39,55.0,296,Cloudy,Moderate,66,47.7,High
103707,186,139.1,48.4,574,8.8,-3.0,46,40.0,198,Rainy,Moderate,56,43.4,High
103708,105,80.0,138.1,822,8.0,-4.1,77,30.0,336,Sunny,Excellent,119,61.6,Moderate
103709,95,22.0,162.5,992,10.6,27.3,63,98.0,279,Sunny,Excellent,61,62.3,Moderate
103710,107,81.6,76.0,709,8.6,22.0,84,72.0,147,Sunny,Moderate,76,59.9,Moderate
103711,187,23.4,184.1,889,3.3,22.1,65,75.0,102,Sunny,Good,68,46.8,High
103712,57,90.9,136.7,1160,7.1,34.5,73,65.0,410,Sunny,Good,88,65.5,Moderate
103713,207,75.0,91.7,958,7.4,13.8,58,95.0,1,Cloudy,Moderate,27,39.7,High
103714,78,95.3,127.1,395,11.0,44.8,26,86.0,255,Cloudy,Excellent,44,59.6,Moderate
103715,157,6.5,131.1,350,1.5,42.3,73,35.0,59,Sunny,Moderate,18,60.9,Moderate
103716,118,33.3,44.8,1027,2.1,-4.4,62,91.0,306,Windy,Poor,84,63.4,Moderate
103717,211,76.2,94.6,594,,39.8,39,56.0,384,Cloudy,Excellent,106,42.5,High
103718,82,142.8,82.1,568,6.5,29.0,44,55.0,481,Sunny,Excellent,22,58.5,Moderate
103719,68,60.6,94.2,963,1.5,20.1,62,42.0,90,Sunny,Moderate,108,71.6,Moderate
103720,211,66.5,169.8,640,7.2,24.1,92,47.0,100,Foggy,Poor,119,40.8,High
103721,51,108.6,111.3,807,,37.1,46,67.0,113,Foggy,Good,98,65.5,Moderate
103722,154,92.5,207.5,553,4.8,42.6,44,35.0,261,Sunny,Good,40,47.3,High
103723,40,48.3,71.7,551,6.2,23.0,55,57.0,421,Sunny,Excellent,104,77.7,Low
103724,39,64.6,97.3,915,10.0,4.1,85,34.0,53,Cloudy,Good,43,77.0,Low
103725,173,36.6,175.3,831,6.3,27.0,28,88.0,187,Cloudy,Excellent,108,46.9,High
103726,146,145.1,124.7,1141,2.3,-1.2,98,74.0,26,Cloudy,Good,45,42.7,High
103727,87,23.9,124.9,860,3.8,26.8,72,82.0,239,Cloudy,Moderate,5,67.0,Moderate
103728,129,58.9,21.2,627,5.8,35.4,40,31.0,79,Sunny,Poor,85,65.6,Moderate
103729,135,,93.7,365,1.7,12.7,69,78.0,189,Sunny,Moderate,96,62.2,Moderate
103730,233,37.2,66.9,874,6.7,-1.4,35,92.0,318,Rainy,Moderate,75,41.1,High
103731,162,118.2,219.9,705,11.0,29.6,85,99.0,354,Foggy,Good,88,35.8,High
103732,139,34.2,74.8,705,7.2,12.0,45,87.0,90,Sunny,Excellent,46,58.4,Moderate
103733,232,16.6,195.7,1179,4.1,7.5,63,33.0,34,Rainy,Moderate,28,43.2,High
103734,98,73.8,152.0,948,3.6,29.5,48,59.0,57,Cloudy,Good,69,60.0,Moderate
103735,233,6.4,81.6,427,10.2,43.5,65,86.0,188,Sunny,Good,22,44.6,High
103736,135,17.3,124.1,416,9.6,32.3,90,76.0,252,Windy,Excellent,94,59.8,Moderate
103737,111,122.1,186.5,1072,5.2,19.6,68,47.0,35,Cloudy,Good,18,51.3,Moderate
103738,33,116.9,195.5,563,3.9,25.0,34,73.0,357,Rainy,Excellent,23,63.0,Moderate
103739,174,137.7,43.7,1046,7.8,2.1,36,81.0,91,Cloudy,Good,86,41.9,High
103740,144,128.9,81.3,798,3.5,35.7,28,78.0,55,Sunny,Excellent,113,46.7,High
103741,187,104.1,80.4,782,1.3,25.2,96,59.0,66,Rainy,Poor,11,43.9,High
103742,77,12.6,18.8,894,3.4,43.3,51,81.0,312,Cloudy,Excellent,68,75.6,Low
103743,47,118.5,135.6,464,4.8,44.0,85,66.0,168,Sunny,Poor,6,63.9,Moderate
103744,45,127.6,189.5,1136,2.8,12.7,78,92.0,286,Rainy,Poor,11,57.9,Moderate
103745,132,120.9,90.1,769,2.4,44.4,51,41.0,130,Sunny,Moderate,32,53.1,Moderate
103746,210,78.7,165.4,848,0.1,42.8,62,46.0,165,Sunny,Poor,96,39.9,High
103747,85,38.8,141.8,1059,6.9,27.0,78,63.0,436,Snowy,Excellent,110,66.7,Moderate
103748,172,127.6,88.9,729,6.8,11.7,49,57.0,51,Sunny,Moderate,85,43.6,High
103749,150,110.4,39.6,492,2.1,32.7,30,33.0,151,Rainy,Moderate,34,54.5,Moderate
103750,219,147.2,159.0,1089,10.4,8.6,99,75.0,409,Foggy,Excellent,89,27.5,High
103751,63,27.6,189.5,981,4.5,26.5,45,43.0,104,Sunny,Moderate,105,71.6,Moderate
103752,116,37.7,154.0,373,0.3,-3.8,21,42.0,366,Cloudy,Good,77,62.7,Moderate
103753,61,35.7,13.8,888,2.4,26.4,53,87.0,91,Rainy,Good,40,75.3,Low
103754,246,119.9,55.4,424,7.6,42.6,60,78.0,200,Cloudy,Poor,120,30.8,High
103755,25,32.1,24.6,1102,2.2,6.8,50,79.0,292,Rainy,Good,26,82.5,Low
103756,186,14.7,129.8,884,0.6,33.9,82,96.0,372,Cloudy,Excellent,83,48.7,High
103757,199,149.8,168.9,1022,6.8,9.7,74,50.0,218,Sunny,Poor,82,32.8,High
103758,42,8.6,33.2,390,5.7,30.4,80,80.0,431,Sunny,Excellent,31,81.7,Low
103759,108,126.1,186.1,1099,8.4,30.0,55,67.0,66,Rainy,Poor,86,49.4,High
103760,142,58.0,126.7,1100,8.5,4.2,59,55.0,168,Sunny,Poor,14,55.6,Moderate
103761,197,127.0,154.9,917,10.6,24.9,42,35.0,304,Windy,Poor,116,38.1,High
103762,190,85.4,214.0,762,0.6,38.0,45,47.0,27,Rainy,Moderate,26,40.2,High
103763,166,135.7,27.6,764,0.4,14.1,37,35.0,287,Sunny,Moderate,27,49.0,High
103764,216,139.3,199.3,798,10.9,30.5,98,70.0,354,Sunny,Moderate,56,27.4,High
103765,70,6.3,36.5,959,7.1,28.7,53,86.0,454,Sunny,Good,46,76.2,Low
103766,30,15.9,92.5,1007,7.9,7.9,47,79.0,326,Rainy,Good,45,80.2,Low
103767,31,41.3,188.8,1123,1.1,40.9,68,54.0,468,Windy,Good,52,74.6,Moderate
103768,93,102.1,200.3,785,0.8,23.2,83,77.0,31,Sunny,Moderate,73,53.3,Moderate
103769,27,133.8,116.3,901,1.8,12.8,90,53.0,165,Sunny,Moderate,55,68.0,Moderate
103770,171,71.7,134.8,1054,4.7,3.2,82,59.0,403,Cloudy,Moderate,93,48.0,High
103771,239,93.0,158.7,588,1.2,18.7,81,74.0,135,Sunny,Moderate,5,30.5,High
103772,60,32.3,184.9,391,4.9,31.5,61,72.0,67,Cloudy,Moderate,92,68.9,Moderate
103773,183,121.7,35.5,1083,6.2,26.2,43,85.0,153,Cloudy,Moderate,101,42.2,High
103774,248,145.3,180.1,1057,0.0,31.4,54,99.0,462,Sunny,Excellent,60,19.0,High
103775,104,43.9,111.1,1149,,34.6,96,62.0,325,Cloudy,Good,105,64.3,Moderate
103776,91,76.7,104.6,359,4.1,17.1,74,74.0,303,Cloudy,Good,75,61.8,Moderate
103777,74,17.5,99.0,1096,0.6,21.0,68,36.0,95,Sunny,Good,28,76.0,Low
103778,156,86.1,116.9,1186,1.5,44.3,96,47.0,196,Sunny,Excellent,19,51.0,Moderate
103779,66,77.9,208.5,614,2.5,43.4,78,99.0,107,Cloudy,Moderate,79,58.4,Moderate
103780,162,25.9,125.1,930,4.7,15.7,41,74.0,45,Cloudy,Excellent,48,54.1,Moderate
103781,195,69.1,210.2,794,7.9,29.3,80,66.0,185,Sunny,Good,85,39.5,High
103782,123,53.4,47.9,488,1.5,8.4,99,50.0,453,Sunny,Moderate,53,64.1,Moderate
103783,229,80.7,162.1,1080,8.1,2.6,49,73.0,322,Sunny,Excellent,91,33.7,High
103784,61,89.9,180.6,545,9.4,33.4,88,59.0,284,Sunny,Moderate,53,63.3,Moderate
103785,79,6.2,152.6,423,7.2,16.8,79,40.0,82,Cloudy,Poor,72,73.4,Moderate
103786,231,115.3,,964,0.5,3.9,25,37.0,137,Sunny,Moderate,99,34.0,High
103787,217,108.4,128.6,574,4.8,32.9,30,34.0,326,Cloudy,Moderate,102,38.1,High
103788,31,58.1,190.8,984,7.3,40.8,43,37.0,236,Sunny,Moderate,78,74.2,Moderate
103789,149,12.7,182.5,451,10.8,41.7,98,34.0,448,Cloudy,Good,41,59.1,Moderate
103790,26,114.5,35.7,613,10.5,24.8,70,39.0,320,Rainy,Moderate,78,75.9,Low
103791,99,143.5,188.2,510,4.4,19.0,38,44.0,144,Cloudy,Good,46,51.2,Moderate
103792,150,39.8,97.0,582,6.8,2.1,69,85.0,277,Sunny,Good,63,54.9,Moderate
103793,128,51.9,63.3,840,9.8,34.6,22,84.0,99,Sunny,Excellent,79,59.2,Moderate
103794,22,31.7,192.7,1136,9.1,42.3,22,32.0,13,Sunny,Moderate,99,79.4,Low
103795,46,88.7,100.7,1119,5.3,39.5,50,70.0,261,Cloudy,Moderate,14,69.0,Moderate
103796,133,27.5,179.8,660,2.9,32.6,66,39.0,413,Sunny,Poor,111,59.9,Moderate
103797,126,56.6,65.3,1000,1.5,-4.8,27,36.0,493,Sunny,Good,106,63.7,Moderate
103798,59,106.1,10.8,576,5.4,15.4,36,92.0,46,Windy,Good,57,66.9,Moderate
103799,249,86.2,114.0,622,8.0,15.5,64,92.0,224,Sunny,Moderate,46,29.9,High
103800,180,61.0,31.0,666,10.7,39.7,79,55.0,403,Foggy,Moderate,12,53.2,Moderate
103801,239,65.9,168.4,435,9.5,-1.7,94,63.0,143,Windy,Good,79,34.4,High
103802,148,86.5,68.0,640,2.2,21.6,40,68.0,195,Windy,Good,88,52.8,Moderate
103803,27,5.9,103.2,818,7.9,1.8,89,89.0,289,Windy,Good,28,80.4,Low
103804,120,16.4,28.3,1078,3.2,28.1,40,98.0,256,Sunny,Good,55,65.2,Moderate
103805,179,132.8,70.2,927,7.5,34.6,77,55.0,460,Sunny,Moderate,75,42.8,High
103806,143,16.3,174.1,1118,,27.1,74,91.0,431,Sunny,Good,64,54.5,Moderate
103807,195,107.5,41.8,996,3.0,34.7,47,39.0,7,Sunny,Excellent,25,46.0,High
103808,126,138.4,145.9,753,2.6,25.4,94,83.0,277,Sunny,Excellent,112,45.1,High
103809,120,44.2,202.7,776,1.1,4.5,65,60.0,323,Windy,Poor,57,57.0,Moderate
103810,23,58.7,152.8,724,0.6,14.1,63,67.0,289,Sunny,Good,10,74.5,Moderate
103811,241,87.5,180.3,916,9.4,42.8,44,54.0,443,Sunny,Excellent,35,31.7,High
103812,217,132.8,32.9,1104,0.5,9.4,90,94.0,428,Rainy,Moderate,16,34.0,High
103813,129,141.6,62.7,601,1.0,-1.9,68,79.0,292,Sunny,Moderate,105,48.8,High
103814,38,112.2,,882,2.6,14.2,65,53.0,376,Cloudy,Moderate,17,64.5,Moderate
103815,51,17.6,160.2,656,9.8,13.3,82,56.0,22,Sunny,Good,53,75.1,Low
103816,156,102.0,,779,3.7,18.5,96,79.0,83,Windy,Poor,35,44.6,High
103817,31,64.5,149.4,1024,2.1,23.0,31,79.0,254,Cloudy,Excellent,13,71.3,Moderate
103818,158,73.3,97.0,613,7.9,44.6,97,44.0,372,Rainy,Good,31,53.5,Moderate
103819,65,12.1,19.4,417,3.5,32.8,76,,23,Sunny,Moderate,120,81.3,Low
103820,138,32.7,174.7,456,3.7,-3.2,92,58.0,474,Foggy,Excellent,57,56.7,Moderate
103821,35,119.6,152.5,749,8.1,30.6,83,34.0,396,Sunny,Good,85,68.3,Moderate
103822,148,70.8,109.3,928,2.8,36.2,50,40.0,324,Rainy,Moderate,119,55.4,Moderate
103823,82,48.7,198.9,548,9.9,39.8,23,81.0,335,Foggy,Good,55,61.4,Moderate
103824,128,60.7,80.6,541,6.2,16.2,73,63.0,315,Cloudy,Poor,76,59.3,Moderate
103825,138,128.9,71.8,863,5.9,10.7,84,62.0,37,Cloudy,Moderate,31,49.9,High
103826,40,113.6,193.3,1118,2.9,37.0,25,78.0,431,Sunny,Moderate,44,61.7,Moderate
103827,177,44.5,177.4,791,9.2,33.9,84,60.0,220,Cloudy,Moderate,66,47.9,High
103828,32,22.0,118.1,350,6.3,21.8,41,47.0,409,Windy,Moderate,62,81.0,Low
103829,181,41.5,37.5,707,1.7,0.9,36,34.0,213,Sunny,Moderate,19,57.2,Moderate
103830,23,138.5,55.2,464,2.3,27.6,78,59.0,471,Foggy,Moderate,43,70.6,Moderate
103831,175,89.3,147.8,949,5.2,-1.7,48,74.0,332,Rainy,Moderate,74,43.0,High
103832,121,82.4,90.9,546,8.6,0.0,86,67.0,490,Cloudy,Moderate,100,57.1,Moderate
103833,242,91.5,185.7,953,10.3,11.6,36,58.0,84,Cloudy,Excellent,116,30.4,High
103834,78,58.1,209.5,623,7.3,13.6,21,65.0,384,Sunny,Moderate,12,62.0,Moderate
103835,147,122.0,179.2,509,5.6,18.1,51,38.0,3,Sunny,Good,39,46.1,High
103836,46,80.9,89.3,522,2.8,12.0,41,52.0,194,Sunny,Good,67,72.3,Moderate
103837,88,21.9,175.6,894,7.4,-3.3,77,32.0,113,Cloudy,Good,35,69.6,Moderate
103838,44,23.7,83.8,807,10.8,2.9,72,85.0,214,Foggy,Moderate,110,76.5,Low
103839,150,82.8,45.1,934,5.2,0.8,66,69.0,335,Cloudy,Poor,94,53.9,Moderate
103840,116,140.8,17.0,782,1.8,16.6,23,85.0,364,Cloudy,Moderate,46,52.9,Moderate
103841,215,49.7,91.0,830,1.1,5.6,57,87.0,140,Sunny,Moderate,92,42.1,High
103842,44,131.1,,804,3.0,9.7,32,60.0,166,Rainy,Moderate,119,60.4,Moderate
103843,167,115.8,60.2,545,6.3,18.6,80,40.0,286,Cloudy,Good,70,49.0,High
103844,181,40.9,53.4,1145,10.4,6.8,83,71.0,407,Cloudy,Good,45,52.7,Moderate
103845,173,10.3,213.7,948,3.3,7.3,96,32.0,494,Foggy,Good,5,53.7,Moderate
103846,145,19.8,15.3,658,,36.7,52,86.0,383,Windy,Good,78,62.2,Moderate
103847,152,110.6,175.0,1085,5.3,22.4,57,43.0,334,Rainy,Poor,118,46.3,High
103848,246,34.0,77.5,905,10.1,37.8,48,75.0,4,Foggy,Good,91,40.3,High
103849,208,58.8,17.9,1197,4.6,20.7,80,48.0,126,Cloudy,Moderate,37,49.8,High
103850,239,77.7,202.7,843,2.5,40.5,51,89.0,432,Windy,Poor,112,28.6,High
103851,240,110.2,39.3,788,1.8,7.7,30,60.0,85,Cloudy,Good,41,35.6,High
103852,28,21.4,125.9,999,5.0,25.8,37,65.0,85,Sunny,Good,61,79.6,Low
103853,135,63.9,67.6,1131,8.8,20.2,64,61.0,394,Foggy,Good,15,58.6,Moderate
103854,249,75.3,23.7,708,3.2,40.9,40,92.0,23,Sunny,Good,88,35.8,High
103855,197,83.4,20.5,385,5.6,15.9,31,55.0,44,Sunny,Moderate,94,48.0,High
103856,153,123.7,34.3,383,6.6,37.7,39,94.0,457,Sunny,Good,114,46.5,High
103857,230,29.9,25.0,437,5.0,23.2,26,31.0,110,Sunny,Moderate,51,50.7,Moderate
103858,79,122.1,169.7,1007,2.1,30.4,90,99.0,289,Sunny,Poor,70,52.7,Moderate
103859,191,105.5,112.0,365,10.1,39.3,21,74.0,394,Rainy,Good,93,40.0,High
103860,140,85.6,82.0,1094,6.2,44.8,62,54.0,184,Foggy,Excellent,8,55.0,Moderate
103861,158,106.4,97.9,770,8.0,31.6,40,69.0,234,Sunny,Moderate,87,47.0,High
103862,213,64.7,205.1,902,7.0,10.7,48,47.0,156,Snowy,Good,81,38.9,High
103863,194,25.1,201.3,1116,11.0,10.0,51,41.0,405,Sunny,Good,87,47.9,High
103864,127,101.5,160.3,1142,5.0,10.5,64,53.0,160,Sunny,Moderate,81,51.6,Moderate
103865,127,81.1,195.8,475,4.7,-0.1,95,72.0,199,Rainy,Good,59,50.4,Moderate
103866,220,97.7,77.1,357,4.0,-2.3,96,61.0,121,Windy,Poor,16,38.7,High
103867,232,54.0,90.0,821,4.0,24.0,78,76.0,432,Sunny,Good,70,39.7,High
103868,235,136.5,138.9,817,3.0,35.5,22,74.0,223,Sunny,Good,41,27.0,High
103869,245,90.2,141.0,859,10.8,-3.2,58,64.0,487,Sunny,Poor,118,31.6,High
103870,233,17.4,111.2,751,9.6,23.3,70,38.0,364,Foggy,Excellent,27,46.6,High
103871,150,70.2,94.1,1185,3.5,13.6,27,39.0,22,Sunny,Excellent,59,56.0,Moderate
103872,95,114.7,217.1,525,3.4,39.6,65,94.0,196,Cloudy,Poor,23,48.9,High
103873,239,120.1,182.4,1089,1.1,2.3,85,88.0,478,Windy,Good,71,24.6,High
103874,49,,101.3,1184,9.6,23.2,25,86.0,284,Cloudy,Excellent,92,68.3,Moderate
103875,237,134.7,162.7,716,4.1,43.5,77,39.0,5,Foggy,Good,27,29.1,High
103876,40,43.8,66.6,837,6.3,12.3,60,48.0,307,Foggy,Excellent,8,79.4,Low
103877,175,64.5,31.0,367,9.9,32.1,98,79.0,344,Cloudy,Moderate,22,51.3,Moderate
103878,237,135.3,84.0,405,4.5,39.1,73,,88,Rainy,Good,16,27.2,High
103879,209,135.0,94.6,384,,4.3,95,34.0,478,Sunny,Moderate,39,38.1,High
103880,180,104.4,13.5,979,4.7,44.6,60,58.0,377,Foggy,Good,31,48.6,High
103881,232,129.6,181.1,1143,7.7,35.5,67,34.0,397,Sunny,Poor,47,30.2,High
103882,182,17.9,85.4,1115,4.7,1.9,89,89.0,272,Snowy,Good,82,51.9,Moderate
103883,199,130.4,131.9,1074,4.3,10.5,46,94.0,463,Sunny,Moderate,99,32.5,High
103884,53,51.5,25.5,922,10.9,26.2,66,57.0,283,Sunny,Poor,71,77.3,Low
103885,60,30.9,46.7,949,6.7,39.2,96,30.0,264,Sunny,Good,73,80.2,Low
103886,70,39.7,196.8,1132,4.0,4.7,42,58.0,114,Cloudy,Excellent,68,67.0,Moderate
103887,194,65.6,137.8,696,2.8,31.6,93,80.0,123,Sunny,Excellent,97,42.3,High
103888,101,41.4,209.6,381,0.4,8.5,33,65.0,449,Sunny,Poor,107,59.9,Moderate
103889,77,51.5,219.7,482,7.8,35.3,80,61.0,259,Sunny,Moderate,56,62.9,Moderate
103890,94,24.6,88.1,925,4.1,29.2,86,93.0,403,Sunny,Poor,21,66.4,Moderate
103891,204,47.9,72.7,548,9.0,21.1,95,43.0,168,Cloudy,Moderate,87,49.6,High
103892,42,88.0,190.3,605,4.0,27.5,44,61.0,35,Cloudy,Good,103,66.3,Moderate
103893,195,69.1,219.7,691,4.1,38.8,84,38.0,228,Sunny,Excellent,37,41.8,High
103894,147,55.3,142.2,1016,8.6,14.3,43,40.0,133,Cloudy,Poor,76,55.8,Moderate
103895,169,113.2,177.0,580,5.4,33.5,72,77.0,243,Snowy,Good,56,39.4,High
103896,36,134.6,174.2,650,9.7,2.9,92,80.0,64,Rainy,Good,105,60.7,Moderate
103897,88,114.7,84.6,896,6.5,30.1,69,33.0,236,Foggy,Moderate,39,62.9,Moderate
103898,127,53.1,130.6,375,2.6,32.5,20,70.0,433,Sunny,Excellent,24,57.2,Moderate
103899,158,112.9,184.9,884,6.3,17.1,58,54.0,447,Windy,Good,85,43.4,High
103900,113,27.0,154.5,1002,0.0,34.7,93,46.0,2,Cloudy,Moderate,49,64.1,Moderate
103901,34,23.9,14.4,823,3.4,22.9,63,76.0,499,Cloudy,Excellent,81,82.7,Low
103902,110,55.1,80.7,736,2.3,41.8,24,37.0,36,Cloudy,Excellent,72,65.9,Moderate
103903,182,122.1,40.3,634,7.2,0.6,87,87.0,108,Sunny,Good,54,41.9,High
103904,52,40.7,58.9,799,1.5,1.5,91,30.0,489,Sunny,Moderate,62,79.8,Low
103905,231,14.2,200.2,669,3.2,37.1,99,31.0,249,Rainy,Excellent,34,43.6,High
103906,144,24.1,17.7,505,3.6,37.1,84,39.0,2,Sunny,Excellent,74,66.4,Moderate
103907,35,129.5,56.2,820,0.0,18.6,98,56.0,234,Rainy,Poor,6,69.8,Moderate
103908,181,96.9,75.0,769,0.5,43.2,34,42.0,416,Rainy,Excellent,83,47.8,High
103909,85,41.7,139.5,462,3.4,29.0,69,92.0,442,Cloudy,Excellent,38,63.5,Moderate
103910,246,85.5,122.2,1000,2.4,44.1,25,40.0,250,Sunny,Good,56,35.4,High
103911,187,81.5,55.8,771,1.3,21.6,85,43.0,142,Sunny,Good,88,49.5,High
103912,175,100.0,44.5,1070,1.7,5.1,88,55.0,247,Sunny,Moderate,20,48.8,High
103913,66,38.8,59.7,1184,9.2,17.2,58,,55,Sunny,Poor,47,70.7,Moderate
103914,186,130.3,115.5,947,7.5,44.0,48,68.0,60,Sunny,Good,68,38.3,High
103915,217,49.9,66.9,634,5.3,13.5,65,57.0,67,Sunny,Moderate,117,45.9,High
103916,220,105.6,209.0,921,10.0,42.9,50,46.0,78,Sunny,Poor,97,32.7,High
103917,167,7.3,107.4,403,0.3,34.9,43,66.0,326,Sunny,Excellent,31,57.1,Moderate
103918,143,59.0,22.3,954,3.8,17.1,34,56.0,366,Foggy,Good,69,60.5,Moderate
103919,20,56.0,163.1,674,9.1,22.1,95,96.0,195,Foggy,Moderate,17,71.9,Moderate
103920,219,83.8,79.1,807,6.9,25.4,39,97.0,445,Sunny,Good,44,36.9,High
103921,106,15.5,147.2,614,10.8,28.3,23,76.0,194,Sunny,Moderate,36,64.1,Moderate
103922,147,119.6,68.7,731,10.4,-1.2,77,63.0,22,Cloudy,Moderate,71,49.5,High
103923,210,36.6,129.9,562,1.9,41.7,96,,13,Sunny,Good,18,46.6,High
103924,86,103.2,172.2,682,10.7,24.8,80,64.0,389,Cloudy,Excellent,62,57.1,Moderate
103925,23,121.5,204.9,359,10.4,41.6,29,47.0,288,Cloudy,Excellent,96,66.3,Moderate
103926,205,86.5,64.8,707,4.1,26.6,60,99.0,8,Sunny,Good,50,39.6,High
103927,172,,80.3,552,10.8,16.6,72,63.0,139,Windy,Excellent,94,45.2,High
103928,66,101.0,107.5,1057,0.4,23.3,90,62.0,241,Windy,Moderate,89,64.4,Moderate
103929,57,,204.7,407,7.3,36.5,95,72.0,252,Foggy,Good,114,65.5,Moderate
103930,162,122.3,199.3,843,2.9,11.3,67,56.0,226,Sunny,Moderate,119,40.6,High
103931,210,47.7,28.9,859,1.4,42.8,34,77.0,372,Windy,Good,79,47.3,High
103932,40,87.8,,1117,6.4,18.3,26,98.0,94,Cloudy,Moderate,95,70.6,Moderate
103933,246,113.1,114.1,572,3.4,42.8,91,51.0,178,Rainy,Poor,112,31.3,High
103934,76,59.9,,718,7.3,39.0,90,63.0,2,Windy,Moderate,63,71.2,Moderate
103935,136,48.9,82.6,1041,5.9,33.4,62,72.0,183,Foggy,Good,69,58.3,Moderate
103936,200,71.6,41.2,767,4.3,18.4,23,45.0,45,Rainy,Excellent,37,48.8,High
103937,65,123.6,143.6,896,,24.3,70,43.0,291,Sunny,Good,50,62.0,Moderate
103938,161,,209.4,452,6.6,36.9,90,68.0,140,Cloudy,Good,86,37.0,High
103939,247,84.0,219.3,510,9.1,22.2,78,41.0,12,Rainy,Poor,58,30.4,High
103940,223,100.9,88.8,549,6.6,31.9,60,84.0,185,Windy,Moderate,70,34.9,High
103941,164,136.0,,509,6.7,34.5,80,35.0,481,Rainy,Moderate,8,43.9,High
103942,58,19.3,189.8,1044,5.6,20.7,49,69.0,84,Cloudy,Moderate,58,70.9,Moderate
103943,156,38.7,34.7,485,4.3,21.8,37,42.0,417,Cloudy,Moderate,118,61.3,Moderate
103944,118,107.8,154.8,747,5.0,4.9,49,98.0,489,Sunny,Moderate,8,48.3,High
103945,96,124.4,95.9,1087,10.9,7.2,26,53.0,42,Foggy,Good,21,57.7,Moderate
103946,226,129.3,53.3,741,,40.2,71,88.0,383,Sunny,Excellent,116,32.3,High
103947,229,65.2,94.6,1104,4.7,37.0,67,75.0,155,Rainy,Moderate,84,38.7,High
103948,134,18.0,26.0,455,5.0,-4.5,42,73.0,183,Windy,Moderate,77,65.1,Moderate
103949,244,68.5,156.0,932,5.5,38.5,56,40.0,46,Cloudy,Good,94,36.1,High
103950,153,38.5,63.1,938,7.3,-3.7,90,90.0,418,Windy,Good,78,55.7,Moderate
103951,238,47.2,75.4,403,5.1,17.9,72,65.0,205,Windy,Good,75,41.2,High
103952,170,117.0,35.4,626,7.5,-1.6,64,39.0,209,Sunny,Good,77,49.7,High
103953,206,16.0,191.6,460,,43.4,68,,274,Cloudy,Good,59,48.4,High
103954,110,125.0,113.6,573,4.5,43.6,68,92.0,82,Rainy,Moderate,52,50.3,Moderate
103955,117,67.0,130.2,424,9.5,25.5,66,41.0,96,Cloudy,Good,95,60.3,Moderate
103956,139,91.4,129.6,855,3.6,14.6,44,34.0,178,Cloudy,Good,100,54.1,Moderate
103957,65,18.0,96.2,363,10.6,20.6,46,65.0,354,Rainy,Excellent,53,74.8,Moderate
103958,57,53.9,50.4,1119,1.9,33.1,31,46.0,147,Sunny,Moderate,27,76.2,Low
103959,161,,166.5,831,2.7,6.2,42,87.0,284,Cloudy,Good,31,51.8,Moderate
103960,119,144.4,36.7,538,5.1,17.1,36,51.0,383,Sunny,Good,29,54.3,Moderate
103961,91,122.1,31.8,713,8.8,31.9,63,60.0,71,Sunny,Good,97,61.4,Moderate
103962,209,71.6,159.1,588,8.0,14.8,90,55.0,216,Cloudy,Good,28,40.3,High
103963,54,37.4,53.9,750,1.9,-3.4,43,42.0,208,Rainy,Good,84,78.9,Low
103964,166,140.4,74.4,1195,2.6,20.4,90,92.0,320,Sunny,Poor,84,40.4,High
103965,49,55.0,109.8,653,6.3,31.9,79,96.0,293,Snowy,Good,96,69.5,Moderate
103966,97,28.3,104.4,440,3.2,43.8,72,92.0,432,Cloudy,Moderate,24,64.7,Moderate
103967,103,86.7,158.8,741,4.6,-3.1,93,40.0,123,Foggy,Moderate,57,59.1,Moderate
103968,132,141.8,140.9,533,5.4,22.0,35,98.0,349,Cloudy,Moderate,87,42.4,High
103969,44,5.6,145.3,366,6.5,17.5,44,93.0,155,Sunny,Moderate,78,74.8,Moderate
103970,187,39.5,160.0,361,2.8,7.1,85,97.0,32,Snowy,Moderate,30,43.9,High
103971,107,141.1,71.4,515,1.8,26.9,69,61.0,268,Cloudy,Moderate,64,54.1,Moderate
103972,33,29.8,77.7,495,4.4,3.2,88,39.0,215,Cloudy,Good,6,82.7,Low
103973,173,21.4,102.0,631,0.9,9.2,97,83.0,427,Cloudy,Moderate,7,52.9,Moderate
103974,121,87.7,74.6,898,5.8,34.1,59,84.0,100,Sunny,Excellent,107,55.6,Moderate
103975,234,130.0,216.8,931,9.2,18.0,25,91.0,469,Sunny,Excellent,60,22.3,High
103976,169,74.2,181.0,518,1.3,44.7,83,84.0,179,Sunny,Good,70,43.2,High
103977,195,149.2,44.6,1196,1.2,14.3,47,64.0,126,Cloudy,Poor,29,38.4,High
103978,102,103.5,11.2,519,0.9,18.2,28,96.0,332,Windy,Moderate,113,59.1,Moderate
103979,129,15.7,19.0,1114,9.3,10.0,25,94.0,487,Snowy,Moderate,72,64.5,Moderate
103980,198,149.0,,695,0.9,6.8,36,46.0,459,Sunny,Excellent,19,38.8,High
103981,150,64.1,34.0,848,10.8,41.1,59,71.0,376,Windy,Good,86,56.5,Moderate
103982,189,46.7,122.0,809,3.9,32.4,95,88.0,168,Cloudy,Good,11,45.5,High
103983,38,85.9,190.2,646,3.6,11.7,64,99.0,304,Sunny,Moderate,95,63.4,Moderate
103984,220,,164.7,491,1.0,30.0,62,40.0,365,Snowy,Excellent,86,42.3,High
103985,47,17.5,55.3,1134,6.4,43.3,65,57.0,134,Sunny,Good,75,81.0,Low
103986,231,5.2,93.9,1086,6.4,-1.3,82,68.0,291,Sunny,Poor,97,46.3,High
103987,192,70.2,116.7,1044,5.4,8.2,20,83.0,92,Sunny,Poor,45,42.9,High
103988,90,126.3,180.1,1082,3.4,5.0,78,40.0,220,Cloudy,Poor,64,55.6,Moderate
103989,225,88.0,186.2,402,4.1,38.5,82,87.0,409,Sunny,Good,48,30.9,High
103990,82,149.9,201.0,467,3.5,4.0,98,69.0,154,Snowy,Poor,37,50.3,Moderate
103991,92,46.6,116.9,714,4.7,10.4,37,33.0,279,Cloudy,Moderate,70,68.7,Moderate
103992,143,45.7,155.8,1020,3.8,22.2,84,93.0,478,Cloudy,Poor,86,51.7,Moderate
103993,138,28.2,33.5,485,,26.1,39,77.0,198,Sunny,Poor,114,62.4,Moderate
103994,140,28.8,128.7,763,3.3,35.4,75,99.0,336,Windy,Poor,27,55.0,Moderate
103995,38,46.4,62.2,426,3.9,15.4,73,60.0,240,Cloudy,Good,68,78.5,Low
103996,194,120.0,100.7,1197,4.8,21.7,67,31.0,416,Cloudy,Excellent,10,42.5,High
103997,161,136.3,143.2,906,0.0,43.3,73,72.0,97,Snowy,Moderate,67,40.3,High
103998,139,,64.0,367,5.4,9.9,35,70.0,249,Sunny,Moderate,47,47.2,High
103999,185,,21.0,752,2.8,7.4,39,89.0,401,Cloudy,Good,29,52.1,Moderate
104000,200,132.8,12.1,554,0.6,30.5,66,75.0,104,Rainy,Moderate,87,40.0,High
102001,48,55.1,47.9,981,2.8,43.1,83,90.0,188,Sunny,Good,57,73.4,Moderate
102002,156,6.0,170.9,628,1.1,36.7,36,50.0,491,Rainy,Excellent,110,57.7,Moderate
102003,214,63.5,81.1,808,4.8,0.4,22,39.0,256,Sunny,Moderate,63,45.9,High
102004,172,39.0,46.9,382,6.8,-3.8,29,61.0,119,Cloudy,Excellent,72,55.9,Moderate
102005,245,123.7,98.5,625,2.5,19.9,82,35.0,285,Sunny,Good,91,32.6,High
102006,95,53.9,176.7,1014,6.1,33.8,82,31.0,475,Cloudy,Excellent,79,64.5,Moderate
102007,189,125.0,107.6,439,8.9,10.7,81,68.0,272,Rainy,Moderate,8,38.8,High
102008,28,5.1,122.9,965,2.8,30.1,28,78.0,406,Windy,Good,15,80.4,Low
102009,226,49.6,219.0,873,6.4,41.6,43,56.0,357,Cloudy,Poor,117,36.8,High
102010,59,40.0,93.8,509,3.7,17.9,51,85.0,377,Sunny,Moderate,57,71.4,Moderate
102011,44,38.9,139.2,807,5.8,7.2,22,43.0,151,Cloudy,Excellent,92,76.2,Low
102012,24,,,1057,7.3,40.9,52,52.0,85,Rainy,Good,58,84.4,Low
102013,158,32.1,92.5,748,3.9,18.6,62,80.0,324,Sunny,Poor,120,55.1,Moderate
102014,206,85.6,156.1,1168,10.9,15.4,31,54.0,344,Cloudy,Moderate,88,39.4,High
102015,245,47.2,207.0,1123,6.2,12.7,51,82.0,435,Cloudy,Moderate,49,31.7,High
102016,235,65.5,,440,9.1,16.2,39,40.0,326,Sunny,Moderate,21,39.6,High
102017,143,59.6,171.4,1058,8.0,28.7,86,64.0,245,Sunny,Good,68,52.1,Moderate
102018,226,132.0,28.7,930,9.4,16.7,87,84.0,313,Sunny,Moderate,62,33.6,High
102019,57,136.3,54.3,815,1.9,11.2,36,87.0,405,Cloudy,Moderate,17,62.0,Moderate
102020,91,76.5,115.4,569,2.4,32.2,38,97.0,314,Sunny,Excellent,85,59.0,Moderate
102021,152,52.9,14.2,768,5.4,5.1,23,66.0,427,Rainy,Poor,55,59.0,Moderate
102022,195,20.5,63.1,728,9.4,5.1,36,38.0,292,Sunny,Good,56,55.5,Moderate
102023,109,143.2,118.7,1075,2.2,29.8,83,57.0,161,Cloudy,Good,19,51.6,Moderate
102024,165,,13.1,796,10.7,38.3,41,84.0,99,Sunny,Excellent,8,59.6,Moderate
102025,217,48.2,65.6,495,1.4,7.1,85,75.0,368,Rainy,Moderate,86,44.4,High
102026,56,48.2,117.9,582,1.9,4.6,61,99.0,184,Windy,Good,111,68.3,Moderate
102027,79,51.5,130.4,720,1.8,28.5,95,56.0,440,Rainy,Good,13,67.5,Moderate
102028,195,28.8,204.4,583,6.4,26.0,64,39.0,423,Cloudy,Poor,116,47.3,High
102029,224,118.6,145.5,1075,10.1,17.4,30,52.0,275,Rainy,Good,71,33.0,High
102030,47,22.8,97.1,716,2.8,-0.2,72,50.0,484,Sunny,Good,95,78.9,Low
102031,216,97.1,205.4,830,6.1,-0.4,79,74.0,16,Sunny,Good,86,31.8,High
102032,224,23.0,174.8,922,1.9,33.9,48,32.0,435,Sunny,Excellent,85,45.0,High
102033,100,15.2,52.0,712,6.9,17.6,39,88.0,259,Sunny,Good,78,68.8,Moderate
102034,133,136.9,37.5,939,1.4,37.9,24,72.0,446,Sunny,Good,61,50.6,Moderate
102035,59,32.6,151.9,860,,23.7,44,36.0,244,Cloudy,Good,105,74.3,Moderate
102036,64,124.1,127.6,444,7.2,25.9,53,56.0,305,Sunny,Poor,33,61.6,Moderate
102037,243,84.0,175.8,1191,6.4,41.7,31,91.0,337,Foggy,Excellent,51,28.3,High
102038,81,16.3,165.1,565,1.5,3.2,47,71.0,475,Windy,Moderate,120,68.1,Moderate
102039,112,143.5,141.3,1074,1.8,22.2,25,33.0,49,Foggy,Excellent,118,52.3,Moderate
102040,134,40.8,217.1,1165,7.4,-2.1,38,91.0,271,Sunny,Good,9,51.0,Moderate
102041,205,129.6,122.1,1061,8.9,12.9,31,37.0,234,Windy,Good,115,37.7,High
102042,86,29.5,33.8,892,10.0,2.4,44,46.0,71,Windy,Excellent,74,74.7,Moderate
102043,75,128.8,183.9,1151,8.9,4.4,32,34.0,316,Foggy,Good,68,58.4,Moderate
102044,59,6.9,62.9,484,10.7,41.7,95,92.0,43,Cloudy,Good,108,76.2,Low
102045,117,79.2,173.2,432,4.5,25.5,22,38.0,401,Snowy,Poor,63,57.0,Moderate
102046,59,116.6,211.0,740,3.6,39.6,43,37.0,305,Sunny,Moderate,39,61.1,Moderate
102047,110,140.5,156.3,396,0.3,17.2,27,36.0,476,Sunny,Good,9,51.9,Moderate
102048,224,136.8,135.2,741,4.9,24.9,64,66.0,487,Sunny,Excellent,54,29.9,High
102049,52,123.8,106.7,1067,7.2,-3.4,91,84.0,79,Foggy,Excellent,64,62.0,Moderate
102050,25,133.8,86.5,734,9.0,18.5,20,96.0,285,Sunny,Excellent,19,65.5,Moderate
102051,235,33.9,,730,2.9,23.2,22,37.0,48,Sunny,Moderate,95,45.7,High
102052,166,46.2,143.6,426,5.6,-4.2,84,98.0,97,Foggy,Poor,112,47.6,High
102053,99,46.9,167.8,608,7.3,34.5,34,34.0,477,Sunny,Excellent,119,64.8,Moderate
102054,187,59.7,152.5,953,6.1,9.8,69,46.0,404,Windy,Good,107,47.0,High
102055,111,62.0,51.7,748,3.0,17.6,39,87.0,405,Snowy,Good,101,61.3,Moderate
102056,116,84.0,113.7,449,8.8,21.8,22,92.0,430,Sunny,Moderate,28,54.2,Moderate
102057,78,28.2,,850,1.9,44.6,80,56.0,24,Sunny,Excellent,25,68.2,Moderate
102058,78,105.2,109.9,732,10.0,-0.0,34,97.0,213,Cloudy,Poor,6,58.1,Moderate
102059,67,29.3,122.7,1056,10.5,22.8,78,57.0,55,Foggy,Moderate,87,72.6,Moderate
102060,188,50.0,171.9,541,4.0,21.5,73,,254,Windy,Poor,49,42.9,High
102061,32,78.0,148.9,929,4.1,-1.6,79,79.0,447,Sunny,Good,120,69.5,Moderate
102062,126,120.5,96.0,1103,8.2,26.7,56,96.0,155,Cloudy,Moderate,86,48.5,High
102063,64,112.2,198.0,951,5.0,9.3,40,60.0,486,Cloudy,Moderate,14,59.1,Moderate
102064,108,98.6,44.1,694,0.3,0.2,42,41.0,160,Rainy,Moderate,49,62.4,Moderate
102065,200,27.6,219.1,359,10.1,3.9,37,84.0,193,Sunny,Excellent,41,41.3,High
102066,189,84.3,35.0,613,4.7,36.2,36,33.0,3,Sunny,Poor,27,50.8,Moderate
102067,119,17.7,13.1,617,2.2,0.2,50,71.0,463,Rainy,Poor,49,68.7,Moderate
102068,210,59.7,196.9,1181,,18.3,83,83.0,267,Cloudy,Excellent,45,36.9,High
102069,174,65.0,61.4,979,2.4,4.8,67,51.0,400,Sunny,Good,69,52.7,Moderate
102070,185,10.8,163.2,1111,2.3,3.1,45,30.0,35,Snowy,Good,65,54.2,Moderate
102071,207,44.7,180.3,920,6.0,5.3,41,77.0,15,Rainy,Poor,10,40.7,High
102072,26,143.6,190.4,544,4.3,19.6,64,72.0,486,Cloudy,Moderate,69,61.4,Moderate
102073,152,143.3,218.2,911,6.3,6.9,55,49.0,406,Rainy,Good,22,39.6,High
102074,64,56.1,71.7,756,11.0,-0.2,83,47.0,455,Cloudy,Excellent,95,73.5,Moderate
102075,77,11.2,159.2,645,9.4,35.1,54,99.0,376,Rainy,Good,116,66.9,Moderate
102076,50,31.0,34.2,446,0.1,22.0,94,78.0,136,Windy,Excellent,44,77.8,Low
102077,42,61.9,95.4,811,0.6,2.8,46,46.0,77,Rainy,Excellent,42,75.6,Low
102078,189,142.4,188.1,988,6.7,18.6,87,82.0,310,Rainy,Moderate,49,31.3,High
102079,157,25.5,87.2,1107,6.9,-1.6,36,51.0,72,Rainy,Moderate,21,59.2,Moderate
102080,179,115.7,134.1,436,9.7,24.0,89,39.0,319,Cloudy,Good,94,43.3,High
102081,126,20.8,115.8,426,6.9,12.0,30,53.0,430,Sunny,Moderate,17,63.7,Moderate
102082,200,147.3,145.6,1065,2.5,0.2,24,41.0,244,Sunny,Excellent,14,34.9,High
102083,177,60.3,214.3,832,5.2,4.2,77,33.0,345,Rainy,Good,106,46.9,High
102084,58,117.4,21.7,495,8.9,12.3,76,71.0,227,Cloudy,Moderate,94,67.3,Moderate
102085,178,54.7,130.5,1010,10.2,35.3,93,34.0,194,Cloudy,Good,35,51.5,Moderate
102086,101,96.0,191.2,460,,3.7,99,55.0,245,Snowy,Good,91,55.2,Moderate
102087,119,32.8,111.1,990,5.9,0.5,93,88.0,393,Sunny,Excellent,54,60.3,Moderate
102088,21,26.2,26.5,1114,1.7,20.8,93,91.0,88,Rainy,Moderate,88,82.7,Low
102089,225,141.0,127.7,1027,5.5,22.9,33,34.0,259,Cloudy,Moderate,27,32.8,High
102090,96,138.1,79.7,646,1.0,-0.5,91,55.0,285,Cloudy,Good,49,56.7,Moderate
102091,240,133.7,42.5,775,10.4,9.2,20,,497,Sunny,Excellent,95,35.1,High
102092,31,95.7,188.3,998,7.0,8.1,35,53.0,138,Sunny,Moderate,83,68.2,Moderate
102093,58,122.2,119.5,1140,9.4,4.3,45,82.0,50,Sunny,Excellent,42,60.7,Moderate
102094,213,15.0,206.0,683,11.0,10.8,68,36.0,146,Cloudy,Good,15,46.0,High
102095,243,53.5,179.3,872,2.0,-3.1,61,39.0,241,Cloudy,Good,12,37.0,High
102096,32,50.5,155.5,932,7.6,27.6,89,68.0,396,Rainy,Poor,82,73.6,Moderate
102097,65,97.2,11.1,1020,9.8,44.4,85,57.0,440,Cloudy,Moderate,17,70.4,Moderate
102098,174,56.6,99.8,1077,6.3,26.7,72,71.0,483,Snowy,Moderate,90,49.8,High
102099,132,26.5,51.5,887,7.0,13.1,28,91.0,386,Rainy,Moderate,38,61.4,Moderate
102100,36,91.5,201.3,1147,4.5,28.4,88,,367,Sunny,Good,69,64.4,Moderate
102101,123,123.1,,511,7.4,23.6,59,51.0,333,Sunny,Excellent,105,55.7,Moderate
102102,242,60.4,70.1,779,4.4,37.3,75,86.0,457,Sunny,Moderate,100,37.1,High
102103,117,24.2,118.5,963,5.2,26.1,24,40.0,421,Foggy,Good,79,66.1,Moderate
102104,207,33.5,65.3,418,1.1,26.7,75,43.0,231,Windy,Moderate,14,51.2,Moderate
102105,211,39.4,54.1,482,0.1,6.1,91,60.0,26,Sunny,Excellent,98,48.6,High
102106,107,48.5,135.8,538,,15.8,24,33.0,343,Rainy,Excellent,80,64.8,Moderate
102107,128,98.2,28.7,1072,2.1,12.2,88,51.0,207,Foggy,Moderate,110,58.6,Moderate
102108,182,92.1,,1104,5.0,-4.4,71,93.0,137,Rainy,Good,109,45.8,High
102109,89,105.9,88.2,1027,0.2,10.7,92,90.0,373,Cloudy,Good,102,57.9,Moderate
102110,230,57.6,161.3,922,1.7,19.3,52,35.0,436,Sunny,Good,93,40.1,High
102111,177,124.5,126.5,628,8.6,25.0,41,97.0,154,Sunny,Moderate,40,37.2,High
102112,218,,98.8,779,8.4,41.7,34,35.0,6,Rainy,Excellent,8,48.2,High
102113,93,73.0,128.8,974,8.7,7.0,84,95.0,114,Snowy,Good,25,58.6,Moderate
102114,243,121.1,86.7,891,10.1,2.6,90,65.0,91,Cloudy,Good,65,30.9,High
102115,245,31.1,206.6,1184,1.3,38.5,42,44.0,345,Sunny,Good,98,37.4,High
102116,82,20.9,21.5,510,1.8,42.1,25,69.0,81,Foggy,Moderate,42,74.8,Moderate
102117,175,133.1,151.4,1095,3.7,19.4,77,70.0,12,Windy,Excellent,80,38.0,High
102118,79,54.7,197.2,802,10.1,0.8,45,,71,Sunny,Poor,43,65.8,Moderate
102119,98,104.2,178.8,519,8.5,19.3,31,51.0,90,Sunny,Moderate,93,55.8,Moderate
102120,241,8.7,48.6,1179,3.6,0.5,96,40.0,187,Cloudy,Good,58,49.1,High
102121,56,105.1,72.1,1047,1.0,39.2,96,31.0,397,Sunny,Poor,66,70.6,Moderate
102122,240,50.8,160.6,406,6.8,30.4,21,59.0,104,Sunny,Moderate,23,36.8,High
102123,41,,27.7,589,2.8,7.1,51,97.0,299,Sunny,Poor,6,80.0,Low
102124,215,93.4,180.5,1118,5.8,39.3,69,82.0,453,Foggy,Good,26,32.9,High
102125,167,39.9,161.0,707,10.4,26.9,80,50.0,83,Windy,Good,98,52.1,Moderate
102126,115,61.1,163.2,550,6.3,42.7,30,,27,Sunny,Good,61,58.4,Moderate
102127,247,16.7,31.1,793,10.2,44.0,87,34.0,278,Windy,Excellent,119,48.6,High
102128,87,26.3,160.7,1186,4.3,-4.8,53,95.0,11,Rainy,Poor,104,63.6,Moderate
102129,238,48.2,152.8,1176,7.0,1.0,99,78.0,407,Sunny,Moderate,7,35.9,High
102130,211,18.0,184.5,651,9.8,22.3,27,37.0,306,Windy,Moderate,27,46.9,High
102131,36,137.1,18.7,455,6.5,42.8,27,56.0,363,Rainy,Poor,8,70.5,Moderate
102132,31,5.9,14.9,1151,6.8,44.7,34,31.0,149,Windy,Poor,32,89.9,Low
102133,169,75.2,88.3,450,7.9,23.4,24,57.0,317,Cloudy,Excellent,82,50.4,Moderate
102134,164,22.9,41.2,446,9.7,3.7,38,40.0,25,Cloudy,Moderate,74,61.7,Moderate
102135,157,49.6,127.3,1014,1.0,3.2,93,75.0,213,Sunny,Moderate,74,51.9,Moderate
102136,137,139.3,202.6,378,3.7,33.2,28,50.0,313,Cloudy,Good,45,43.5,High
102137,212,28.4,92.2,855,4.4,24.6,76,71.0,454,Cloudy,Poor,41,46.7,High
102138,41,145.0,187.4,1014,10.0,22.4,73,61.0,398,Foggy,Poor,11,59.7,Moderate
102139,237,34.8,10.1,787,10.5,18.3,48,61.0,239,Rainy,Moderate,81,46.6,High
102140,139,112.5,45.4,728,1.3,31.3,38,,221,Sunny,Good,5,54.1,Moderate
102141,229,84.3,16.4,422,1.3,37.9,96,50.0,67,Sunny,Moderate,92,42.8,High
102142,69,133.2,78.9,603,,10.1,65,51.0,261,Windy,Good,38,62.6,Moderate
102143,33,85.3,200.7,865,3.3,6.0,99,63.0,495,Cloudy,Good,56,67.5,Moderate
102144,211,82.5,30.4,1098,2.7,28.5,81,39.0,110,Sunny,Good,14,46.7,High
102145,194,33.3,137.3,899,0.4,40.7,79,94.0,129,Windy,Good,64,44.8,High
102146,48,29.1,104.8,369,3.0,12.4,24,94.0,158,Foggy,Good,10,73.2,Moderate
102147,223,137.9,207.1,974,7.6,8.6,52,96.0,279,Rainy,Moderate,72,23.4,High
102148,183,52.5,35.7,884,4.7,6.3,74,72.0,290,Sunny,Excellent,76,51.8,Moderate
102149,246,59.0,54.5,770,5.7,7.7,38,,302,Cloudy,Moderate,114,38.9,High
102150,199,115.2,16.2,795,10.1,1.7,36,42.0,30,Snowy,Excellent,52,45.3,High
102151,144,54.1,101.1,485,1.3,24.8,61,33.0,88,Foggy,Good,83,59.2,Moderate
102152,223,143.0,68.3,854,0.8,9.0,41,52.0,455,Foggy,Moderate,49,34.1,High
102153,26,112.0,192.7,1109,9.4,25.7,58,99.0,331,Cloudy,Moderate,16,62.3,Moderate
102154,48,91.6,137.0,650,8.5,-0.8,99,63.0,117,Windy,Moderate,107,67.2,Moderate
102155,158,132.7,139.0,958,,0.8,46,70.0,129,Sunny,Good,115,41.7,High
102156,52,12.2,121.7,382,3.6,21.8,95,47.0,206,Sunny,Excellent,74,78.4,Low
102157,153,42.3,29.3,996,3.4,20.6,65,62.0,359,Cloudy,Moderate,25,59.7,Moderate
102158,130,72.4,103.5,1116,7.1,8.6,47,54.0,58,Foggy,Good,114,57.3,Moderate
102159,98,37.9,219.9,627,0.7,36.4,71,81.0,95,Sunny,Good,100,58.7,Moderate
102160,179,112.9,185.4,482,5.4,4.4,84,46.0,318,Sunny,Good,100,40.4,High
102161,198,138.3,197.6,1099,1.5,13.0,58,80.0,245,Foggy,Excellent,95,29.9,High
102162,222,,182.9,876,9.0,22.8,37,32.0,458,Sunny,Good,115,39.7,High
102163,77,54.6,31.6,1138,4.2,38.4,41,84.0,144,Sunny,Good,79,69.6,Moderate
102164,234,144.4,57.8,475,5.8,15.9,87,85.0,309,Rainy,Good,90,29.2,High
102165,45,69.5,10.7,694,0.3,14.9,30,64.0,124,Rainy,Moderate,40,76.6,Low
102166,245,75.9,73.7,366,0.6,24.0,83,97.0,404,Cloudy,Good,91,33.4,High
102167,193,56.0,32.8,1173,7.4,10.8,90,88.0,21,Foggy,Poor,105,48.1,High
102168,245,136.9,109.3,911,8.4,30.5,76,88.0,380,Sunny,Good,27,25.2,High
102169,48,87.5,152.2,996,7.8,7.4,54,42.0,352,Foggy,Good,59,69.0,Moderate
102170,23,115.5,193.6,979,8.1,36.2,56,91.0,371,Snowy,Excellent,31,63.2,Moderate
102171,228,122.7,167.3,727,1.2,8.6,69,76.0,438,Cloudy,Moderate,102,28.3,High
102172,118,54.6,207.1,1167,7.6,44.6,49,32.0,284,Windy,Moderate,24,58.7,Moderate
102173,160,67.9,21.3,409,2.0,10.8,36,,206,Sunny,Moderate,19,57.0,Moderate
102174,58,128.0,12.6,986,1.1,38.9,52,94.0,404,Sunny,Poor,46,64.2,Moderate
102175,34,57.7,148.9,816,8.3,14.9,35,47.0,257,Foggy,Moderate,8,74.8,Moderate
102176,138,120.1,,977,9.8,7.3,34,42.0,297,Sunny,Poor,33,53.0,Moderate
102177,48,141.4,63.2,740,7.9,6.3,32,74.0,51,Sunny,Excellent,59,63.8,Moderate
102178,176,95.4,79.5,1034,8.9,37.5,22,91.0,37,Cloudy,Good,108,43.8,High
102179,94,112.5,66.7,536,10.9,10.4,43,59.0,386,Sunny,Good,79,60.3,Moderate
102180,135,121.7,117.4,847,1.5,11.9,42,43.0,152,Windy,Moderate,53,50.9,Moderate
102181,51,127.5,102.4,949,10.6,4.8,78,82.0,332,Foggy,Good,75,62.2,Moderate
102182,149,62.3,117.6,1064,6.6,43.1,74,39.0,215,Cloudy,Moderate,79,55.9,Moderate
102183,194,12.4,151.3,710,8.9,7.2,84,60.0,445,Cloudy,Good,58,50.0,Moderate
102184,225,63.3,91.3,1172,7.2,7.4,51,35.0,222,Cloudy,Good,110,43.8,High
102185,103,102.7,62.8,1181,6.3,42.2,79,48.0,142,Sunny,Good,37,61.2,Moderate
102186,41,70.3,44.9,798,7.7,40.0,49,41.0,453,Sunny,Excellent,98,77.8,Low
102187,222,113.6,83.4,1043,3.5,7.4,85,93.0,104,Sunny,Excellent,100,32.9,High
102188,46,56.8,,1029,10.2,38.2,37,84.0,9,Cloudy,Good,108,68.2,Moderate
102189,214,97.0,168.9,530,1.3,7.5,78,96.0,456,Rainy,Excellent,41,31.8,High
102190,100,32.0,150.1,1161,3.5,-0.8,72,38.0,241,Foggy,Moderate,81,66.9,Moderate
102191,145,113.7,59.1,479,0.3,36.0,83,35.0,488,Rainy,Good,11,53.8,Moderate
102192,203,84.1,133.5,498,3.0,33.6,49,30.0,375,Rainy,Excellent,28,43.7,High
102193,111,34.6,129.8,821,2.4,9.7,37,71.0,382,Sunny,Good,59,62.3,Moderate
102194,240,47.3,111.7,1167,0.5,-0.5,24,84.0,113,Windy,Poor,15,37.1,High
102195,40,113.5,125.5,1070,5.4,5.3,88,78.0,232,Foggy,Good,99,65.1,Moderate
102196,66,75.0,113.3,972,5.2,33.6,27,,68,Foggy,Poor,112,67.6,Moderate
102197,227,36.3,128.7,849,0.9,43.2,28,64.0,364,Sunny,Good,82,41.9,High
102198,120,145.3,160.3,998,2.9,8.0,51,92.0,43,Rainy,Poor,48,43.7,High
102199,206,108.7,33.0,704,10.5,35.9,33,51.0,168,Rainy,Good,94,43.1,High
102200,103,,167.4,560,1.2,6.4,32,72.0,210,Sunny,Good,69,48.6,High
102201,25,66.9,38.5,1007,3.4,29.0,37,57.0,275,Foggy,Moderate,10,79.8,Low
102202,166,73.9,24.0,945,0.4,-0.8,87,47.0,480,Sunny,Poor,35,55.4,Moderate
102203,204,135.2,215.0,379,1.6,24.3,41,61.0,106,Sunny,Moderate,47,30.2,High
102204,216,81.1,211.0,926,7.7,8.5,39,98.0,420,Cloudy,Moderate,111,31.0,High
102205,150,107.6,22.7,373,,41.3,34,,478,Sunny,Excellent,16,50.7,Moderate
102206,20,41.6,103.1,1072,5.0,9.5,26,,166,Foggy,Good,69,80.0,Low
102207,77,69.8,49.1,571,1.7,14.9,96,60.0,204,Cloudy,Excellent,120,69.3,Moderate
102208,143,22.9,111.9,951,7.5,37.0,49,33.0,118,Cloudy,Good,56,62.6,Moderate
102209,185,34.9,184.3,967,8.3,16.9,24,43.0,485,Rainy,Good,74,49.0,High
102210,34,5.1,209.6,1033,2.0,6.9,20,44.0,108,Sunny,Good,97,78.4,Low
102211,181,10.7,143.2,1091,0.5,22.4,79,89.0,453,Snowy,Moderate,34,50.1,Moderate
102212,208,146.7,84.3,938,0.9,37.0,50,49.0,238,Snowy,Excellent,81,35.8,High
102213,182,40.1,136.7,929,7.2,16.7,39,49.0,7,Cloudy,Good,98,50.7,Moderate
102214,83,101.2,75.5,750,1.5,1.6,83,78.0,42,Foggy,Good,80,61.3,Moderate
102215,44,126.7,201.1,953,5.4,14.2,83,97.0,393,Rainy,Good,78,57.1,Moderate
102216,43,84.8,192.8,861,1.7,42.7,48,47.0,296,Rainy,Good,59,67.7,Moderate
102217,31,27.2,127.2,437,1.9,-1.4,29,53.0,131,Foggy,Good,43,79.5,Low
102218,37,110.6,78.2,814,0.0,15.4,48,56.0,205,Rainy,Poor,78,70.6,Moderate
102219,34,92.0,71.6,399,3.5,27.4,50,62.0,387,Cloudy,Good,86,73.1,Moderate
102220,227,111.0,17.0,452,1.0,-1.1,94,93.0,279,Sunny,Excellent,10,35.7,High
102221,46,116.6,181.3,717,4.3,12.2,49,54.0,238,Rainy,Good,60,63.3,Moderate
102222,91,146.4,104.6,841,6.6,42.0,44,98.0,276,Foggy,Excellent,12,51.0,Moderate
102223,79,88.2,78.3,907,4.0,-3.5,99,47.0,393,Cloudy,Good,88,66.6,Moderate
102224,193,54.5,108.9,1040,7.8,32.6,77,74.0,45,Sunny,Good,59,45.9,High
102225,236,99.0,181.9,1128,8.2,37.1,76,49.0,472,Cloudy,Excellent,109,31.6,High
102226,164,14.9,36.2,617,7.7,8.9,82,64.0,197,Rainy,Moderate,20,60.5,Moderate
102227,112,135.1,190.1,746,10.3,5.7,56,35.0,463,Sunny,Moderate,6,50.6,Moderate
102228,72,22.3,198.5,669,2.6,40.7,77,38.0,120,Windy,Good,68,70.6,Moderate
102229,27,52.5,208.8,869,2.1,33.2,47,81.0,299,Windy,Moderate,15,70.3,Moderate
102230,98,123.3,93.5,798,6.7,0.7,46,57.0,219,Cloudy,Good,92,57.2,Moderate
102231,46,91.6,55.6,1126,6.5,5.6,89,48.0,355,Sunny,Excellent,87,73.1,Moderate
102232,193,62.1,88.5,825,5.6,26.1,56,92.0,288,Rainy,Good,8,44.2,High
102233,69,73.6,79.9,939,0.0,16.0,25,36.0,93,Sunny,Moderate,7,71.2,Moderate
102234,218,128.9,47.0,589,6.1,20.2,96,66.0,291,Cloudy,Excellent,19,36.3,High
102235,150,54.3,137.5,607,10.3,42.6,81,65.0,152,Sunny,Moderate,108,53.1,Moderate
102236,112,131.1,110.1,1057,3.7,16.0,52,46.0,12,Rainy,Moderate,72,54.0,Moderate
102237,211,17.8,191.8,1191,10.6,39.1,97,66.0,422,Sunny,Poor,47,43.7,High
102238,191,117.6,16.7,992,3.9,28.0,59,89.0,206,Windy,Excellent,85,41.8,High
102239,200,127.9,145.2,739,1.5,1.1,60,78.0,254,Snowy,Excellent,13,33.6,High
102240,43,31.4,170.2,692,4.4,32.2,61,85.0,421,Foggy,Excellent,29,71.5,Moderate
102241,79,67.4,169.5,1122,5.4,21.0,28,63.0,157,Sunny,Poor,69,62.9,Moderate
102242,141,29.0,196.1,1103,6.9,6.3,37,59.0,269,Sunny,Moderate,108,55.4,Moderate
102243,150,107.5,163.1,736,5.6,9.5,34,56.0,305,Cloudy,Moderate,70,46.3,High
102244,167,82.6,204.8,743,5.9,22.9,23,80.0,67,Sunny,Good,59,41.8,High
102245,65,97.1,79.9,1032,0.3,25.1,53,38.0,256,Sunny,Good,49,68.9,Moderate
102246,34,33.5,115.7,1008,2.8,43.4,81,49.0,188,Rainy,Good,37,79.2,Low
102247,172,35.7,13.0,619,3.4,37.7,57,76.0,2,Rainy,Moderate,26,56.5,Moderate
102248,241,11.0,11.5,498,10.9,5.3,90,48.0,236,Sunny,Moderate,46,49.9,High
102249,225,51.7,60.4,729,3.3,33.7,42,97.0,433,Cloudy,Good,80,40.6,High
102250,218,86.2,31.2,1160,9.9,-4.6,39,41.0,444,Cloudy,Good,31,44.8,High
102251,36,129.4,,377,3.4,1.5,75,34.0,419,Sunny,Moderate,15,71.4,Moderate
102252,145,101.7,47.2,498,1.1,5.0,72,98.0,131,Windy,Excellent,46,49.5,High
102253,103,68.1,16.0,769,2.7,24.9,21,54.0,170,Sunny,Poor,82,67.1,Moderate
102254,247,143.2,201.0,629,3.0,4.7,40,60.0,269,Sunny,Good,82,22.3,High
102255,28,109.3,11.7,531,10.8,13.3,95,75.0,88,Sunny,Good,108,73.8,Moderate
102256,185,139.9,164.6,515,7.4,7.1,61,63.0,102,Sunny,Moderate,111,35.4,High
102257,195,81.5,42.0,366,10.2,11.9,76,70.0,124,Windy,Moderate,26,46.0,High
102258,207,42.5,,499,9.2,42.1,68,97.0,66,Sunny,Good,13,37.9,High
102259,82,12.7,197.5,688,6.4,44.9,29,67.0,262,Rainy,Poor,83,67.1,Moderate
102260,233,,147.3,394,7.4,29.3,91,75.0,7,Cloudy,Poor,101,30.0,High
102261,136,22.6,151.2,851,6.9,23.6,80,98.0,43,Rainy,Good,61,55.4,Moderate
102262,149,48.9,11.1,1191,7.3,30.4,40,56.0,447,Foggy,Moderate,87,61.2,Moderate
102263,107,82.2,216.8,538,2.9,33.6,79,72.0,134,Windy,Moderate,35,52.8,Moderate
102264,91,86.8,194.3,1000,,32.0,32,74.0,247,Sunny,Good,22,56.1,Moderate
102265,158,92.1,198.0,410,6.5,-0.9,67,47.0,303,Windy,Poor,16,45.9,High
102266,83,29.1,148.4,643,0.4,10.5,59,,317,Cloudy,Good,44,68.0,Moderate
102267,224,60.1,82.4,1183,5.3,12.2,82,,24,Cloudy,Excellent,105,45.2,High
102268,228,94.5,197.7,382,9.5,13.5,95,70.0,464,Rainy,Poor,49,30.7,High
102269,91,145.6,71.2,648,5.4,12.2,28,49.0,473,Foggy,Good,53,57.7,Moderate
102270,40,110.5,128.2,764,6.1,34.4,76,87.0,373,Sunny,Moderate,5,64.4,Moderate
102271,37,138.8,30.9,973,2.2,32.4,70,67.0,195,Snowy,Good,102,68.4,Moderate
102272,241,115.5,203.6,1152,8.7,-4.8,59,30.0,191,Sunny,Poor,11,29.6,High
102273,83,90.8,39.6,898,3.9,9.8,95,98.0,368,Cloudy,Moderate,6,62.4,Moderate
102274,101,32.8,57.2,780,10.5,26.2,92,83.0,401,Windy,Poor,90,66.7,Moderate
102275,129,101.7,127.2,844,10.9,1.0,83,43.0,121,Cloudy,Poor,8,53.9,Moderate
102276,114,95.4,170.5,449,10.1,-1.4,89,54.0,259,Sunny,Excellent,49,54.1,Moderate
102277,185,92.4,140.1,372,0.9,36.4,83,38.0,400,Cloudy,Good,50,44.8,High
102278,51,76.0,58.7,769,3.7,17.6,44,90.0,46,Snowy,Moderate,88,69.8,Moderate
102279,30,81.7,10.2,773,10.4,37.8,47,81.0,373,Cloudy,Moderate,71,76.2,Low
102280,64,53.5,169.0,836,8.8,36.2,29,37.0,208,Sunny,Good,13,69.9,Moderate
102281,236,80.3,216.9,1079,10.0,39.7,47,45.0,300,Cloudy,Poor,86,32.5,High
102282,52,33.6,180.1,438,6.3,-2.6,55,37.0,88,Foggy,Good,61,73.9,Moderate
102283,121,121.8,106.6,558,5.3,4.3,30,52.0,441,Rainy,Poor,20,53.1,Moderate
102284,188,31.9,199.8,620,1.2,9.8,40,63.0,2,Rainy,Good,55,46.0,High
102285,155,17.3,96.1,1098,9.2,1.8,45,47.0,395,Snowy,Good,56,60.5,Moderate
102286,30,68.3,120.2,755,8.2,19.3,37,73.0,474,Sunny,Good,13,73.1,Moderate
102287,233,100.5,110.2,1070,0.6,34.9,87,44.0,144,Rainy,Excellent,87,36.1,High
102288,198,68.5,104.0,627,2.3,42.6,60,44.0,373,Cloudy,Good,10,46.5,High
102289,107,45.1,172.8,555,6.1,39.5,34,52.0,21,Sunny,Good,48,61.5,Moderate
102290,60,85.9,120.6,939,7.5,17.9,42,94.0,38,Sunny,Good,83,63.5,Moderate
102291,164,55.3,76.5,677,1.5,26.8,60,61.0,294,Snowy,Moderate,10,53.9,Moderate
102292,95,140.3,64.2,959,2.7,6.5,25,61.0,106,Sunny,Good,9,56.8,Moderate
102293,140,138.8,17.9,685,2.1,15.2,90,62.0,495,Sunny,Good,97,51.0,Moderate
102294,65,,132.5,955,2.4,38.6,79,72.0,99,Sunny,Poor,50,65.1,Moderate
102295,179,52.5,58.3,941,10.1,-3.5,98,42.0,271,Sunny,Moderate,31,54.4,Moderate
102296,226,111.9,41.1,387,7.9,21.6,71,38.0,228,Cloudy,Excellent,119,40.0,High
102297,99,10.3,147.3,577,8.1,38.6,28,91.0,434,Snowy,Moderate,118,64.5,Moderate
102298,73,73.8,153.1,832,8.7,1.1,49,86.0,373,Sunny,Poor,49,61.7,Moderate
102299,105,53.8,168.0,483,3.9,44.1,63,,284,Sunny,Poor,45,58.5,Moderate
102300,111,138.5,115.8,1057,8.4,-4.4,81,72.0,205,Rainy,Moderate,120,50.4,Moderate
102301,167,6.7,197.8,739,10.8,39.3,62,96.0,70,Rainy,Moderate,94,49.6,High
102302,180,85.2,206.6,1143,7.7,12.7,47,61.0,168,Rainy,Good,32,40.9,High
102303,221,112.4,179.5,962,,1.6,27,89.0,184,Sunny,Moderate,58,28.9,High
102304,187,75.3,143.5,774,7.9,2.9,70,30.0,411,Windy,Moderate,36,47.1,High
102305,179,17.4,73.8,936,9.9,30.1,49,86.0,332,Cloudy,Good,93,53.4,Moderate
102306,116,146.0,216.4,1155,1.4,38.5,30,98.0,207,Rainy,Good,57,41.0,High
102307,21,80.1,,859,2.9,27.1,39,98.0,404,Sunny,Good,75,73.4,Moderate
102308,244,94.1,52.6,1069,10.1,41.4,50,97.0,387,Sunny,Moderate,34,32.5,High
102309,52,39.3,102.9,944,10.4,37.1,53,90.0,486,Snowy,Good,57,71.8,Moderate
102310,224,75.1,21.9,776,5.3,-4.5,31,37.0,381,Sunny,Moderate,35,45.9,High
102311,177,67.2,215.5,1004,4.1,28.5,67,36.0,354,Sunny,Poor,16,45.7,High
102312,180,15.9,133.6,823,3.1,10.2,47,66.0,371,Rainy,Good,13,52.4,Moderate
102313,96,20.4,127.0,917,,17.7,86,71.0,270,Cloudy,Poor,102,66.8,Moderate
102314,135,126.4,147.7,710,10.3,-0.3,82,61.0,436,Rainy,Good,71,47.0,High
102315,173,39.8,114.4,1148,1.6,9.1,67,46.0,345,Rainy,Excellent,41,53.8,Moderate
102316,169,33.3,16.7,560,4.6,26.6,61,57.0,429,Cloudy,Excellent,118,59.0,Moderate
102317,122,78.2,138.6,528,10.0,5.9,71,99.0,134,Cloudy,Good,32,51.8,Moderate
102318,213,116.5,160.4,407,3.8,27.4,24,77.0,145,Foggy,Good,114,32.0,High
102319,185,14.0,97.5,422,8.4,41.2,96,83.0,344,Cloudy,Moderate,90,51.8,Moderate
102320,122,88.6,169.0,564,4.3,-4.8,31,,484,Rainy,Moderate,30,51.9,Moderate
102321,109,22.3,57.7,1127,8.9,34.3,78,65.0,148,Sunny,Poor,87,68.3,Moderate
102322,193,10.3,56.5,422,10.8,27.1,84,95.0,115,Windy,Moderate,25,51.7,Moderate
102323,141,12.6,,816,4.3,-2.7,71,60.0,391,Sunny,Good,105,64.9,Moderate
102324,162,126.0,88.1,620,9.3,34.5,62,94.0,186,Cloudy,Good,14,41.9,High
102325,245,22.1,187.9,848,10.9,6.2,82,32.0,19,Cloudy,Moderate,84,40.7,High
102326,125,11.5,183.9,703,10.8,8.3,69,42.0,337,Rainy,Moderate,28,62.7,Moderate
102327,138,68.5,90.4,583,4.8,-0.3,58,60.0,372,Cloudy,Good,29,56.4,Moderate
102328,191,127.4,133.7,668,5.3,21.7,61,58.0,466,Rainy,Poor,56,37.8,High
102329,68,43.0,161.4,368,3.3,19.9,99,86.0,243,Sunny,Moderate,94,65.9,Moderate
102330,123,66.1,60.7,974,3.5,12.4,36,62.0,66,Cloudy,Moderate,5,60.7,Moderate
102331,222,10.8,45.3,924,5.4,3.4,62,82.0,438,Windy,Moderate,57,48.3,High
102332,80,70.1,214.1,721,2.2,36.9,68,39.0,61,Sunny,Good,72,62.6,Moderate
102333,214,88.8,139.7,533,7.8,38.8,24,92.0,485,Sunny,Moderate,105,34.6,High
102334,142,87.8,216.1,626,5.9,22.0,20,94.0,273,Cloudy,Good,111,43.7,High
102335,153,53.2,80.9,1023,9.9,7.2,86,31.0,346,Foggy,Moderate,82,58.9,Moderate
102336,28,50.8,157.6,1104,8.9,-0.2,43,31.0,462,Sunny,Good,28,77.9,Low
102337,25,20.5,56.7,494,3.5,38.4,48,98.0,109,Sunny,Excellent,31,80.4,Low
102338,92,58.2,64.9,1007,5.6,-0.2,34,66.0,55,Rainy,Good,111,66.6,Moderate
102339,122,19.4,117.5,430,8.3,-4.3,23,31.0,84,Sunny,Good,31,66.7,Moderate
102340,242,116.2,77.1,671,2.1,18.5,63,90.0,405,Cloudy,Excellent,92,29.6,High
102341,179,145.1,45.2,784,0.3,31.6,84,,263,Windy,Moderate,108,41.2,High
102342,60,145.7,65.2,1182,9.4,17.9,98,92.0,394,Sunny,Good,69,59.3,Moderate
102343,133,130.4,17.5,392,1.5,-2.4,50,54.0,106,Rainy,Good,43,54.1,Moderate
102344,223,92.1,157.9,662,9.8,29.5,39,67.0,11,Cloudy,Good,81,34.2,High
102345,27,106.6,113.3,642,10.0,27.1,29,66.0,175,Foggy,Moderate,88,70.1,Moderate
102346,91,46.4,29.8,1037,5.1,29.1,30,56.0,358,Foggy,Excellent,106,71.0,Moderate
102347,197,96.5,46.1,418,8.9,5.6,47,79.0,318,Cloudy,Good,40,42.8,High
102348,111,71.1,31.5,405,4.0,34.8,57,63.0,26,Rainy,Good,80,63.6,Moderate
102349,81,74.9,138.6,980,9.4,19.0,99,73.0,290,Rainy,Poor,73,62.2,Moderate
102350,103,114.9,29.8,553,9.1,21.8,43,33.0,129,Sunny,Moderate,9,62.9,Moderate
102351,81,45.9,168.4,769,0.9,22.3,58,81.0,226,Sunny,Excellent,85,63.4,Moderate
102352,130,51.1,14.3,916,,9.3,70,84.0,478,Foggy,Good,106,61.4,Moderate
102353,146,139.1,62.4,899,7.0,7.5,95,41.0,135,Cloudy,Moderate,14,49.8,High
102354,26,13.2,197.0,592,0.0,-4.8,69,43.0,19,Sunny,Excellent,20,79.6,Low
102355,222,75.4,160.9,550,10.8,14.8,26,64.0,263,Windy,Poor,92,36.5,High
102356,103,137.4,25.3,1097,4.5,19.3,87,35.0,446,Rainy,Excellent,97,60.2,Moderate
102357,227,93.5,182.4,823,5.7,32.1,72,76.0,323,Sunny,Excellent,57,31.2,High
102358,151,84.2,113.5,876,2.1,-1.7,56,52.0,158,Sunny,Excellent,18,51.8,Moderate
102359,153,41.2,187.8,1005,6.7,41.2,73,97.0,159,Sunny,Moderate,78,48.4,High
102360,77,54.8,136.2,426,8.9,8.2,74,94.0,396,Foggy,Good,33,63.4,Moderate
102361,41,128.5,153.2,827,6.4,13.3,94,88.0,341,Foggy,Excellent,32,60.7,Moderate
102362,173,86.1,218.6,1170,8.7,-2.6,50,38.0,25,Sunny,Poor,21,43.8,High
102363,146,79.6,58.8,789,8.0,27.7,84,87.0,80,Windy,Good,73,52.5,Moderate
102364,22,,141.0,612,,30.4,78,77.0,412,Cloudy,Good,70,79.0,Low
102365,146,7.3,106.7,534,4.8,41.4,66,92.0,474,Rainy,Excellent,40,58.3,Moderate
102366,60,144.7,18.3,404,1.6,11.8,68,38.0,375,Sunny,Poor,118,67.1,Moderate
102367,207,59.7,,657,0.5,7.9,37,73.0,469,Cloudy,Moderate,108,47.6,High
102368,125,92.5,35.0,865,0.7,31.3,22,75.0,17,Sunny,Moderate,50,57.2,Moderate
102369,33,16.6,146.3,648,10.4,30.3,37,44.0,68,Sunny,Excellent,49,80.4,Low
102370,222,104.1,129.1,901,10.8,41.9,77,82.0,395,Sunny,Good,107,32.9,High
102371,229,140.2,126.2,579,1.0,5.3,90,77.0,129,Sunny,Moderate,13,27.9,High
102372,31,88.5,16.7,726,3.7,30.3,44,71.0,425,Foggy,Good,40,75.9,Low
102373,106,23.3,108.6,635,1.3,-1.7,37,46.0,134,Foggy,Good,9,68.1,Moderate
102374,31,89.3,204.2,487,9.2,19.0,71,,302,Windy,Poor,83,67.1,Moderate
102375,160,116.1,93.5,827,5.5,1.0,62,60.0,378,Sunny,Excellent,77,46.6,High
102376,44,63.9,141.2,964,6.8,27.7,86,33.0,217,Cloudy,Moderate,93,74.1,Moderate
102377,64,132.6,173.8,356,5.9,25.1,26,77.0,309,Cloudy,Good,54,56.2,Moderate
102378,141,99.1,174.6,1025,7.8,-2.6,93,43.0,486,Cloudy,Moderate,32,49.7,High
102379,166,135.4,119.0,768,3.5,11.0,63,54.0,14,Sunny,Excellent,31,42.5,High
102380,74,95.4,190.2,821,,14.8,63,75.0,495,Cloudy,Good,114,58.2,Moderate
102381,119,24.0,92.2,769,0.2,7.4,70,77.0,185,Sunny,Moderate,51,63.4,Moderate
102382,192,49.9,196.6,625,4.9,-3.1,98,69.0,416,Windy,Poor,37,42.7,High
102383,155,34.3,,910,10.0,10.9,40,79.0,494,Rainy,Poor,119,57.1,Moderate
102384,240,136.8,68.8,957,3.4,34.6,56,36.0,194,Cloudy,Good,101,33.3,High
102385,138,115.3,21.2,920,2.2,13.0,47,,190,Rainy,Excellent,42,51.4,Moderate
102386,72,103.1,177.1,1092,10.2,11.2,51,64.0,233,Sunny,Moderate,12,59.4,Moderate
102387,202,48.6,97.6,1038,1.2,42.1,76,92.0,431,Sunny,Good,8,43.7,High
102388,51,31.7,58.1,439,0.6,-2.9,60,49.0,65,Sunny,Moderate,116,79.2,Low
102389,70,114.7,58.7,631,9.7,33.4,73,45.0,80,Snowy,Good,111,66.2,Moderate
102390,63,73.8,199.3,897,7.7,19.2,46,51.0,448,Sunny,Good,40,64.7,Moderate
102391,101,37.7,185.1,520,4.6,42.2,93,65.0,35,Cloudy,Moderate,111,61.5,Moderate
102392,217,94.4,126.2,987,8.3,14.7,59,48.0,234,Sunny,Excellent,35,38.5,High
102393,165,10.8,139.4,1160,8.2,30.4,60,31.0,16,Sunny,Moderate,78,58.9,Moderate
102394,230,52.3,109.6,704,0.4,-1.5,89,97.0,1,Sunny,Good,53,37.1,High
102395,169,72.9,92.2,553,7.4,41.4,43,36.0,32,Rainy,Moderate,45,52.6,Moderate
102396,56,26.5,202.3,638,7.0,12.2,37,76.0,348,Cloudy,Excellent,110,69.0,Moderate
102397,115,147.8,36.4,811,10.6,21.2,93,78.0,379,Rainy,Good,12,51.9,Moderate
102398,75,35.3,97.9,958,10.6,1.9,75,72.0,133,Sunny,Poor,34,70.2,Moderate
102399,124,23.9,82.4,1099,4.2,42.3,34,61.0,426,Sunny,Moderate,18,64.6,Moderate
102400,78,34.5,114.6,522,6.5,28.6,91,46.0,355,Rainy,Poor,49,71.5,Moderate
102401,150,116.5,,650,1.6,-2.3,54,43.0,343,Sunny,Moderate,103,49.4,High
102402,175,66.7,119.0,949,0.7,2.8,46,61.0,266,Sunny,Poor,114,48.4,High
102403,221,87.0,39.4,878,4.8,15.0,22,89.0,4,Sunny,Good,50,38.9,High
102404,54,8.0,117.8,489,7.6,5.8,40,89.0,285,Rainy,Excellent,71,74.5,Moderate
102405,208,10.0,60.9,1115,6.2,10.2,58,81.0,393,Rainy,Moderate,97,50.2,Moderate
102406,112,69.6,48.7,627,4.7,44.9,51,95.0,484,Sunny,Moderate,20,59.6,Moderate
102407,201,123.4,23.6,1012,9.0,27.9,69,33.0,346,Rainy,Moderate,14,44.5,High
102408,210,133.4,170.2,860,8.7,41.1,28,92.0,90,Rainy,Moderate,72,28.5,High
102409,226,17.6,99.8,695,8.1,16.8,69,62.0,151,Cloudy,Poor,56,46.0,High
102410,116,83.1,141.6,1195,0.8,30.5,20,30.0,442,Sunny,Excellent,54,59.1,Moderate
102411,154,137.4,162.8,489,8.8,18.0,23,93.0,377,Rainy,Moderate,72,38.4,High
102412,95,61.3,152.7,463,10.1,11.4,23,66.0,117,Rainy,Excellent,6,61.3,Moderate
102413,68,125.3,108.8,929,0.7,21.0,53,99.0,450,Sunny,Excellent,79,57.4,Moderate
102414,113,24.4,91.5,856,4.4,16.4,46,36.0,60,Rainy,Good,83,68.6,Moderate
102415,232,140.6,89.0,715,10.9,44.0,34,53.0,357,Cloudy,Moderate,79,31.6,High
102416,178,114.0,144.4,1040,6.6,19.8,51,97.0,25,Snowy,Moderate,91,37.4,High
102417,205,141.5,113.9,986,5.6,35.6,60,84.0,108,Sunny,Poor,106,32.0,High
102418,208,103.1,188.3,746,2.0,28.3,90,32.0,367,Sunny,Excellent,118,37.6,High
102419,43,57.7,193.7,1174,6.2,19.0,80,52.0,294,Cloudy,Good,98,70.5,Moderate
102420,167,141.0,45.8,1172,4.8,18.7,82,65.0,209,Cloudy,Excellent,64,44.2,High
102421,56,45.0,38.6,1199,1.4,12.1,80,86.0,258,Cloudy,Excellent,54,74.0,Moderate
102422,23,53.2,142.4,1094,5.1,0.3,33,77.0,293,Rainy,Good,5,74.7,Moderate
102423,239,106.6,73.3,1008,1.8,33.1,42,42.0,41,Cloudy,Good,113,36.3,High
102424,127,116.0,13.9,460,8.0,40.9,84,90.0,303,Rainy,Good,101,53.5,Moderate
102425,145,139.8,196.6,707,,5.9,51,53.0,472,Sunny,Excellent,113,42.0,High
102426,39,34.7,57.6,587,5.2,41.3,60,72.0,12,Rainy,Good,41,78.7,Low
102427,207,120.7,205.1,352,,6.6,45,62.0,88,Cloudy,Poor,27,31.8,High
102428,171,112.1,160.7,1072,4.7,21.5,67,53.0,87,Sunny,Moderate,53,42.4,High
102429,69,14.3,170.2,753,1.5,12.2,92,51.0,311,Sunny,Moderate,116,72.3,Moderate
102430,196,61.1,,374,10.7,0.7,35,81.0,488,Sunny,Moderate,86,46.7,High
102431,198,46.0,59.2,1192,1.4,-2.4,50,35.0,186,Cloudy,Good,78,52.4,Moderate
102432,115,49.2,119.5,858,1.2,13.3,85,48.0,62,Sunny,Moderate,68,62.6,Moderate
102433,124,147.5,46.1,1045,5.1,-2.6,51,58.0,335,Foggy,Moderate,21,51.9,Moderate
102434,183,98.2,74.1,814,7.2,0.2,29,93.0,42,Windy,Good,75,42.3,High
102435,136,109.1,77.5,410,3.9,2.1,44,43.0,232,Windy,Poor,19,54.3,Moderate
102436,117,146.6,43.5,857,2.1,-4.9,64,59.0,233,Cloudy,Good,55,53.3,Moderate
102437,247,59.7,53.1,472,9.0,2.7,43,50.0,74,Windy,Excellent,31,40.7,High
102438,85,121.3,175.6,846,4.0,23.9,22,94.0,252,Sunny,Moderate,13,52.0,Moderate
102439,98,68.0,45.1,404,2.1,36.0,81,33.0,312,Cloudy,Moderate,68,68.6,Moderate
102440,181,131.1,16.0,512,4.0,4.7,98,75.0,148,Cloudy,Moderate,67,43.4,High
102441,183,31.2,142.2,1048,2.4,-1.0,86,37.0,478,Sunny,Good,89,52.5,Moderate
102442,25,142.4,215.0,388,5.7,31.5,74,47.0,181,Sunny,Good,57,63.0,Moderate
102443,58,36.7,79.6,1046,7.4,-4.6,29,,206,Cloudy,Good,105,72.3,Moderate
102444,189,52.3,34.9,432,8.8,31.7,74,74.0,180,Sunny,Poor,97,50.6,Moderate
102445,134,114.6,129.8,1056,2.5,1.6,41,60.0,172,Rainy,Moderate,46,49.6,High
102446,205,62.1,200.3,895,1.8,6.4,33,57.0,240,Foggy,Moderate,113,39.9,High
102447,144,93.2,174.7,462,0.2,1.0,92,93.0,163,Sunny,Excellent,101,44.9,High
102448,31,69.5,140.7,774,2.5,7.4,27,66.0,62,Cloudy,Good,74,72.4,Moderate
102449,150,112.6,76.2,579,0.3,34.9,34,96.0,381,Rainy,Good,93,46.1,High
102450,37,38.1,123.8,632,3.8,1.6,34,97.0,234,Sunny,Good,39,72.9,Moderate
102451,59,13.5,29.2,636,1.6,44.7,71,64.0,124,Foggy,Excellent,21,79.9,Low
102452,40,48.5,152.6,504,6.4,11.4,89,65.0,256,Windy,Moderate,48,72.9,Moderate
102453,162,73.8,162.3,514,4.2,41.1,73,86.0,91,Sunny,Good,95,45.3,High
102454,244,29.4,212.7,531,1.0,4.5,95,99.0,224,Sunny,Moderate,47,32.0,High
102455,118,56.4,64.7,588,4.4,4.4,61,33.0,194,Foggy,Excellent,108,65.5,Moderate
102456,45,63.0,13.9,998,2.3,23.3,38,78.0,374,Foggy,Good,93,75.8,Low
102457,27,13.3,124.6,688,7.5,-2.5,59,68.0,206,Cloudy,Moderate,80,80.5,Low
102458,119,89.6,158.4,861,4.0,35.1,88,47.0,416,Sunny,Good,111,55.2,Moderate
102459,241,133.2,176.0,615,1.6,17.0,46,89.0,287,Rainy,Moderate,105,22.9,High
102460,106,27.0,50.7,536,3.8,30.0,93,39.0,214,Sunny,Moderate,108,71.2,Moderate
102461,61,91.7,65.0,389,2.5,3.7,62,52.0,185,Foggy,Poor,48,69.6,Moderate
102462,191,,117.6,1171,8.8,27.1,71,97.0,125,Snowy,Excellent,42,37.9,High
102463,33,65.8,79.4,842,10.8,24.7,65,88.0,281,Rainy,Good,45,73.4,Moderate
102464,97,106.7,190.7,1028,0.3,32.8,33,36.0,254,Sunny,Good,29,56.6,Moderate
102465,21,64.6,109.5,740,7.6,9.9,83,42.0,60,Rainy,Poor,53,78.8,Low
102466,138,78.2,177.9,609,2.9,41.7,80,32.0,367,Sunny,Moderate,64,53.7,Moderate
102467,56,6.1,131.9,1004,0.7,43.1,77,69.0,400,Sunny,Good,6,75.7,Low
102468,88,105.3,172.3,1065,0.2,38.4,68,40.0,200,Cloudy,Excellent,69,58.9,Moderate
102469,185,100.9,79.9,525,9.7,23.6,98,80.0,68,Cloudy,Good,118,42.6,High
102470,60,10.6,184.6,1123,3.9,16.0,48,52.0,284,Snowy,Good,7,73.5,Moderate
102471,81,58.4,67.7,1113,10.9,-2.1,45,61.0,62,Windy,Moderate,97,68.9,Moderate
102472,79,147.0,124.7,678,4.9,42.4,46,70.0,133,Cloudy,Good,18,54.9,Moderate
102473,144,66.0,54.9,549,2.1,42.6,86,71.0,238,Cloudy,Good,49,56.3,Moderate
102474,130,77.8,109.9,1060,8.5,-4.1,86,67.0,251,Cloudy,Excellent,38,55.1,Moderate
102475,33,136.9,76.8,545,10.2,12.8,54,96.0,360,Sunny,Excellent,90,64.2,Moderate
102476,236,109.0,66.0,1175,9.0,39.0,79,71.0,186,Rainy,Good,40,34.0,High
102477,103,89.4,,938,,-1.0,80,72.0,482,Cloudy,Good,19,52.9,Moderate
102478,149,120.7,43.6,880,3.7,4.8,89,62.0,370,Foggy,Moderate,41,50.3,Moderate
102479,89,130.3,175.3,411,0.7,43.9,97,66.0,20,Rainy,Moderate,14,53.0,Moderate
102480,164,71.2,216.7,676,2.2,37.4,22,86.0,428,Sunny,Excellent,13,42.5,High
102481,142,73.9,14.2,630,4.9,40.6,52,93.0,428,Sunny,Good,54,55.6,Moderate
102482,108,61.0,156.8,1111,10.5,2.1,61,93.0,342,Cloudy,Poor,39,56.1,Moderate
102483,47,145.2,63.1,576,8.0,5.6,32,89.0,290,Sunny,Good,50,62.1,Moderate
102484,85,106.1,18.5,988,9.1,25.3,48,81.0,307,Cloudy,Good,110,62.9,Moderate
102485,182,17.1,94.6,407,3.1,20.1,28,97.0,45,Sunny,Good,85,50.8,Moderate
102486,248,130.1,206.4,826,7.5,9.9,51,56.0,193,Foggy,Good,51,23.8,High
102487,24,74.7,12.5,725,9.5,39.2,41,88.0,56,Sunny,Excellent,22,77.3,Low
102488,212,15.0,133.5,1065,5.3,40.1,77,48.0,41,Rainy,Excellent,117,48.6,High
102489,187,84.7,115.3,592,4.7,9.6,76,32.0,456,Sunny,Excellent,29,47.2,High
102490,223,65.5,193.4,716,7.9,2.8,29,68.0,332,Cloudy,Moderate,39,35.5,High
102491,203,132.3,27.6,1193,6.2,2.5,44,95.0,234,Sunny,Good,84,36.7,High
102492,183,34.6,153.1,849,10.9,19.2,81,85.0,353,Cloudy,Poor,55,46.8,High
102493,64,124.8,152.8,1187,4.7,1.6,82,35.0,15,Cloudy,Moderate,113,62.4,Moderate
102494,170,85.9,150.5,601,1.9,18.7,95,,132,Rainy,Moderate,117,45.9,High
102495,66,12.9,207.9,671,5.2,18.1,22,77.0,0,Rainy,Moderate,93,68.5,Moderate
102496,50,145.9,182.8,725,2.6,39.2,66,77.0,231,Rainy,Excellent,59,56.7,Moderate
102497,158,79.3,18.8,758,6.2,9.8,74,,149,Windy,Moderate,20,51.5,Moderate
102498,29,47.2,108.9,1060,1.4,23.0,45,83.0,303,Windy,Poor,109,75.4,Low
102499,214,73.1,,837,10.4,32.2,32,45.0,493,Rainy,Excellent,92,43.5,High
102500,137,129.4,75.1,692,9.5,24.8,26,64.0,121,Sunny,Good,16,49.7,High
102501,33,49.2,104.8,589,1.7,42.7,53,59.0,281,Foggy,Excellent,103,77.0,Low
102502,99,32.9,90.7,488,1.9,25.1,41,77.0,289,Foggy,Moderate,63,66.0,Moderate
102503,221,23.7,100.8,471,5.6,40.1,42,98.0,369,Rainy,Excellent,77,42.5,High
102504,112,48.2,215.6,769,8.5,7.3,67,37.0,313,Cloudy,Good,116,59.6,Moderate
102505,29,118.1,,910,2.4,23.0,33,80.0,212,Sunny,Moderate,41,71.2,Moderate
102506,95,73.4,203.7,653,0.7,22.2,71,39.0,390,Snowy,Excellent,36,60.0,Moderate
102507,113,38.0,110.8,464,6.0,44.5,58,57.0,280,Windy,Moderate,61,63.9,Moderate
102508,124,29.1,141.0,692,,5.2,60,65.0,440,Rainy,Excellent,87,60.6,Moderate
102509,20,53.2,184.3,600,2.7,2.0,55,89.0,139,Rainy,Excellent,26,71.9,Moderate
102510,152,141.3,85.7,356,8.1,25.6,25,,158,Sunny,Good,49,47.5,High
102511,39,54.7,100.4,1080,10.5,6.2,42,43.0,494,Cloudy,Moderate,102,77.1,Low
102512,27,148.3,96.0,938,1.5,27.0,29,92.0,26,Rainy,Poor,87,63.3,Moderate
102513,190,75.4,88.7,528,5.6,43.6,79,76.0,341,Sunny,Good,118,44.7,High
102514,223,31.0,204.4,494,0.6,42.3,49,98.0,161,Rainy,Excellent,16,36.1,High
102515,20,134.2,184.1,765,2.3,6.6,89,85.0,117,Snowy,Moderate,86,62.6,Moderate
102516,76,71.8,32.9,1015,1.0,3.5,24,35.0,336,Sunny,Moderate,9,72.6,Moderate
102517,83,107.9,32.7,470,4.4,23.0,98,48.0,74,Sunny,Excellent,30,65.7,Moderate
102518,137,,99.9,473,,24.3,76,81.0,92,Windy,Moderate,120,44.5,High
102519,231,12.3,30.7,499,6.3,28.1,62,91.0,33,Sunny,Poor,95,46.3,High
102520,47,19.0,140.0,746,2.4,32.1,71,78.0,114,Cloudy,Excellent,24,74.5,Moderate
102521,140,109.5,40.2,730,0.4,25.0,96,40.0,420,Rainy,Excellent,65,55.6,Moderate
102522,126,45.9,119.7,1129,6.1,0.6,25,75.0,441,Windy,Good,12,58.3,Moderate
102523,184,31.7,11.5,1188,1.5,34.5,21,98.0,112,Windy,Moderate,66,52.7,Moderate
102524,194,10.7,76.5,350,3.8,-1.0,36,74.0,367,Cloudy,Excellent,58,52.6,Moderate
102525,248,8.2,152.2,1022,5.6,-4.0,31,87.0,59,Cloudy,Moderate,84,38.1,High
102526,223,117.3,111.6,593,9.9,33.5,63,61.0,281,Windy,Moderate,62,34.1,High
102527,184,24.5,215.4,747,0.9,22.4,73,39.0,236,Cloudy,Moderate,70,49.3,High
102528,68,72.8,193.6,600,7.4,29.9,97,42.0,125,Rainy,Excellent,49,65.1,Moderate
102529,139,92.9,85.4,925,0.2,14.1,26,42.0,428,Cloudy,Poor,69,55.4,Moderate
102530,63,67.1,19.6,648,6.9,-4.4,51,65.0,44,Cloudy,Good,9,73.1,Moderate
102531,75,8.9,187.6,1109,6.1,11.6,48,48.0,287,Cloudy,Good,35,71.3,Moderate
102532,175,118.6,201.4,646,8.9,25.4,65,36.0,228,Cloudy,Poor,27,40.6,High
102533,130,6.5,182.3,849,5.8,6.3,92,44.0,196,Sunny,Poor,25,62.3,Moderate
102534,226,115.5,36.9,464,3.9,29.4,97,75.0,211,Foggy,Good,16,36.1,High
102535,153,134.5,219.6,1156,2.7,34.7,72,77.0,498,Sunny,Good,8,37.6,High
102536,127,67.8,64.3,350,0.9,17.7,44,95.0,70,Sunny,Excellent,41,56.3,Moderate
102537,208,82.7,162.1,902,5.9,38.8,72,33.0,234,Cloudy,Poor,79,41.2,High
102538,167,74.2,200.7,1034,9.8,37.7,48,,278,Rainy,Moderate,110,47.8,High
102539,133,61.4,59.5,949,5.7,38.9,25,32.0,448,Foggy,Good,108,62.5,Moderate
102540,97,133.7,200.7,831,8.1,28.1,95,98.0,166,Snowy,Moderate,13,46.7,High
102541,149,134.6,75.0,959,3.3,10.2,57,57.0,194,Windy,Moderate,30,47.6,High
102542,220,53.7,215.0,949,4.9,19.1,22,52.0,172,Windy,Good,107,38.0,High
102543,56,94.2,69.1,1112,3.6,30.5,54,59.0,194,Foggy,Moderate,31,69.3,Moderate
102544,39,139.4,210.2,859,1.2,5.5,74,91.0,62,Sunny,Good,97,56.6,Moderate
102545,45,144.5,21.2,684,4.6,31.9,66,80.0,69,Cloudy,Moderate,114,65.5,Moderate
102546,48,78.8,158.9,814,8.4,22.4,52,70.0,222,Cloudy,Excellent,111,67.0,Moderate
102547,20,70.7,121.7,490,4.3,-0.2,22,93.0,309,Cloudy,Moderate,66,72.5,Moderate
102548,138,45.4,110.4,932,7.2,22.9,88,72.0,282,Rainy,Good,54,57.0,Moderate
102549,54,144.0,56.9,486,8.3,-1.7,78,87.0,348,Cloudy,Excellent,93,61.5,Moderate
102550,217,25.7,158.2,960,3.6,-4.3,97,,78,Rainy,Excellent,86,41.1,High
102551,248,89.1,50.1,1012,8.8,39.5,37,69.0,35,Cloudy,Moderate,98,35.3,High
102552,78,46.0,126.1,1036,3.7,19.5,96,75.0,388,Sunny,Good,76,66.6,Moderate
102553,88,45.5,63.2,516,2.8,22.2,85,91.0,194,Cloudy,Moderate,6,66.4,Moderate
102554,180,63.7,210.7,692,2.4,9.0,44,78.0,434,Windy,Good,90,41.6,High
102555,198,149.8,16.0,759,2.2,22.1,39,52.0,216,Rainy,Moderate,89,40.4,High
102556,225,13.0,51.9,1118,8.1,3.4,90,73.0,287,Foggy,Good,107,48.0,High
102557,31,88.9,60.9,1085,9.8,32.3,94,73.0,148,Windy,Good,30,73.4,Moderate
102558,39,17.0,97.0,1191,2.5,36.2,88,48.0,495,Cloudy,Excellent,97,81.3,Low
102559,200,27.4,58.9,414,0.9,37.8,48,73.0,272,Sunny,Good,73,50.5,Moderate
102560,235,68.7,113.2,930,3.5,0.3,37,40.0,200,Rainy,Moderate,50,39.8,High
102561,62,79.0,193.2,416,7.2,22.9,91,89.0,153,Rainy,Moderate,82,60.8,Moderate
102562,145,42.5,159.5,782,4.1,35.4,46,67.0,21,Cloudy,Excellent,67,54.1,Moderate
102563,245,50.9,131.8,399,6.0,1.4,61,32.0,296,Sunny,Moderate,103,40.0,High
102564,236,17.6,28.7,663,8.2,-0.0,85,45.0,493,Cloudy,Excellent,74,49.5,High
102565,69,49.0,,658,4.5,35.8,45,38.0,314,Sunny,Good,27,70.1,Moderate
102566,48,145.2,44.9,952,11.0,34.8,42,70.0,214,Foggy,Good,21,64.7,Moderate
102567,204,142.0,175.1,464,3.3,17.4,24,67.0,330,Rainy,Good,92,30.8,High
102568,58,53.6,62.5,918,10.8,0.5,99,98.0,121,Sunny,Moderate,108,70.2,Moderate
102569,242,87.8,97.6,691,2.2,20.8,30,94.0,265,Sunny,Poor,68,31.6,High
102570,203,136.9,83.6,879,1.2,14.7,38,64.0,342,Rainy,Excellent,33,36.5,High
102571,190,5.9,190.4,1133,8.3,20.9,99,64.0,260,Rainy,Moderate,56,49.2,High
102572,197,122.5,36.6,991,7.7,17.0,31,77.0,54,Rainy,Poor,98,40.3,High
102573,170,142.5,128.8,844,8.9,23.4,21,37.0,281,Rainy,Excellent,28,42.2,High
102574,191,,39.8,618,3.8,31.4,62,56.0,259,Rainy,Good,39,55.8,Moderate
102575,57,28.4,158.0,429,10.2,33.7,41,38.0,362,Cloudy,Excellent,51,74.6,Moderate
102576,103,144.3,200.1,805,,27.4,45,59.0,282,Foggy,Moderate,105,48.2,High
102577,170,82.9,101.3,648,0.3,4.9,52,43.0,229,Cloudy,Moderate,55,50.1,Moderate
102578,147,7.1,112.5,1171,3.3,14.9,43,52.0,481,Sunny,Moderate,6,61.9,Moderate
102579,145,42.4,204.8,551,8.8,-1.4,88,58.0,125,Sunny,Good,25,52.8,Moderate
102580,64,70.2,119.4,852,7.4,17.6,40,55.0,441,Sunny,Moderate,44,68.6,Moderate
102581,71,105.5,112.4,1086,4.8,43.5,65,44.0,258,Cloudy,Excellent,109,64.5,Moderate
102582,99,111.3,131.4,1020,2.8,27.1,37,,49,Rainy,Poor,73,52.7,Moderate
102583,197,149.3,154.7,1065,0.7,2.7,24,45.0,223,Sunny,Good,39,34.4,High
102584,143,46.7,32.4,998,3.7,8.4,27,42.0,380,Windy,Excellent,48,62.8,Moderate
102585,138,83.0,182.4,834,5.1,-1.8,76,53.0,281,Rainy,Poor,39,50.8,Moderate
102586,27,82.3,101.5,934,7.6,4.1,24,91.0,145,Sunny,Moderate,87,71.1,Moderate
102587,104,63.8,25.2,909,7.1,19.4,32,86.0,390,Sunny,Moderate,84,63.8,Moderate
102588,148,29.5,175.1,367,10.4,12.2,85,65.0,372,Cloudy,Excellent,29,54.6,Moderate
102589,27,146.7,89.2,827,,5.2,56,89.0,44,Sunny,Moderate,84,64.2,Moderate
102590,176,128.7,31.1,837,3.7,2.3,48,51.0,396,Sunny,Moderate,35,46.2,High
102591,115,77.3,143.1,1128,5.3,27.8,88,32.0,261,Sunny,Moderate,101,59.7,Moderate
102592,121,92.5,194.8,795,7.4,22.9,51,65.0,418,Cloudy,Poor,85,50.9,Moderate
102593,24,38.0,196.4,689,5.4,37.1,67,65.0,478,Sunny,Excellent,89,74.8,Moderate
102594,105,,211.1,880,10.0,4.2,21,39.0,233,Sunny,Good,56,56.6,Moderate
102595,194,105.8,192.2,961,6.7,37.4,88,50.0,52,Windy,Moderate,39,37.8,High
102596,53,79.7,10.4,465,0.4,23.9,70,78.0,484,Sunny,Good,117,72.6,Moderate
102597,212,148.6,89.9,423,1.3,8.3,54,38.0,234,Cloudy,Excellent,27,35.7,High
102598,74,93.6,181.9,1141,8.3,8.7,34,81.0,195,Sunny,Excellent,53,58.3,Moderate
102599,138,58.8,86.9,618,7.9,14.5,91,77.0,425,Sunny,Moderate,20,56.1,Moderate
102600,237,117.0,136.3,986,1.7,18.0,84,89.0,3,Rainy,Good,106,27.6,High
102601,190,29.7,137.3,465,0.6,-0.9,57,79.0,59,Sunny,Excellent,62,47.5,High
102602,221,60.8,86.7,1035,6.4,37.1,36,68.0,172,Sunny,Good,54,41.8,High
102603,177,55.3,199.9,1042,7.0,1.1,99,45.0,71,Rainy,Good,82,47.0,High
102604,133,67.6,115.7,1087,1.5,19.2,64,57.0,485,Sunny,Excellent,68,56.5,Moderate
102605,229,118.4,107.6,1018,5.2,14.1,20,35.0,74,Cloudy,Excellent,56,35.7,High
102606,164,75.2,219.5,513,3.4,20.6,22,90.0,321,Sunny,Poor,44,41.5,High
102607,45,120.1,113.6,932,10.2,39.4,89,35.0,465,Sunny,Excellent,119,68.3,Moderate
102608,155,,47.5,571,2.4,44.5,71,95.0,465,Sunny,Moderate,109,49.6,High
102609,66,54.6,117.7,475,8.1,-4.0,72,69.0,21,Foggy,Moderate,58,68.8,Moderate
102610,132,122.4,180.9,1006,5.7,14.7,22,91.0,395,Cloudy,Moderate,118,43.4,High
102611,95,39.6,173.1,525,0.1,35.9,66,57.0,208,Rainy,Good,101,63.8,Moderate
102612,238,37.5,175.6,1013,5.7,11.3,94,76.0,50,Rainy,Poor,89,36.3,High
102613,91,78.2,158.7,1043,1.1,27.5,25,38.0,144,Snowy,Good,21,62.5,Moderate
102614,108,42.8,63.4,724,7.2,44.6,65,81.0,419,Rainy,Excellent,8,64.2,Moderate
102615,65,6.3,191.0,847,6.2,27.3,80,44.0,348,Snowy,Good,84,73.6,Moderate
102616,215,99.0,197.6,434,0.1,0.6,62,63.0,304,Cloudy,Excellent,60,33.2,High
102617,52,79.1,50.8,732,2.3,37.1,75,49.0,271,Cloudy,Good,34,73.7,Moderate
102618,20,69.6,37.4,982,8.5,43.3,89,89.0,488,Windy,Good,112,77.3,Low
102619,166,145.2,214.9,990,3.0,30.6,39,87.0,458,Windy,Good,113,33.3,High
102620,50,87.8,192.3,812,5.5,16.0,66,96.0,43,Sunny,Moderate,38,61.2,Moderate
102621,227,130.2,197.6,800,3.4,42.4,73,31.0,106,Cloudy,Poor,90,30.5,High
102622,161,25.2,196.1,867,10.1,43.4,60,79.0,492,Rainy,Good,48,50.3,Moderate
102623,72,87.5,123.8,1195,5.9,41.8,94,43.0,149,Sunny,Good,110,66.1,Moderate
102624,67,130.9,145.7,1044,7.7,15.6,85,85.0,93,Foggy,Moderate,97,56.4,Moderate
102625,88,89.6,124.5,899,0.9,34.5,50,98.0,263,Cloudy,Good,115,57.4,Moderate
102626,124,109.1,20.8,465,0.4,27.7,83,73.0,109,Rainy,Good,73,56.2,Moderate
102627,109,58.9,166.6,963,2.9,4.0,77,75.0,17,Sunny,Moderate,69,57.5,Moderate
102628,209,18.4,116.1,357,3.4,21.8,74,35.0,237,Sunny,Poor,108,50.9,Moderate
102629,239,71.4,146.0,567,7.6,32.4,65,37.0,335,Sunny,Moderate,57,37.4,High
102630,213,62.2,115.6,1068,6.3,39.8,43,68.0,238,Sunny,Excellent,93,41.6,High
102631,211,130.7,113.3,939,4.1,38.1,96,73.0,373,Cloudy,Good,118,33.4,High
102632,217,40.4,46.1,753,,2.7,56,56.0,211,Windy,Good,74,48.2,High
102633,82,145.2,68.5,916,1.8,19.4,60,45.0,230,Cloudy,Good,91,59.9,Moderate
102634,92,143.9,43.4,653,0.7,18.9,44,68.0,327,Sunny,Good,37,57.2,Moderate
102635,180,40.9,51.1,816,9.4,39.9,48,30.0,349,Sunny,Good,82,57.1,Moderate
102636,188,55.5,214.3,1089,6.2,-4.9,50,80.0,293,Rainy,Good,110,40.8,High
102637,108,134.9,,437,7.1,31.9,21,92.0,412,Cloudy,Good,40,53.1,Moderate
102638,195,145.2,66.5,359,3.4,25.9,31,62.0,460,Foggy,Poor,22,38.0,High
102639,32,69.3,134.0,657,4.1,41.1,24,79.0,80,Snowy,Poor,55,71.3,Moderate
102640,92,51.5,138.1,783,0.9,17.8,80,83.0,254,Windy,Moderate,61,62.1,Moderate
102641,96,81.3,42.3,1151,9.4,27.9,75,56.0,231,Sunny,Good,108,65.2,Moderate
102642,178,104.7,176.7,513,6.5,43.6,97,48.0,362,Snowy,Good,48,41.8,High
102643,222,44.7,174.9,588,0.9,32.2,90,57.0,208,Sunny,Moderate,14,40.2,High
102644,87,111.8,59.8,666,8.8,-1.6,56,52.0,456,Rainy,Moderate,113,62.7,Moderate
102645,117,12.5,70.6,1005,4.9,3.4,55,93.0,385,Cloudy,Moderate,43,64.6,Moderate
102646,144,12.1,207.0,684,8.4,36.1,93,68.0,442,Rainy,Excellent,60,55.5,Moderate
102647,121,61.0,183.4,367,0.1,11.7,48,78.0,297,Sunny,Moderate,53,53.9,Moderate
102648,151,56.3,156.5,420,0.3,30.3,99,88.0,373,Cloudy,Poor,62,49.4,High
102649,121,50.8,27.3,524,1.9,30.0,57,49.0,471,Sunny,Excellent,80,65.9,Moderate
102650,38,76.2,97.8,1149,2.3,44.7,60,90.0,20,Sunny,Good,106,70.1,Moderate
102651,217,51.5,127.5,1160,8.4,18.5,52,38.0,237,Rainy,Good,27,44.6,High
102652,245,32.9,49.4,688,7.8,31.9,32,52.0,385,Foggy,Moderate,11,44.3,High
102653,101,49.9,104.1,597,6.8,-2.6,25,36.0,260,Snowy,Excellent,49,67.0,Moderate
102654,160,146.4,136.2,542,9.7,18.1,85,60.0,272,Cloudy,Poor,114,40.8,High
102655,42,64.6,78.7,768,2.7,4.3,27,89.0,279,Sunny,Excellent,93,71.9,Moderate
102656,102,69.5,174.0,674,9.9,37.0,83,90.0,391,Sunny,Poor,59,55.6,Moderate
102657,128,88.6,186.5,655,10.0,37.0,28,55.0,413,Sunny,Excellent,59,51.5,Moderate
102658,94,147.6,78.0,1129,4.8,6.8,42,83.0,433,Foggy,Excellent,81,53.2,Moderate
102659,148,40.0,186.1,553,1.0,10.9,90,60.0,149,Cloudy,Moderate,42,53.3,Moderate
102660,107,103.8,31.8,472,8.0,30.1,40,70.0,314,Windy,Poor,23,59.7,Moderate
102661,73,108.8,185.9,919,3.7,31.9,20,57.0,151,Rainy,Poor,113,58.8,Moderate
102662,218,93.1,42.1,796,8.7,27.9,65,35.0,281,Rainy,Excellent,26,44.0,High
102663,108,17.8,27.4,1062,1.8,44.8,81,63.0,60,Foggy,Good,109,70.8,Moderate
102664,232,103.1,,840,5.9,38.4,21,38.0,135,Sunny,Excellent,15,34.8,High
102665,162,14.3,109.1,782,5.6,15.9,94,41.0,11,Cloudy,Excellent,110,59.6,Moderate
102666,84,91.4,200.7,973,1.1,11.3,63,45.0,13,Windy,Excellent,7,59.4,Moderate
102667,95,112.2,86.3,477,4.0,24.8,24,60.0,29,Cloudy,Excellent,23,59.1,Moderate
102668,218,35.6,70.3,897,0.9,35.9,58,62.0,438,Sunny,Poor,95,46.8,High
102669,162,127.0,115.2,1095,5.1,18.8,85,36.0,354,Sunny,Excellent,11,46.2,High
102670,168,9.4,105.7,1171,9.3,31.9,64,32.0,444,Snowy,Moderate,105,60.1,Moderate
102671,166,127.4,82.3,396,3.0,-4.0,94,49.0,317,Sunny,Moderate,95,45.8,High
102672,79,71.7,155.7,854,8.4,41.3,32,34.0,286,Foggy,Excellent,115,66.0,Moderate
102673,112,36.6,169.5,464,2.0,33.7,51,96.0,219,Sunny,Poor,38,57.4,Moderate
102674,236,24.4,189.1,765,7.4,14.7,62,,237,Rainy,Good,15,38.4,High
102675,180,143.2,214.3,1116,10.1,14.2,27,85.0,26,Rainy,Poor,106,31.2,High
102676,68,15.5,66.0,572,,0.1,93,52.0,483,Rainy,Poor,9,77.4,Low
102677,243,33.9,160.4,985,9.9,35.8,78,31.0,256,Cloudy,Poor,120,41.1,High
102678,54,55.4,92.8,852,5.6,33.4,30,50.0,296,Windy,Moderate,75,74.0,Moderate
102679,191,94.9,152.2,1021,3.5,26.5,47,43.0,141,Rainy,Good,40,42.3,High
102680,121,84.0,110.0,445,9.9,0.1,58,91.0,249,Snowy,Excellent,9,53.5,Moderate
102681,237,23.2,218.7,456,0.4,8.1,45,40.0,73,Sunny,Moderate,60,39.6,High
102682,30,47.0,163.1,981,0.3,17.9,91,33.0,433,Sunny,Good,9,77.5,Low
102683,118,39.6,210.0,962,6.6,8.3,45,76.0,297,Sunny,Moderate,31,55.9,Moderate
102684,219,,185.3,964,8.8,16.7,51,49.0,198,Sunny,Moderate,97,42.1,High
102685,129,64.6,199.6,1027,8.3,6.3,65,81.0,295,Rainy,Good,31,50.9,Moderate
102686,225,107.1,181.0,1047,0.9,12.5,47,45.0,13,Cloudy,Excellent,36,33.1,High
102687,93,36.5,106.4,381,10.5,27.6,26,74.0,99,Snowy,Good,93,66.2,Moderate
102688,213,58.2,62.9,842,,39.6,54,37.0,90,Sunny,Moderate,110,47.8,High
102689,193,61.7,87.8,415,10.4,14.3,85,91.0,394,Cloudy,Excellent,118,44.4,High
102690,28,146.6,14.2,528,3.6,29.6,41,50.0,190,Windy,Moderate,102,71.7,Moderate
102691,22,143.4,120.0,1128,7.6,1.7,41,93.0,361,Foggy,Moderate,19,63.5,Moderate
102692,104,121.0,116.1,792,9.5,22.0,22,59.0,304,Foggy,Excellent,109,55.1,Moderate
102693,45,40.0,120.3,898,4.2,41.1,65,65.0,420,Windy,Moderate,102,74.6,Moderate
102694,91,14.9,214.5,550,10.6,-3.6,69,34.0,105,Rainy,Moderate,103,67.7,Moderate
102695,67,51.0,201.4,398,2.9,8.4,27,67.0,393,Foggy,Good,58,65.0,Moderate
102696,213,43.7,44.0,1136,3.5,1.6,23,48.0,437,Rainy,Poor,24,49.4,High
102697,217,78.4,87.5,1029,10.1,21.7,34,56.0,6,Foggy,Excellent,92,41.6,High
102698,175,117.8,99.0,612,10.7,29.0,63,42.0,80,Sunny,Good,38,45.2,High
102699,136,129.5,85.7,482,3.1,-2.1,58,38.0,252,Foggy,Poor,38,51.9,Moderate
102700,240,127.5,177.7,1159,1.5,-1.5,95,46.0,499,Cloudy,Good,119,28.0,High
102701,173,57.2,120.0,693,8.3,38.5,48,73.0,139,Sunny,Good,50,48.7,High
102702,172,104.6,130.1,525,10.2,17.8,92,74.0,484,Sunny,Moderate,95,42.6,High
102703,31,50.4,189.1,740,6.6,18.1,81,71.0,356,Windy,Moderate,118,71.8,Moderate
102704,152,13.8,179.2,360,7.0,42.2,53,80.0,310,Cloudy,Excellent,25,54.0,Moderate
102705,245,106.7,37.8,550,8.4,11.0,45,87.0,419,Foggy,Good,101,32.5,High
102706,67,,159.9,1158,1.7,39.9,37,87.0,6,Sunny,Good,43,70.5,Moderate
102707,56,64.3,101.4,352,10.7,43.7,82,59.0,151,Cloudy,Moderate,44,71.2,Moderate
102708,226,52.8,71.9,563,4.0,7.1,71,34.0,289,Sunny,Moderate,48,46.0,High
102709,63,105.5,20.5,1157,6.9,20.7,73,37.0,125,Cloudy,Moderate,40,71.3,Moderate
102710,247,116.1,112.3,656,5.2,21.7,61,66.0,448,Rainy,Moderate,59,29.4,High
102711,34,49.1,84.6,893,5.1,38.3,73,76.0,284,Rainy,Good,93,76.2,Low
102712,62,122.7,62.8,909,,10.2,71,74.0,281,Sunny,Good,75,63.6,Moderate
102713,195,47.6,155.9,676,10.9,34.9,32,34.0,73,Sunny,Good,54,48.0,High
102714,106,69.7,171.6,1113,7.2,43.6,51,92.0,448,Sunny,Good,118,54.8,Moderate
102715,89,110.4,61.4,548,8.7,37.0,85,76.0,44,Windy,Moderate,62,60.1,Moderate
102716,65,105.5,20.4,950,0.3,40.5,77,54.0,16,Sunny,Moderate,78,69.2,Moderate
102717,127,148.2,188.2,458,8.9,30.4,58,79.0,232,Cloudy,Good,78,42.0,High
102718,142,,12.1,640,3.3,40.2,46,74.0,163,Cloudy,Poor,42,61.9,Moderate
102719,190,101.0,206.8,457,1.4,3.2,97,59.0,456,Windy,Good,28,37.4,High
102720,40,93.4,141.8,757,1.2,30.6,73,77.0,486,Sunny,Excellent,112,66.8,Moderate
102721,170,137.7,77.6,901,7.5,31.6,98,80.0,62,Sunny,Good,78,41.0,High
102722,126,27.7,61.8,401,11.0,17.0,91,84.0,406,Rainy,Good,63,62.5,Moderate
102723,99,114.0,11.9,461,7.3,-1.0,92,84.0,92,Foggy,Good,49,59.5,Moderate
102724,66,87.4,59.4,644,2.9,26.1,62,75.0,321,Rainy,Poor,30,67.2,Moderate
102725,136,44.8,38.9,929,2.2,-2.4,71,60.0,465,Sunny,Good,98,62.2,Moderate
102726,143,73.8,138.6,538,5.8,14.1,33,63.0,91,Cloudy,Poor,95,52.2,Moderate
102727,162,53.4,45.0,1193,0.7,14.7,27,97.0,372,Foggy,Excellent,112,52.5,Moderate
102728,44,89.0,121.0,1070,4.4,44.9,54,62.0,494,Cloudy,Moderate,87,69.2,Moderate
102729,55,133.9,133.9,414,7.3,10.0,37,85.0,41,Cloudy,Poor,69,58.8,Moderate
102730,222,87.5,72.6,923,10.6,36.0,74,87.0,240,Cloudy,Good,101,37.2,High
102731,70,,,814,4.7,-2.3,97,86.0,326,Foggy,Excellent,15,66.3,Moderate
102732,34,80.2,17.8,607,2.2,21.5,71,46.0,254,Rainy,Good,54,78.8,Low
102733,87,12.4,15.5,995,9.0,21.8,91,40.0,330,Rainy,Poor,62,78.1,Low
102734,40,38.8,165.2,983,8.2,26.4,68,46.0,70,Sunny,Moderate,38,75.3,Low
102735,160,76.3,76.8,680,9.5,35.5,27,39.0,298,Cloudy,Moderate,106,54.3,Moderate
102736,233,50.0,177.2,850,2.4,33.1,56,55.0,215,Cloudy,Moderate,20,37.7,High
102737,38,31.4,,1032,4.5,33.1,85,35.0,310,Sunny,Excellent,63,80.9,Low
102738,53,78.1,105.1,559,10.8,16.6,96,45.0,55,Windy,Good,5,71.3,Moderate
102739,97,51.8,117.7,1157,1.7,31.4,97,33.0,78,Cloudy,Excellent,45,67.1,Moderate
102740,144,42.4,159.7,438,7.4,19.6,60,91.0,414,Sunny,Good,32,51.9,Moderate
102741,215,72.3,67.4,1028,2.6,-1.7,92,93.0,498,Foggy,Moderate,19,40.0,High
102742,136,24.3,35.5,377,5.5,39.5,46,,338,Sunny,Moderate,84,62.3,Moderate
102743,71,139.5,126.8,587,8.8,39.5,39,52.0,439,Rainy,Poor,50,58.9,Moderate
102744,46,130.8,78.7,685,5.4,11.1,57,62.0,120,Rainy,Excellent,36,65.9,Moderate
102745,176,107.6,,412,8.9,40.7,31,60.0,201,Foggy,Good,43,44.3,High
102746,175,20.4,145.9,1116,,32.9,61,36.0,431,Windy,Moderate,69,55.2,Moderate
102747,54,117.5,113.8,902,11.0,15.0,69,34.0,435,Rainy,Good,116,67.1,Moderate
102748,155,,140.3,849,4.8,11.6,50,66.0,327,Sunny,Excellent,77,43.8,High
102749,163,116.3,124.3,890,1.6,43.8,96,30.0,256,Cloudy,Good,97,47.5,High
102750,125,21.5,,1140,4.4,30.6,84,99.0,129,Foggy,Good,93,56.8,Moderate
102751,183,98.4,158.2,818,8.2,13.9,72,74.0,348,Sunny,Poor,79,39.9,High
102752,177,126.0,122.2,941,9.3,27.1,59,76.0,41,Snowy,Good,110,39.3,High
102753,165,88.7,152.6,400,5.1,23.6,92,97.0,73,Sunny,Poor,15,42.3,High
102754,21,98.7,193.4,461,6.5,21.2,58,59.0,233,Sunny,Poor,74,68.8,Moderate
102755,196,71.5,100.8,650,9.3,27.2,29,89.0,8,Sunny,Excellent,38,42.2,High
102756,96,81.7,96.7,439,8.9,21.9,48,53.0,369,Sunny,Moderate,54,62.8,Moderate
102757,151,10.0,170.5,578,7.2,27.7,59,60.0,30,Foggy,Good,48,57.1,Moderate
102758,109,97.6,132.3,499,9.0,40.4,49,57.0,95,Windy,Excellent,18,56.4,Moderate
102759,108,16.8,24.9,1104,6.3,44.7,21,74.0,257,Cloudy,Poor,76,69.9,Moderate
102760,113,68.1,197.3,487,0.1,30.5,47,33.0,279,Rainy,Good,29,58.3,Moderate
102761,222,47.4,16.5,484,0.5,41.4,66,90.0,228,Cloudy,Good,72,44.5,High
102762,26,84.1,167.2,806,10.8,37.9,51,68.0,244,Windy,Good,54,70.1,Moderate
102763,114,24.3,169.3,950,1.6,9.8,97,53.0,426,Windy,Good,99,62.8,Moderate
102764,127,105.3,210.2,843,4.4,41.6,51,75.0,197,Sunny,Good,89,46.5,High
102765,93,120.3,21.4,876,10.3,-1.5,46,82.0,455,Cloudy,Good,113,59.6,Moderate
102766,58,28.7,135.3,682,,11.5,73,77.0,231,Rainy,Good,36,71.7,Moderate
102767,160,20.1,99.8,711,9.3,27.0,75,38.0,472,Foggy,Poor,59,60.0,Moderate
102768,178,26.1,79.4,523,9.0,21.3,50,51.0,489,Rainy,Good,82,55.8,Moderate
102769,90,132.2,29.0,951,10.8,22.1,43,31.0,298,Windy,Excellent,120,63.4,Moderate
102770,210,81.6,128.2,562,3.1,34.7,54,45.0,50,Windy,Excellent,96,41.5,High
102771,75,72.8,110.6,692,3.5,4.7,49,34.0,216,Rainy,Moderate,29,68.8,Moderate
102772,189,20.5,32.0,410,9.9,44.1,74,41.0,173,Windy,Moderate,96,57.8,Moderate
102773,208,99.2,138.6,1081,2.6,16.9,83,81.0,74,Cloudy,Poor,83,35.6,High
102774,61,130.9,165.0,410,6.0,42.5,52,55.0,98,Cloudy,Moderate,56,59.6,Moderate
102775,203,125.1,171.1,1168,7.8,14.2,65,44.0,0,Snowy,Excellent,60,35.5,High
102776,55,95.8,200.1,1027,3.0,25.1,52,96.0,123,Sunny,Excellent,119,59.0,Moderate
102777,103,15.9,96.0,873,10.3,17.5,87,88.0,116,Sunny,Good,114,66.0,Moderate
102778,215,21.3,210.1,565,7.3,28.8,83,68.0,342,Rainy,Moderate,112,41.4,High
102779,137,12.1,191.7,938,0.5,4.2,49,92.0,194,Cloudy,Excellent,26,55.1,Moderate
102780,26,42.3,72.3,1093,1.5,15.0,98,54.0,232,Foggy,Moderate,51,81.2,Low
102781,73,24.7,43.4,973,2.1,-1.6,48,70.0,128,Foggy,Poor,74,74.7,Moderate
102782,148,42.7,101.4,927,2.7,24.9,81,57.0,373,Cloudy,Moderate,55,57.5,Moderate
102783,191,60.8,94.4,1043,8.0,43.1,49,50.0,62,Cloudy,Moderate,70,48.6,High
102784,139,141.7,130.9,772,1.0,-2.7,31,90.0,235,Rainy,Moderate,74,42.4,High
102785,192,93.5,132.5,1065,3.9,28.0,86,86.0,331,Cloudy,Excellent,91,39.0,High
102786,125,126.1,167.5,772,10.0,33.8,34,40.0,229,Sunny,Good,94,50.0,Moderate
102787,66,108.0,117.1,720,6.1,5.7,29,48.0,189,Rainy,Excellent,79,64.5,Moderate
102788,142,21.3,32.0,555,2.9,8.7,80,30.0,188,Rainy,Excellent,69,67.3,Moderate
102789,160,111.7,190.2,635,10.5,5.1,42,61.0,167,Sunny,Poor,96,42.2,High
102790,138,44.9,75.1,454,2.7,9.9,30,63.0,94,Windy,Good,26,59.7,Moderate
102791,169,97.7,214.0,1103,10.0,0.5,35,46.0,156,Rainy,Moderate,45,42.6,High
102792,137,54.4,34.8,1096,8.0,13.5,68,84.0,290,Sunny,Moderate,81,58.7,Moderate
102793,40,149.7,211.2,1037,8.1,13.4,99,48.0,347,Rainy,Moderate,109,59.5,Moderate
102794,233,43.2,29.1,1072,8.4,35.4,33,71.0,340,Sunny,Moderate,51,44.3,High
102795,239,45.5,58.5,892,5.6,35.0,25,,394,Sunny,Good,64,39.8,High
102796,156,139.9,19.8,1096,9.0,34.8,61,67.0,473,Windy,Good,118,47.4,High
102797,45,8.6,158.1,591,9.2,23.4,36,60.0,138,Foggy,Poor,104,77.0,Low
102798,28,106.0,188.6,840,4.0,11.3,61,95.0,190,Sunny,Excellent,26,63.3,Moderate
102799,34,110.2,101.2,1014,4.4,15.5,29,98.0,452,Foggy,Excellent,8,65.8,Moderate
102800,29,126.3,205.0,1057,9.8,10.9,65,79.0,55,Sunny,Good,48,61.5,Moderate
102801,235,146.3,134.0,847,5.8,24.1,68,59.0,6,Sunny,Good,45,27.5,High
102802,141,146.5,142.3,784,9.5,41.9,28,64.0,50,Sunny,Good,86,43.5,High
102803,140,14.5,,1130,6.9,9.2,98,88.0,478,Sunny,Poor,42,54.9,Moderate
102804,144,124.2,72.3,833,6.5,17.9,58,46.0,38,Cloudy,Moderate,21,51.0,Moderate
102805,189,98.7,84.4,796,0.3,27.8,21,95.0,297,Foggy,Poor,93,40.4,High
102806,91,98.9,200.2,733,3.1,37.2,87,50.0,71,Sunny,Good,21,56.7,Moderate
102807,171,23.6,199.2,859,5.5,7.7,71,81.0,255,Cloudy,Good,97,48.3,High
102808,227,99.3,215.1,519,6.5,9.0,30,94.0,308,Rainy,Moderate,49,27.1,High
102809,68,147.5,199.4,672,6.9,39.3,56,43.0,90,Sunny,Moderate,112,55.8,Moderate
102810,173,137.2,36.7,1197,7.9,-1.0,91,45.0,148,Rainy,Good,50,46.1,High
102811,110,68.7,183.0,823,7.2,25.3,41,84.0,29,Cloudy,Poor,12,54.4,Moderate
102812,56,10.8,96.1,581,9.3,38.0,71,38.0,461,Sunny,Poor,97,80.0,Low
102813,87,57.5,218.1,1045,3.3,41.1,24,37.0,122,Rainy,Good,19,62.8,Moderate
102814,69,124.8,109.2,708,7.1,-4.4,21,63.0,384,Sunny,Good,109,60.8,Moderate
102815,171,106.7,126.3,624,0.6,13.5,24,62.0,236,Sunny,Good,37,43.9,High
102816,38,71.6,121.3,381,5.3,7.9,51,36.0,279,Cloudy,Poor,53,74.9,Moderate
102817,119,13.0,77.6,526,2.9,23.4,38,50.0,124,Cloudy,Good,14,68.1,Moderate
102818,79,66.9,25.8,414,4.2,26.6,23,34.0,133,Rainy,Moderate,66,73.1,Moderate
102819,186,73.0,198.1,1059,3.9,45.0,65,41.0,5,Cloudy,Moderate,59,43.8,High
102820,221,139.6,,376,0.7,20.6,45,88.0,382,Rainy,Good,62,25.7,High
102821,108,98.0,39.3,1012,,22.6,69,87.0,372,Rainy,Moderate,105,58.1,Moderate
102822,165,50.2,173.1,1164,10.9,15.7,45,66.0,196,Cloudy,Good,67,49.0,High
102823,166,81.2,141.4,828,3.3,2.4,90,74.0,189,Foggy,Poor,15,45.9,High
102824,183,,95.9,617,8.1,10.2,51,54.0,290,Foggy,Moderate,39,55.1,Moderate
102825,221,146.0,63.3,946,6.0,7.3,63,56.0,383,Rainy,Moderate,102,33.9,High
102826,244,57.2,190.5,415,3.6,35.1,45,80.0,235,Sunny,Excellent,100,31.7,High
102827,202,74.3,157.0,482,1.0,22.3,80,71.0,78,Cloudy,Excellent,90,39.8,High
102828,88,56.5,125.0,715,2.4,9.8,70,71.0,34,Sunny,Poor,8,64.0,Moderate
102829,194,104.0,138.0,431,8.6,19.5,78,89.0,303,Cloudy,Good,70,36.8,High
102830,68,101.0,29.1,1180,3.1,5.9,57,87.0,369,Sunny,Excellent,37,65.5,Moderate
102831,246,108.7,109.5,677,1.6,4.3,45,51.0,360,Rainy,Excellent,77,32.1,High
102832,127,43.9,50.7,447,3.6,38.0,64,87.0,71,Sunny,Good,39,60.6,Moderate
102833,245,50.8,53.8,934,6.4,42.2,50,40.0,42,Foggy,Excellent,42,43.1,High
102834,180,23.2,148.9,676,7.7,-1.0,89,35.0,290,Sunny,Moderate,99,53.9,Moderate
102835,138,,201.4,891,4.3,33.2,64,51.0,132,Rainy,Moderate,82,48.0,High
102836,168,10.8,94.8,474,5.5,17.7,50,,286,Foggy,Good,61,59.6,Moderate
102837,228,91.7,53.6,559,5.0,14.4,80,56.0,105,Sunny,Poor,99,39.7,High
102838,169,131.1,146.2,1133,0.1,29.5,67,30.0,158,Foggy,Excellent,37,43.5,High
102839,195,134.2,192.9,1074,4.4,8.3,64,93.0,356,Cloudy,Good,48,29.9,High
102840,56,,167.1,482,6.5,-4.0,79,68.0,7,Foggy,Excellent,57,66.4,Moderate
102841,162,71.6,,852,6.3,5.7,80,89.0,261,Foggy,Poor,84,43.7,High
102842,182,16.2,122.7,506,8.2,4.2,71,99.0,342,Sunny,Poor,24,49.3,High
102843,239,102.3,167.9,908,7.4,-3.3,71,83.0,436,Windy,Good,67,28.0,High
102844,218,124.1,39.4,731,3.0,11.1,95,54.0,79,Sunny,Good,55,38.5,High
102845,179,40.5,83.1,371,2.8,18.7,81,49.0,43,Sunny,Good,118,53.9,Moderate
102846,30,66.1,91.8,944,5.1,31.8,45,65.0,176,Sunny,Poor,18,75.6,Low
102847,157,126.6,117.4,768,8.1,11.3,86,52.0,391,Sunny,Moderate,39,45.5,High
102848,220,132.2,205.1,821,,4.7,98,30.0,63,Rainy,Poor,114,31.3,High
102849,97,40.3,193.6,583,10.4,6.5,68,56.0,387,Cloudy,Excellent,117,62.4,Moderate
102850,96,84.8,38.3,921,6.0,39.6,63,81.0,287,Snowy,Good,49,62.5,Moderate
102851,204,32.9,46.3,803,3.4,5.2,55,31.0,308,Sunny,Moderate,37,53.9,Moderate
102852,172,19.8,85.1,1049,7.6,39.0,72,50.0,112,Foggy,Poor,65,57.4,Moderate
102853,21,137.1,,919,0.5,17.4,63,,450,Sunny,Good,97,72.4,Moderate
102854,83,124.0,139.1,1120,5.3,41.7,41,77.0,318,Sunny,Good,76,55.5,Moderate
102855,54,115.2,199.6,511,5.3,15.4,21,68.0,369,Rainy,Poor,57,59.7,Moderate
102856,26,12.1,212.1,650,1.8,3.9,26,71.0,207,Windy,Excellent,102,76.2,Low
102857,104,127.3,147.3,655,9.2,22.5,35,74.0,443,Snowy,Good,119,51.2,Moderate
102858,165,68.5,186.0,351,8.8,24.4,63,31.0,225,Cloudy,Good,115,49.7,High
102859,86,54.6,120.3,620,1.7,26.8,84,96.0,332,Sunny,Excellent,82,62.4,Moderate
102860,61,84.2,53.7,770,4.0,15.6,92,72.0,416,Sunny,Good,82,69.0,Moderate
102861,137,18.2,120.2,492,1.1,-2.6,90,47.0,277,Cloudy,Moderate,54,62.4,Moderate
102862,144,114.7,126.6,1049,9.3,26.3,88,,382,Cloudy,Good,19,47.2,High
102863,186,89.5,165.9,1085,3.6,41.7,80,35.0,286,Sunny,Good,46,44.0,High
102864,188,32.1,56.2,1041,4.8,42.9,49,71.0,279,Rainy,Moderate,118,52.4,Moderate
102865,222,32.3,87.3,884,3.6,24.8,61,81.0,2,Rainy,Poor,24,43.7,High
102866,43,31.7,86.4,386,3.4,-4.0,93,56.0,32,Rainy,Moderate,96,78.5,Low
102867,207,13.3,211.5,456,8.2,0.3,44,44.0,477,Sunny,Moderate,72,46.2,High
102868,65,90.2,103.2,646,8.2,36.7,90,48.0,409,Rainy,Poor,11,67.5,Moderate
102869,38,126.9,168.6,1090,5.7,36.5,76,91.0,481,Sunny,Moderate,70,60.4,Moderate
102870,87,7.5,167.7,1174,7.2,42.3,51,93.0,306,Sunny,Poor,77,65.8,Moderate
102871,237,12.1,,446,,23.2,69,80.0,213,Snowy,Moderate,27,44.6,High
102872,121,88.1,130.1,630,0.3,38.2,94,76.0,29,Rainy,Moderate,40,53.5,Moderate
102873,61,123.8,197.8,459,0.7,36.2,29,86.0,418,Snowy,Moderate,16,55.7,Moderate
102874,51,52.4,109.8,898,4.2,24.5,41,49.0,24,Sunny,Poor,27,74.1,Moderate
102875,186,55.7,208.5,901,8.2,34.2,60,49.0,27,Foggy,Moderate,99,44.5,High
102876,128,91.5,55.0,946,10.0,1.3,66,93.0,96,Sunny,Moderate,110,53.9,Moderate
102877,55,44.8,25.6,1163,0.3,27.0,33,67.0,86,Windy,Good,15,76.7,Low
102878,248,8.9,197.2,537,4.0,42.7,22,67.0,25,Cloudy,Poor,5,37.7,High
102879,116,111.6,188.0,1101,2.5,3.1,97,94.0,119,Sunny,Good,81,46.9,High
102880,183,95.7,218.4,837,9.0,32.2,72,34.0,200,Sunny,Excellent,43,41.3,High
102881,150,89.2,152.7,703,9.3,11.0,35,93.0,391,Sunny,Moderate,97,45.4,High
102882,92,112.5,206.7,368,2.3,35.9,80,56.0,356,Cloudy,Good,74,54.0,Moderate
102883,155,102.9,183.7,742,7.8,29.9,47,49.0,352,Foggy,Excellent,35,45.7,High
102884,116,34.9,187.3,1186,8.0,41.3,54,89.0,14,Sunny,Good,13,56.7,Moderate
102885,142,56.1,129.5,610,1.9,30.6,21,69.0,304,Rainy,Excellent,60,54.3,Moderate
102886,89,23.3,90.3,759,4.8,15.5,80,35.0,253,Windy,Excellent,22,73.2,Moderate
102887,188,23.8,206.3,752,6.8,-4.5,75,65.0,110,Rainy,Moderate,63,46.5,High
102888,215,103.0,100.7,1019,0.3,34.6,74,94.0,7,Cloudy,Poor,71,34.5,High
102889,32,129.5,123.2,833,4.5,15.4,37,40.0,438,Foggy,Good,100,68.5,Moderate
102890,68,144.6,103.7,653,1.7,28.5,90,78.0,340,Sunny,Moderate,113,57.4,Moderate
102891,79,96.1,128.6,973,,0.3,68,57.0,127,Cloudy,Moderate,7,62.1,Moderate
102892,149,31.7,108.8,1005,9.3,39.5,61,51.0,185,Snowy,Good,113,58.8,Moderate
102893,207,20.3,20.1,1117,5.8,16.8,26,76.0,386,Sunny,Moderate,34,51.7,Moderate
102894,24,122.9,195.2,367,0.4,41.0,23,95.0,392,Rainy,Good,68,61.7,Moderate
102895,191,88.9,103.3,533,0.3,30.4,62,54.0,499,Sunny,Moderate,74,44.4,High
102896,46,94.7,133.7,754,6.7,1.1,99,96.0,13,Sunny,Good,118,64.1,Moderate
102897,179,118.3,39.2,1148,3.6,24.0,78,61.0,229,Sunny,Poor,95,45.5,High
102898,168,107.0,10.7,480,6.3,40.5,68,46.0,90,Foggy,Excellent,6,51.8,Moderate
102899,27,126.0,61.5,828,1.8,35.0,79,69.0,403,Windy,Good,24,70.0,Moderate
102900,249,13.2,158.0,1142,8.5,15.9,25,59.0,3,Sunny,Good,85,39.8,High
102901,219,113.4,30.8,1106,9.5,42.8,39,88.0,151,Sunny,Moderate,101,36.6,High
102902,69,128.4,200.9,357,9.8,8.4,50,57.0,218,Cloudy,Good,85,56.4,Moderate
102903,86,46.5,55.2,1054,3.3,13.8,41,76.0,75,Rainy,Good,105,68.6,Moderate
102904,63,97.9,53.0,667,7.3,32.5,51,52.0,283,Windy,Good,33,69.1,Moderate
102905,144,50.6,48.1,740,3.1,6.6,66,86.0,354,Foggy,Excellent,13,57.0,Moderate
102906,77,143.9,12.9,868,8.4,20.8,53,30.0,215,Snowy,Moderate,8,65.2,Moderate
102907,22,9.8,172.1,485,1.3,31.4,46,58.0,158,Rainy,Good,114,80.5,Low
102908,105,89.1,193.8,880,8.4,27.2,63,79.0,250,Sunny,Moderate,44,52.8,Moderate
102909,89,29.1,139.0,1000,4.8,2.8,49,93.0,66,Sunny,Good,59,64.2,Moderate
102910,149,108.3,49.5,716,9.4,26.5,52,66.0,221,Rainy,Excellent,17,51.1,Moderate
102911,234,30.5,69.9,838,8.1,23.6,46,90.0,191,Cloudy,Excellent,10,41.7,High
102912,191,39.1,109.9,1038,4.1,22.9,75,36.0,218,Windy,Poor,114,51.8,Moderate
102913,21,76.7,210.4,360,9.9,36.3,42,93.0,372,Sunny,Moderate,77,67.2,Moderate
102914,121,137.7,61.9,902,3.1,4.2,62,47.0,16,Sunny,Excellent,30,53.9,Moderate
102915,228,35.7,163.6,795,10.6,32.6,73,58.0,389,Cloudy,Moderate,117,40.7,High
102916,54,25.9,102.3,463,8.4,33.0,87,89.0,494,Foggy,Moderate,107,73.2,Moderate
102917,117,115.1,72.5,1041,10.9,31.1,72,83.0,106,Snowy,Good,45,53.2,Moderate
102918,234,77.6,105.7,1055,0.6,20.3,59,50.0,465,Sunny,Moderate,115,38.3,High
102919,49,,25.0,545,3.0,14.8,79,50.0,443,Windy,Good,46,68.5,Moderate
102920,135,26.3,177.7,1086,8.2,14.7,28,87.0,226,Cloudy,Excellent,82,55.0,Moderate
102921,27,98.7,61.1,1192,10.1,31.7,29,78.0,474,Cloudy,Good,116,72.4,Moderate
102922,169,38.8,162.3,672,0.3,19.9,29,65.0,80,Sunny,Moderate,65,50.3,Moderate
102923,63,27.7,24.4,1122,0.0,11.9,49,46.0,266,Rainy,Good,66,79.5,Low
102924,205,104.1,210.6,861,2.8,26.3,29,82.0,165,Cloudy,Good,102,31.9,High
102925,55,,50.5,977,9.4,36.9,77,44.0,356,Rainy,Good,72,72.2,Moderate
102926,216,114.4,195.4,1011,8.4,-1.9,55,69.0,233,Rainy,Good,25,30.7,High
102927,96,49.9,180.0,979,3.7,43.6,63,80.0,161,Sunny,Good,35,59.7,Moderate
102928,240,70.0,213.3,514,0.0,-0.2,76,94.0,174,Sunny,Moderate,115,28.3,High
102929,50,63.8,110.4,601,6.1,20.6,62,42.0,159,Windy,Excellent,47,73.6,Moderate
102930,66,147.7,162.8,1128,2.6,23.0,42,67.0,362,Rainy,Moderate,25,55.6,Moderate
102931,74,47.4,87.8,393,8.2,1.9,23,55.0,375,Cloudy,Excellent,111,71.1,Moderate
102932,227,47.7,48.7,819,4.9,40.8,31,44.0,184,Sunny,Moderate,33,46.6,High
102933,125,56.4,103.0,838,7.5,18.6,68,,173,Sunny,Good,59,62.2,Moderate
102934,209,86.9,44.8,530,9.4,2.2,43,,237,Sunny,Moderate,62,46.6,High
102935,177,41.6,216.2,426,5.9,30.6,32,94.0,162,Sunny,Moderate,28,42.9,High
102936,140,137.7,30.2,723,3.7,28.2,87,89.0,475,Cloudy,Good,49,47.9,High
102937,74,43.5,,977,8.5,43.1,91,85.0,405,Windy,Moderate,84,66.3,Moderate
102938,163,134.9,141.6,416,2.9,17.1,53,67.0,399,Sunny,Excellent,13,40.7,High
102939,31,20.0,123.0,874,9.8,8.4,28,,237,Windy,Excellent,89,77.3,Low
102940,164,100.2,149.1,441,0.8,-2.0,29,80.0,105,Rainy,Poor,70,43.0,High
102941,163,136.5,34.4,1107,9.2,31.7,84,70.0,117,Sunny,Excellent,6,45.6,High
102942,159,29.5,126.6,1128,1.0,25.9,91,99.0,231,Rainy,Good,41,51.6,Moderate
102943,155,145.4,70.3,1000,0.6,43.6,93,81.0,75,Sunny,Excellent,41,43.0,High
102944,231,70.7,207.4,593,4.0,30.6,73,30.0,4,Rainy,Good,73,36.6,High
102945,22,142.1,170.0,690,10.5,41.7,62,47.0,217,Sunny,Poor,50,65.8,Moderate
102946,163,103.1,214.2,1134,10.8,44.6,78,56.0,281,Cloudy,Good,10,42.0,High
102947,49,48.7,17.9,653,2.2,16.4,78,71.0,332,Cloudy,Good,52,77.3,Low
102948,42,32.3,69.9,747,1.6,2.5,86,35.0,407,Sunny,Good,116,81.6,Low
102949,111,49.0,51.0,1052,3.9,4.8,80,53.0,235,Sunny,Good,12,66.3,Moderate
102950,134,18.5,12.3,797,3.7,10.9,57,74.0,322,Sunny,Moderate,36,65.6,Moderate
102951,123,25.9,60.9,446,8.4,20.4,27,36.0,31,Cloudy,Moderate,105,68.1,Moderate
102952,137,20.2,152.5,680,4.9,1.1,84,45.0,406,Windy,Good,81,60.8,Moderate
102953,24,66.3,58.5,554,8.6,10.1,24,87.0,176,Sunny,Poor,71,76.1,Low
102954,231,120.4,116.9,798,8.2,10.4,62,86.0,499,Sunny,Excellent,77,29.5,High
102955,123,25.5,196.4,767,6.4,-4.8,79,71.0,484,Cloudy,Excellent,72,57.9,Moderate
102956,127,23.9,,998,9.2,12.7,45,43.0,118,Sunny,Poor,32,62.2,Moderate
102957,84,98.3,92.9,426,2.2,0.8,30,85.0,189,Rainy,Moderate,44,59.9,Moderate
102958,140,33.6,88.2,898,,16.5,53,41.0,101,Sunny,Moderate,20,62.3,Moderate
102959,49,19.2,105.7,1147,8.3,4.8,21,44.0,364,Snowy,Moderate,61,79.2,Low
102960,168,29.2,47.2,774,2.7,36.1,40,37.0,485,Cloudy,Good,79,60.2,Moderate
102961,103,138.9,143.1,778,0.0,-1.0,45,87.0,460,Sunny,Moderate,59,48.9,High
102962,217,124.1,86.5,834,,38.3,95,82.0,78,Rainy,Excellent,87,33.5,High
102963,169,56.3,189.0,1164,6.9,24.0,92,38.0,321,Cloudy,Moderate,110,49.6,High
102964,229,100.1,168.9,484,4.9,17.9,24,75.0,138,Sunny,Good,90,30.8,High
102965,219,82.9,138.2,1003,8.0,22.5,28,36.0,335,Sunny,Poor,43,40.1,High
102966,51,103.2,86.5,603,3.7,13.8,69,73.0,401,Sunny,Moderate,80,66.8,Moderate
102967,180,104.0,54.1,909,10.5,1.4,29,43.0,225,Cloudy,Excellent,59,48.1,High
102968,35,,,604,0.8,33.3,77,35.0,265,Sunny,Good,34,70.0,Moderate
102969,223,43.6,112.1,995,7.1,41.4,29,64.0,332,Rainy,Excellent,108,42.6,High
102970,57,10.7,57.2,1151,8.6,42.5,97,99.0,223,Rainy,Moderate,46,75.7,Low
102971,245,71.1,51.0,1069,5.2,28.5,55,90.0,59,Windy,Good,9,35.8,High
102972,161,134.2,44.7,848,8.3,15.5,93,53.0,263,Rainy,Good,105,47.4,High
102973,55,87.6,173.2,962,10.2,18.9,75,31.0,454,Rainy,Poor,49,67.8,Moderate
102974,244,125.7,58.1,833,8.2,27.8,81,80.0,47,Rainy,Poor,68,30.1,High
102975,170,148.8,120.6,395,3.4,36.2,56,60.0,80,Foggy,Poor,36,39.5,High
102976,133,28.7,104.8,792,6.2,13.7,60,56.0,296,Sunny,Good,102,61.8,Moderate
102977,85,105.3,131.7,931,10.0,40.8,67,60.0,474,Sunny,Moderate,16,59.5,Moderate
102978,124,102.8,194.2,997,4.9,11.2,41,99.0,378,Sunny,Poor,111,45.7,High
102979,104,147.1,192.2,1141,7.5,21.5,99,72.0,7,Cloudy,Moderate,70,46.8,High
102980,21,147.9,104.7,928,5.1,43.1,80,81.0,348,Sunny,Good,115,65.1,Moderate
102981,238,,13.2,353,1.3,41.9,94,43.0,248,Sunny,Moderate,56,39.6,High
102982,220,40.3,99.6,1085,0.6,29.8,67,88.0,243,Cloudy,Poor,75,41.8,High
102983,212,120.8,137.3,350,10.5,11.2,83,49.0,164,Foggy,Moderate,36,35.6,High
102984,94,20.5,127.1,639,6.7,6.0,56,81.0,346,Foggy,Good,108,66.2,Moderate
102985,86,118.2,146.8,458,1.1,-1.0,60,69.0,420,Rainy,Excellent,39,56.1,Moderate
102986,199,,42.4,1126,9.4,30.4,24,97.0,319,Cloudy,Moderate,117,35.9,High
102987,209,60.5,145.8,924,5.7,20.2,96,73.0,186,Windy,Good,120,40.5,High
102988,170,96.4,48.4,809,8.5,23.6,71,35.0,248,Windy,Moderate,10,51.9,Moderate
102989,173,67.4,167.6,615,1.4,18.6,36,86.0,126,Foggy,Excellent,26,43.8,High
102990,215,68.5,81.2,487,10.0,19.1,81,87.0,87,Rainy,Excellent,93,40.3,High
102991,229,50.0,159.1,783,6.5,23.6,71,59.0,44,Sunny,Good,51,38.9,High
102992,74,115.5,20.1,393,8.1,40.7,39,81.0,399,Sunny,Good,17,63.7,Moderate
102993,25,140.7,95.7,859,0.3,-3.5,35,40.0,281,Foggy,Moderate,27,69.8,Moderate
102994,182,141.4,158.1,611,3.5,35.1,26,76.0,245,Sunny,Good,113,34.8,High
102995,169,30.3,57.6,1077,2.9,14.5,85,34.0,414,Sunny,Moderate,48,59.7,Moderate
102996,190,131.8,177.0,982,10.4,32.2,31,32.0,410,Cloudy,Moderate,114,37.9,High
102997,162,111.9,142.5,501,2.0,42.4,62,44.0,217,Sunny,Excellent,13,45.9,High
102998,105,41.7,133.4,562,7.8,10.3,59,31.0,426,Foggy,Poor,110,66.3,Moderate
102999,79,14.8,84.2,583,0.5,-0.5,20,31.0,14,Sunny,Moderate,63,76.7,Low
103000,120,43.9,111.3,972,2.2,6.6,77,83.0,255,Sunny,Moderate,105,59.3,Moderate
101001,49,21.9,45.7,929,4.1,27.3,96,77.0,381,Sunny,Moderate,43,78.6,Low
101002,98,84.3,63.5,989,2.3,13.3,67,71.0,12,Cloudy,Moderate,118,62.0,Moderate
101003,110,135.8,65.3,682,7.8,25.0,85,40.0,156,Snowy,Moderate,80,56.6,Moderate
101004,198,54.9,126.8,373,1.0,5.8,54,41.0,198,Sunny,Good,82,47.3,High
101005,210,111.3,96.4,1114,10.7,26.7,71,43.0,430,Cloudy,Moderate,11,39.7,High
101006,245,100.5,209.0,717,10.8,-3.6,81,59.0,153,Sunny,Excellent,99,27.5,High
101007,71,140.1,36.5,1091,1.4,12.1,71,89.0,197,Foggy,Moderate,10,59.7,Moderate
101008,185,124.0,214.5,855,1.1,32.4,66,59.0,223,Sunny,Moderate,91,35.2,High
101009,244,87.2,58.4,525,4.5,35.4,73,67.0,483,Sunny,Good,58,36.0,High
101010,235,100.3,172.3,778,10.6,7.6,47,94.0,117,Windy,Good,87,27.6,High
101011,98,135.3,81.2,1082,4.4,22.0,42,76.0,150,Sunny,Moderate,89,54.5,Moderate
101012,49,62.9,40.0,791,4.0,21.4,54,68.0,243,Cloudy,Good,23,74.8,Moderate
101013,125,52.4,190.2,897,7.7,16.1,51,78.0,74,Sunny,Excellent,51,53.9,Moderate
101014,70,6.6,74.9,863,2.0,6.4,21,87.0,439,Foggy,Poor,23,74.2,Moderate
101015,100,124.8,148.4,710,4.0,30.2,35,46.0,212,Windy,Moderate,112,55.0,Moderate
101016,152,121.1,129.0,623,3.2,7.6,35,35.0,274,Rainy,Moderate,38,48.2,High
101017,48,20.1,109.1,526,6.6,40.6,70,44.0,353,Sunny,Good,47,79.1,Low
101018,151,88.6,114.1,613,1.8,21.4,86,96.0,496,Sunny,Poor,17,46.9,High
101019,157,72.3,163.8,535,6.0,38.5,73,57.0,366,Cloudy,Moderate,40,49.2,High
101020,203,22.2,28.4,876,9.4,9.5,39,73.0,243,Sunny,Good,29,52.1,Moderate
101021,164,147.2,150.3,628,5.7,35.4,52,47.0,177,Rainy,Moderate,101,40.6,High
101022,93,36.1,198.1,1055,7.5,0.7,27,61.0,107,Rainy,Good,60,62.9,Moderate
101023,36,14.7,22.1,547,0.8,33.3,43,98.0,290,Windy,Excellent,25,80.9,Low
101024,103,91.3,39.5,698,4.9,14.3,72,73.0,176,Sunny,Good,38,61.2,Moderate
101025,235,112.1,160.5,770,1.0,18.5,83,99.0,478,Rainy,Good,114,26.3,High
101026,88,9.7,101.8,654,6.6,3.3,77,92.0,173,Snowy,Moderate,29,68.7,Moderate
101027,53,100.5,94.7,413,3.1,-4.1,56,87.0,92,Cloudy,Excellent,86,65.0,Moderate
101028,25,82.2,38.8,639,,28.3,31,76.0,453,Windy,Moderate,111,76.1,Low
101029,72,20.0,116.4,367,0.8,24.4,23,46.0,99,Sunny,Good,15,74.2,Moderate
101030,213,30.0,36.6,413,3.4,26.1,50,68.0,180,Rainy,Good,23,49.4,High
101031,224,87.4,110.1,679,5.6,7.8,98,88.0,158,Foggy,Good,53,34.9,High
101032,145,,170.4,1112,6.4,7.0,57,36.0,95,Sunny,Good,53,56.0,Moderate
101033,62,141.1,64.2,366,0.7,36.5,56,92.0,231,Cloudy,Good,38,59.5,Moderate
101034,222,123.7,111.0,792,7.2,33.1,94,86.0,250,Sunny,Good,6,31.0,High
101035,134,147.6,218.3,490,5.4,11.8,33,63.0,339,Rainy,Moderate,34,41.0,High
101036,130,42.7,154.2,657,5.9,26.9,94,82.0,405,Cloudy,Moderate,113,55.6,Moderate
101037,170,145.6,186.7,793,9.2,36.4,92,95.0,66,Sunny,Moderate,42,33.1,High
101038,202,67.5,97.1,845,3.8,39.4,43,77.0,391,Snowy,Moderate,19,43.0,High
101039,99,55.4,171.3,775,1.9,-4.7,29,89.0,236,Windy,Moderate,79,58.1,Moderate
101040,114,12.3,18.5,824,6.1,35.7,57,72.0,18,Foggy,Good,92,69.9,Moderate
101041,222,12.7,35.8,1181,10.4,12.5,62,,286,Cloudy,Poor,64,53.4,Moderate
101042,137,105.3,52.6,594,5.7,30.9,56,81.0,287,Cloudy,Good,8,52.0,Moderate
101043,163,71.4,94.4,799,9.2,13.6,61,61.0,206,Windy,Moderate,87,51.3,Moderate
101044,27,37.8,187.6,1151,8.3,25.3,51,80.0,310,Cloudy,Moderate,97,73.2,Moderate
101045,151,94.0,82.7,700,5.7,27.3,33,39.0,102,Rainy,Moderate,18,53.5,Moderate
101046,123,41.7,147.5,948,7.1,15.2,23,41.0,158,Rainy,Poor,118,61.4,Moderate
101047,151,88.8,159.0,1060,4.5,20.6,43,68.0,194,Cloudy,Good,85,47.4,High
101048,203,57.1,133.1,510,5.8,31.3,29,97.0,50,Sunny,Good,12,40.3,High
101049,44,124.4,85.0,489,5.6,18.8,35,39.0,377,Sunny,Excellent,81,69.0,Moderate
101050,214,124.0,131.2,842,7.8,-4.3,58,39.0,223,Cloudy,Excellent,91,36.1,High
101051,115,74.2,81.9,937,4.5,-4.4,37,52.0,201,Cloudy,Moderate,97,61.1,Moderate
101052,214,55.9,27.6,880,1.1,28.1,44,42.0,91,Windy,Excellent,115,49.2,High
101053,174,57.6,218.5,742,8.7,37.4,26,77.0,154,Cloudy,Poor,15,43.1,High
101054,112,121.8,36.7,1191,7.5,34.3,75,73.0,175,Sunny,Moderate,84,56.1,Moderate
101055,179,52.6,25.2,750,,10.5,66,,109,Cloudy,Good,54,50.9,Moderate
101056,197,35.3,194.5,399,,18.6,22,69.0,487,Sunny,Good,112,43.7,High
101057,80,17.3,73.4,1093,0.9,6.7,20,35.0,298,Sunny,Excellent,91,76.4,Low
101058,141,72.7,146.6,644,1.3,44.5,52,72.0,222,Sunny,Poor,80,51.4,Moderate
101059,70,74.9,79.1,774,8.5,8.0,90,61.0,178,Sunny,Moderate,42,68.4,Moderate
101060,166,126.9,92.2,361,0.7,15.8,93,78.0,225,Sunny,Good,28,42.5,High
101061,40,,65.0,684,10.0,29.1,78,48.0,452,Sunny,Excellent,99,80.3,Low
101062,24,60.2,82.0,364,3.1,38.8,91,81.0,74,Snowy,Good,42,76.3,Low
101063,229,122.2,96.2,377,9.9,-2.4,51,81.0,70,Sunny,Excellent,104,31.2,High
101064,111,124.4,161.3,737,8.5,10.1,36,63.0,327,Sunny,Moderate,66,50.7,Moderate
101065,189,,117.4,641,9.6,23.4,97,88.0,208,Foggy,Moderate,60,44.0,High
101066,80,71.6,208.1,1182,2.4,25.9,36,34.0,491,Rainy,Good,69,63.2,Moderate
101067,41,49.0,18.8,599,6.6,-1.5,40,95.0,433,Sunny,Poor,94,76.3,Low
101068,168,140.2,115.6,854,1.0,28.2,74,70.0,444,Sunny,Excellent,21,40.2,High
101069,89,22.2,132.7,447,2.2,21.4,25,63.0,102,Rainy,Good,104,68.4,Moderate
101070,20,140.4,203.2,1164,3.4,36.4,68,,40,Cloudy,Moderate,21,61.1,Moderate
101071,152,104.2,20.3,686,8.1,6.1,45,49.0,434,Sunny,Excellent,105,54.2,Moderate
101072,31,82.1,130.4,388,0.3,4.8,51,83.0,333,Sunny,Good,31,69.7,Moderate
101073,109,9.7,189.3,387,9.9,34.7,91,95.0,279,Foggy,Moderate,93,60.3,Moderate
101074,65,74.0,60.8,649,0.8,30.2,63,,29,Rainy,Good,98,71.7,Moderate
101075,53,64.1,194.0,528,4.1,34.6,78,73.0,242,Cloudy,Good,109,65.8,Moderate
101076,196,28.4,14.0,958,0.9,34.1,48,77.0,51,Sunny,Moderate,29,52.9,Moderate
101077,97,100.2,163.8,818,8.5,0.2,36,64.0,433,Sunny,Good,106,55.9,Moderate
101078,237,145.8,206.0,631,1.6,8.9,37,68.0,56,Cloudy,Excellent,100,22.7,High
101079,64,86.5,148.0,1099,9.7,8.0,59,32.0,189,Foggy,Excellent,80,67.5,Moderate
101080,174,108.6,102.2,513,5.8,41.7,82,48.0,78,Sunny,Good,53,45.7,High
101081,92,14.9,19.4,802,10.4,19.4,94,47.0,372,Foggy,Excellent,62,76.0,Low
101082,45,65.6,203.2,446,3.2,0.6,64,34.0,436,Sunny,Poor,89,70.5,Moderate
101083,66,21.9,108.8,1118,5.0,9.5,95,84.0,195,Cloudy,Moderate,110,71.7,Moderate
101084,140,93.9,16.1,658,7.6,38.6,98,42.0,460,Sunny,Good,102,58.5,Moderate
101085,233,141.1,154.9,611,9.2,37.4,22,63.0,196,Rainy,Moderate,5,27.1,High
101086,75,101.0,111.2,642,4.6,40.0,22,47.0,30,Cloudy,Good,17,64.1,Moderate
101087,113,16.1,36.1,1119,9.8,14.4,57,97.0,331,Rainy,Excellent,57,66.2,Moderate
101088,126,56.4,55.0,598,1.3,27.1,92,72.0,29,Cloudy,Moderate,25,60.6,Moderate
101089,82,84.8,23.5,594,7.8,8.9,59,94.0,112,Cloudy,Moderate,5,64.5,Moderate
101090,67,63.5,130.6,600,3.8,4.0,87,70.0,137,Rainy,Excellent,81,66.8,Moderate
101091,80,125.9,140.6,472,1.1,-3.9,73,67.0,221,Sunny,Good,35,56.8,Moderate
101092,100,123.1,116.2,674,4.3,6.2,39,67.0,473,Cloudy,Excellent,65,54.7,Moderate
101093,45,93.7,181.6,1030,9.7,25.2,34,42.0,171,Sunny,Good,91,67.4,Moderate
101094,55,59.2,190.8,850,10.8,40.2,24,51.0,389,Cloudy,Good,7,68.4,Moderate
101095,20,42.0,139.3,1036,4.3,1.7,58,58.0,154,Snowy,Moderate,79,78.6,Low
101096,27,20.4,12.7,1130,9.8,40.9,59,38.0,275,Sunny,Excellent,33,88.3,Low
101097,132,56.5,,1065,5.6,12.3,26,97.0,219,Foggy,Excellent,52,52.0,Moderate
101098,118,64.9,97.8,1186,7.9,16.3,91,46.0,275,Windy,Good,86,61.5,Moderate
101099,199,103.0,128.8,415,0.5,13.2,52,66.0,11,Cloudy,Moderate,66,38.8,High
101100,226,100.4,146.3,1176,6.1,15.4,56,93.0,492,Sunny,Good,29,30.7,High
101101,66,15.2,83.5,1185,0.8,8.0,51,96.0,84,Snowy,Good,38,72.5,Moderate
101102,146,62.3,202.6,408,3.0,29.9,62,,221,Windy,Good,22,52.8,Moderate
101103,75,31.4,,1080,6.2,32.9,82,69.0,48,Sunny,Moderate,117,73.9,Moderate
101104,233,27.7,151.0,847,8.9,36.2,55,45.0,179,Foggy,Good,69,42.7,High
101105,33,,10.9,722,6.2,12.1,68,40.0,9,Foggy,Excellent,32,74.5,Moderate
101106,237,11.1,204.2,615,10.3,33.2,44,55.0,498,Cloudy,Good,8,40.3,High
101107,47,65.8,33.6,1002,8.9,26.9,85,94.0,260,Snowy,Excellent,120,72.6,Moderate
101108,234,29.4,29.9,585,1.7,42.9,28,31.0,319,Cloudy,Good,25,49.8,High
101109,97,132.5,79.9,567,4.3,16.2,37,74.0,185,Cloudy,Excellent,74,55.2,Moderate
101110,235,85.8,88.4,876,7.4,44.6,41,72.0,228,Sunny,Good,25,35.8,High
101111,149,38.6,55.0,1163,10.3,32.0,34,32.0,391,Sunny,Moderate,105,62.6,Moderate
101112,128,77.9,132.9,790,10.9,33.8,26,63.0,157,Rainy,Good,98,54.7,Moderate
101113,173,111.1,103.0,999,8.4,-3.7,32,94.0,272,Sunny,Moderate,24,41.0,High
101114,33,143.9,17.2,755,6.3,19.9,55,93.0,322,Rainy,Good,45,66.6,Moderate
101115,206,37.0,77.1,1093,8.3,21.4,35,36.0,20,Windy,Poor,100,51.0,Moderate
101116,75,133.5,180.2,950,3.0,-3.0,60,64.0,15,Sunny,Poor,57,55.1,Moderate
101117,134,140.5,154.8,938,3.1,10.6,40,51.0,479,Sunny,Moderate,66,46.2,High
101118,26,137.9,162.2,997,7.2,42.8,47,77.0,282,Rainy,Poor,35,63.0,Moderate
101119,22,97.1,156.6,818,9.6,16.3,93,61.0,114,Sunny,Good,104,70.5,Moderate
101120,130,,75.3,459,10.7,4.3,36,55.0,5,Windy,Moderate,29,55.8,Moderate
101121,170,63.5,30.9,702,3.8,20.7,84,35.0,297,Cloudy,Good,73,56.7,Moderate
101122,126,114.1,67.2,1162,8.8,-3.3,32,75.0,399,Rainy,Moderate,76,52.8,Moderate
101123,37,82.0,184.7,440,9.4,20.8,55,84.0,428,Sunny,Good,21,65.9,Moderate
101124,57,103.2,215.9,763,6.9,24.7,77,84.0,258,Sunny,Good,83,58.2,Moderate
101125,246,67.1,113.7,1051,3.8,12.9,39,86.0,39,Sunny,Poor,24,33.4,High
101126,134,111.1,12.0,422,6.8,33.1,71,92.0,275,Sunny,Good,49,52.7,Moderate
101127,34,124.5,39.4,1034,6.4,1.8,25,30.0,231,Cloudy,Moderate,115,74.0,Moderate
101128,211,26.2,77.6,896,6.7,38.9,42,50.0,6,Rainy,Moderate,97,50.0,Moderate
101129,236,125.8,131.5,1071,6.8,42.8,61,49.0,314,Sunny,Good,104,30.9,High
101130,138,83.3,25.8,647,9.3,-4.9,43,58.0,394,Sunny,Good,54,58.1,Moderate
101131,248,127.5,208.1,994,1.9,37.1,24,72.0,92,Cloudy,Excellent,55,22.5,High
101132,47,67.5,86.7,632,4.0,20.3,51,74.0,307,Snowy,Poor,96,71.7,Moderate
101133,221,60.0,201.6,854,6.4,18.1,65,94.0,386,Rainy,Poor,76,33.5,High
101134,58,137.7,173.9,547,3.1,6.9,36,32.0,20,Sunny,Moderate,82,61.1,Moderate
101135,204,41.4,168.6,381,10.8,17.4,94,49.0,436,Windy,Moderate,37,45.0,High
101136,36,127.4,137.4,997,2.9,42.5,46,66.0,479,Foggy,Excellent,102,64.8,Moderate
101137,105,75.2,141.6,1109,5.2,5.5,87,67.0,413,Sunny,Good,120,58.3,Moderate
101138,237,79.5,144.0,690,9.7,4.0,42,74.0,486,Rainy,Good,33,33.2,High
101139,145,49.7,142.0,1007,0.9,7.1,53,71.0,10,Cloudy,Moderate,26,53.7,Moderate
101140,63,88.1,126.3,683,9.0,22.6,40,75.0,464,Foggy,Excellent,71,64.3,Moderate
101141,44,52.2,217.1,492,6.3,41.5,41,89.0,408,Cloudy,Moderate,116,66.1,Moderate
101142,164,10.7,163.8,1095,0.3,23.7,84,42.0,49,Foggy,Moderate,91,56.8,Moderate
101143,32,44.4,173.2,759,9.9,7.2,51,60.0,472,Sunny,Excellent,7,74.3,Moderate
101144,231,5.9,193.2,393,0.4,17.0,81,97.0,264,Sunny,Excellent,10,38.4,High
101145,44,146.9,55.3,381,5.7,14.5,47,91.0,44,Snowy,Excellent,44,62.6,Moderate
101146,87,145.0,27.6,1092,0.5,-2.7,26,78.0,284,Snowy,Moderate,91,57.8,Moderate
101147,157,62.3,111.4,377,0.8,20.5,73,47.0,317,Rainy,Good,80,54.0,Moderate
101148,86,110.6,118.0,772,9.8,1.3,89,82.0,270,Windy,Good,73,57.1,Moderate
101149,128,55.1,184.1,840,8.4,37.1,33,47.0,274,Rainy,Moderate,9,56.4,Moderate
101150,165,102.3,103.2,509,2.2,22.4,74,80.0,398,Rainy,Excellent,7,44.9,High
101151,130,121.8,129.9,1194,6.8,37.2,77,70.0,422,Cloudy,Good,8,48.5,High
101152,247,142.3,120.7,556,8.7,42.8,63,96.0,34,Cloudy,Moderate,67,22.8,High
101153,130,63.0,18.0,367,9.8,42.2,65,94.0,487,Cloudy,Moderate,92,58.7,Moderate
101154,233,118.6,139.2,452,5.2,0.0,33,35.0,140,Rainy,Moderate,9,33.4,High
101155,53,43.6,183.9,931,9.9,42.2,63,66.0,143,Cloudy,Excellent,65,69.4,Moderate
101156,130,148.6,43.1,980,5.6,34.8,60,41.0,322,Sunny,Excellent,99,52.5,Moderate
101157,27,8.7,134.8,1000,7.6,33.9,92,31.0,244,Sunny,Moderate,61,84.3,Low
101158,187,92.5,134.7,1021,10.8,-0.5,21,82.0,350,Foggy,Excellent,103,40.3,High
101159,132,100.6,44.5,581,2.6,4.0,24,54.0,310,Sunny,Poor,46,56.5,Moderate
101160,102,104.8,35.9,1009,1.9,43.8,31,57.0,192,Sunny,Good,87,61.6,Moderate
101161,61,22.5,215.8,773,3.8,5.7,97,74.0,34,Cloudy,Good,60,68.1,Moderate
101162,188,141.1,92.7,1104,1.8,3.5,96,66.0,271,Sunny,Good,76,38.0,High
101163,120,31.3,57.8,896,3.1,13.1,66,,384,Cloudy,Poor,32,67.2,Moderate
101164,25,95.3,46.0,1186,8.2,40.7,98,98.0,177,Sunny,Moderate,59,72.0,Moderate
101165,199,37.3,150.2,588,5.3,18.8,54,85.0,269,Sunny,Good,42,43.7,High
101166,45,49.5,138.0,683,4.1,41.0,38,87.0,317,Windy,Moderate,27,70.4,Moderate
101167,83,84.2,145.1,498,4.1,11.7,98,33.0,390,Snowy,Good,11,64.4,Moderate
101168,245,65.5,28.5,972,,6.3,82,84.0,150,Sunny,Good,42,38.2,High
101169,206,28.2,197.6,757,4.9,19.8,27,78.0,98,Rainy,Good,81,41.9,High
101170,203,29.8,91.7,366,6.9,25.8,42,67.0,446,Rainy,Good,113,48.6,High
101171,78,65.6,75.8,575,1.5,14.6,32,74.0,28,Rainy,Good,61,66.9,Moderate
101172,128,114.8,107.1,1001,,12.3,42,59.0,149,Cloudy,Excellent,89,51.9,Moderate
101173,217,135.2,91.9,1005,4.9,5.9,50,66.0,207,Sunny,Excellent,41,33.5,High
101174,248,17.2,191.4,609,10.4,8.8,49,85.0,348,Rainy,Excellent,10,35.2,High
101175,140,62.0,205.1,1078,1.5,28.7,61,56.0,261,Cloudy,Good,14,51.5,Moderate
101176,52,19.5,73.7,1023,8.4,13.5,21,61.0,209,Sunny,Poor,31,78.5,Low
101177,200,7.4,,953,6.8,-1.0,30,40.0,412,Cloudy,Moderate,120,49.5,High
101178,169,100.9,174.1,523,9.0,1.9,44,87.0,88,Snowy,Poor,94,40.1,High
101179,40,92.4,205.5,1192,6.6,13.6,48,64.0,236,Cloudy,Good,110,65.0,Moderate
101180,217,28.6,61.6,554,10.6,41.2,41,46.0,247,Sunny,Good,61,49.8,High
101181,89,38.9,,764,6.9,14.0,38,59.0,257,Windy,Moderate,96,66.9,Moderate
101182,131,8.4,67.7,857,8.6,-2.0,92,47.0,491,Windy,Moderate,20,67.3,Moderate
101183,23,126.1,183.1,502,9.7,15.9,60,59.0,191,Cloudy,Good,118,65.7,Moderate
101184,113,146.3,11.1,452,7.9,28.4,57,45.0,95,Cloudy,Moderate,63,57.0,Moderate
101185,94,24.6,128.6,1063,5.8,24.7,48,83.0,35,Rainy,Moderate,32,65.4,Moderate
101186,209,38.6,81.2,1141,3.0,8.9,93,33.0,95,Sunny,Moderate,7,50.4,Moderate
101187,81,130.9,77.8,414,9.4,29.4,41,44.0,488,Rainy,Moderate,61,61.4,Moderate
101188,113,139.3,145.4,466,5.3,26.5,27,56.0,403,Snowy,Poor,69,50.1,Moderate
101189,114,65.8,188.8,1014,6.8,3.6,66,33.0,438,Cloudy,Poor,71,58.8,Moderate
101190,171,12.3,137.9,505,0.9,3.1,25,64.0,36,Sunny,Good,34,54.4,Moderate
101191,74,10.7,189.2,1025,5.5,22.4,26,92.0,233,Sunny,Excellent,23,66.7,Moderate
101192,156,88.2,65.6,431,7.7,28.0,55,95.0,101,Rainy,Excellent,101,48.6,High
101193,150,62.0,119.1,867,6.4,43.1,27,68.0,480,Sunny,Excellent,12,52.8,Moderate
101194,50,9.2,104.6,1183,4.9,16.1,96,57.0,179,Cloudy,Excellent,66,79.0,Low
101195,59,89.6,12.4,416,2.5,33.2,65,63.0,324,Cloudy,Good,23,71.7,Moderate
101196,248,6.6,126.9,587,3.4,0.8,83,62.0,69,Sunny,Excellent,40,42.0,High
101197,55,119.2,148.9,933,7.7,39.5,50,79.0,405,Cloudy,Moderate,116,60.5,Moderate
101198,171,49.4,134.3,956,2.5,26.7,42,89.0,468,Cloudy,Excellent,105,47.7,High
101199,242,10.8,164.6,1165,6.8,26.5,80,71.0,466,Rainy,Good,73,39.8,High
101200,25,90.3,130.0,675,6.5,2.1,69,57.0,106,Sunny,Excellent,64,72.5,Moderate
101201,85,62.7,24.0,939,10.7,-3.0,65,56.0,270,Sunny,Moderate,38,70.4,Moderate
101202,231,146.2,34.5,416,0.7,30.1,62,,353,Windy,Moderate,59,36.2,High
101203,239,83.9,135.3,525,1.2,0.9,29,37.0,46,Rainy,Good,106,36.4,High
101204,94,44.9,67.7,1182,5.6,1.3,39,75.0,454,Snowy,Poor,31,66.8,Moderate
101205,23,107.9,26.7,1033,5.8,4.4,35,53.0,464,Sunny,Excellent,43,76.3,Low
101206,98,44.4,100.2,827,0.4,-0.1,97,69.0,107,Sunny,Moderate,115,65.1,Moderate
101207,153,136.1,126.4,604,9.1,26.3,22,80.0,363,Rainy,Good,46,41.8,High
101208,137,59.3,79.0,412,5.4,16.1,49,53.0,68,Windy,Good,46,59.0,Moderate
101209,132,84.7,161.3,1163,3.8,8.3,37,51.0,307,Windy,Excellent,119,52.9,Moderate
101210,113,12.3,145.2,752,3.5,17.0,78,97.0,422,Windy,Excellent,92,61.2,Moderate
101211,249,66.8,79.9,1107,9.5,37.2,89,37.0,1,Sunny,Poor,52,39.5,High
101212,198,125.7,168.5,541,2.2,41.4,54,87.0,218,Windy,Moderate,35,32.2,High
101213,81,121.8,146.2,678,1.8,19.4,38,44.0,44,Windy,Good,26,59.1,Moderate
101214,204,37.5,,420,2.3,23.3,45,37.0,407,Sunny,Good,91,47.9,High
101215,213,37.8,126.2,1090,6.9,7.9,54,71.0,232,Cloudy,Excellent,45,43.7,High
101216,98,123.5,12.4,412,8.9,20.7,95,68.0,188,Cloudy,Excellent,28,60.1,Moderate
101217,222,139.9,156.3,646,3.6,32.4,91,64.0,366,Sunny,Poor,44,29.0,High
101218,155,18.8,89.0,594,1.9,19.6,76,70.0,347,Cloudy,Good,36,58.4,Moderate
101219,45,70.3,207.9,868,2.3,10.1,68,77.0,121,Windy,Good,55,65.4,Moderate
101220,198,53.9,181.8,742,6.8,24.1,29,73.0,494,Windy,Poor,37,41.5,High
101221,192,131.2,133.4,1121,2.7,42.3,48,64.0,64,Foggy,Good,32,36.6,High
101222,63,17.1,63.0,950,9.7,39.4,90,56.0,436,Cloudy,Good,85,77.9,Low
101223,152,35.6,52.8,526,1.1,33.5,87,94.0,371,Cloudy,Good,94,56.3,Moderate
101224,89,114.1,81.5,553,0.4,8.8,97,99.0,148,Rainy,Moderate,86,56.3,Moderate
101225,173,12.4,110.1,995,1.0,7.1,43,95.0,248,Cloudy,Moderate,83,52.4,Moderate
101226,137,76.4,72.2,943,9.3,36.9,62,92.0,382,Sunny,Excellent,106,53.4,Moderate
101227,87,69.1,118.1,882,7.2,4.1,58,58.0,475,Rainy,Moderate,67,64.3,Moderate
101228,38,53.5,44.7,477,10.5,25.3,44,60.0,66,Sunny,Moderate,26,78.5,Low
101229,231,62.2,215.3,544,3.7,16.9,87,93.0,349,Sunny,Moderate,117,30.9,High
101230,244,81.8,32.7,543,2.3,18.4,53,82.0,384,Sunny,Poor,22,36.4,High
101231,39,28.4,205.7,533,6.2,17.7,72,97.0,58,Foggy,Good,89,69.6,Moderate
101232,132,87.9,201.9,596,5.9,40.0,74,54.0,114,Sunny,Excellent,87,50.2,Moderate
101233,159,121.8,120.3,673,6.5,-0.6,72,42.0,115,Cloudy,Moderate,6,46.5,High
101234,66,115.2,162.2,509,3.8,34.1,37,69.0,236,Foggy,Excellent,98,59.3,Moderate
101235,20,27.3,101.6,1055,0.1,36.8,26,36.0,46,Cloudy,Excellent,93,84.4,Low
101236,109,26.6,142.3,971,0.4,42.1,82,61.0,108,Sunny,Excellent,30,64.0,Moderate
101237,161,43.9,81.5,415,7.3,17.6,94,53.0,273,Cloudy,Moderate,43,56.4,Moderate
101238,83,57.4,73.2,603,,20.0,61,30.0,112,Sunny,Excellent,21,71.5,Moderate
101239,57,64.2,131.4,632,9.0,43.1,30,,32,Sunny,Good,115,67.9,Moderate
101240,56,103.6,114.6,409,3.3,17.9,28,80.0,398,Windy,Excellent,20,63.8,Moderate
101241,145,13.2,131.7,467,9.0,20.2,54,65.0,279,Sunny,Moderate,31,59.2,Moderate
101242,158,10.0,70.2,772,4.7,11.6,84,56.0,291,Rainy,Good,53,61.2,Moderate
101243,119,61.8,87.1,905,1.1,-3.4,24,99.0,315,Cloudy,Good,7,56.9,Moderate
101244,96,106.1,27.6,1071,10.8,16.7,45,71.0,161,Sunny,Moderate,46,61.5,Moderate
101245,22,33.0,21.0,385,5.6,27.8,70,97.0,89,Cloudy,Moderate,67,81.3,Low
101246,180,98.0,63.2,880,6.9,29.5,57,99.0,50,Sunny,Good,106,42.8,High
101247,153,42.7,25.6,440,7.4,-4.7,22,42.0,423,Sunny,Good,33,61.9,Moderate
101248,197,133.5,31.8,650,4.0,35.1,78,54.0,405,Cloudy,Moderate,6,41.5,High
101249,29,134.9,180.7,1073,8.2,19.6,32,51.0,143,Sunny,Poor,111,64.5,Moderate
101250,24,48.1,18.2,1083,9.6,21.0,54,50.0,103,Rainy,Excellent,108,84.0,Low
101251,170,38.3,148.4,566,4.3,43.1,22,44.0,169,Sunny,Good,18,53.0,Moderate
101252,157,64.6,67.2,1084,7.2,9.2,72,96.0,15,Cloudy,Good,16,51.0,Moderate
101253,191,39.9,193.0,447,8.3,33.1,74,,132,Rainy,Moderate,120,44.6,High
101254,149,102.5,111.8,805,2.1,23.7,64,74.0,498,Cloudy,Moderate,28,47.9,High
101255,32,124.8,74.2,880,3.7,30.0,85,55.0,389,Windy,Good,32,70.1,Moderate
101256,187,102.6,118.7,1158,1.2,15.9,86,84.0,169,Rainy,Good,107,39.7,High
101257,149,124.5,90.2,887,6.6,9.0,63,79.0,471,Foggy,Poor,22,45.8,High
101258,103,62.6,128.5,377,8.8,22.3,92,64.0,29,Sunny,Moderate,93,61.1,Moderate
101259,84,27.7,34.1,925,6.7,13.7,87,70.0,484,Foggy,Poor,105,72.9,Moderate
101260,82,112.0,219.4,673,2.0,6.1,81,40.0,159,Rainy,Moderate,10,56.8,Moderate
101261,120,57.3,99.4,572,,37.0,44,37.0,436,Rainy,Good,113,62.9,Moderate
101262,92,102.3,83.1,429,9.2,18.8,71,83.0,146,Foggy,Excellent,34,58.7,Moderate
101263,36,44.2,159.1,912,3.3,37.4,69,30.0,306,Cloudy,Moderate,99,77.3,Low
101264,28,16.8,86.4,807,9.2,18.7,20,49.0,236,Windy,Good,38,83.7,Low
101265,222,148.9,185.0,963,8.6,22.8,58,63.0,411,Cloudy,Good,87,26.6,High
101266,162,27.6,105.4,525,0.2,44.8,71,86.0,174,Rainy,Good,62,53.7,Moderate
101267,171,148.3,161.1,871,2.6,42.6,95,42.0,71,Cloudy,Poor,32,39.2,High
101268,57,146.7,32.6,1098,6.0,8.6,59,83.0,383,Sunny,Excellent,76,62.2,Moderate
101269,182,120.1,187.7,806,7.9,38.4,79,82.0,362,Cloudy,Excellent,79,35.2,High
101270,113,100.6,164.5,772,9.7,14.5,92,81.0,126,Foggy,Moderate,57,51.3,Moderate
101271,114,88.8,54.5,449,7.1,-1.4,88,35.0,384,Snowy,Poor,20,62.6,Moderate
101272,68,130.6,40.5,1089,4.2,23.8,39,65.0,195,Rainy,Poor,30,63.6,Moderate
101273,88,47.0,76.4,752,2.0,43.9,21,54.0,184,Rainy,Moderate,69,69.3,Moderate
101274,81,72.8,215.0,925,8.4,43.7,28,87.0,149,Sunny,Excellent,61,57.2,Moderate
101275,207,94.8,63.9,729,2.3,1.3,58,84.0,213,Sunny,Good,35,39.8,High
101276,197,64.6,105.8,880,,33.6,49,,93,Sunny,Poor,31,48.3,High
101277,97,67.0,16.3,681,2.0,35.1,73,57.0,57,Sunny,Good,116,68.0,Moderate
101278,136,52.9,93.4,667,1.0,13.4,77,97.0,218,Rainy,Moderate,112,54.8,Moderate
101279,139,86.8,130.0,1002,2.8,27.9,63,67.0,218,Windy,Good,53,51.4,Moderate
101280,222,128.3,210.2,886,3.1,19.4,62,63.0,12,Sunny,Excellent,13,27.8,High
101281,156,34.2,118.5,1089,7.1,6.4,29,42.0,422,Sunny,Moderate,30,57.7,Moderate
101282,181,140.5,182.0,438,1.8,33.1,67,34.0,282,Sunny,Moderate,10,38.1,High
101283,95,104.9,124.9,953,10.2,8.1,36,89.0,422,Sunny,Poor,11,55.2,Moderate
101284,246,124.4,18.6,860,6.1,12.0,24,46.0,485,Cloudy,Moderate,17,35.3,High
101285,54,85.6,76.2,391,5.4,4.5,89,86.0,376,Sunny,Moderate,53,67.6,Moderate
101286,20,118.0,,1156,4.8,31.0,93,60.0,455,Sunny,Moderate,14,69.7,Moderate
101287,59,7.3,,738,6.2,17.9,83,94.0,139,Foggy,Moderate,47,68.6,Moderate
101288,83,123.7,190.4,430,0.2,17.2,85,95.0,407,Sunny,Excellent,114,51.2,Moderate
101289,169,10.8,58.0,751,10.9,25.2,90,62.0,273,Snowy,Poor,53,59.2,Moderate
101290,79,134.0,56.2,456,6.1,2.9,23,33.0,118,Rainy,Good,99,63.6,Moderate
101291,83,148.8,52.2,460,0.4,39.9,47,84.0,270,Sunny,Poor,116,56.2,Moderate
101292,112,47.6,203.7,626,6.5,18.3,57,53.0,443,Windy,Moderate,105,58.6,Moderate
101293,91,35.5,189.1,563,4.8,13.3,85,61.0,399,Rainy,Excellent,22,63.8,Moderate
101294,30,116.0,172.7,1092,0.3,1.3,86,76.0,96,Sunny,Excellent,15,64.4,Moderate
101295,124,41.7,92.5,1167,10.2,3.4,79,45.0,329,Sunny,Good,14,63.6,Moderate
101296,248,130.5,115.9,855,0.1,41.0,66,50.0,46,Snowy,Good,32,28.9,High
101297,33,19.9,107.5,470,6.4,17.8,44,,151,Cloudy,Good,89,76.7,Low
101298,79,23.3,63.2,483,,31.1,85,60.0,172,Cloudy,Moderate,57,73.8,Moderate
101299,49,147.0,116.1,1167,2.6,-1.0,98,43.0,274,Sunny,Good,58,63.4,Moderate
101300,54,102.7,16.4,1069,2.8,27.2,86,35.0,346,Sunny,Excellent,29,73.6,Moderate
101301,232,127.8,37.7,720,0.0,41.1,88,98.0,236,Snowy,Poor,10,31.2,High
101302,184,52.0,196.2,606,0.7,10.0,59,58.0,424,Windy,Good,110,45.0,High
101303,24,,167.9,1046,0.5,24.0,69,84.0,30,Cloudy,Poor,15,66.5,Moderate
101304,102,91.2,98.8,1147,9.0,42.0,59,66.0,212,Sunny,Excellent,37,59.2,Moderate
101305,142,92.5,118.6,529,9.2,31.0,56,88.0,271,Foggy,Moderate,73,48.6,High
101306,97,104.0,87.7,397,8.0,-1.9,88,65.0,406,Rainy,Excellent,102,59.2,Moderate
101307,173,88.4,165.6,948,3.9,13.9,36,88.0,77,Snowy,Moderate,100,41.2,High
101308,81,67.2,174.7,368,9.0,-0.7,81,93.0,278,Sunny,Moderate,111,59.3,Moderate
101309,151,45.0,170.3,395,5.9,38.1,60,72.0,40,Cloudy,Poor,50,51.7,Moderate
101310,108,116.4,161.7,800,3.3,26.1,95,71.0,145,Windy,Good,92,51.4,Moderate
101311,61,37.8,52.9,405,4.8,42.8,61,89.0,419,Sunny,Excellent,81,72.9,Moderate
101312,108,105.4,81.0,1090,0.7,-4.0,50,91.0,11,Rainy,Poor,59,54.8,Moderate
101313,165,38.8,108.7,1006,10.4,16.2,52,93.0,247,Rainy,Good,111,50.9,Moderate
101314,59,95.7,,441,6.8,0.2,62,87.0,228,Sunny,Good,74,65.2,Moderate
101315,91,113.3,168.5,431,8.0,12.5,86,31.0,330,Snowy,Good,102,58.5,Moderate
101316,58,36.7,79.2,1086,7.4,3.1,57,37.0,452,Sunny,Excellent,55,77.5,Low
101317,123,13.7,39.0,428,7.3,11.4,60,85.0,178,Rainy,Good,29,65.8,Moderate
101318,33,24.0,93.8,1011,0.2,36.0,82,65.0,340,Foggy,Good,109,80.0,Low
101319,51,92.9,215.8,632,5.8,3.0,59,98.0,159,Foggy,Good,27,59.1,Moderate
101320,198,128.2,57.4,660,9.0,18.7,49,42.0,220,Windy,Good,54,41.9,High
101321,144,11.5,138.6,509,0.5,41.1,66,68.0,326,Cloudy,Good,50,59.0,Moderate
101322,185,111.5,100.9,665,10.5,44.9,41,35.0,163,Rainy,Moderate,81,44.8,High
101323,116,54.5,24.9,1017,4.7,7.5,74,48.0,167,Rainy,Poor,96,66.5,Moderate
101324,42,74.4,112.5,505,3.2,41.8,62,54.0,381,Sunny,Excellent,112,72.5,Moderate
101325,82,139.7,157.5,1063,5.9,8.1,80,32.0,218,Sunny,Moderate,48,57.4,Moderate
101326,162,53.1,117.8,817,8.8,15.7,93,82.0,69,Rainy,Poor,17,50.4,Moderate
101327,244,72.5,193.1,811,5.2,38.9,51,57.0,421,Sunny,Moderate,75,32.0,High
101328,172,7.0,70.7,466,7.1,34.3,23,55.0,437,Foggy,Poor,52,59.2,Moderate
101329,164,16.8,28.1,1015,5.5,37.9,64,76.0,259,Cloudy,Good,21,59.5,Moderate
101330,244,42.5,206.7,713,6.9,35.0,91,37.0,429,Sunny,Moderate,77,36.9,High
101331,213,9.0,89.4,1192,1.5,6.8,39,86.0,62,Cloudy,Moderate,18,47.5,High
101332,225,96.5,131.0,980,0.4,22.9,90,84.0,482,Windy,Good,34,33.0,High
101333,72,66.8,176.3,1060,1.5,14.3,84,,457,Foggy,Moderate,109,67.2,Moderate
101334,123,84.5,78.1,815,3.1,18.0,79,69.0,245,Sunny,Good,106,56.9,Moderate
101335,123,30.3,160.4,1124,2.8,2.7,45,52.0,485,Snowy,Excellent,34,61.0,Moderate
101336,198,47.9,38.4,533,6.8,10.8,92,83.0,49,Rainy,Excellent,37,48.4,High
101337,58,101.3,71.2,1009,5.0,37.9,42,71.0,285,Rainy,Moderate,58,66.7,Moderate
101338,198,145.0,40.4,515,0.4,39.9,59,79.0,233,Snowy,Moderate,61,37.0,High
101339,217,12.3,180.4,424,0.4,25.5,21,33.0,456,Sunny,Good,93,47.1,High
101340,153,134.1,56.8,1097,1.0,19.9,45,37.0,15,Cloudy,Good,35,49.8,High
101341,86,88.6,160.7,1175,3.9,30.6,97,65.0,435,Sunny,Excellent,27,59.4,Moderate
101342,154,86.8,208.1,621,0.1,25.4,81,39.0,3,Sunny,Good,56,47.6,High
101343,198,77.5,120.8,1040,5.4,44.2,63,59.0,281,Sunny,Poor,95,43.1,High
101344,219,15.1,123.4,852,4.0,4.5,50,45.0,156,Sunny,Poor,101,48.1,High
101345,61,18.0,106.8,1144,6.1,17.5,45,59.0,219,Rainy,Moderate,119,75.6,Low
101346,211,92.1,78.4,912,7.9,40.9,24,93.0,394,Sunny,Poor,58,37.7,High
101347,34,54.4,109.9,936,,40.7,89,40.0,347,Rainy,Poor,51,77.9,Low
101348,130,138.0,136.6,1005,1.7,19.8,54,63.0,363,Rainy,Excellent,53,46.9,High
101349,176,64.0,217.1,692,3.1,1.7,35,84.0,479,Foggy,Good,88,41.4,High
101350,52,25.8,206.9,1049,0.0,35.7,50,33.0,407,Rainy,Excellent,60,73.9,Moderate
101351,241,108.6,191.1,984,1.3,24.3,33,78.0,50,Foggy,Good,96,26.2,High
101352,174,47.5,196.7,1193,,33.7,44,73.0,41,Sunny,Moderate,12,45.8,High
101353,183,81.2,108.2,600,2.5,18.1,98,60.0,422,Rainy,Excellent,26,45.9,High
101354,176,106.2,148.1,1157,10.9,5.2,94,77.0,134,Sunny,Poor,66,40.5,High
101355,57,135.5,198.0,1184,1.8,-3.8,90,55.0,273,Rainy,Moderate,58,58.1,Moderate
101356,204,119.9,,479,8.7,23.0,37,99.0,258,Cloudy,Moderate,39,34.4,High
101357,116,103.1,212.0,1113,7.8,3.1,69,41.0,190,Rainy,Excellent,99,52.0,Moderate
101358,248,103.5,97.3,707,3.5,4.4,39,74.0,255,Sunny,Excellent,112,30.7,High
101359,174,142.2,136.2,1041,3.6,16.8,75,37.0,235,Sunny,Moderate,92,41.1,High
101360,202,47.9,159.1,757,6.2,17.1,21,38.0,493,Rainy,Moderate,19,46.1,High
101361,52,5.2,209.6,844,9.4,8.7,45,30.0,275,Foggy,Poor,118,76.5,Low
101362,215,44.4,61.4,971,4.2,1.6,42,34.0,353,Sunny,Moderate,113,49.5,High
101363,105,36.6,166.7,831,0.7,42.2,51,83.0,477,Foggy,Good,99,60.1,Moderate
101364,85,101.0,119.4,1199,4.1,1.6,32,53.0,72,Sunny,Excellent,9,61.3,Moderate
101365,29,96.9,66.4,427,2.3,12.5,32,55.0,73,Rainy,Poor,90,74.3,Moderate
101366,24,91.1,173.1,863,10.3,10.2,36,39.0,122,Foggy,Excellent,21,72.2,Moderate
101367,142,7.4,126.0,670,7.7,38.3,77,90.0,69,Sunny,Moderate,96,58.3,Moderate
101368,93,110.7,148.8,1137,0.6,15.5,46,69.0,400,Cloudy,Good,7,55.6,Moderate
101369,116,51.9,77.8,639,3.2,1.2,36,,78,Sunny,Good,23,61.7,Moderate
101370,137,101.4,111.1,646,0.6,-4.5,57,41.0,480,Cloudy,Good,106,53.5,Moderate
101371,57,85.7,139.6,1030,9.1,31.1,33,51.0,247,Snowy,Poor,95,67.4,Moderate
101372,160,54.7,95.0,1101,10.0,30.7,33,56.0,186,Rainy,Poor,85,54.3,Moderate
101373,178,24.5,51.7,824,1.2,15.9,31,96.0,437,Foggy,Poor,100,52.8,Moderate
101374,66,18.7,211.9,372,4.8,1.3,88,98.0,140,Sunny,Good,41,65.5,Moderate
101375,247,125.6,117.4,1155,10.3,13.6,87,43.0,297,Cloudy,Excellent,25,30.3,High
101376,128,138.2,164.1,521,1.6,24.5,74,54.0,43,Cloudy,Poor,105,46.8,High
101377,235,99.2,96.3,1184,3.2,30.2,82,81.0,246,Foggy,Excellent,55,32.9,High
101378,199,20.0,84.6,667,3.3,-1.1,48,88.0,469,Sunny,Good,58,48.8,High
101379,203,63.3,95.5,1147,0.3,22.8,64,67.0,335,Foggy,Good,15,44.4,High
101380,34,110.7,95.9,542,0.4,8.8,23,49.0,225,Cloudy,Good,69,70.9,Moderate
101381,176,118.1,124.3,1030,10.5,25.9,35,49.0,66,Rainy,Good,34,43.0,High
101382,155,22.1,124.1,467,6.3,27.4,85,85.0,455,Cloudy,Poor,94,54.7,Moderate
101383,24,5.0,114.4,355,3.4,40.5,42,59.0,275,Windy,Poor,113,83.5,Low
101384,176,108.3,38.3,1192,4.2,15.5,87,70.0,252,Cloudy,Good,117,46.4,High
101385,66,56.7,114.2,832,7.9,21.9,39,92.0,302,Rainy,Excellent,47,66.4,Moderate
101386,87,41.9,45.5,481,4.0,8.4,36,98.0,279,Rainy,Moderate,118,67.2,Moderate
101387,95,6.9,36.5,442,2.5,9.3,71,58.0,178,Cloudy,Good,40,74.4,Moderate
101388,192,83.3,205.9,1112,1.1,-2.7,25,73.0,401,Sunny,Poor,94,37.8,High
101389,149,128.4,137.0,871,8.0,9.3,58,86.0,278,Windy,Excellent,61,42.3,High
101390,174,143.9,148.5,912,2.0,-1.8,53,53.0,128,Sunny,Excellent,110,38.7,High
101391,114,87.0,94.4,643,0.8,43.2,73,48.0,378,Windy,Moderate,95,59.5,Moderate
101392,134,79.6,200.9,990,4.7,26.2,84,46.0,114,Rainy,Moderate,30,51.7,Moderate
101393,183,17.3,144.0,741,0.4,3.7,48,98.0,321,Cloudy,Good,111,48.0,High
101394,55,84.6,171.5,598,10.6,0.8,60,90.0,388,Rainy,Good,86,62.4,Moderate
101395,45,60.1,87.4,963,6.9,13.5,82,33.0,273,Rainy,Good,101,77.0,Low
101396,62,93.0,211.6,1198,1.7,10.4,51,51.0,463,Rainy,Good,104,62.0,Moderate
101397,46,,182.3,944,1.9,9.0,85,35.0,201,Windy,Good,105,71.7,Moderate
101398,88,39.8,189.3,1052,6.3,18.4,64,59.0,116,Sunny,Poor,102,64.0,Moderate
101399,167,18.8,46.2,766,3.9,40.6,36,40.0,476,Foggy,Excellent,64,61.4,Moderate
101400,30,50.7,66.9,492,8.5,23.4,62,77.0,34,Cloudy,Good,94,77.5,Low
101401,93,19.0,70.0,586,6.0,21.1,85,75.0,408,Windy,Moderate,26,70.0,Moderate
101402,123,30.7,66.9,636,4.8,35.3,87,56.0,105,Sunny,Excellent,28,65.2,Moderate
101403,57,148.2,189.6,626,10.6,-4.8,53,48.0,248,Sunny,Poor,16,57.7,Moderate
101404,153,69.4,16.7,736,4.3,4.9,20,88.0,151,Rainy,Moderate,79,54.5,Moderate
101405,219,82.1,26.0,731,4.4,19.8,42,97.0,140,Sunny,Excellent,64,39.7,High
101406,42,131.7,67.5,799,7.3,30.3,25,83.0,404,Foggy,Poor,25,65.0,Moderate
101407,66,149.4,52.0,640,8.9,19.3,35,46.0,489,Sunny,Good,84,63.0,Moderate
101408,109,89.5,58.7,518,6.9,3.2,21,79.0,490,Sunny,Moderate,40,58.8,Moderate
101409,65,122.8,177.6,792,7.7,41.5,95,69.0,294,Sunny,Poor,11,57.8,Moderate
101410,126,52.4,,1005,4.1,11.4,46,40.0,161,Sunny,Poor,65,60.6,Moderate
101411,159,49.3,11.2,533,5.3,34.4,38,43.0,146,Rainy,Good,57,60.6,Moderate
101412,237,63.4,100.2,394,2.2,39.6,47,42.0,411,Cloudy,Good,32,40.5,High
101413,160,102.5,95.7,1104,7.5,12.3,54,57.0,255,Cloudy,Good,28,48.4,High
101414,123,103.9,33.9,1176,2.4,37.3,87,73.0,90,Sunny,Moderate,57,56.4,Moderate
101415,209,50.7,152.0,617,0.0,30.5,68,92.0,369,Sunny,Poor,17,39.5,High
101416,229,24.3,157.4,825,10.3,40.2,26,90.0,217,Sunny,Excellent,82,39.0,High
101417,236,96.7,161.4,602,3.4,7.6,56,46.0,138,Rainy,Excellent,111,33.2,High
101418,244,,163.0,745,2.2,41.6,44,79.0,176,Snowy,Moderate,99,37.2,High
101419,130,88.9,10.0,638,2.9,-1.7,60,55.0,290,Snowy,Good,76,59.9,Moderate
101420,123,105.5,210.3,561,3.6,34.7,81,36.0,339,Foggy,Good,5,51.1,Moderate
101421,79,106.6,181.0,1038,5.2,16.8,60,,75,Windy,Excellent,108,59.4,Moderate
101422,190,114.3,,370,0.8,3.9,33,46.0,56,Cloudy,Good,119,37.5,High
101423,223,131.6,13.3,665,0.6,-1.0,73,64.0,27,Cloudy,Poor,85,37.0,High
101424,119,77.5,206.1,913,3.2,14.5,21,52.0,321,Foggy,Poor,45,53.8,Moderate
101425,87,110.9,180.1,787,3.3,14.5,98,98.0,320,Rainy,Good,63,52.2,Moderate
101426,152,94.8,185.8,772,1.3,6.5,67,38.0,456,Sunny,Poor,17,48.2,High
101427,139,32.1,29.6,582,4.5,5.8,70,47.0,149,Cloudy,Good,58,64.9,Moderate
101428,56,8.7,,472,3.1,15.0,74,77.0,306,Foggy,Poor,51,72.9,Moderate
101429,91,46.3,211.6,961,0.3,15.5,31,95.0,487,Windy,Good,31,58.0,Moderate
101430,146,69.2,152.5,563,9.7,17.1,88,52.0,346,Sunny,Moderate,81,52.6,Moderate
101431,125,94.5,129.8,1188,9.7,38.4,20,39.0,392,Foggy,Good,44,55.8,Moderate
101432,111,128.2,208.6,996,2.3,25.6,78,67.0,198,Foggy,Excellent,95,47.5,High
101433,50,33.5,103.0,1179,1.8,-4.0,92,88.0,163,Sunny,Poor,36,73.0,Moderate
101434,141,23.2,135.9,1079,6.0,21.0,53,97.0,181,Windy,Good,62,55.3,Moderate
101435,156,,110.0,949,6.9,33.1,65,72.0,239,Windy,Poor,80,41.9,High
101436,70,20.7,,1141,10.5,-2.2,78,41.0,421,Sunny,Excellent,47,70.5,Moderate
101437,48,74.4,26.0,389,4.2,16.1,85,82.0,241,Rainy,Excellent,56,72.9,Moderate
101438,225,89.9,115.2,1101,6.8,17.6,38,43.0,65,Sunny,Poor,81,38.7,High
101439,59,83.5,154.3,681,9.7,42.7,47,81.0,170,Rainy,Moderate,84,63.5,Moderate
101440,60,17.5,176.3,997,4.9,18.8,59,90.0,132,Foggy,Good,38,69.3,Moderate
101441,233,13.3,132.4,531,1.3,32.5,76,70.0,80,Cloudy,Excellent,10,42.8,High
101442,30,20.3,200.9,614,4.2,10.1,70,50.0,164,Cloudy,Moderate,52,77.1,Low
101443,170,89.9,207.8,1120,1.5,34.0,41,77.0,441,Foggy,Good,22,40.5,High
101444,20,83.9,23.5,1043,0.2,11.1,87,85.0,62,Foggy,Good,85,76.7,Low
101445,65,38.9,94.5,882,8.3,16.5,27,64.0,354,Sunny,Moderate,115,72.5,Moderate
101446,120,97.5,14.9,781,2.6,19.0,79,73.0,50,Foggy,Moderate,43,58.7,Moderate
101447,168,123.9,79.2,545,0.0,41.3,84,68.0,71,Sunny,Poor,82,44.1,High
101448,109,11.0,122.7,1073,9.6,-2.3,55,44.0,42,Sunny,Moderate,11,68.5,Moderate
101449,129,77.2,201.3,858,4.9,4.8,90,41.0,322,Snowy,Good,10,53.4,Moderate
101450,183,105.0,187.8,796,2.6,30.3,48,37.0,450,Snowy,Good,80,41.4,High
101451,201,41.6,36.8,877,2.9,23.9,84,96.0,320,Rainy,Good,102,47.4,High
101452,234,49.6,29.5,551,2.6,7.6,75,30.0,317,Sunny,Good,57,47.5,High
101453,76,94.0,133.7,1079,2.1,9.5,23,71.0,215,Sunny,Good,5,61.3,Moderate
101454,20,135.2,121.7,954,9.3,13.4,91,60.0,492,Foggy,Moderate,118,68.1,Moderate
101455,82,122.4,65.9,482,1.9,17.5,69,59.0,190,Sunny,Poor,33,61.4,Moderate
101456,201,89.6,198.9,488,6.2,35.9,58,72.0,157,Sunny,Moderate,96,35.9,High
101457,74,110.9,204.7,1018,0.9,-4.3,54,55.0,489,Windy,Moderate,73,57.6,Moderate
101458,134,57.9,94.5,842,10.4,39.9,44,41.0,89,Rainy,Good,89,60.1,Moderate
101459,187,97.9,197.0,1196,6.6,15.7,97,88.0,421,Cloudy,Moderate,107,35.9,High
101460,162,72.6,90.6,419,9.9,6.5,63,98.0,490,Sunny,Moderate,115,47.8,High
101461,168,32.5,164.7,1165,4.4,20.4,66,40.0,103,Windy,Moderate,106,53.6,Moderate
101462,194,106.8,109.9,364,8.9,28.0,59,76.0,50,Foggy,Excellent,102,39.2,High
101463,220,85.7,35.7,1096,9.4,-2.8,50,52.0,253,Sunny,Moderate,89,43.1,High
101464,72,57.0,204.9,561,7.7,30.8,88,72.0,106,Cloudy,Moderate,92,62.8,Moderate
101465,156,137.1,105.4,1151,1.0,33.0,93,68.0,293,Sunny,Excellent,53,43.4,High
101466,221,8.0,164.2,409,0.2,3.3,62,84.0,235,Windy,Excellent,63,42.6,High
101467,199,50.8,87.1,601,1.9,3.4,74,47.0,497,Sunny,Moderate,17,49.0,High
101468,76,13.2,14.0,795,1.3,5.2,35,71.0,322,Rainy,Moderate,49,76.9,Low
101469,136,116.1,31.1,351,8.0,34.8,87,55.0,332,Cloudy,Moderate,50,54.5,Moderate
101470,173,106.8,114.2,1097,6.1,8.6,88,47.0,355,Cloudy,Excellent,27,45.6,High
101471,188,53.0,154.9,685,5.8,34.8,61,70.0,104,Windy,Excellent,36,45.1,High
101472,54,103.0,80.3,368,2.8,22.0,60,71.0,254,Cloudy,Excellent,76,66.8,Moderate
101473,82,62.4,156.1,910,1.7,33.4,69,62.0,303,Windy,Good,115,63.7,Moderate
101474,44,114.7,156.7,427,2.3,22.7,25,72.0,395,Cloudy,Good,79,63.3,Moderate
101475,109,70.9,157.8,821,4.4,11.8,94,43.0,19,Sunny,Poor,17,59.7,Moderate
101476,94,64.8,113.4,377,8.1,40.5,72,84.0,358,Cloudy,Moderate,57,61.2,Moderate
101477,57,140.5,,909,2.8,30.8,36,87.0,491,Cloudy,Poor,24,54.1,Moderate
101478,149,41.4,112.7,957,7.7,19.2,76,39.0,71,Cloudy,Excellent,5,58.7,Moderate
101479,154,22.5,104.6,514,5.4,26.9,86,57.0,116,Windy,Excellent,61,58.6,Moderate
101480,229,89.8,51.9,807,9.7,25.8,35,43.0,366,Cloudy,Excellent,70,41.1,High
101481,238,145.6,74.6,525,2.6,12.9,71,55.0,129,Windy,Good,15,30.5,High
101482,181,59.8,18.9,934,5.0,16.2,53,46.0,458,Cloudy,Good,50,54.7,Moderate
101483,110,14.0,143.0,378,1.1,10.9,39,63.0,119,Sunny,Moderate,34,65.1,Moderate
101484,36,54.2,62.2,1018,3.7,45.0,99,43.0,212,Sunny,Excellent,73,79.6,Low
101485,147,78.4,73.9,1175,5.6,24.0,75,55.0,228,Windy,Excellent,11,54.9,Moderate
101486,190,28.5,171.9,1165,8.1,-0.4,70,63.0,182,Sunny,Good,28,47.5,High
101487,206,100.4,78.7,628,2.2,21.0,72,53.0,133,Sunny,Good,99,41.6,High
101488,127,149.7,60.9,632,2.4,-2.5,68,99.0,338,Sunny,Moderate,52,46.2,High
101489,198,70.5,45.5,828,6.9,9.4,23,49.0,477,Cloudy,Moderate,98,48.7,High
101490,201,56.4,172.7,868,4.2,17.3,37,68.0,493,Cloudy,Excellent,47,41.6,High
101491,171,63.1,37.2,654,5.3,21.7,55,74.0,230,Sunny,Moderate,83,52.4,Moderate
101492,44,21.7,105.3,1043,9.2,43.8,54,63.0,383,Cloudy,Moderate,40,77.9,Low
101493,218,133.1,116.5,458,5.5,44.1,49,51.0,363,Cloudy,Good,78,33.9,High
101494,199,65.1,154.4,673,7.2,-0.1,82,62.0,445,Snowy,Excellent,5,42.4,High
101495,217,61.2,143.0,555,7.2,21.9,40,35.0,432,Windy,Moderate,11,42.9,High
101496,107,100.7,180.3,583,8.8,35.9,71,45.0,483,Rainy,Excellent,48,55.1,Moderate
101497,180,69.1,19.4,807,7.0,6.9,88,52.0,339,Cloudy,Good,65,53.1,Moderate
101498,196,99.0,72.3,536,0.7,32.5,60,47.0,437,Sunny,Excellent,30,44.5,High
101499,48,13.9,68.8,831,3.8,38.9,73,43.0,245,Windy,Good,111,82.0,Low
101500,82,123.0,40.7,756,10.9,28.1,49,79.0,393,Sunny,Moderate,111,60.5,Moderate
101501,169,141.4,70.7,1190,2.2,11.4,75,90.0,407,Cloudy,Poor,117,40.1,High
101502,173,99.1,75.1,858,6.5,41.2,98,65.0,251,Foggy,Moderate,34,46.7,High
101503,175,143.4,119.6,869,9.3,39.2,60,44.0,224,Foggy,Poor,5,40.9,High
101504,133,27.0,149.4,402,6.5,30.8,33,34.0,156,Windy,Moderate,67,62.0,Moderate
101505,232,,90.0,747,4.1,13.2,40,82.0,118,Foggy,Good,19,36.6,High
101506,68,92.3,161.1,548,0.9,34.6,44,77.0,93,Windy,Good,67,60.9,Moderate
101507,218,89.4,80.6,740,4.0,10.8,69,40.0,227,Rainy,Good,59,42.0,High
101508,100,63.2,71.0,998,2.0,7.6,72,31.0,364,Sunny,Moderate,61,67.8,Moderate
101509,103,54.0,123.6,1120,10.6,20.8,67,53.0,389,Foggy,Moderate,24,63.5,Moderate
101510,124,23.4,15.0,1195,7.9,44.9,89,97.0,185,Windy,Moderate,26,64.4,Moderate
101511,196,61.8,26.8,847,8.2,35.2,67,41.0,494,Sunny,Excellent,93,51.9,Moderate
101512,167,28.6,97.8,521,4.8,31.5,23,88.0,333,Cloudy,Moderate,54,52.8,Moderate
101513,137,111.5,208.0,435,1.2,17.6,43,96.0,184,Sunny,Excellent,40,42.0,High
101514,105,35.3,161.5,907,2.9,10.6,50,61.0,386,Foggy,Excellent,119,62.7,Moderate
101515,239,13.5,28.5,535,2.9,37.8,94,65.0,279,Rainy,Good,41,47.4,High
101516,82,85.1,187.7,505,5.4,23.4,48,,402,Sunny,Moderate,50,60.6,Moderate
101517,208,91.3,163.8,842,5.1,35.7,24,99.0,229,Sunny,Excellent,113,33.5,High
101518,123,131.4,138.3,870,4.8,19.4,86,95.0,481,Foggy,Good,31,45.7,High
101519,68,88.7,182.3,976,5.5,32.7,94,38.0,264,Rainy,Good,23,64.2,Moderate
101520,90,55.1,94.9,1015,10.9,38.4,72,73.0,157,Cloudy,Excellent,87,65.1,Moderate
101521,20,121.4,56.5,479,3.3,14.6,83,88.0,351,Cloudy,Moderate,20,70.2,Moderate
101522,243,83.3,117.5,1192,6.8,-4.3,54,53.0,76,Sunny,Good,58,35.1,High
101523,160,16.5,125.3,430,2.6,7.7,31,92.0,81,Sunny,Moderate,89,53.8,Moderate
101524,241,87.0,123.0,733,5.1,40.7,66,70.0,427,Rainy,Good,119,33.0,High
101525,234,136.7,128.7,1151,2.2,29.4,74,31.0,180,Cloudy,Good,101,31.9,High
101526,198,62.5,209.2,1008,,31.9,88,57.0,341,Cloudy,Poor,110,40.7,High
101527,142,48.0,199.5,644,2.9,11.3,57,45.0,195,Cloudy,Moderate,99,54.2,Moderate
101528,203,25.8,193.9,618,0.4,30.1,48,88.0,59,Sunny,Moderate,38,41.9,High
101529,230,27.0,178.3,994,9.0,27.3,31,30.0,150,Foggy,Excellent,83,43.4,High
101530,81,67.8,208.1,911,1.4,3.9,38,30.0,60,Sunny,Excellent,55,63.9,Moderate
101531,51,91.4,30.7,884,4.0,43.4,28,60.0,134,Sunny,Moderate,40,72.3,Moderate
101532,177,16.7,65.7,727,5.2,12.7,48,51.0,427,Sunny,Good,57,57.8,Moderate
101533,48,141.2,114.0,725,4.8,11.5,22,88.0,438,Sunny,Poor,94,59.9,Moderate
101534,68,114.5,187.8,437,8.0,13.5,49,57.0,330,Sunny,Good,98,58.9,Moderate
101535,192,90.1,116.1,973,6.6,-0.4,77,56.0,38,Cloudy,Good,66,43.2,High
101536,240,125.1,167.1,460,3.2,26.2,72,30.0,252,Rainy,Good,35,30.4,High
101537,49,16.6,39.2,933,0.6,6.9,23,31.0,377,Sunny,Moderate,93,84.1,Low
101538,163,74.1,63.0,503,8.4,35.2,76,,442,Cloudy,Good,8,49.1,High
101539,187,96.4,163.7,812,3.9,14.7,73,78.0,105,Foggy,Poor,16,38.8,High
101540,38,125.2,44.6,918,9.8,17.9,47,48.0,232,Sunny,Good,57,71.1,Moderate
101541,37,118.6,83.8,1118,4.3,27.3,35,57.0,353,Snowy,Moderate,65,69.2,Moderate
101542,20,45.2,65.6,505,7.9,33.1,32,99.0,388,Sunny,Good,23,77.8,Low
101543,97,141.4,83.5,974,10.3,6.6,91,68.0,169,Sunny,Moderate,60,54.6,Moderate
101544,134,23.0,158.7,667,7.2,43.3,75,,216,Cloudy,Excellent,13,60.4,Moderate
101545,194,131.9,87.2,908,4.5,26.1,72,93.0,347,Sunny,Moderate,29,35.6,High
101546,213,145.8,126.6,587,6.2,-4.7,67,87.0,13,Foggy,Good,58,29.1,High
101547,239,30.7,31.0,683,6.0,15.8,44,46.0,410,Sunny,Good,116,47.1,High
101548,132,109.7,179.1,455,6.4,16.8,85,99.0,15,Rainy,Excellent,51,44.2,High
101549,133,10.8,87.7,831,1.6,35.5,49,70.0,218,Rainy,Moderate,45,63.4,Moderate
101550,241,63.8,146.2,1048,7.7,10.3,22,34.0,385,Sunny,Excellent,55,38.3,High
101551,185,79.9,162.3,1020,1.6,11.6,42,52.0,402,Rainy,Excellent,54,43.8,High
101552,198,,54.0,1059,0.2,-1.5,48,98.0,406,Cloudy,Excellent,11,41.2,High
101553,82,140.7,195.8,731,6.9,9.2,60,39.0,168,Rainy,Excellent,31,54.7,Moderate
101554,151,102.5,139.4,1038,1.3,30.8,30,97.0,13,Windy,Moderate,52,43.8,High
101555,148,74.8,100.0,610,8.5,26.7,40,41.0,430,Sunny,Good,115,55.3,Moderate
101556,27,122.4,48.3,1148,9.5,-0.9,43,39.0,242,Cloudy,Excellent,59,74.1,Moderate
101557,176,142.8,207.9,642,10.4,0.7,84,89.0,318,Sunny,Good,67,31.9,High
101558,74,8.2,168.6,684,7.3,13.8,20,59.0,473,Sunny,Good,111,71.4,Moderate
101559,122,147.5,53.7,1004,5.3,32.2,73,53.0,7,Sunny,Good,10,52.4,Moderate
101560,150,17.5,80.9,1169,3.9,36.6,91,98.0,282,Foggy,Good,39,57.1,Moderate
101561,51,123.1,180.0,1058,5.4,-4.3,53,42.0,110,Cloudy,Good,36,62.8,Moderate
101562,29,45.6,156.1,825,2.1,11.5,99,38.0,39,Sunny,Good,82,77.7,Low
101563,221,24.2,170.8,574,3.8,16.2,87,,411,Sunny,Moderate,10,44.1,High
101564,230,68.8,102.7,904,7.9,40.6,48,64.0,67,Sunny,Excellent,67,38.8,High
101565,129,98.4,160.5,803,2.4,20.1,22,33.0,122,Sunny,Poor,117,53.6,Moderate
101566,181,60.2,91.2,1012,,8.5,30,70.0,316,Cloudy,Good,119,48.6,High
101567,143,12.9,54.4,645,8.2,14.5,27,55.0,165,Sunny,Moderate,22,64.5,Moderate
101568,244,91.9,142.9,924,2.0,16.8,81,73.0,202,Sunny,Good,35,30.6,High
101569,106,135.8,215.0,991,2.7,28.5,52,71.0,127,Rainy,Good,56,46.8,High
101570,74,60.6,75.2,1116,0.2,-2.9,27,39.0,363,Foggy,Moderate,20,71.7,Moderate
101571,239,36.4,106.8,812,7.9,14.5,44,30.0,151,Cloudy,Moderate,60,44.3,High
101572,51,69.2,151.5,563,6.8,27.3,45,83.0,411,Windy,Good,71,66.6,Moderate
101573,197,12.0,123.7,934,7.6,9.2,45,45.0,424,Sunny,Good,99,52.4,Moderate
101574,154,124.0,,965,2.4,24.6,36,75.0,145,Snowy,Excellent,106,40.5,High
101575,112,124.8,170.0,507,7.6,12.9,48,42.0,48,Sunny,Poor,66,52.2,Moderate
101576,27,90.3,22.2,621,6.6,32.9,62,93.0,468,Windy,Moderate,85,73.9,Moderate
101577,84,56.2,,1176,4.0,-2.0,92,84.0,409,Windy,Good,56,58.8,Moderate
101578,76,121.0,168.0,587,4.8,40.9,97,92.0,2,Snowy,Moderate,9,54.2,Moderate
101579,86,85.4,191.4,652,6.2,3.6,24,47.0,250,Windy,Good,57,60.0,Moderate
101580,235,124.8,146.8,1019,5.4,2.9,69,90.0,76,Cloudy,Moderate,84,26.4,High
101581,234,96.6,189.8,970,7.1,37.0,75,49.0,421,Sunny,Good,21,31.9,High
101582,206,118.7,33.6,870,2.0,38.5,82,94.0,219,Rainy,Good,35,37.6,High
101583,91,91.8,83.0,670,5.9,-0.4,76,93.0,397,Cloudy,Excellent,20,59.2,Moderate
101584,73,,194.0,408,5.0,40.4,64,93.0,384,Sunny,Poor,61,60.0,Moderate
101585,248,143.9,,707,5.1,8.7,56,42.0,347,Cloudy,Moderate,25,31.3,High
101586,86,83.5,26.4,1053,5.2,25.9,91,97.0,378,Rainy,Moderate,45,63.5,Moderate
101587,70,92.7,175.5,997,9.7,-1.6,98,,227,Sunny,Good,43,57.6,Moderate
101588,116,37.0,185.5,600,9.0,14.0,55,86.0,117,Rainy,Good,41,56.8,Moderate
101589,111,95.7,44.2,785,6.9,17.5,52,74.0,497,Rainy,Moderate,45,58.9,Moderate
101590,27,87.9,189.4,495,7.9,25.0,25,67.0,266,Sunny,Moderate,57,68.4,Moderate
101591,181,31.8,154.2,701,0.5,21.3,95,83.0,234,Cloudy,Poor,78,47.6,High
101592,54,13.6,119.2,919,8.2,18.1,90,65.0,167,Foggy,Good,36,76.2,Low
101593,115,92.6,184.4,1038,5.3,43.0,64,96.0,259,Windy,Moderate,29,49.4,High
101594,107,115.7,98.0,1149,3.5,4.3,26,40.0,417,Cloudy,Moderate,57,58.0,Moderate
101595,97,80.9,50.7,594,1.5,2.9,84,56.0,192,Sunny,Good,68,64.7,Moderate
101596,51,37.9,69.8,909,0.8,30.7,43,46.0,183,Sunny,Good,37,78.2,Low
101597,139,101.6,116.1,650,0.5,-1.3,64,,9,Sunny,Excellent,107,50.8,Moderate
101598,65,16.6,121.6,787,1.8,19.1,80,34.0,336,Sunny,Moderate,105,76.8,Low
101599,163,69.1,179.2,449,0.3,19.2,38,91.0,326,Foggy,Poor,106,44.3,High
101600,215,28.7,176.2,1074,8.1,10.5,51,94.0,358,Foggy,Poor,42,39.6,High
101601,184,31.7,132.1,1163,2.7,41.5,49,96.0,447,Windy,Moderate,96,46.9,High
101602,201,34.3,174.0,829,4.1,9.1,84,73.0,140,Cloudy,Good,83,43.7,High
101603,232,61.1,50.3,764,9.0,9.4,51,43.0,21,Sunny,Moderate,12,44.1,High
101604,161,,20.5,514,1.3,6.7,76,86.0,311,Rainy,Poor,5,59.9,Moderate
101605,242,62.7,193.5,987,9.2,2.3,39,77.0,377,Rainy,Moderate,78,31.5,High
101606,74,79.2,25.9,651,,13.2,49,46.0,192,Cloudy,Good,63,71.3,Moderate
101607,195,75.1,61.8,470,3.8,29.0,78,73.0,91,Rainy,Poor,39,45.5,High
101608,229,60.5,156.0,437,1.3,32.1,81,33.0,96,Rainy,Moderate,116,40.4,High
101609,26,,96.0,566,1.0,35.7,86,59.0,140,Snowy,Poor,101,69.4,Moderate
101610,93,,194.0,922,3.7,4.9,50,84.0,256,Cloudy,Poor,20,62.0,Moderate
101611,26,78.3,72.6,1163,1.5,-3.2,85,59.0,37,Snowy,Good,18,76.4,Low
101612,180,14.0,12.5,528,2.9,43.7,73,47.0,246,Sunny,Poor,9,60.6,Moderate
101613,170,15.3,,1051,0.6,-4.3,29,73.0,255,Rainy,Moderate,84,56.6,Moderate
101614,104,88.2,131.4,512,6.5,43.0,57,91.0,441,Sunny,Excellent,25,55.0,Moderate
101615,166,87.1,88.9,942,1.6,36.4,50,60.0,408,Sunny,Moderate,62,49.2,High
101616,131,132.3,122.3,519,8.3,40.6,48,45.0,297,Sunny,Good,61,49.9,High
101617,144,85.9,194.1,650,2.4,14.4,44,52.0,84,Sunny,Good,15,48.9,High
101618,166,144.2,201.6,723,8.8,4.9,51,43.0,416,Foggy,Poor,118,38.4,High
101619,55,12.1,65.9,1057,2.1,25.3,36,31.0,440,Cloudy,Excellent,75,82.3,Low
101620,48,19.2,107.0,552,7.9,32.1,64,41.0,36,Foggy,Poor,12,79.6,Low
101621,207,11.4,,396,3.7,1.5,68,87.0,184,Sunny,Excellent,85,46.4,High
101622,101,31.9,209.3,812,6.4,34.9,37,85.0,97,Sunny,Good,98,59.0,Moderate
101623,21,83.5,219.7,1019,0.4,5.4,94,53.0,317,Cloudy,Good,18,69.9,Moderate
101624,148,98.6,59.4,757,5.4,19.6,71,66.0,386,Sunny,Moderate,53,52.0,Moderate
101625,66,11.6,162.7,543,1.6,37.8,39,58.0,29,Rainy,Good,112,72.8,Moderate
101626,216,142.2,89.4,776,5.3,4.7,81,71.0,450,Cloudy,Poor,118,32.5,High
101627,167,127.1,11.7,1140,1.6,7.1,32,47.0,190,Windy,Moderate,37,49.4,High
101628,30,48.0,11.9,666,4.8,-1.9,62,32.0,337,Cloudy,Moderate,28,85.0,Low
101629,149,16.2,,828,1.2,2.3,40,42.0,278,Rainy,Excellent,75,61.7,Moderate
101630,214,29.6,112.6,770,2.4,2.3,25,58.0,455,Sunny,Good,42,46.5,High
101631,234,23.4,14.7,618,6.5,5.2,90,95.0,200,Rainy,Poor,83,44.8,High
101632,138,22.9,154.3,830,10.7,9.3,72,88.0,321,Rainy,Good,54,55.9,Moderate
101633,159,,71.7,1060,,35.7,71,77.0,188,Cloudy,Excellent,111,50.5,Moderate
101634,39,40.6,127.6,1085,,40.8,88,33.0,257,Sunny,Good,93,78.4,Low
101635,24,56.9,73.2,612,5.9,15.3,28,80.0,154,Rainy,Poor,68,77.2,Low
101636,56,148.5,45.1,775,5.5,1.4,93,34.0,431,Foggy,Good,85,66.4,Moderate
101637,185,104.2,95.5,515,0.7,6.2,65,68.0,486,Sunny,Good,101,42.6,High
101638,241,142.6,58.8,1041,1.6,31.8,94,70.0,318,Snowy,Moderate,6,29.6,High
101639,156,25.7,122.3,777,9.7,28.9,90,34.0,227,Cloudy,Poor,43,59.3,Moderate
101640,245,60.4,51.8,1053,4.5,43.4,49,37.0,4,Cloudy,Excellent,78,42.4,High
101641,72,85.4,,746,6.8,-4.3,62,85.0,128,Foggy,Excellent,18,62.5,Moderate
101642,191,,43.0,565,5.8,32.5,78,54.0,405,Rainy,Excellent,16,56.1,Moderate
101643,118,5.6,150.9,1145,,20.3,57,81.0,73,Windy,Excellent,85,62.4,Moderate
101644,105,102.2,168.3,456,4.3,40.1,53,,364,Cloudy,Good,82,52.3,Moderate
101645,127,98.1,33.2,447,6.1,23.8,65,36.0,23,Sunny,Good,55,60.1,Moderate
101646,43,64.6,108.2,831,1.6,17.3,51,90.0,314,Rainy,Good,14,70.1,Moderate
101647,100,76.0,24.9,848,4.3,28.3,35,76.0,462,Foggy,Good,48,64.0,Moderate
101648,221,65.2,135.6,579,4.9,36.7,58,95.0,480,Windy,Good,107,36.1,High
101649,177,,65.5,606,10.8,9.1,20,88.0,433,Sunny,Poor,44,55.0,Moderate
101650,139,53.6,120.8,392,3.9,0.4,76,34.0,278,Sunny,Excellent,97,59.1,Moderate
101651,78,30.7,118.7,591,7.1,16.7,39,73.0,205,Cloudy,Good,113,69.0,Moderate
101652,234,19.3,204.1,903,1.5,5.7,61,71.0,145,Rainy,Good,64,38.3,High
101653,147,143.7,125.3,444,0.7,16.5,91,90.0,88,Sunny,Good,74,41.0,High
101654,243,91.9,132.4,1115,9.6,44.6,53,92.0,21,Sunny,Moderate,108,29.4,High
101655,228,110.7,94.3,537,8.0,23.7,69,79.0,299,Snowy,Moderate,35,33.1,High
101656,133,50.7,209.3,734,3.5,29.7,30,67.0,43,Rainy,Good,41,52.8,Moderate
101657,134,62.0,173.2,1168,5.6,28.9,62,83.0,36,Windy,Poor,77,51.5,Moderate
101658,228,,69.9,749,1.5,36.0,29,73.0,6,Foggy,Moderate,62,43.4,High
101659,33,19.1,187.3,855,7.8,42.2,27,53.0,473,Sunny,Excellent,47,77.1,Low
101660,28,31.0,100.8,516,,27.9,91,92.0,279,Windy,Good,113,77.0,Low
101661,59,120.6,184.0,1132,8.3,18.8,38,68.0,460,Rainy,Moderate,101,58.9,Moderate
101662,213,103.2,182.8,474,6.0,10.9,84,41.0,168,Foggy,Poor,75,36.0,High
101663,44,84.3,49.7,1022,3.1,13.0,74,92.0,69,Sunny,Good,42,70.3,Moderate
101664,122,73.9,157.2,436,9.5,11.7,71,38.0,212,Sunny,Good,12,57.5,Moderate
101665,220,138.8,71.0,1170,10.8,11.2,22,51.0,70,Rainy,Poor,38,35.1,High
101666,41,15.5,72.5,838,2.8,29.7,72,65.0,401,Foggy,Excellent,21,80.6,Low
101667,23,45.7,72.2,575,8.9,24.4,63,57.0,206,Windy,Moderate,21,81.1,Low
101668,173,55.7,162.4,1006,8.3,5.1,67,85.0,71,Rainy,Excellent,98,45.6,High
101669,205,118.5,,694,8.2,43.5,73,58.0,315,Cloudy,Excellent,86,40.2,High
101670,48,148.9,10.2,1109,10.5,16.4,35,34.0,179,Rainy,Good,57,69.6,Moderate
101671,128,39.9,160.2,867,5.4,23.3,49,33.0,207,Windy,Moderate,107,60.9,Moderate
101672,117,131.8,45.9,380,7.4,30.1,47,80.0,176,Snowy,Excellent,19,52.8,Moderate
101673,234,125.4,31.9,1058,9.1,25.7,35,44.0,194,Rainy,Moderate,68,36.8,High
101674,56,37.6,59.9,1093,5.3,10.6,70,89.0,300,Sunny,Excellent,113,73.5,Moderate
101675,94,62.9,89.8,645,,34.9,52,55.0,392,Rainy,Good,61,65.5,Moderate
101676,89,64.4,109.9,763,3.5,0.5,44,52.0,371,Cloudy,Good,24,65.6,Moderate
101677,165,146.8,19.4,1186,8.6,23.4,37,58.0,238,Foggy,Moderate,65,45.9,High
101678,147,31.2,213.8,484,7.5,8.7,45,86.0,153,Rainy,Moderate,29,50.5,Moderate
101679,104,120.9,160.4,874,5.0,25.8,25,91.0,153,Rainy,Excellent,82,49.7,High
101680,61,53.5,77.9,353,4.6,5.9,57,88.0,29,Foggy,Excellent,31,69.9,Moderate
101681,119,111.0,76.9,527,0.8,33.6,63,77.0,26,Sunny,Poor,51,53.7,Moderate
101682,60,65.9,104.2,1095,0.1,6.4,86,64.0,463,Sunny,Good,103,69.7,Moderate
101683,185,88.9,141.5,608,5.8,39.5,62,75.0,239,Rainy,Good,32,41.5,High
101684,53,125.7,40.7,1001,4.6,38.1,25,62.0,242,Sunny,Excellent,10,67.1,Moderate
101685,36,121.6,49.7,414,8.8,13.1,97,39.0,131,Sunny,Poor,45,72.5,Moderate
101686,184,130.6,190.5,1144,6.0,14.3,83,77.0,178,Windy,Poor,63,34.0,High
101687,172,13.6,63.8,712,10.3,30.1,99,73.0,338,Rainy,Excellent,99,56.9,Moderate
101688,249,105.3,89.8,1167,2.2,-0.5,32,99.0,97,Sunny,Moderate,82,28.2,High
101689,141,25.3,193.0,1066,10.9,-1.0,84,92.0,325,Sunny,Poor,65,52.7,Moderate
101690,95,65.3,149.3,366,3.3,1.8,57,78.0,236,Sunny,Good,84,59.8,Moderate
101691,106,84.5,81.8,549,7.1,23.1,83,70.0,334,Cloudy,Good,53,59.7,Moderate
101692,136,63.4,153.6,893,5.5,2.5,33,68.0,137,Sunny,Good,112,53.4,Moderate
101693,125,80.3,14.1,561,4.0,8.9,36,52.0,117,Windy,Excellent,104,62.0,Moderate
101694,105,149.5,164.5,784,1.5,27.3,96,42.0,105,Rainy,Moderate,9,50.7,Moderate
101695,232,24.6,112.3,622,1.5,-4.2,32,82.0,35,Sunny,Good,100,41.5,High
101696,46,102.9,180.8,639,7.8,4.0,92,99.0,45,Sunny,Good,15,60.4,Moderate
101697,76,62.4,210.5,1152,4.2,41.5,25,86.0,103,Rainy,Good,90,59.7,Moderate
101698,50,24.3,204.4,832,10.6,28.2,25,96.0,389,Sunny,Moderate,111,68.3,Moderate
101699,153,28.0,200.9,583,3.6,10.3,56,77.0,363,Cloudy,Moderate,44,51.4,Moderate
101700,238,142.6,117.6,757,10.8,-2.7,76,49.0,359,Foggy,Moderate,96,29.3,High
101701,187,132.5,85.6,1043,2.3,24.3,72,91.0,69,Cloudy,Poor,118,37.1,High
101702,117,136.5,107.7,495,1.1,6.1,65,74.0,206,Sunny,Excellent,74,49.8,High
101703,31,148.8,154.9,911,3.4,43.0,97,92.0,220,Windy,Moderate,43,59.6,Moderate
101704,72,35.2,195.6,779,9.7,29.3,23,37.0,88,Sunny,Moderate,74,69.3,Moderate
101705,218,56.5,53.5,781,5.7,43.7,53,55.0,466,Sunny,Good,114,45.8,High
101706,157,102.0,202.8,964,1.5,37.4,85,67.0,461,Sunny,Excellent,24,42.7,High
101707,192,75.2,181.2,894,2.2,19.2,82,70.0,2,Foggy,Good,106,40.4,High
101708,164,65.7,215.6,846,3.4,28.5,80,31.0,433,Foggy,Poor,8,48.7,High
101709,173,56.9,194.9,438,6.5,35.6,61,36.0,297,Sunny,Moderate,93,48.7,High
101710,232,91.1,68.8,760,3.7,23.9,97,54.0,365,Cloudy,Moderate,17,38.5,High
101711,239,88.5,32.3,1176,8.2,-1.9,83,80.0,461,Sunny,Excellent,53,36.7,High
101712,209,,33.6,590,6.8,18.5,36,79.0,437,Rainy,Poor,80,49.4,High
101713,141,73.4,71.2,1127,9.6,1.5,80,93.0,230,Sunny,Good,13,53.0,Moderate
101714,65,85.3,139.0,572,5.5,30.7,49,41.0,422,Sunny,Moderate,63,67.0,Moderate
101715,83,87.7,178.9,1097,3.6,29.0,62,82.0,468,Windy,Moderate,120,57.4,Moderate
101716,149,35.5,198.8,1014,11.0,44.6,26,39.0,117,Sunny,Excellent,7,55.1,Moderate
101717,73,112.6,141.0,817,3.9,26.4,92,90.0,310,Sunny,Moderate,100,57.3,Moderate
101718,126,8.7,11.2,918,4.7,35.0,65,84.0,394,Windy,Excellent,15,67.3,Moderate
101719,212,56.5,49.1,671,8.9,8.4,42,97.0,113,Snowy,Excellent,9,42.9,High
101720,70,118.1,30.9,724,1.0,12.0,55,71.0,201,Rainy,Moderate,39,64.6,Moderate
101721,200,86.8,86.3,461,4.3,40.9,33,95.0,462,Foggy,Excellent,117,39.8,High
101722,55,42.9,115.3,876,0.9,32.8,39,73.0,29,Cloudy,Good,28,71.9,Moderate
101723,134,105.8,19.1,761,1.5,27.8,75,57.0,363,Sunny,Good,109,56.5,Moderate
101724,45,87.3,83.2,618,0.1,7.7,51,87.0,246,Sunny,Good,74,68.6,Moderate
101725,48,120.5,47.6,975,0.1,29.9,44,31.0,80,Sunny,Excellent,86,71.4,Moderate
101726,168,111.6,145.9,601,4.2,39.3,68,84.0,245,Sunny,Moderate,106,40.7,High
101727,30,93.5,107.5,723,8.9,6.5,76,63.0,183,Cloudy,Excellent,10,71.7,Moderate
101728,59,75.8,114.0,1003,6.5,30.3,46,49.0,412,Sunny,Moderate,90,69.7,Moderate
101729,30,24.3,99.8,975,7.0,14.7,46,76.0,272,Cloudy,Moderate,46,79.1,Low
101730,183,42.9,210.8,799,5.7,0.9,65,55.0,32,Sunny,Good,47,45.9,High
101731,132,65.8,55.1,1151,9.0,33.2,64,,101,Cloudy,Poor,18,62.6,Moderate
101732,206,91.9,118.5,886,9.7,3.4,45,94.0,276,Rainy,Excellent,80,36.6,High
101733,58,79.5,164.6,717,9.3,7.6,33,44.0,110,Cloudy,Good,29,67.4,Moderate
101734,246,46.8,126.9,1171,8.9,34.1,67,43.0,498,Sunny,Excellent,88,39.5,High
101735,73,5.9,205.1,604,2.0,32.1,34,84.0,205,Foggy,Good,22,67.5,Moderate
101736,117,77.0,89.4,812,6.5,7.7,70,30.0,265,Rainy,Poor,28,62.2,Moderate
101737,74,46.4,107.4,617,6.4,42.0,73,62.0,489,Cloudy,Excellent,67,69.5,Moderate
101738,130,111.5,28.6,475,5.8,5.8,30,99.0,214,Rainy,Moderate,83,51.9,Moderate
101739,171,8.5,137.9,742,5.3,44.7,94,85.0,102,Rainy,Moderate,99,52.8,Moderate
101740,169,89.8,70.5,1111,1.0,31.9,47,52.0,294,Sunny,Excellent,110,50.1,Moderate
101741,88,141.5,43.7,1148,1.1,14.6,74,83.0,77,Sunny,Poor,5,56.7,Moderate
101742,75,,124.4,683,9.9,1.5,88,32.0,174,Rainy,Poor,19,73.4,Moderate
101743,52,73.4,121.8,914,6.9,11.0,91,75.0,341,Cloudy,Poor,58,68.2,Moderate
101744,55,18.3,25.9,717,2.9,4.7,45,35.0,51,Sunny,Good,38,83.1,Low
101745,167,95.7,156.6,904,3.1,26.1,89,54.0,296,Sunny,Good,56,45.2,High
101746,230,84.8,141.0,1027,6.7,12.8,51,46.0,475,Sunny,Good,6,36.8,High
101747,246,64.1,49.7,903,4.5,9.8,67,57.0,174,Foggy,Moderate,40,39.8,High
101748,100,80.6,108.6,805,4.9,32.9,31,61.0,456,Sunny,Good,27,60.8,Moderate
101749,209,135.0,161.3,1037,0.7,6.5,89,52.0,342,Sunny,Moderate,28,32.9,High
101750,128,33.5,121.2,416,1.5,24.3,96,45.0,198,Rainy,Moderate,114,62.4,Moderate
101751,245,8.3,93.1,415,4.3,4.7,80,55.0,87,Cloudy,Good,36,44.7,High
101752,220,129.9,77.7,944,7.7,30.7,53,62.0,170,Rainy,Good,55,34.7,High
101753,173,88.7,138.2,966,0.5,26.3,64,87.0,36,Cloudy,Poor,50,42.6,High
101754,213,134.1,207.2,749,3.7,34.9,79,77.0,122,Cloudy,Good,17,27.5,High
101755,92,91.6,151.1,636,7.6,-1.6,84,84.0,200,Snowy,Good,101,56.5,Moderate
101756,220,122.5,25.7,535,8.7,5.5,90,70.0,63,Sunny,Excellent,110,37.4,High
101757,59,67.3,106.7,633,2.1,2.7,32,91.0,485,Cloudy,Good,18,66.9,Moderate
101758,36,113.7,197.1,865,8.0,4.5,97,46.0,454,Foggy,Good,21,65.4,Moderate
101759,148,137.4,29.8,999,,0.2,67,88.0,187,Sunny,Excellent,20,46.6,High
101760,236,88.0,,1040,10.0,23.1,68,43.0,214,Sunny,Excellent,36,31.8,High
101761,80,,209.3,586,8.7,24.7,77,50.0,408,Sunny,Moderate,83,66.4,Moderate
101762,190,44.0,26.4,367,7.8,37.2,92,92.0,374,Sunny,Good,111,50.0,Moderate
101763,123,33.8,206.0,1164,2.6,15.9,89,75.0,493,Sunny,Excellent,99,56.0,Moderate
101764,61,40.8,86.3,763,7.0,21.6,80,84.0,242,Sunny,Poor,16,71.4,Moderate
101765,44,49.4,187.4,358,7.1,44.6,45,91.0,149,Sunny,Moderate,101,67.7,Moderate
101766,58,85.5,97.9,769,4.5,21.6,58,68.0,426,Cloudy,Excellent,7,67.6,Moderate
101767,54,90.3,102.6,378,5.4,23.7,77,71.0,123,Sunny,Poor,79,67.2,Moderate
101768,150,66.8,,1005,7.6,44.8,46,77.0,454,Snowy,Good,57,50.1,Moderate
101769,248,94.2,172.6,697,10.5,44.7,59,57.0,197,Snowy,Good,47,29.7,High
101770,127,16.8,17.1,1010,3.2,16.2,50,35.0,35,Cloudy,Poor,9,70.8,Moderate
101771,191,17.7,134.6,925,2.7,26.7,22,88.0,301,Foggy,Excellent,51,48.0,High
101772,198,29.9,49.2,799,6.6,19.0,34,99.0,277,Rainy,Poor,31,48.4,High
101773,241,80.1,82.6,729,1.4,31.0,73,68.0,34,Rainy,Moderate,56,36.1,High
101774,121,36.0,83.1,1048,6.4,41.9,89,86.0,112,Sunny,Good,60,61.1,Moderate
101775,117,46.1,108.5,715,1.0,10.5,30,83.0,174,Windy,Excellent,84,59.7,Moderate
101776,31,63.0,80.2,576,5.4,35.9,49,89.0,32,Foggy,Excellent,103,73.9,Moderate
101777,38,122.7,32.5,467,6.8,27.7,54,46.0,212,Sunny,Excellent,108,72.2,Moderate
101778,120,7.0,40.6,761,0.8,9.0,62,69.0,202,Rainy,Poor,84,68.6,Moderate
101779,63,99.2,17.0,705,2.3,34.9,80,,396,Rainy,Good,84,66.4,Moderate
101780,206,102.0,108.8,603,3.7,16.4,59,83.0,253,Sunny,Excellent,90,36.9,High
101781,68,120.8,210.4,892,4.1,1.0,61,73.0,55,Cloudy,Moderate,72,55.4,Moderate
101782,208,140.2,34.3,1022,7.4,44.7,61,96.0,322,Sunny,Good,100,34.4,High
101783,36,7.9,208.7,1076,5.8,16.3,22,86.0,12,Sunny,Good,95,73.5,Moderate
101784,93,27.3,164.0,793,4.2,22.1,97,65.0,49,Sunny,Excellent,19,65.3,Moderate
101785,76,133.5,143.9,1030,5.0,35.4,40,86.0,247,Cloudy,Moderate,23,54.5,Moderate
101786,74,,145.5,430,0.1,43.0,92,72.0,232,Rainy,Excellent,30,63.6,Moderate
101787,66,86.9,183.6,395,8.5,38.6,96,73.0,440,Foggy,Good,83,61.2,Moderate
101788,31,101.1,32.5,398,0.5,21.3,72,91.0,481,Cloudy,Excellent,49,71.6,Moderate
101789,81,103.5,116.0,798,9.1,22.3,63,90.0,27,Sunny,Moderate,14,58.2,Moderate
101790,99,140.1,156.4,1159,,9.0,65,40.0,103,Sunny,Good,102,53.5,Moderate
101791,235,149.6,133.2,756,5.8,18.1,56,62.0,353,Windy,Excellent,106,26.9,High
101792,102,109.4,184.9,632,7.8,42.3,57,95.0,95,Cloudy,Good,117,49.8,High
101793,27,46.6,25.2,822,,31.3,57,52.0,342,Rainy,Moderate,30,83.1,Low
101794,242,132.6,,765,10.4,-4.4,30,78.0,343,Sunny,Good,12,25.0,High
101795,168,12.1,122.1,949,6.0,0.8,64,49.0,192,Cloudy,Moderate,84,57.3,Moderate
101796,100,38.5,89.6,470,1.7,41.2,83,44.0,407,Sunny,Good,97,68.5,Moderate
101797,234,135.1,81.5,352,9.7,37.4,63,95.0,450,Sunny,Moderate,36,28.1,High
101798,248,42.1,140.4,665,0.4,19.3,81,59.0,124,Snowy,Moderate,25,37.4,High
101799,137,37.0,197.1,809,8.9,25.8,80,33.0,80,Cloudy,Poor,100,57.7,Moderate
101800,227,25.0,114.2,576,7.5,9.5,31,93.0,6,Sunny,Good,49,41.1,High
101801,217,129.6,183.2,428,10.0,34.6,28,94.0,329,Windy,Excellent,59,26.8,High
101802,219,77.5,94.5,1006,9.9,25.2,86,37.0,82,Cloudy,Moderate,16,42.9,High
101803,44,102.9,31.5,1103,0.6,29.7,93,81.0,23,Sunny,Moderate,52,70.1,Moderate
101804,229,39.7,22.9,893,6.7,13.7,21,43.0,392,Foggy,Poor,107,48.6,High
101805,108,114.9,20.8,1124,1.4,16.5,27,87.0,113,Sunny,Excellent,63,57.0,Moderate
101806,31,115.2,89.8,1072,0.9,5.4,62,40.0,14,Windy,Moderate,78,72.1,Moderate
101807,162,50.3,80.8,420,4.9,42.4,37,,112,Windy,Good,74,52.0,Moderate
101808,78,64.5,160.8,546,1.1,42.3,71,53.0,439,Sunny,Moderate,41,64.9,Moderate
101809,173,35.4,166.0,407,8.0,35.9,58,61.0,377,Cloudy,Poor,86,50.2,Moderate
101810,128,146.6,20.7,773,10.7,41.8,50,75.0,341,Sunny,Good,116,50.8,Moderate
101811,45,98.6,56.4,818,6.3,28.3,33,57.0,249,Cloudy,Moderate,35,71.5,Moderate
101812,66,140.5,67.6,973,2.6,6.7,83,45.0,144,Rainy,Good,103,63.4,Moderate
101813,51,,125.0,397,9.3,33.0,63,71.0,18,Sunny,Good,7,71.6,Moderate
101814,29,118.4,40.3,784,9.4,11.3,79,45.0,8,Sunny,Good,73,74.1,Moderate
101815,35,116.0,38.1,534,8.1,17.0,21,41.0,319,Cloudy,Excellent,102,73.8,Moderate
101816,218,105.3,208.2,1188,6.8,8.7,51,91.0,184,Cloudy,Good,63,28.6,High
101817,164,145.0,178.9,514,9.5,16.2,55,63.0,37,Rainy,Excellent,37,37.8,High
101818,170,62.1,47.9,1076,1.8,29.0,74,67.0,210,Snowy,Good,40,52.9,Moderate
101819,45,24.0,95.4,680,10.2,0.5,82,76.0,391,Rainy,Good,78,76.7,Low
101820,232,102.4,84.7,679,10.4,0.3,88,51.0,133,Windy,Moderate,113,36.6,High
101821,105,110.7,176.1,470,9.6,29.2,99,32.0,432,Sunny,Good,7,55.8,Moderate
101822,154,88.4,117.1,562,2.8,34.0,59,30.0,101,Cloudy,Good,79,52.8,Moderate
101823,33,35.0,36.8,1172,,22.6,43,82.0,428,Cloudy,Good,7,79.8,Low
101824,98,78.1,165.2,856,5.5,4.1,77,93.0,148,Foggy,Poor,96,55.4,Moderate
101825,136,50.3,93.3,902,6.5,16.5,47,73.0,92,Cloudy,Excellent,110,57.5,Moderate
101826,26,67.0,65.2,1150,9.2,32.9,81,76.0,289,Foggy,Poor,63,76.4,Low
101827,156,98.6,88.9,517,0.3,29.3,44,67.0,139,Snowy,Good,58,48.9,High
101828,134,113.1,114.5,895,4.0,0.5,26,92.0,294,Rainy,Excellent,32,47.4,High
101829,195,38.7,82.1,1179,9.0,43.5,57,70.0,351,Cloudy,Good,13,49.2,High
101830,91,63.8,60.8,1136,9.0,6.2,90,50.0,261,Cloudy,Excellent,30,67.9,Moderate
101831,78,44.0,93.7,776,9.3,6.0,64,74.0,80,Cloudy,Excellent,33,68.6,Moderate
101832,234,33.8,14.0,1058,1.9,18.0,51,42.0,31,Sunny,Good,14,48.9,High
101833,240,118.6,172.2,1052,7.8,11.4,51,95.0,187,Foggy,Moderate,31,24.5,High
101834,101,136.8,45.9,570,1.6,44.2,20,95.0,135,Snowy,Excellent,67,53.6,Moderate
101835,242,58.7,19.2,359,8.6,-1.2,93,72.0,165,Windy,Moderate,113,41.2,High
101836,241,113.9,147.3,469,2.7,10.3,64,91.0,476,Cloudy,Moderate,66,26.5,High
101837,135,135.1,172.5,984,8.1,14.1,83,77.0,478,Sunny,Moderate,100,43.2,High
101838,186,127.7,180.9,596,5.0,19.7,87,55.0,146,Rainy,Good,22,36.7,High
101839,246,31.5,113.6,709,10.8,-4.2,26,90.0,244,Cloudy,Excellent,57,37.3,High
101840,165,143.7,53.1,570,6.4,-0.9,57,91.0,182,Windy,Excellent,86,41.3,High
101841,206,59.6,164.8,1122,7.0,7.9,89,43.0,8,Snowy,Moderate,90,43.2,High
101842,122,54.2,156.9,855,4.0,22.7,72,83.0,435,Sunny,Moderate,21,55.4,Moderate
101843,36,14.1,61.7,407,8.1,33.4,94,70.0,155,Rainy,Good,53,81.7,Low
101844,33,75.5,199.7,1176,5.4,29.3,92,89.0,317,Rainy,Excellent,93,66.1,Moderate
101845,178,20.8,31.9,809,0.2,23.4,49,38.0,175,Cloudy,Good,30,60.1,Moderate
101846,171,41.0,216.4,477,6.7,14.9,41,73.0,113,Cloudy,Moderate,9,46.2,High
101847,246,,190.7,1048,9.1,38.5,77,85.0,242,Sunny,Good,77,31.6,High
101848,127,122.3,154.5,1066,2.6,18.0,92,32.0,166,Sunny,Poor,48,51.5,Moderate
101849,207,131.9,,435,2.4,10.0,74,88.0,487,Snowy,Poor,112,27.8,High
101850,64,,161.7,453,6.7,26.5,65,42.0,436,Sunny,Moderate,28,70.3,Moderate
101851,117,129.5,50.0,492,9.0,29.6,45,59.0,222,Snowy,Good,61,55.0,Moderate
101852,150,129.3,102.9,554,2.7,14.9,83,82.0,190,Cloudy,Good,119,44.1,High
101853,56,115.9,25.0,990,10.3,-3.6,99,80.0,274,Foggy,Good,11,66.8,Moderate
101854,190,26.3,91.8,1107,10.2,-0.3,28,71.0,288,Foggy,Poor,24,51.0,Moderate
101855,187,105.1,165.7,387,2.2,37.3,34,55.0,63,Rainy,Good,60,39.9,High
101856,237,142.0,91.2,712,2.9,-2.2,38,88.0,281,Cloudy,Moderate,112,26.9,High
101857,202,104.0,79.4,970,7.7,24.6,35,98.0,172,Cloudy,Poor,109,37.4,High
101858,234,53.1,135.0,658,10.5,4.2,44,32.0,256,Sunny,Moderate,76,41.6,High
101859,127,77.6,193.2,401,7.8,6.4,70,70.0,202,Sunny,Moderate,23,51.2,Moderate
101860,58,98.6,20.0,350,4.9,8.7,96,30.0,449,Rainy,Excellent,103,73.7,Moderate
101861,34,79.0,,360,1.9,-3.1,65,94.0,418,Windy,Excellent,68,70.5,Moderate
101862,139,22.4,43.2,1175,5.1,3.9,26,99.0,76,Sunny,Good,47,60.2,Moderate
101863,23,50.2,156.0,1096,6.7,27.5,53,79.0,102,Cloudy,Poor,48,74.1,Moderate
101864,112,121.3,32.2,989,3.6,19.9,77,88.0,225,Cloudy,Poor,29,54.9,Moderate
101865,233,129.9,149.6,563,5.6,34.9,97,92.0,225,Foggy,Excellent,21,25.8,High
101866,172,24.9,70.1,1104,1.4,-1.9,42,54.0,226,Sunny,Good,43,57.1,Moderate
101867,160,143.1,51.8,905,5.0,39.4,42,39.0,95,Sunny,Moderate,29,47.5,High
101868,229,52.7,206.6,867,1.0,44.8,36,30.0,428,Foggy,Good,103,39.1,High
101869,180,101.0,13.9,1017,0.5,-4.2,32,43.0,75,Sunny,Excellent,43,50.5,Moderate
101870,35,114.0,101.9,764,9.4,43.4,46,50.0,32,Rainy,Good,43,69.9,Moderate
101871,189,122.7,14.5,357,2.3,6.8,85,87.0,81,Rainy,Poor,63,41.8,High
101872,127,142.1,111.6,354,6.3,29.6,49,67.0,68,Cloudy,Poor,114,47.8,High
101873,145,50.4,115.2,711,1.6,9.6,23,30.0,338,Cloudy,Moderate,70,59.1,Moderate
101874,213,129.5,77.5,1043,2.9,21.1,86,34.0,414,Windy,Moderate,20,38.8,High
101875,74,24.1,37.8,461,4.0,20.5,33,73.0,218,Sunny,Good,57,74.6,Moderate
101876,246,107.2,89.0,622,1.6,13.1,30,94.0,447,Sunny,Moderate,110,29.0,High
101877,189,112.6,151.2,771,0.5,30.9,59,86.0,361,Cloudy,Excellent,82,36.3,High
101878,53,103.3,174.3,614,9.6,25.0,22,74.0,357,Cloudy,Good,33,61.9,Moderate
101879,177,41.6,121.5,807,0.1,20.4,20,89.0,369,Rainy,Excellent,107,48.2,High
101880,32,131.6,133.9,561,0.7,44.1,28,95.0,398,Foggy,Good,70,62.3,Moderate
101881,160,29.5,52.1,427,8.9,42.0,92,76.0,301,Foggy,Poor,14,57.5,Moderate
101882,37,12.8,70.3,1131,3.1,42.8,95,,119,Sunny,Poor,6,82.8,Low
101883,179,109.0,44.0,1015,8.0,39.1,20,38.0,47,Sunny,Moderate,95,48.7,High
101884,115,73.9,62.4,570,1.6,7.8,35,80.0,67,Sunny,Moderate,17,59.3,Moderate
101885,246,128.1,57.2,718,2.6,12.5,91,37.0,338,Foggy,Good,58,33.8,High
101886,142,60.6,119.1,696,6.3,6.6,65,34.0,84,Cloudy,Good,6,57.8,Moderate
101887,58,29.4,128.2,374,10.9,44.3,29,68.0,381,Cloudy,Moderate,46,72.8,Moderate
101888,65,126.3,208.4,769,0.8,2.6,52,97.0,423,Windy,Good,18,53.0,Moderate
101889,48,84.6,51.1,703,4.4,13.3,60,69.0,376,Cloudy,Excellent,85,71.8,Moderate
101890,209,,144.8,1069,0.5,5.0,70,65.0,384,Sunny,Moderate,55,44.8,High
101891,240,109.5,181.6,766,2.2,6.2,41,50.0,275,Cloudy,Good,112,29.6,High
101892,81,79.1,127.7,864,10.0,7.4,35,55.0,255,Rainy,Excellent,53,64.0,Moderate
101893,204,92.6,63.6,564,1.1,27.0,94,85.0,405,Rainy,Good,42,40.5,High
101894,35,71.8,65.1,461,9.4,-1.2,81,86.0,437,Rainy,Excellent,104,73.2,Moderate
101895,203,125.2,18.2,1053,2.0,23.6,72,88.0,204,Sunny,Moderate,38,38.7,High
101896,140,125.3,74.1,908,9.5,36.0,94,36.0,232,Sunny,Moderate,33,52.5,Moderate
101897,29,107.9,166.4,777,5.9,33.3,33,71.0,64,Rainy,Good,115,66.4,Moderate
101898,177,20.3,20.0,1082,9.7,2.6,78,42.0,398,Windy,Poor,68,60.5,Moderate
101899,172,126.6,56.1,1048,1.7,40.7,45,63.0,316,Sunny,Moderate,27,44.7,High
101900,122,102.3,158.3,911,,33.5,63,82.0,78,Sunny,Excellent,27,49.6,High
101901,103,106.1,174.4,1058,7.5,-4.7,39,75.0,13,Rainy,Moderate,20,52.5,Moderate
101902,152,57.6,105.6,565,6.0,31.9,24,86.0,324,Cloudy,Good,48,51.8,Moderate
101903,84,132.5,156.6,762,8.9,31.9,84,90.0,377,Sunny,Moderate,64,52.1,Moderate
101904,241,110.2,91.5,1082,7.1,19.8,30,85.0,304,Cloudy,Moderate,75,30.3,High
101905,196,21.3,43.6,729,9.6,-2.7,66,58.0,389,Foggy,Excellent,113,54.2,Moderate
101906,22,64.1,93.6,951,4.2,24.0,29,43.0,168,Rainy,Moderate,69,79.4,Low
101907,192,133.5,131.8,581,6.5,33.3,80,97.0,158,Cloudy,Poor,23,33.1,High
101908,161,11.8,209.1,1184,9.6,8.5,64,42.0,115,Windy,Good,49,54.9,Moderate
101909,139,144.4,24.4,607,2.4,28.4,66,46.0,345,Sunny,Excellent,101,51.8,Moderate
101910,177,103.5,116.6,1014,5.3,12.7,53,58.0,191,Cloudy,Excellent,102,44.1,High
101911,87,96.5,79.1,605,10.6,23.7,32,31.0,344,Cloudy,Excellent,5,65.7,Moderate
101912,165,44.2,116.7,752,5.2,14.2,42,,434,Cloudy,Excellent,16,50.1,Moderate
101913,209,41.1,15.0,773,2.8,10.2,55,49.0,442,Foggy,Good,29,51.8,Moderate
101914,56,141.6,75.7,1119,3.9,37.8,82,85.0,182,Sunny,Good,91,60.6,Moderate
101915,172,48.2,182.2,414,9.7,32.7,95,,372,Sunny,Excellent,93,46.0,High
101916,195,117.4,126.3,539,10.5,12.3,66,54.0,377,Foggy,Moderate,99,39.1,High
101917,212,62.0,104.6,952,10.5,16.7,85,91.0,432,Sunny,Poor,92,40.1,High
101918,200,25.2,70.0,522,7.7,29.6,99,46.0,230,Cloudy,Poor,14,52.9,Moderate
101919,226,6.6,72.6,1108,5.6,35.6,33,68.0,167,Cloudy,Good,70,48.1,High
101920,92,83.9,90.5,1117,2.0,29.2,72,39.0,14,Foggy,Moderate,37,64.9,Moderate
101921,162,146.5,185.5,977,1.4,22.0,85,88.0,453,Cloudy,Poor,105,35.2,High
101922,68,58.5,213.1,910,0.7,42.7,68,54.0,192,Cloudy,Poor,91,64.7,Moderate
101923,140,56.8,102.1,576,0.2,33.7,35,57.0,232,Rainy,Poor,6,57.2,Moderate
101924,107,54.9,92.6,930,9.7,0.8,87,90.0,262,Foggy,Moderate,8,60.5,Moderate
101925,215,80.5,187.8,737,8.9,22.9,62,87.0,445,Windy,Good,27,33.6,High
101926,159,68.9,99.7,750,6.2,15.5,96,73.0,53,Sunny,Excellent,114,50.8,Moderate
101927,206,132.6,125.9,987,11.0,34.7,84,52.0,179,Windy,Good,45,35.5,High
101928,56,78.3,58.5,562,10.5,-2.8,28,46.0,434,Windy,Excellent,42,73.0,Moderate
101929,80,78.6,166.1,402,7.2,15.5,40,67.0,3,Rainy,Poor,91,61.2,Moderate
101930,248,25.1,121.7,973,5.1,10.9,62,59.0,256,Rainy,Good,60,40.4,High
101931,190,147.5,179.9,1020,1.7,2.1,85,48.0,360,Cloudy,Poor,80,34.3,High
101932,143,41.2,174.0,1101,5.7,13.9,23,61.0,321,Rainy,Moderate,48,54.5,Moderate
101933,217,15.6,55.2,1011,1.7,28.6,26,49.0,239,Rainy,Good,68,51.4,Moderate
101934,58,101.2,160.3,488,4.4,13.1,77,93.0,481,Sunny,Excellent,28,60.1,Moderate
101935,203,91.3,178.0,767,10.4,24.0,23,65.0,162,Sunny,Good,97,37.1,High
101936,82,65.2,82.7,974,3.8,24.6,39,94.0,493,Sunny,Moderate,45,63.9,Moderate
101937,65,66.2,46.2,492,1.7,24.4,54,72.0,460,Windy,Moderate,32,70.8,Moderate
101938,107,118.8,10.6,858,6.4,21.5,78,55.0,336,Rainy,Poor,66,60.5,Moderate
101939,30,33.4,104.7,999,6.6,0.8,64,36.0,137,Cloudy,Excellent,19,81.8,Low
101940,81,123.9,84.0,835,2.1,5.9,33,63.0,450,Windy,Excellent,66,60.1,Moderate
101941,96,99.1,126.5,786,2.2,35.0,41,,323,Rainy,Excellent,14,58.0,Moderate
101942,245,65.8,49.5,1165,10.9,20.1,67,35.0,472,Foggy,Good,102,42.0,High
101943,172,71.4,190.5,892,2.7,30.3,49,66.0,228,Sunny,Moderate,33,44.3,High
101944,218,42.2,64.1,642,9.2,23.5,48,91.0,490,Cloudy,Excellent,35,43.4,High
101945,71,114.1,57.6,969,5.2,-3.1,55,89.0,101,Rainy,Good,67,61.7,Moderate
101946,23,79.4,110.9,633,4.8,34.8,61,93.0,476,Sunny,Good,91,71.5,Moderate
101947,78,51.5,114.8,1020,3.2,-1.8,48,79.0,192,Sunny,Good,22,66.1,Moderate
101948,91,91.4,55.2,1187,8.5,42.2,26,81.0,306,Cloudy,Moderate,11,61.8,Moderate
101949,167,149.4,67.1,363,9.7,5.8,51,46.0,29,Snowy,Good,31,44.1,High
101950,112,68.1,45.6,983,2.9,20.6,32,89.0,294,Cloudy,Good,13,60.5,Moderate
101951,82,138.5,160.9,1076,,-1.8,32,83.0,246,Cloudy,Moderate,24,52.3,Moderate
101952,73,55.0,171.7,621,1.5,39.7,73,39.0,393,Cloudy,Good,89,67.8,Moderate
101953,136,12.9,107.1,374,8.7,44.0,33,54.0,220,Sunny,Moderate,96,63.2,Moderate
101954,129,34.6,160.0,671,4.8,2.3,25,47.0,171,Foggy,Poor,54,59.9,Moderate
101955,93,65.7,164.5,1155,1.5,9.8,35,93.0,159,Sunny,Moderate,65,57.9,Moderate
101956,126,36.8,39.0,1030,3.7,-4.2,60,88.0,171,Cloudy,Good,71,62.2,Moderate
101957,245,5.0,212.9,452,5.7,34.3,71,56.0,62,Sunny,Moderate,113,39.1,High
101958,76,137.7,182.4,389,9.4,10.6,35,87.0,60,Cloudy,Moderate,78,52.0,Moderate
101959,237,127.4,52.9,584,7.1,24.4,24,90.0,64,Foggy,Good,21,30.4,High
101960,188,112.6,49.1,1181,1.9,-3.0,43,72.0,168,Foggy,Moderate,103,43.0,High
101961,22,29.3,36.4,438,1.7,30.8,62,,80,Cloudy,Good,25,86.7,Low
101962,139,22.5,39.1,449,4.5,21.5,84,34.0,246,Sunny,Moderate,77,66.9,Moderate
101963,25,14.8,167.1,493,0.8,31.2,29,87.0,267,Sunny,Good,85,76.7,Low
101964,24,110.0,108.6,431,8.3,34.5,78,68.0,379,Sunny,Poor,36,70.3,Moderate
101965,24,139.7,174.4,938,4.4,-0.5,54,77.0,257,Rainy,Moderate,52,62.5,Moderate
101966,73,67.4,166.7,920,3.8,23.9,50,49.0,72,Cloudy,Good,42,65.5,Moderate
101967,66,22.3,137.0,578,5.6,27.5,98,48.0,331,Snowy,Good,32,73.8,Moderate
101968,234,79.3,154.1,952,7.8,20.8,30,89.0,187,Rainy,Good,86,31.8,High
101969,196,55.6,13.9,744,6.3,4.1,28,55.0,24,Sunny,Excellent,64,51.9,Moderate
101970,28,59.3,75.5,862,8.8,34.8,85,54.0,227,Snowy,Excellent,74,78.7,Low
101971,118,95.1,143.9,1130,6.9,44.9,63,44.0,117,Windy,Good,62,55.8,Moderate
101972,39,109.2,12.0,1147,8.7,43.5,35,50.0,444,Rainy,Good,74,74.3,Moderate
101973,141,21.0,16.9,546,7.7,33.9,67,76.0,107,Foggy,Good,85,63.7,Moderate
101974,80,,188.9,623,2.1,15.9,72,64.0,241,Snowy,Excellent,57,68.5,Moderate
101975,142,149.2,153.6,939,0.6,11.9,84,73.0,98,Rainy,Moderate,14,41.6,High
101976,182,38.7,65.7,1002,9.9,-1.6,67,35.0,21,Foggy,Excellent,6,55.8,Moderate
101977,197,12.8,154.5,1149,10.4,15.8,89,52.0,480,Rainy,Good,101,50.1,Moderate
101978,101,,176.4,932,8.0,2.8,65,68.0,497,Cloudy,Excellent,111,62.3,Moderate
101979,81,10.6,74.4,911,8.0,7.7,94,47.0,55,Cloudy,Good,29,75.7,Low
101980,164,61.8,17.6,721,3.0,39.6,52,,148,Windy,Excellent,42,55.3,Moderate
101981,235,121.3,205.9,429,6.0,43.4,71,65.0,310,Sunny,Good,5,26.3,High
101982,22,54.5,82.5,584,10.9,42.4,74,57.0,39,Cloudy,Good,84,79.7,Low
101983,179,69.4,32.4,636,9.4,4.7,70,93.0,434,Cloudy,Excellent,94,48.5,High
101984,246,103.0,113.3,1168,3.3,40.0,59,87.0,149,Cloudy,Good,109,29.0,High
101985,249,78.8,,1016,3.3,2.1,44,67.0,411,Rainy,Good,80,30.5,High
101986,32,129.9,56.5,921,5.3,20.4,82,73.0,120,Cloudy,Poor,77,68.5,Moderate
101987,139,,66.6,894,4.5,27.2,41,31.0,259,Sunny,Moderate,17,52.9,Moderate
101988,144,6.4,61.0,786,4.1,18.1,57,64.0,25,Windy,Poor,75,63.9,Moderate
101989,108,117.8,218.3,476,6.9,42.6,28,30.0,470,Rainy,Good,5,52.5,Moderate
101990,92,71.8,51.5,1082,0.1,11.7,56,,111,Windy,Moderate,35,64.7,Moderate
101991,87,148.4,130.9,1061,8.4,21.4,24,89.0,368,Sunny,Poor,103,51.1,Moderate
101992,161,75.1,204.3,766,8.1,-1.2,41,92.0,443,Rainy,Good,92,42.6,High
101993,120,148.1,,987,9.1,37.6,31,74.0,22,Rainy,Moderate,71,51.2,Moderate
101994,117,114.4,213.9,390,9.3,15.7,79,86.0,168,Cloudy,Good,60,45.9,High
101995,30,41.0,209.0,1136,6.2,30.0,63,66.0,313,Windy,Good,23,72.6,Moderate
101996,124,83.1,195.8,818,8.6,29.1,41,36.0,263,Sunny,Excellent,8,54.3,Moderate
101997,203,148.9,55.1,646,5.4,28.8,25,45.0,115,Rainy,Moderate,32,38.3,High
101998,86,129.3,143.2,946,10.5,20.3,46,79.0,479,Rainy,Poor,48,53.9,Moderate
101999,142,19.1,169.8,950,2.1,8.9,74,43.0,306,Cloudy,Excellent,34,59.4,Moderate
102000,239,107.4,217.1,391,10.1,26.3,34,35.0,230,Rainy,Moderate,40,29.7,High
100001,122,103.5,161.0,1087,0.9,27.5,61,82.0,266,Cloudy,Moderate,58,49.4,High
100002,199,16.1,115.8,420,8.5,11.3,36,80.0,395,Rainy,Good,19,48.5,High
100003,112,44.8,158.8,622,0.5,-2.5,35,57.0,96,Rainy,Moderate,52,60.8,Moderate
100004,34,122.0,62.3,536,7.9,15.2,71,88.0,85,Sunny,Poor,102,67.3,Moderate
100005,126,71.7,78.1,352,10.0,44.2,55,98.0,308,Sunny,Poor,58,55.0,Moderate
100006,91,84.3,80.2,634,3.8,4.1,58,54.0,264,Snowy,Moderate,50,64.1,Moderate
100007,208,67.8,15.4,371,1.1,21.4,44,73.0,491,Foggy,Moderate,61,46.4,High
100008,40,11.4,81.6,515,2.6,-4.6,61,76.0,70,Snowy,Moderate,59,79.8,Low
100009,122,29.0,178.7,659,6.2,1.1,40,42.0,16,Foggy,Poor,64,61.4,Moderate
100010,141,69.6,198.4,826,10.4,24.4,87,82.0,188,Rainy,Good,99,48.1,High
100011,230,35.3,118.8,847,5.6,9.9,78,82.0,9,Foggy,Excellent,34,40.2,High
100012,234,12.2,105.7,783,1.2,40.3,49,66.0,165,Rainy,Moderate,32,44.5,High
100013,94,127.3,16.5,1107,6.9,15.3,76,92.0,378,Foggy,Poor,56,57.8,Moderate
100014,222,147.3,194.6,583,8.1,5.4,52,95.0,38,Sunny,Good,101,23.1,High
100015,107,120.0,12.7,1186,4.3,22.3,72,69.0,498,Windy,Moderate,45,58.8,Moderate
100016,136,128.8,208.4,1019,7.9,34.7,35,90.0,365,Sunny,Good,117,40.6,High
100017,119,40.1,112.7,1012,3.6,-4.0,68,35.0,344,Sunny,Poor,25,64.6,Moderate
100018,123,144.3,81.8,1074,8.7,20.3,24,54.0,218,Cloudy,Moderate,114,51.1,Moderate
100019,171,33.6,204.1,725,3.8,33.7,96,75.0,93,Sunny,Moderate,91,47.5,High
100020,150,143.0,15.1,1079,2.8,0.2,79,60.0,157,Sunny,Moderate,46,49.1,High
100021,169,149.2,132.1,595,9.7,40.1,90,92.0,362,Foggy,Moderate,17,35.9,High
100022,72,108.2,125.3,652,6.0,8.2,74,97.0,33,Rainy,Poor,49,58.1,Moderate
100023,21,147.3,56.1,754,3.1,3.5,54,68.0,288,Foggy,Poor,94,68.9,Moderate
100024,107,87.6,100.1,1137,10.3,24.5,88,,415,Foggy,Excellent,58,58.7,Moderate
100025,177,42.6,147.0,1012,7.6,3.8,61,36.0,489,Cloudy,Excellent,23,52.1,Moderate
100026,57,68.4,162.7,1057,2.4,29.0,88,95.0,11,Sunny,Moderate,31,63.9,Moderate
100027,149,91.1,10.2,370,6.8,19.5,43,84.0,232,Sunny,Poor,44,53.3,Moderate
100028,211,15.6,206.7,606,9.6,0.5,90,71.0,86,Cloudy,Good,11,42.7,High
100029,207,95.2,44.6,748,7.7,40.6,90,56.0,92,Rainy,Excellent,29,43.5,High
100030,40,147.3,59.1,878,2.7,28.7,74,31.0,106,Cloudy,Good,53,69.1,Moderate
100031,180,32.6,65.3,400,7.1,22.3,33,,192,Cloudy,Good,108,50.5,Moderate
100032,223,119.9,17.9,796,6.8,13.7,74,33.0,467,Sunny,Moderate,40,41.3,High
100033,77,136.6,35.8,619,9.0,1.7,34,50.0,9,Cloudy,Excellent,75,63.0,Moderate
100034,41,141.8,217.1,1176,2.0,30.4,24,,124,Sunny,Good,88,61.7,Moderate
100035,108,144.2,76.2,944,7.7,35.7,23,67.0,274,Windy,Poor,28,52.7,Moderate
100036,68,80.6,34.2,1167,0.3,1.3,49,89.0,278,Sunny,Excellent,65,67.5,Moderate
100037,238,146.7,32.5,985,7.7,19.7,72,43.0,127,Cloudy,Moderate,96,33.6,High
100038,78,114.8,161.1,1151,10.6,19.2,92,,340,Sunny,Good,117,59.5,Moderate
100039,189,28.4,189.5,611,1.9,12.5,49,76.0,184,Snowy,Moderate,73,45.5,High
100040,239,74.2,64.0,714,3.4,34.5,80,85.0,362,Sunny,Excellent,56,36.4,High
100041,207,109.2,14.4,398,6.4,-0.0,90,82.0,354,Sunny,Good,40,40.7,High
100042,227,40.9,56.8,867,8.1,5.3,87,47.0,58,Cloudy,Good,99,46.7,High
100043,34,97.9,21.9,978,3.8,-4.9,74,98.0,495,Foggy,Poor,55,71.2,Moderate
100044,209,101.7,31.7,467,7.3,13.6,90,77.0,479,Foggy,Moderate,37,40.9,High
100045,209,28.6,100.6,802,,9.6,92,38.0,181,Sunny,Excellent,57,50.1,Moderate
100046,194,86.9,58.3,1124,8.0,38.3,61,83.0,73,Rainy,Moderate,92,43.4,High
100047,209,116.9,118.3,990,7.8,32.3,96,64.0,1,Sunny,Excellent,78,36.0,High
100048,70,77.3,63.2,746,4.2,-0.8,48,75.0,242,Sunny,Poor,42,67.5,Moderate
100049,127,6.8,207.5,1032,10.0,32.0,54,30.0,227,Cloudy,Good,48,62.9,Moderate
100050,74,6.3,200.2,376,3.1,28.8,64,70.0,47,Sunny,Good,117,68.9,Moderate
100051,83,56.8,129.0,1060,2.3,9.1,93,61.0,5,Snowy,Excellent,9,65.7,Moderate
100052,150,139.3,84.4,721,4.0,-4.2,48,69.0,42,Foggy,Moderate,35,45.2,High
100053,248,38.2,90.0,1175,7.2,0.8,89,40.0,144,Sunny,Good,13,42.3,High
100054,70,97.0,96.5,446,9.5,7.5,22,91.0,126,Sunny,Good,36,61.8,Moderate
100055,154,,162.8,878,1.5,35.8,76,75.0,334,Cloudy,Excellent,45,52.2,Moderate
100056,40,51.6,104.8,1034,9.0,18.3,85,77.0,245,Cloudy,Poor,9,73.7,Moderate
100057,92,128.0,189.9,962,8.9,40.9,41,72.0,419,Foggy,Moderate,55,51.4,Moderate
100058,186,110.7,208.3,535,6.5,34.5,46,80.0,407,Windy,Moderate,58,34.8,High
100059,37,18.8,80.5,1045,8.4,9.4,41,90.0,120,Rainy,Moderate,95,78.1,Low
100060,151,67.2,127.7,564,2.0,37.3,93,71.0,231,Sunny,Moderate,32,51.3,Moderate
100061,108,9.2,30.0,600,1.9,0.8,68,55.0,375,Snowy,Excellent,47,72.5,Moderate
100062,79,74.7,52.1,565,9.5,-3.2,43,40.0,188,Sunny,Poor,16,70.2,Moderate
100063,33,101.1,96.8,378,5.5,25.4,46,54.0,284,Foggy,Good,73,71.7,Moderate
100064,28,22.2,53.3,451,2.7,12.1,55,69.0,241,Sunny,Moderate,76,82.7,Low
100065,109,46.9,194.1,472,7.6,11.5,36,54.0,77,Cloudy,Moderate,21,59.6,Moderate
100066,72,62.7,43.2,403,9.8,29.4,75,81.0,57,Sunny,Moderate,12,69.3,Moderate
100067,149,138.3,105.7,632,7.0,37.5,29,32.0,449,Cloudy,Poor,102,48.1,High
100068,103,149.0,137.2,963,3.8,11.1,73,68.0,495,Rainy,Good,91,49.9,High
100069,111,11.5,,466,5.3,11.3,93,64.0,469,Rainy,Moderate,22,64.5,Moderate
100070,130,115.3,90.4,965,8.3,21.7,93,69.0,494,Snowy,Moderate,119,51.3,Moderate
100071,207,58.9,192.5,906,0.7,27.7,57,51.0,180,Rainy,Excellent,14,40.9,High
100072,218,61.9,129.3,463,2.4,5.1,23,91.0,69,Sunny,Good,43,37.8,High
100073,191,114.4,102.3,892,5.1,40.6,69,48.0,264,Windy,Moderate,45,42.0,High
100074,27,138.2,,1025,6.6,27.7,80,43.0,203,Windy,Good,112,73.1,Moderate
100075,194,142.9,107.6,1050,3.7,26.3,40,79.0,169,Sunny,Good,48,34.7,High
100076,54,88.7,182.4,642,3.3,40.2,55,91.0,294,Windy,Good,73,61.4,Moderate
100077,225,56.8,139.1,544,0.5,40.4,65,72.0,452,Foggy,Moderate,47,38.5,High
100078,100,119.2,184.8,641,0.4,1.8,90,84.0,377,Rainy,Poor,85,50.1,Moderate
100079,183,41.4,113.7,610,3.1,2.3,63,69.0,246,Sunny,Excellent,51,49.5,High
100080,69,86.8,34.9,556,5.8,33.1,83,41.0,423,Rainy,Good,79,71.3,Moderate
100081,123,57.0,12.9,913,6.1,42.8,37,94.0,58,Sunny,Good,115,61.0,Moderate
100082,151,100.2,73.7,398,5.4,28.3,32,63.0,299,Rainy,Good,52,50.8,Moderate
100083,21,39.9,156.6,355,4.5,15.6,32,52.0,320,Cloudy,Poor,23,78.4,Low
100084,153,32.8,176.0,728,2.8,29.2,44,36.0,457,Foggy,Excellent,25,56.1,Moderate
100085,73,138.1,72.1,743,4.4,6.4,24,94.0,10,Rainy,Excellent,112,57.3,Moderate
100086,125,19.8,114.1,573,1.5,44.9,58,47.0,346,Sunny,Moderate,7,64.7,Moderate
100087,23,78.4,98.4,372,1.3,16.6,48,37.0,470,Rainy,Good,108,77.8,Low
100088,73,37.0,96.2,1006,3.3,41.6,76,71.0,339,Sunny,Moderate,60,70.5,Moderate
100089,240,10.6,58.6,459,10.9,16.5,65,30.0,4,Sunny,Moderate,47,49.6,High
100090,210,10.2,38.6,1073,3.6,41.4,52,44.0,204,Cloudy,Good,5,54.6,Moderate
100091,165,30.4,51.3,1161,10.3,11.8,29,57.0,369,Sunny,Excellent,92,58.4,Moderate
100092,237,130.7,21.6,902,4.3,33.0,77,65.0,457,Foggy,Excellent,40,34.1,High
100093,63,46.0,51.6,748,4.8,42.6,44,75.0,244,Cloudy,Good,10,73.1,Moderate
100094,181,142.8,11.9,521,8.8,27.3,93,50.0,248,Snowy,Good,78,44.7,High
100095,221,89.3,141.7,1047,1.0,28.9,58,78.0,432,Sunny,Poor,115,34.6,High
100096,209,68.3,76.4,1075,2.0,0.1,35,68.0,434,Rainy,Moderate,108,43.6,High
100097,247,89.1,214.4,655,10.7,18.7,79,67.0,419,Cloudy,Excellent,50,27.4,High
100098,33,,50.7,913,5.6,39.3,47,38.0,104,Cloudy,Poor,102,78.1,Low
100099,114,115.0,82.6,931,0.5,7.0,95,49.0,241,Foggy,Excellent,92,56.6,Moderate
100100,67,46.0,85.1,1057,0.5,34.4,63,37.0,271,Cloudy,Moderate,27,74.5,Moderate
100101,34,56.2,11.8,500,10.0,28.8,77,43.0,6,Rainy,Excellent,24,82.2,Low
100102,219,134.6,186.2,777,9.6,6.1,51,,223,Sunny,Excellent,57,26.0,High
100103,225,142.2,16.7,970,5.0,9.1,82,64.0,216,Sunny,Moderate,42,35.2,High
100104,234,134.4,207.4,816,1.8,16.4,64,84.0,43,Windy,Good,39,23.0,High
100105,209,65.8,197.3,979,9.1,1.3,72,74.0,25,Snowy,Moderate,38,37.2,High
100106,59,118.2,122.5,956,3.6,40.7,80,,291,Cloudy,Good,114,64.1,Moderate
100107,232,74.1,124.2,1117,4.6,32.0,69,82.0,180,Foggy,Excellent,54,34.9,High
100108,227,77.1,147.3,905,7.5,13.2,46,83.0,91,Cloudy,Moderate,51,34.2,High
100109,101,34.7,91.3,416,3.9,10.0,45,72.0,427,Cloudy,Moderate,40,65.9,Moderate
100110,130,90.7,145.9,505,6.9,29.5,22,35.0,267,Cloudy,Excellent,20,54.9,Moderate
100111,72,32.0,19.4,1184,9.7,16.2,58,84.0,345,Rainy,Good,91,73.8,Moderate
100112,43,53.1,21.4,555,8.8,6.5,84,73.0,67,Sunny,Moderate,112,77.5,Low
100113,173,129.0,106.0,1135,4.2,16.5,54,97.0,363,Cloudy,Moderate,53,38.4,High
100114,236,35.0,125.4,504,3.2,38.6,72,33.0,150,Foggy,Moderate,69,43.8,High
100115,207,15.3,196.4,1040,3.1,-1.6,65,92.0,103,Sunny,Moderate,67,41.9,High
100116,143,15.0,32.0,858,3.8,13.4,87,87.0,87,Sunny,Poor,56,62.2,Moderate
100117,60,141.4,182.8,921,,43.1,41,83.0,94,Sunny,Good,77,54.8,Moderate
100118,176,78.5,54.1,423,4.6,-4.3,79,67.0,381,Sunny,Moderate,80,49.5,High
100119,34,64.4,92.8,398,1.5,39.5,25,89.0,285,Cloudy,Moderate,64,72.6,Moderate
100120,64,122.6,76.5,1132,1.8,13.7,71,81.0,318,Sunny,Moderate,105,61.8,Moderate
100121,84,126.2,94.0,816,3.8,4.5,92,58.0,2,Cloudy,Good,21,59.2,Moderate
100122,108,53.2,41.6,934,6.2,-4.3,94,69.0,207,Rainy,Moderate,71,65.2,Moderate
100123,90,105.6,115.7,1057,6.5,-1.5,92,37.0,417,Snowy,Moderate,42,61.6,Moderate
100124,28,116.8,178.3,528,5.3,3.6,48,64.0,101,Foggy,Moderate,33,65.6,Moderate
100125,107,99.9,102.7,397,8.1,-3.7,62,45.0,347,Rainy,Good,35,59.1,Moderate
100126,148,27.0,113.0,421,8.1,11.8,93,47.0,176,Sunny,Good,103,59.8,Moderate
100127,155,132.0,188.2,462,4.7,-2.8,53,88.0,427,Sunny,Poor,63,38.0,High
100128,235,,158.3,1106,1.4,29.6,50,63.0,424,Snowy,Poor,58,33.5,High
100129,82,46.0,113.0,1170,5.8,35.9,65,33.0,303,Rainy,Moderate,106,70.8,Moderate
100130,158,66.7,64.1,508,4.2,39.4,23,98.0,198,Sunny,Moderate,57,50.6,Moderate
100131,100,10.4,195.8,1135,1.5,22.5,21,94.0,7,Sunny,Excellent,30,61.6,Moderate
100132,155,23.5,131.2,1129,10.8,42.3,24,90.0,390,Snowy,Good,17,53.7,Moderate
100133,182,116.0,56.4,1165,4.1,-4.7,65,75.0,244,Cloudy,Excellent,61,43.0,High
100134,182,5.0,66.5,379,6.9,1.7,98,50.0,292,Rainy,Moderate,23,58.3,Moderate
100135,52,65.4,178.7,446,5.4,9.7,38,67.0,438,Sunny,Good,100,67.2,Moderate
100136,142,80.8,19.3,600,1.6,34.5,57,89.0,326,Rainy,Moderate,115,54.9,Moderate
100137,24,12.9,218.3,868,0.6,39.3,78,65.0,177,Snowy,Moderate,31,76.7,Low
100138,60,146.1,37.4,441,6.9,25.9,98,35.0,81,Windy,Poor,107,66.3,Moderate
100139,47,37.8,177.2,462,2.7,14.2,91,68.0,111,Rainy,Moderate,17,71.3,Moderate
100140,154,49.1,92.9,608,2.7,28.3,39,58.0,358,Rainy,Moderate,56,55.9,Moderate
100141,220,49.1,113.4,456,10.5,4.0,95,56.0,20,Rainy,Moderate,102,43.2,High
100142,91,38.4,194.9,924,5.1,17.9,87,98.0,33,Cloudy,Good,68,59.5,Moderate
100143,31,5.2,96.7,739,0.3,20.4,72,38.0,254,Sunny,Excellent,62,85.2,Low
100144,181,110.8,122.9,707,3.7,0.2,74,53.0,432,Windy,Excellent,23,42.7,High
100145,52,145.2,20.4,1132,6.4,-3.3,58,92.0,26,Cloudy,Excellent,87,63.0,Moderate
100146,67,37.5,10.5,548,3.6,32.5,55,48.0,7,Rainy,Poor,7,78.1,Low
100147,170,101.1,61.4,776,0.3,21.7,77,59.0,417,Foggy,Excellent,71,48.3,High
100148,81,112.6,152.9,827,4.9,11.6,34,87.0,17,Foggy,Moderate,30,55.6,Moderate
100149,235,128.0,35.5,1198,1.2,16.9,20,69.0,434,Rainy,Excellent,10,33.7,High
100150,56,66.3,33.9,852,6.8,42.9,28,97.0,499,Sunny,Poor,17,70.6,Moderate
100151,118,48.9,96.3,1007,6.8,14.2,42,61.0,232,Cloudy,Good,114,62.0,Moderate
100152,191,52.2,146.0,922,0.4,0.2,71,94.0,395,Foggy,Good,106,42.7,High
100153,123,108.3,159.5,469,3.2,18.2,45,63.0,469,Sunny,Good,31,50.6,Moderate
100154,233,123.4,47.5,922,4.6,27.4,79,60.0,306,Foggy,Moderate,109,34.9,High
100155,238,31.3,26.7,658,6.1,-4.4,37,88.0,190,Sunny,Good,92,43.3,High
100156,54,58.8,207.5,887,3.3,11.6,97,55.0,423,Cloudy,Moderate,14,67.3,Moderate
100157,212,,64.7,976,3.2,14.7,77,51.0,149,Cloudy,Moderate,20,37.2,High
100158,246,122.0,189.2,824,10.8,18.2,84,63.0,391,Sunny,Good,27,25.3,High
100159,120,147.8,191.3,901,0.5,10.1,96,42.0,489,Foggy,Excellent,51,46.9,High
100160,194,114.4,172.2,693,10.9,28.3,98,84.0,155,Rainy,Moderate,16,34.3,High
100161,225,62.0,45.5,977,0.5,42.2,88,37.0,433,Sunny,Good,32,46.1,High
100162,150,90.6,182.6,485,3.2,40.7,33,91.0,46,Cloudy,Poor,81,43.9,High
100163,20,100.8,171.5,626,5.4,28.2,97,51.0,311,Rainy,Excellent,22,70.6,Moderate
100164,24,16.4,135.3,1160,1.6,20.3,65,85.0,415,Sunny,Moderate,62,78.4,Low
100165,237,84.0,80.8,882,1.5,36.3,88,50.0,138,Windy,Moderate,6,38.2,High
100166,161,107.9,65.1,380,2.8,36.8,94,78.0,404,Sunny,Moderate,50,47.0,High
100167,122,29.3,35.6,596,10.7,36.5,51,35.0,409,Sunny,Good,21,69.2,Moderate
100168,46,118.2,117.0,760,4.2,2.9,70,64.0,141,Sunny,Poor,91,65.3,Moderate
100169,156,89.6,132.9,376,6.2,-3.7,88,56.0,334,Sunny,Moderate,68,48.9,High
100170,226,143.1,85.5,422,7.7,44.2,34,69.0,13,Sunny,Good,91,31.0,High
100171,34,11.2,109.8,446,8.2,43.0,72,43.0,459,Foggy,Moderate,69,82.7,Low
100172,109,43.5,86.3,1022,7.6,23.2,90,81.0,355,Sunny,Moderate,58,62.7,Moderate
100173,61,92.2,144.6,695,3.7,44.7,88,69.0,258,Sunny,Poor,47,63.8,Moderate
100174,143,48.0,199.3,825,1.2,33.5,34,72.0,235,Sunny,Poor,82,51.3,Moderate
100175,224,108.6,44.4,649,3.1,20.9,49,87.0,440,Rainy,Good,80,35.7,High
100176,198,115.1,90.1,648,,14.5,97,32.0,377,Rainy,Good,59,42.8,High
100177,82,19.9,39.6,636,1.5,24.6,43,44.0,6,Snowy,Poor,18,76.5,Low
100178,115,79.5,141.2,798,0.3,20.8,54,74.0,38,Sunny,Good,117,55.3,Moderate
100179,71,78.8,163.1,561,,44.7,88,40.0,184,Rainy,Poor,48,65.6,Moderate
100180,115,58.5,205.7,425,10.1,19.5,31,68.0,114,Rainy,Moderate,42,55.2,Moderate
100181,151,140.3,68.6,750,0.6,36.8,65,,109,Cloudy,Excellent,62,47.8,High
100182,241,125.0,209.5,1004,1.9,35.7,88,49.0,64,Cloudy,Good,109,26.2,High
100183,248,106.1,23.3,383,1.5,-1.4,55,85.0,230,Snowy,Good,112,33.0,High
100184,170,108.6,136.6,847,3.1,-0.6,67,33.0,280,Sunny,Moderate,53,46.2,High
100185,162,71.9,22.0,1197,2.2,28.0,86,38.0,30,Sunny,Good,20,57.3,Moderate
100186,190,138.5,197.7,865,10.4,8.0,73,54.0,85,Sunny,Good,102,33.9,High
100187,48,105.7,121.3,677,0.9,27.9,55,76.0,137,Cloudy,Poor,86,65.0,Moderate
100188,55,110.7,150.6,447,2.3,2.2,71,78.0,465,Sunny,Excellent,116,61.5,Moderate
100189,32,,184.6,715,0.9,14.9,41,56.0,76,Rainy,Moderate,78,63.8,Moderate
100190,179,44.7,,1078,10.8,0.1,57,57.0,455,Windy,Good,87,54.6,Moderate
100191,90,122.0,18.1,812,10.1,9.1,81,,136,Rainy,Excellent,34,59.2,Moderate
100192,206,33.3,194.6,377,7.9,-0.6,84,45.0,121,Cloudy,Excellent,72,44.7,High
100193,105,55.1,76.1,1062,4.7,43.5,22,75.0,462,Snowy,Good,75,63.2,Moderate
100194,47,53.7,37.1,735,2.1,14.8,27,75.0,263,Rainy,Excellent,84,75.7,Low
100195,85,146.9,108.4,622,2.4,40.1,58,69.0,96,Cloudy,Good,119,54.8,Moderate
100196,189,129.2,,1175,4.9,43.6,37,,482,Rainy,Moderate,41,37.4,High
100197,64,106.7,16.5,476,8.5,40.5,22,39.0,18,Rainy,Moderate,73,71.0,Moderate
100198,81,110.4,67.7,551,2.9,17.7,37,30.0,285,Sunny,Good,59,65.8,Moderate
100199,204,86.5,16.9,870,3.4,33.9,99,95.0,8,Cloudy,Good,43,42.6,High
100200,153,142.3,98.3,636,6.6,2.7,20,46.0,82,Sunny,Excellent,61,45.9,High
100201,47,77.0,198.0,799,2.6,-0.3,45,76.0,46,Foggy,Good,53,64.8,Moderate
100202,47,60.2,216.4,437,6.4,38.8,71,,429,Sunny,Good,101,68.2,Moderate
100203,127,28.6,143.8,667,4.3,-3.4,31,79.0,89,Sunny,Poor,67,58.6,Moderate
100204,63,119.0,43.9,368,0.4,43.6,57,58.0,0,Cloudy,Good,103,66.4,Moderate
100205,103,111.5,200.2,942,4.4,28.6,60,42.0,386,Windy,Good,116,53.9,Moderate
100206,49,60.7,118.4,456,10.1,16.0,72,93.0,161,Cloudy,Moderate,38,68.7,Moderate
100207,209,8.7,42.3,807,3.2,2.1,32,57.0,152,Snowy,Moderate,61,53.5,Moderate
100208,94,126.7,203.6,660,3.6,31.2,95,34.0,413,Rainy,Poor,101,54.3,Moderate
100209,147,6.7,169.1,761,0.7,23.2,32,38.0,0,Rainy,Excellent,66,60.5,Moderate
100210,111,107.0,163.7,1091,6.8,30.6,37,43.0,378,Windy,Excellent,43,54.7,Moderate
100211,236,145.7,158.9,973,9.3,15.9,38,,145,Sunny,Good,78,28.2,High
100212,209,68.5,52.1,1081,3.9,-1.7,38,62.0,160,Foggy,Excellent,71,45.4,High
100213,244,39.1,54.3,984,2.6,10.7,89,69.0,392,Windy,Good,66,41.8,High
100214,148,107.2,154.5,847,10.5,10.8,67,35.0,134,Foggy,Poor,118,49.3,High
100215,140,123.5,56.1,593,8.2,-4.6,90,46.0,285,Snowy,Moderate,33,52.6,Moderate
100216,46,84.2,102.1,1039,6.2,-4.5,90,65.0,76,Windy,Excellent,103,70.0,Moderate
100217,209,145.2,174.2,926,3.4,11.5,47,99.0,80,Sunny,Excellent,35,26.3,High
100218,140,12.5,174.6,729,2.4,31.4,38,90.0,268,Sunny,Poor,64,55.6,Moderate
100219,135,78.2,105.2,864,7.9,26.2,99,78.0,268,Sunny,Good,43,53.3,Moderate
100220,224,109.2,176.4,556,5.7,7.0,67,98.0,41,Sunny,Poor,83,28.0,High
100221,22,130.1,186.1,743,5.7,25.1,48,53.0,123,Rainy,Moderate,5,65.8,Moderate
100222,122,31.0,147.5,370,0.8,27.4,67,80.0,229,Sunny,Poor,60,58.9,Moderate
100223,217,121.0,58.0,1154,5.6,21.1,38,71.0,356,Sunny,Poor,87,36.4,High
100224,219,85.1,67.5,876,9.1,21.1,66,48.0,201,Snowy,Good,105,42.2,High
100225,174,62.5,76.1,692,10.4,13.5,79,91.0,333,Foggy,Moderate,62,48.3,High
100226,156,24.1,34.5,1067,1.2,1.2,67,96.0,446,Snowy,Good,95,57.7,Moderate
100227,81,130.5,67.4,551,6.9,14.3,39,59.0,106,Windy,Good,25,60.5,Moderate
100228,184,27.8,54.0,469,6.3,12.3,38,67.0,452,Rainy,Good,58,54.1,Moderate
100229,244,49.9,105.6,998,9.8,24.6,61,35.0,291,Windy,Good,75,41.3,High
100230,70,47.1,200.8,1161,8.3,37.8,96,51.0,290,Cloudy,Excellent,47,66.6,Moderate
100231,191,131.4,31.9,1156,10.6,13.8,95,40.0,173,Foggy,Excellent,101,44.3,High
100232,171,102.5,161.3,738,10.6,30.5,68,58.0,428,Sunny,Good,58,43.1,High
100233,226,120.5,154.3,886,2.5,35.6,34,37.0,311,Windy,Poor,6,33.4,High
100234,78,41.3,30.1,1173,8.0,5.6,79,64.0,86,Rainy,Moderate,18,73.1,Moderate
100235,137,95.6,203.7,583,5.8,40.1,87,74.0,4,Rainy,Good,110,46.3,High
100236,179,87.9,129.4,982,2.4,-1.5,98,62.0,171,Rainy,Good,7,44.6,High
100237,115,125.8,86.4,951,2.1,40.1,46,34.0,120,Windy,Excellent,18,56.5,Moderate
100238,235,136.4,168.9,669,0.9,3.2,94,91.0,155,Windy,Moderate,9,23.8,High
100239,199,6.8,64.0,1061,8.8,11.9,74,66.0,86,Sunny,Moderate,85,53.6,Moderate
100240,132,102.7,155.6,529,3.6,25.3,34,46.0,425,Sunny,Good,43,51.5,Moderate
100241,81,12.5,,717,9.4,40.3,71,51.0,97,Sunny,Moderate,5,77.9,Low
100242,205,84.6,186.3,425,6.7,7.8,50,61.0,414,Sunny,Moderate,47,37.5,High
100243,71,46.7,104.1,998,7.4,33.2,26,43.0,134,Sunny,Excellent,96,72.1,Moderate
100244,31,49.5,143.7,999,3.2,30.5,32,49.0,6,Rainy,Good,106,76.4,Low
100245,58,56.2,56.5,845,5.0,3.0,73,51.0,259,Cloudy,Moderate,116,74.9,Moderate
100246,149,95.1,152.2,871,4.5,19.0,32,59.0,363,Snowy,Moderate,63,48.3,High
100247,150,53.4,172.2,550,2.6,19.1,39,83.0,383,Cloudy,Excellent,82,49.7,High
100248,132,111.2,109.4,1179,9.2,10.2,29,62.0,31,Cloudy,Good,85,51.2,Moderate
100249,120,63.7,139.7,695,6.8,34.0,71,34.0,27,Sunny,Moderate,19,60.4,Moderate
100250,132,14.9,105.8,832,0.4,41.3,56,47.0,439,Snowy,Good,50,64.5,Moderate
100251,203,118.6,197.8,568,9.0,30.8,71,92.0,259,Snowy,Moderate,11,30.1,High
100252,100,46.4,114.6,409,,43.6,46,75.0,486,Sunny,Excellent,46,63.2,Moderate
100253,206,67.8,186.8,1008,4.4,-2.5,53,36.0,243,Sunny,Excellent,119,41.8,High
100254,132,104.4,178.3,968,6.3,-3.1,81,58.0,364,Sunny,Good,11,49.0,High
100255,21,,96.2,899,0.1,39.7,35,,263,Windy,Poor,51,76.4,Low
100256,149,13.2,58.3,995,7.2,39.9,78,76.0,141,Rainy,Moderate,92,61.1,Moderate
100257,239,59.2,95.3,570,7.3,0.4,40,38.0,29,Rainy,Poor,94,41.3,High
100258,73,141.9,183.5,1164,7.2,12.9,35,88.0,386,Sunny,Good,82,51.9,Moderate
100259,106,98.1,57.8,851,1.8,36.8,98,72.0,129,Sunny,Moderate,115,59.1,Moderate
100260,248,,120.1,482,2.8,1.4,32,88.0,265,Sunny,Poor,23,28.3,High
100261,243,96.7,179.3,1195,2.7,8.4,52,35.0,69,Sunny,Good,57,32.2,High
100262,244,,84.2,402,10.6,29.0,73,82.0,118,Sunny,Poor,94,39.6,High
100263,148,65.7,144.9,799,0.7,44.1,88,93.0,326,Sunny,Poor,20,48.9,High
100264,166,113.9,61.6,411,4.7,34.9,46,33.0,399,Cloudy,Poor,102,50.1,Moderate
100265,145,19.7,32.9,372,9.6,33.9,71,30.0,69,Cloudy,Poor,66,66.9,Moderate
100266,149,45.3,176.8,393,8.5,12.1,84,99.0,207,Cloudy,Moderate,70,49.0,High
100267,72,45.1,30.8,1169,9.0,28.1,63,60.0,90,Rainy,Poor,69,74.1,Moderate
100268,191,67.6,67.0,907,10.7,0.7,49,94.0,119,Rainy,Good,116,44.8,High
100269,237,147.2,189.6,1008,4.3,44.6,42,98.0,459,Rainy,Moderate,55,20.4,High
100270,179,,82.8,1077,3.4,19.0,98,48.0,469,Sunny,Good,40,57.1,Moderate
100271,217,80.2,214.3,396,0.3,26.9,35,98.0,206,Windy,Moderate,39,30.8,High
100272,179,31.0,215.7,1169,1.7,38.8,74,98.0,405,Foggy,Moderate,111,43.5,High
100273,87,145.7,66.3,373,6.2,-5.0,37,78.0,255,Sunny,Moderate,28,55.7,Moderate
100274,202,21.4,18.6,1006,1.7,43.8,36,60.0,34,Sunny,Moderate,117,54.1,Moderate
100275,222,63.5,158.1,438,8.1,13.0,94,89.0,123,Windy,Good,73,35.6,High
100276,203,112.0,,523,0.4,12.0,71,84.0,111,Foggy,Good,33,36.4,High
100277,142,107.2,31.2,925,2.9,2.3,64,67.0,497,Sunny,Excellent,109,53.3,Moderate
100278,164,66.3,158.6,468,7.6,37.9,75,62.0,206,Sunny,Excellent,5,48.4,High
100279,57,55.2,16.5,1084,2.8,38.5,73,,470,Windy,Moderate,61,78.8,Low
100280,43,62.7,192.7,1017,8.0,-4.0,28,42.0,101,Sunny,Moderate,13,70.9,Moderate
100281,88,43.3,39.1,527,11.0,-2.2,36,49.0,432,Foggy,Excellent,104,72.1,Moderate
100282,135,34.8,36.7,1181,8.8,40.9,46,66.0,385,Sunny,Good,84,63.1,Moderate
100283,117,75.0,46.9,691,3.8,1.1,56,74.0,193,Windy,Good,19,60.2,Moderate
100284,217,43.9,211.7,917,9.9,26.0,41,88.0,240,Sunny,Moderate,78,36.3,High
100285,233,46.7,155.6,408,0.6,26.0,91,81.0,146,Sunny,Moderate,105,36.6,High
100286,158,100.2,178.3,787,8.0,38.5,86,47.0,452,Foggy,Excellent,20,45.9,High
100287,163,145.4,93.5,777,0.3,23.6,57,54.0,131,Sunny,Moderate,106,43.1,High
100288,116,92.5,80.6,775,1.9,16.7,91,30.0,219,Sunny,Good,52,61.0,Moderate
100289,220,16.2,59.2,730,10.9,43.7,63,70.0,337,Windy,Moderate,40,48.5,High
100290,143,16.0,110.9,835,4.0,6.4,55,47.0,103,Sunny,Excellent,57,62.1,Moderate
100291,206,143.0,125.9,1081,9.0,8.1,44,30.0,40,Sunny,Poor,83,36.5,High
100292,89,48.1,142.7,534,4.1,-0.8,61,68.0,55,Sunny,Excellent,7,64.3,Moderate
100293,227,18.3,64.0,908,9.2,43.8,32,60.0,310,Rainy,Moderate,23,47.7,High
100294,112,91.9,209.2,809,10.6,30.3,75,67.0,249,Rainy,Good,45,51.7,Moderate
100295,22,95.4,45.6,451,4.8,-4.4,98,37.0,241,Windy,Excellent,41,78.6,Low
100296,167,,212.8,905,6.2,30.2,70,63.0,414,Cloudy,Excellent,116,41.1,High
100297,206,43.8,13.1,364,6.9,15.2,69,56.0,126,Cloudy,Good,63,51.4,Moderate
100298,183,7.2,111.0,1097,10.3,43.4,96,70.0,149,Cloudy,Moderate,71,53.6,Moderate
100299,166,144.9,80.0,400,2.8,8.9,71,36.0,330,Windy,Excellent,12,45.1,High
100300,109,41.4,104.3,658,6.7,30.5,52,61.0,431,Rainy,Moderate,92,64.1,Moderate
100301,214,103.0,129.8,383,3.6,26.4,44,45.0,335,Foggy,Moderate,18,38.1,High
100302,166,107.5,101.5,985,,-4.4,77,31.0,383,Foggy,Good,65,49.0,High
100303,167,93.5,97.1,938,0.9,39.3,59,72.0,387,Sunny,Excellent,39,46.7,High
100304,115,50.4,163.9,984,6.8,2.0,57,60.0,148,Cloudy,Poor,20,59.1,Moderate
100305,218,44.3,154.0,554,9.7,28.2,22,76.0,168,Rainy,Good,75,40.1,High
100306,71,91.7,185.0,1089,3.9,33.8,35,62.0,44,Sunny,Excellent,109,60.8,Moderate
100307,180,130.6,62.5,419,6.1,26.5,21,46.0,472,Sunny,Moderate,39,44.2,High
100308,187,142.3,138.0,579,7.1,-0.1,42,83.0,83,Windy,Good,12,34.1,High
100309,147,20.4,132.9,829,4.6,43.8,49,83.0,7,Cloudy,Good,64,56.1,Moderate
100310,58,27.5,87.6,882,,6.8,29,80.0,106,Rainy,Excellent,16,73.9,Moderate
100311,101,142.0,112.1,457,4.0,26.4,84,81.0,372,Cloudy,Poor,53,51.1,Moderate
100312,123,111.8,75.9,590,,34.9,41,36.0,264,Snowy,Good,114,57.0,Moderate
100313,148,133.0,39.8,600,1.6,42.0,71,83.0,145,Sunny,Poor,84,47.1,High
100314,30,,54.9,484,9.8,25.2,75,40.0,30,Rainy,Good,119,83.7,Low
100315,239,90.2,32.2,439,10.9,8.0,52,91.0,243,Cloudy,Good,72,35.4,High
100316,204,106.7,,940,3.2,36.8,99,59.0,34,Windy,Poor,39,36.9,High
100317,236,,148.8,789,1.6,3.2,49,86.0,246,Cloudy,Good,49,29.0,High
100318,197,64.2,209.6,1038,5.3,-3.9,43,75.0,413,Foggy,Good,45,38.9,High
100319,170,7.2,163.2,647,7.8,40.4,24,99.0,17,Cloudy,Excellent,113,50.5,Moderate
100320,178,89.5,20.9,756,6.7,23.8,72,,466,Foggy,Poor,65,46.7,High
100321,241,41.7,195.7,657,10.5,-1.5,74,84.0,424,Windy,Excellent,100,33.4,High
100322,61,70.3,191.2,451,9.0,24.0,42,87.0,23,Rainy,Moderate,80,62.3,Moderate
100323,118,143.8,103.1,710,9.6,2.3,95,39.0,497,Cloudy,Good,89,52.4,Moderate
100324,26,62.9,133.0,1196,6.0,-3.4,29,33.0,341,Cloudy,Excellent,19,77.8,Low
100325,163,126.8,215.0,973,3.6,0.8,52,91.0,303,Snowy,Excellent,103,35.6,High
100326,109,32.3,121.8,1042,7.7,33.8,99,72.0,397,Rainy,Poor,71,63.2,Moderate
100327,131,102.5,200.1,965,4.8,32.8,81,71.0,402,Cloudy,Moderate,63,47.0,High
100328,79,,27.4,877,3.2,25.2,46,53.0,315,Rainy,Moderate,6,61.5,Moderate
100329,132,19.8,50.1,957,1.7,5.5,26,34.0,348,Rainy,Good,10,68.0,Moderate
100330,21,6.2,102.6,642,5.8,31.9,46,97.0,277,Sunny,Good,61,80.6,Low
100331,148,67.9,132.8,495,6.5,15.4,93,74.0,29,Sunny,Moderate,20,51.2,Moderate
100332,67,18.4,181.4,753,6.3,20.5,29,88.0,142,Sunny,Moderate,27,67.9,Moderate
100333,159,113.5,217.5,1163,1.3,39.9,94,94.0,276,Sunny,Moderate,99,37.5,High
100334,216,137.6,91.7,351,,17.9,76,92.0,409,Cloudy,Good,118,30.8,High
100335,56,67.9,20.0,468,1.9,26.3,49,96.0,355,Windy,Poor,45,71.2,Moderate
100336,179,42.5,178.2,955,7.3,43.1,22,78.0,11,Cloudy,Excellent,34,46.0,High
100337,28,68.0,136.9,540,4.7,17.6,48,61.0,390,Sunny,Excellent,71,73.9,Moderate
100338,118,109.9,51.7,352,9.3,23.0,33,,202,Cloudy,Poor,59,55.1,Moderate
100339,166,6.3,113.9,836,8.6,24.2,96,87.0,249,Foggy,Moderate,84,55.0,Moderate
100340,67,90.5,165.9,972,8.0,7.0,44,81.0,102,Sunny,Good,8,60.7,Moderate
100341,227,93.9,171.8,526,7.7,31.8,29,52.0,467,Foggy,Moderate,114,34.1,High
100342,150,97.5,114.9,606,6.2,31.3,98,59.0,34,Sunny,Good,104,49.7,High
100343,167,40.1,74.1,883,0.7,5.7,68,99.0,323,Sunny,Excellent,32,51.5,Moderate
100344,171,108.5,214.5,826,7.2,-4.3,57,59.0,385,Rainy,Moderate,54,39.6,High
100345,73,18.3,149.3,747,5.1,44.9,90,66.0,19,Cloudy,Good,118,70.6,Moderate
100346,139,33.9,95.7,845,5.2,24.1,33,77.0,46,Snowy,Excellent,118,58.4,Moderate
100347,180,132.2,68.9,569,4.2,4.1,49,61.0,83,Windy,Good,32,42.2,High
100348,171,112.1,163.5,522,10.2,9.2,59,99.0,267,Sunny,Good,57,37.7,High
100349,135,7.0,60.9,1085,2.7,25.9,31,64.0,52,Rainy,Excellent,71,65.4,Moderate
100350,94,41.0,,739,3.5,1.9,33,97.0,272,Rainy,Poor,30,66.2,Moderate
100351,132,36.1,121.3,851,10.6,-3.1,20,61.0,17,Windy,Moderate,43,59.7,Moderate
100352,219,,70.9,926,8.9,34.9,87,88.0,103,Cloudy,Good,17,42.9,High
100353,183,40.9,142.1,1138,0.2,30.8,68,64.0,151,Sunny,Moderate,75,48.6,High
100354,185,14.1,34.8,1110,10.0,10.5,37,45.0,327,Rainy,Moderate,58,58.8,Moderate
100355,123,71.5,147.5,609,2.5,-2.1,55,81.0,164,Foggy,Moderate,17,53.8,Moderate
100356,103,111.2,69.5,480,7.8,19.3,83,95.0,360,Sunny,Good,63,55.1,Moderate
100357,246,93.0,10.1,462,6.1,8.8,47,35.0,413,Sunny,Excellent,8,40.6,High
100358,131,102.6,36.7,1147,5.9,14.9,51,43.0,83,Sunny,Poor,84,58.0,Moderate
100359,236,,206.1,1148,7.9,8.7,91,58.0,307,Snowy,Good,61,39.4,High
100360,118,143.0,192.1,1072,2.3,3.8,44,55.0,150,Sunny,Excellent,96,46.5,High
100361,172,126.6,59.1,369,1.7,14.3,66,47.0,36,Sunny,Moderate,64,46.2,High
100362,112,121.7,173.5,564,7.2,43.2,39,33.0,378,Rainy,Excellent,51,53.3,Moderate
100363,165,124.3,137.8,659,3.2,8.3,52,86.0,457,Sunny,Poor,81,39.9,High
100364,147,140.2,213.9,600,10.7,11.8,49,82.0,352,Sunny,Poor,110,37.8,High
100365,129,83.9,88.5,837,5.0,11.5,56,54.0,151,Cloudy,Moderate,78,56.9,Moderate
100366,101,34.0,153.1,731,1.2,19.0,99,76.0,355,Cloudy,Moderate,9,62.5,Moderate
100367,213,94.4,23.3,758,7.5,37.2,72,81.0,375,Sunny,Good,40,41.1,High
100368,73,112.7,93.2,620,3.4,15.1,93,63.0,207,Sunny,Moderate,23,62.4,Moderate
100369,182,112.0,212.4,756,1.6,35.3,88,45.0,49,Cloudy,Moderate,34,38.7,High
100370,227,80.6,123.2,1041,4.7,0.8,27,65.0,219,Snowy,Excellent,115,36.8,High
100371,208,14.9,70.5,543,10.6,39.7,20,57.0,459,Cloudy,Poor,45,51.5,Moderate
100372,188,58.8,35.3,790,4.5,4.3,26,94.0,403,Rainy,Poor,52,47.9,High
100373,247,138.5,157.7,662,3.8,-3.0,81,82.0,46,Sunny,Poor,32,22.8,High
100374,180,89.7,145.4,428,4.9,2.9,77,71.0,17,Sunny,Moderate,35,42.5,High
100375,87,83.1,88.5,529,0.1,4.5,97,48.0,484,Windy,Good,104,65.1,Moderate
100376,52,44.0,209.7,1024,1.5,20.4,92,73.0,121,Sunny,Good,61,67.6,Moderate
100377,161,58.4,14.7,1063,9.3,17.5,27,59.0,281,Cloudy,Excellent,47,57.4,Moderate
100378,40,134.8,73.8,363,10.8,30.8,83,73.0,493,Windy,Excellent,117,65.6,Moderate
100379,67,101.6,203.4,595,1.7,-2.5,27,56.0,119,Rainy,Good,69,60.0,Moderate
100380,167,119.2,,363,5.9,19.9,22,,250,Snowy,Moderate,13,45.5,High
100381,147,70.9,63.0,448,10.6,11.6,77,53.0,326,Rainy,Moderate,16,56.6,Moderate
100382,155,96.4,,382,1.7,26.5,51,85.0,298,Sunny,Good,91,45.9,High
100383,154,41.0,183.0,785,2.0,-2.8,87,36.0,46,Foggy,Good,16,54.6,Moderate
100384,214,107.3,31.7,606,10.2,-3.3,68,97.0,84,Foggy,Good,46,37.3,High
100385,164,67.0,208.0,383,7.8,16.4,57,80.0,298,Sunny,Moderate,77,44.0,High
100386,147,69.2,177.0,368,1.7,35.6,21,37.0,383,Windy,Poor,57,52.7,Moderate
100387,52,99.2,48.1,1013,4.3,28.6,28,85.0,159,Cloudy,Moderate,94,67.8,Moderate
100388,195,,159.5,609,0.6,-4.2,65,87.0,6,Rainy,Excellent,98,31.3,High
100389,223,14.3,90.8,1025,4.8,3.9,84,,244,Sunny,Good,61,43.8,High
100390,206,124.6,94.5,938,8.6,6.3,68,37.0,214,Cloudy,Moderate,88,39.5,High
100391,134,47.4,174.5,1175,6.1,16.2,94,95.0,211,Sunny,Good,20,52.0,Moderate
100392,233,69.4,212.2,765,7.1,24.3,48,53.0,211,Cloudy,Poor,81,33.8,High
100393,138,8.2,36.6,486,3.6,5.8,48,71.0,287,Sunny,Excellent,103,65.2,Moderate
100394,41,48.7,98.3,708,1.8,14.1,52,83.0,217,Cloudy,Good,54,73.6,Moderate
100395,177,77.9,111.0,1069,0.1,24.2,47,45.0,483,Rainy,Good,8,48.7,High
100396,57,13.1,89.0,1103,9.0,14.2,45,33.0,250,Windy,Moderate,119,80.4,Low
100397,249,76.2,86.3,928,7.0,2.2,48,88.0,343,Sunny,Good,93,32.9,High
100398,128,,21.0,465,2.5,19.6,30,75.0,320,Windy,Excellent,17,51.7,Moderate
100399,70,20.3,154.0,753,4.6,11.2,53,42.0,313,Cloudy,Good,64,73.1,Moderate
100400,201,115.8,101.6,551,8.8,38.2,67,66.0,180,Windy,Good,32,38.2,High
100401,27,64.4,50.9,725,5.9,33.8,46,,91,Cloudy,Poor,113,76.6,Low
100402,46,100.0,181.4,599,3.3,4.5,91,78.0,217,Windy,Good,16,62.9,Moderate
100403,46,42.7,178.5,795,,2.6,59,87.0,289,Rainy,Excellent,28,69.0,Moderate
100404,245,28.1,112.1,627,2.4,12.4,50,48.0,89,Cloudy,Good,96,42.1,High
100405,40,28.3,72.7,461,9.1,15.6,84,47.0,483,Sunny,Good,5,81.1,Low
100406,49,15.2,144.0,1192,6.4,41.6,58,89.0,196,Foggy,Moderate,38,73.3,Moderate
100407,116,31.9,70.5,822,7.8,10.1,43,46.0,183,Windy,Good,7,67.2,Moderate
100408,47,101.3,59.6,1095,9.5,38.4,87,40.0,65,Cloudy,Moderate,26,72.4,Moderate
100409,130,132.8,163.4,1037,10.9,20.3,42,44.0,415,Sunny,Poor,89,48.1,High
100410,211,123.0,18.5,741,2.7,39.3,80,46.0,97,Snowy,Good,31,41.7,High
100411,244,104.3,29.9,492,2.0,30.1,46,34.0,305,Foggy,Moderate,25,38.7,High
100412,216,21.0,11.4,381,5.1,30.4,35,90.0,477,Sunny,Poor,90,49.0,High
100413,80,46.9,42.1,530,0.4,20.9,64,33.0,23,Foggy,Good,17,74.6,Moderate
100414,67,,24.5,928,8.7,37.0,46,85.0,219,Sunny,Excellent,48,72.2,Moderate
100415,166,,219.1,865,9.7,7.7,92,77.0,173,Foggy,Moderate,84,46.5,High
100416,23,79.7,70.7,1147,7.5,40.4,24,77.0,386,Rainy,Moderate,114,75.1,Low
100417,54,82.7,41.3,618,2.9,26.8,78,64.0,244,Sunny,Good,28,71.9,Moderate
100418,211,56.7,60.6,585,1.4,16.9,91,,113,Sunny,Good,50,46.0,High
100419,68,56.3,206.6,626,4.2,44.1,54,50.0,265,Rainy,Moderate,21,65.7,Moderate
100420,36,125.1,119.2,902,9.2,38.1,89,34.0,389,Rainy,Excellent,9,69.1,Moderate
100421,191,119.4,,982,3.8,33.6,65,93.0,353,Foggy,Moderate,42,37.7,High
100422,239,49.6,193.4,624,0.4,8.7,75,98.0,222,Snowy,Moderate,63,31.6,High
100423,177,137.5,92.9,1092,3.0,43.7,43,50.0,307,Cloudy,Poor,110,42.0,High
100424,240,143.2,80.4,1165,,32.1,29,61.0,234,Foggy,Moderate,31,29.5,High
100425,65,52.4,53.5,435,7.4,25.3,98,47.0,305,Rainy,Moderate,58,74.6,Moderate
100426,136,56.4,89.3,412,9.9,41.1,57,87.0,109,Windy,Moderate,109,55.6,Moderate
100427,25,78.3,,753,8.5,3.1,89,53.0,313,Windy,Good,100,77.0,Low
100428,118,141.5,152.2,541,5.9,2.0,67,34.0,435,Foggy,Moderate,94,50.8,Moderate
100429,143,132.1,70.8,642,1.6,23.2,28,82.0,12,Sunny,Moderate,75,46.7,High
100430,56,19.9,131.2,380,3.8,-2.2,69,84.0,124,Rainy,Moderate,104,72.6,Moderate
100431,43,61.9,23.8,679,6.4,28.2,88,34.0,314,Cloudy,Moderate,59,80.2,Low
100432,112,85.2,50.2,1007,9.6,7.0,67,98.0,166,Cloudy,Moderate,75,57.3,Moderate
100433,65,78.0,,456,3.0,1.0,58,70.0,52,Cloudy,Excellent,47,67.2,Moderate
100434,200,33.1,206.8,971,1.3,15.5,24,36.0,185,Windy,Poor,95,46.1,High
100435,114,129.5,89.2,625,6.1,18.3,30,30.0,275,Sunny,Good,42,56.5,Moderate
100436,118,103.2,149.5,1071,1.9,3.5,79,81.0,446,Cloudy,Poor,116,50.8,Moderate
100437,207,126.5,63.6,1000,,-2.9,46,55.0,351,Sunny,Good,116,38.9,High
100438,244,129.5,36.7,947,2.9,15.7,26,92.0,9,Sunny,Excellent,92,29.5,High
100439,135,113.5,22.3,905,2.5,33.0,79,41.0,409,Rainy,Poor,92,56.9,Moderate
100440,210,68.7,74.1,431,4.4,38.7,69,99.0,146,Sunny,Moderate,65,40.4,High
100441,232,93.5,43.1,413,6.5,-0.1,86,48.0,476,Sunny,Moderate,49,40.1,High
100442,179,28.3,46.5,1182,6.0,21.2,88,33.0,316,Cloudy,Excellent,62,58.8,Moderate
100443,234,102.7,169.8,916,2.7,8.2,74,34.0,332,Sunny,Poor,112,33.7,High
100444,180,31.0,13.3,935,9.8,13.7,96,83.0,117,Sunny,Moderate,33,54.9,Moderate
100445,86,105.6,127.1,478,1.2,41.7,35,99.0,417,Windy,Good,58,55.6,Moderate
100446,147,38.3,89.7,605,0.4,12.6,31,86.0,339,Windy,Poor,95,55.9,Moderate
100447,37,,116.4,580,6.6,13.3,46,81.0,427,Sunny,Moderate,38,76.8,Low
100448,44,29.0,128.2,846,1.4,5.5,52,47.0,487,Sunny,Excellent,25,77.5,Low
100449,242,5.3,75.8,486,5.6,43.0,98,93.0,17,Foggy,Good,49,42.7,High
100450,73,109.2,72.0,804,10.5,17.8,74,39.0,376,Sunny,Moderate,5,66.3,Moderate
100451,77,111.2,164.0,704,,23.5,71,52.0,225,Rainy,Poor,14,59.4,Moderate
100452,86,79.7,193.0,973,,17.7,56,97.0,111,Rainy,Good,62,55.6,Moderate
100453,123,28.4,50.4,834,6.3,7.6,34,81.0,71,Snowy,Moderate,98,63.8,Moderate
100454,193,17.1,30.5,1169,2.0,35.5,84,76.0,143,Foggy,Moderate,32,54.1,Moderate
100455,43,7.8,198.5,495,4.8,-3.6,87,99.0,103,Cloudy,Excellent,65,71.5,Moderate
100456,133,29.0,83.5,382,3.8,29.5,22,55.0,214,Cloudy,Excellent,110,62.9,Moderate
100457,51,134.2,125.8,609,10.5,24.7,91,99.0,479,Rainy,Moderate,34,58.5,Moderate
100458,194,40.0,85.5,436,2.7,2.2,24,72.0,76,Foggy,Moderate,32,48.8,High
100459,105,56.4,36.4,1192,5.2,3.3,28,98.0,25,Windy,Moderate,33,62.7,Moderate
100460,170,20.3,133.8,614,10.3,28.0,20,92.0,229,Rainy,Moderate,35,51.1,Moderate
100461,213,37.2,120.3,1181,8.7,10.6,49,,192,Windy,Moderate,111,41.7,High
100462,146,80.3,52.6,891,10.6,8.3,90,92.0,449,Sunny,Moderate,109,52.3,Moderate
100463,174,93.1,104.9,741,6.7,-2.0,39,42.0,102,Cloudy,Excellent,72,48.1,High
100464,149,40.6,177.4,581,3.7,33.3,46,80.0,204,Sunny,Excellent,117,51.4,Moderate
100465,237,13.4,134.0,937,9.1,39.1,82,34.0,410,Sunny,Moderate,87,45.6,High
100466,36,61.7,30.4,796,3.2,36.0,94,76.0,259,Rainy,Moderate,78,77.0,Low
100467,123,39.0,,478,1.8,18.3,50,65.0,232,Windy,Good,113,60.4,Moderate
100468,180,36.8,157.6,620,7.8,21.7,38,65.0,50,Rainy,Moderate,35,48.8,High
100469,156,144.2,176.5,438,7.0,7.1,98,79.0,467,Rainy,Moderate,102,37.9,High
100470,62,94.4,142.1,815,9.7,3.6,81,85.0,130,Sunny,Excellent,45,61.9,Moderate
100471,195,85.7,42.1,519,10.6,36.2,26,48.0,342,Rainy,Moderate,68,47.7,High
100472,58,65.3,159.1,477,9.4,34.9,56,49.0,65,Cloudy,Good,107,68.9,Moderate
100473,240,67.2,152.2,523,0.7,33.9,90,51.0,399,Rainy,Moderate,46,36.0,High
100474,189,83.4,15.1,375,7.3,18.2,95,60.0,201,Sunny,Moderate,48,49.2,High
100475,45,106.0,96.5,922,8.6,38.2,27,91.0,283,Rainy,Moderate,35,65.3,Moderate
100476,118,106.8,79.9,860,10.8,41.3,76,73.0,299,Cloudy,Good,120,54.6,Moderate
100477,69,29.9,150.6,837,4.1,11.4,47,97.0,145,Cloudy,Good,15,66.8,Moderate
100478,172,77.5,55.4,928,1.9,6.2,36,96.0,257,Sunny,Good,40,47.4,High
100479,171,64.7,134.1,755,9.4,18.2,30,78.0,461,Cloudy,Moderate,112,47.0,High
100480,32,131.2,201.8,375,3.5,4.0,34,88.0,427,Cloudy,Good,112,59.6,Moderate
100481,79,96.6,177.5,432,6.6,39.2,49,33.0,403,Rainy,Excellent,36,62.0,Moderate
100482,154,82.2,203.5,713,4.3,11.9,25,68.0,311,Rainy,Poor,91,45.4,High
100483,76,21.7,215.5,716,4.4,23.8,31,36.0,375,Foggy,Good,108,69.3,Moderate
100484,55,92.8,12.2,409,8.1,24.7,80,78.0,103,Rainy,Excellent,120,70.6,Moderate
100485,192,22.0,140.8,900,4.0,20.7,55,44.0,150,Sunny,Moderate,114,51.4,Moderate
100486,39,53.9,96.7,984,7.6,2.8,54,36.0,117,Snowy,Moderate,43,78.1,Low
100487,84,25.7,190.6,641,0.2,44.6,86,,315,Cloudy,Good,71,64.7,Moderate
100488,27,105.4,62.9,1138,3.6,3.6,98,97.0,198,Sunny,Moderate,64,69.6,Moderate
100489,163,34.9,216.0,1165,3.5,32.6,96,74.0,428,Rainy,Excellent,96,48.3,High
100490,161,61.8,138.9,1143,8.2,34.6,82,48.0,302,Sunny,Good,29,51.9,Moderate
100491,223,134.9,176.6,540,,2.3,59,76.0,333,Sunny,Excellent,32,27.2,High
100492,134,34.6,28.0,810,7.0,41.7,50,82.0,420,Snowy,Good,23,62.1,Moderate
100493,234,78.6,48.5,1153,7.6,19.4,56,56.0,391,Snowy,Moderate,114,40.4,High
100494,162,65.8,169.3,1013,7.2,26.4,24,34.0,497,Snowy,Good,87,51.1,Moderate
100495,111,,,582,6.6,27.1,23,89.0,388,Sunny,Moderate,110,69.5,Moderate
100496,117,119.9,181.5,823,4.5,20.2,45,91.0,278,Windy,Good,112,46.4,High
100497,85,15.0,12.9,754,4.1,2.1,43,88.0,104,Rainy,Good,33,73.5,Moderate
100498,51,73.8,148.0,1007,6.2,32.6,58,90.0,9,Windy,Excellent,54,65.6,Moderate
100499,234,86.3,86.7,620,0.7,24.1,75,85.0,112,Rainy,Good,23,34.7,High
100500,210,96.1,138.4,1196,9.6,0.9,73,76.0,26,Rainy,Good,60,36.1,High
100501,105,104.9,156.2,483,9.1,30.0,57,77.0,98,Sunny,Moderate,22,53.0,Moderate
100502,70,41.7,81.9,520,3.8,30.1,73,39.0,256,Rainy,Moderate,49,74.4,Moderate
100503,172,6.4,32.7,764,6.2,22.4,38,61.0,326,Rainy,Moderate,117,60.5,Moderate
100504,205,109.9,24.6,377,10.3,-0.5,45,94.0,494,Sunny,Moderate,92,39.3,High
100505,82,82.7,133.7,485,3.0,12.6,71,53.0,370,Rainy,Good,106,63.3,Moderate
100506,209,126.2,119.3,754,8.2,-2.5,94,58.0,135,Cloudy,Moderate,84,35.5,High
100507,144,124.1,165.9,854,0.9,18.9,80,36.0,394,Cloudy,Moderate,86,47.3,High
100508,169,127.3,117.0,590,5.8,40.3,86,46.0,225,Cloudy,Excellent,45,43.9,High
100509,77,75.3,98.7,793,9.7,-4.9,41,54.0,126,Sunny,Poor,17,66.8,Moderate
100510,77,53.4,93.6,783,6.1,8.3,36,65.0,115,Sunny,Excellent,72,68.6,Moderate
100511,105,119.8,15.6,577,6.8,35.0,30,90.0,411,Snowy,Good,81,56.9,Moderate
100512,68,70.4,80.5,858,10.0,-4.5,58,64.0,289,Sunny,Good,103,68.9,Moderate
100513,199,,215.0,1148,7.9,-4.5,80,79.0,170,Sunny,Moderate,72,41.7,High
100514,189,129.0,193.4,652,7.7,25.5,68,85.0,211,Foggy,Poor,87,32.3,High
100515,89,133.0,79.2,383,6.5,34.5,80,94.0,411,Sunny,Poor,28,54.7,Moderate
100516,34,72.6,133.4,351,7.0,33.8,31,70.0,432,Rainy,Moderate,37,71.5,Moderate
100517,73,16.0,187.9,711,8.8,34.0,32,54.0,188,Foggy,Moderate,101,70.1,Moderate
100518,207,61.2,102.7,544,10.8,13.1,77,63.0,489,Rainy,Excellent,77,44.0,High
100519,120,121.5,13.8,955,8.7,39.1,30,37.0,420,Snowy,Good,59,59.4,Moderate
100520,244,135.8,25.6,1189,7.8,-4.4,83,,386,Foggy,Poor,7,30.0,High
100521,27,34.5,117.2,657,1.5,10.6,50,59.0,264,Windy,Good,7,79.2,Low
100522,72,14.7,213.6,996,9.0,11.9,30,97.0,499,Cloudy,Excellent,34,64.9,Moderate
100523,79,132.2,155.6,1065,8.1,3.3,62,50.0,213,Cloudy,Good,22,57.1,Moderate
100524,127,61.5,24.9,599,8.5,11.8,55,,88,Cloudy,Good,70,64.6,Moderate
100525,24,83.6,49.8,496,2.5,24.3,21,62.0,129,Windy,Good,100,77.0,Low
100526,122,145.4,172.0,695,9.9,21.0,80,33.0,22,Windy,Good,47,48.7,High
100527,215,14.7,186.7,697,1.1,11.0,55,,178,Windy,Good,77,45.0,High
100528,25,99.0,139.7,603,2.8,32.5,97,98.0,400,Rainy,Good,70,66.8,Moderate
100529,128,15.7,145.3,748,7.3,30.7,68,82.0,408,Cloudy,Excellent,88,59.6,Moderate
100530,243,59.4,16.0,683,7.4,9.0,46,34.0,459,Sunny,Poor,31,44.9,High
100531,135,121.6,184.0,525,3.4,11.2,31,47.0,410,Sunny,Moderate,104,47.2,High
100532,113,67.9,175.5,474,7.7,9.4,77,46.0,19,Snowy,Moderate,109,58.1,Moderate
100533,66,149.6,64.4,1112,4.3,1.4,25,87.0,328,Sunny,Moderate,114,58.2,Moderate
100534,118,86.1,158.8,747,,32.6,63,96.0,470,Sunny,Good,23,50.9,Moderate
100535,74,51.6,55.1,480,1.8,-2.7,66,85.0,419,Windy,Moderate,20,69.2,Moderate
100536,187,36.9,18.5,911,9.7,2.5,42,69.0,411,Sunny,Poor,30,54.1,Moderate
100537,71,55.8,52.2,954,2.4,0.3,93,,241,Foggy,Excellent,18,74.8,Moderate
100538,163,,47.5,1171,1.2,36.3,95,50.0,239,Sunny,Excellent,51,56.2,Moderate
100539,32,15.0,80.9,756,7.5,-2.8,45,81.0,28,Foggy,Moderate,22,80.3,Low
100540,133,58.6,97.9,1081,4.8,28.2,26,53.0,244,Cloudy,Good,32,58.8,Moderate
100541,143,72.3,116.8,1195,8.8,-2.8,51,82.0,119,Sunny,Poor,115,51.5,Moderate
100542,125,109.8,110.1,683,9.5,34.3,52,67.0,425,Rainy,Moderate,23,52.1,Moderate
100543,177,100.2,,369,9.3,40.6,39,49.0,313,Windy,Good,34,47.9,High
100544,166,107.8,16.1,554,3.4,19.3,88,79.0,373,Cloudy,Good,109,48.5,High
100545,164,6.2,137.1,952,5.6,35.2,71,68.0,31,Rainy,Moderate,25,56.1,Moderate
100546,139,36.6,,704,7.2,30.3,61,89.0,139,Foggy,Excellent,25,57.0,Moderate
100547,82,100.9,72.7,522,3.5,34.8,20,68.0,157,Sunny,Poor,52,62.7,Moderate
100548,38,75.2,192.1,538,0.5,33.3,82,62.0,59,Windy,Excellent,59,68.3,Moderate
100549,111,5.8,166.8,1173,5.5,5.3,26,58.0,138,Sunny,Poor,34,65.2,Moderate
100550,77,121.7,190.1,351,0.1,20.0,77,39.0,356,Cloudy,Excellent,117,58.1,Moderate
100551,202,117.1,113.9,517,10.5,43.0,69,96.0,211,Sunny,Moderate,46,34.3,High
100552,109,84.5,37.5,717,8.8,12.2,53,32.0,138,Cloudy,Excellent,41,65.2,Moderate
100553,248,14.6,156.2,885,2.1,43.5,70,60.0,367,Sunny,Good,45,39.8,High
100554,237,116.1,53.3,929,3.2,24.2,29,56.0,110,Sunny,Moderate,50,35.1,High
100555,136,89.6,102.7,719,10.8,18.1,45,99.0,485,Cloudy,Excellent,100,49.7,High
100556,81,118.4,23.7,1055,4.1,27.9,51,56.0,492,Rainy,Good,98,64.4,Moderate
100557,42,114.0,183.3,945,8.6,35.8,61,38.0,335,Rainy,Good,90,65.8,Moderate
100558,146,121.4,36.4,786,4.9,14.7,81,35.0,250,Rainy,Good,64,53.8,Moderate
100559,156,80.1,199.7,556,9.5,-3.4,31,35.0,98,Sunny,Good,92,48.8,High
100560,159,25.3,191.5,398,7.7,30.4,59,55.0,177,Foggy,Moderate,78,53.3,Moderate
100561,148,102.3,107.6,893,0.3,42.8,97,72.0,0,Cloudy,Excellent,92,48.5,High
100562,77,95.0,166.3,1178,3.2,26.2,53,48.0,88,Sunny,Excellent,5,61.6,Moderate
100563,141,112.6,140.1,1031,6.1,4.4,89,45.0,112,Cloudy,Good,58,49.6,High
100564,20,29.6,178.6,478,10.2,7.4,46,52.0,282,Rainy,Poor,120,78.7,Low
100565,53,33.3,100.7,796,1.1,40.5,27,58.0,115,Sunny,Poor,39,75.6,Low
100566,115,134.1,175.0,963,,-4.3,66,67.0,31,Sunny,Moderate,20,47.8,High
100567,145,113.7,107.1,384,3.3,22.4,45,88.0,261,Windy,Poor,9,46.1,High
100568,137,136.7,207.6,1168,9.8,2.9,76,77.0,40,Cloudy,Moderate,35,40.9,High
100569,67,115.0,112.1,548,8.4,9.1,26,49.0,419,Cloudy,Good,113,63.6,Moderate
100570,108,91.6,107.2,1162,4.1,10.3,45,50.0,166,Foggy,Excellent,41,59.2,Moderate
100571,136,99.8,174.9,426,1.8,6.0,78,57.0,342,Sunny,Good,29,49.1,High
100572,148,133.9,182.5,718,0.1,34.6,88,79.0,220,Rainy,Good,111,40.3,High
100573,35,88.9,126.4,1182,,11.6,66,62.0,413,Sunny,Moderate,117,70.5,Moderate
100574,208,,47.8,875,4.5,12.3,54,69.0,213,Sunny,Moderate,66,41.7,High
100575,211,27.7,108.2,698,3.5,17.7,49,83.0,312,Sunny,Moderate,29,45.0,High
100576,210,73.7,213.3,855,10.8,40.1,69,39.0,394,Rainy,Excellent,71,38.8,High
100577,88,108.9,168.1,992,5.1,29.4,43,63.0,345,Sunny,Moderate,42,56.4,Moderate
100578,41,44.3,180.3,587,8.2,-1.9,49,65.0,470,Rainy,Good,100,71.8,Moderate
100579,112,34.3,16.9,629,2.0,-3.0,73,36.0,130,Foggy,Good,52,71.3,Moderate
100580,214,50.5,108.3,926,0.1,23.3,86,45.0,47,Snowy,Poor,88,45.5,High
100581,95,40.0,145.8,781,4.6,39.4,51,80.0,133,Sunny,Good,98,62.8,Moderate
100582,173,36.2,184.3,487,7.3,11.2,27,90.0,6,Sunny,Good,68,46.3,High
100583,163,66.6,20.3,618,5.6,7.4,69,60.0,43,Cloudy,Moderate,6,55.7,Moderate
100584,198,136.6,189.0,1089,9.8,32.4,66,61.0,486,Cloudy,Poor,68,32.4,High
100585,248,78.5,125.2,550,4.8,25.1,65,74.0,316,Foggy,Excellent,73,32.3,High
100586,105,32.2,51.4,491,3.4,23.3,99,56.0,437,Foggy,Moderate,87,69.1,Moderate
100587,204,16.2,76.6,961,10.1,2.5,54,51.0,434,Cloudy,Poor,24,52.4,Moderate
100588,48,105.9,69.2,999,4.5,3.8,80,44.0,85,Sunny,Good,90,70.8,Moderate
100589,225,60.5,121.5,1029,3.0,9.1,98,37.0,47,Foggy,Good,15,42.5,High
100590,239,124.2,20.9,960,1.1,5.3,70,97.0,497,Snowy,Moderate,86,31.3,High
100591,88,100.6,43.3,1172,8.7,43.6,82,37.0,489,Cloudy,Good,95,66.2,Moderate
100592,66,120.5,180.7,1180,9.1,-4.1,27,45.0,316,Cloudy,Good,35,60.1,Moderate
100593,113,44.4,37.8,1188,0.4,26.3,53,77.0,352,Cloudy,Poor,39,64.7,Moderate
100594,209,105.4,59.0,704,3.9,20.9,44,63.0,423,Foggy,Moderate,48,40.5,High
100595,216,,105.2,927,8.2,11.2,63,86.0,386,Sunny,Excellent,59,42.1,High
100596,223,,118.6,1196,10.4,39.4,62,34.0,413,Windy,Good,49,33.6,High
100597,163,97.3,170.4,678,4.2,28.5,69,73.0,239,Sunny,Moderate,25,43.2,High
100598,237,52.1,103.9,908,9.6,44.9,32,66.0,151,Foggy,Good,56,39.3,High
100599,237,44.1,175.9,1198,4.3,3.4,65,57.0,450,Cloudy,Moderate,24,37.6,High
100600,195,32.7,139.9,580,2.0,-0.6,95,97.0,257,Sunny,Moderate,13,44.3,High
100601,104,105.7,33.8,657,0.0,2.0,98,67.0,43,Sunny,Good,99,60.2,Moderate
100602,58,36.7,42.8,1007,3.6,8.5,72,75.0,167,Cloudy,Poor,13,75.5,Low
100603,119,91.3,101.8,1068,4.2,15.8,82,55.0,274,Sunny,Poor,62,57.0,Moderate
100604,52,43.4,93.3,495,10.4,38.1,21,82.0,190,Rainy,Excellent,75,72.6,Moderate
100605,241,101.0,166.1,501,2.3,9.2,59,92.0,151,Sunny,Good,37,27.0,High
100606,120,123.2,132.0,1140,4.2,40.8,42,92.0,49,Sunny,Good,5,47.8,High
100607,42,117.8,91.5,489,0.3,18.1,78,67.0,275,Cloudy,Excellent,87,67.0,Moderate
100608,29,115.3,45.9,1012,8.4,27.4,88,44.0,312,Cloudy,Good,7,74.2,Moderate
100609,88,32.2,57.6,370,10.1,8.2,53,38.0,494,Cloudy,Good,43,73.6,Moderate
100610,119,17.8,130.9,603,2.6,2.8,93,51.0,368,Cloudy,Excellent,16,64.8,Moderate
100611,53,106.3,98.9,413,4.7,38.5,46,99.0,305,Rainy,Excellent,98,62.9,Moderate
100612,199,58.4,118.1,567,1.3,0.5,74,85.0,94,Cloudy,Excellent,20,42.8,High
100613,242,67.7,45.8,421,5.0,33.7,23,66.0,241,Sunny,Excellent,81,39.4,High
100614,157,9.5,149.2,511,1.5,24.0,87,86.0,104,Sunny,Good,54,54.5,Moderate
100615,166,42.6,189.0,479,5.8,38.1,91,89.0,441,Sunny,Good,92,46.7,High
100616,205,9.9,64.2,930,8.1,30.9,89,41.0,414,Rainy,Poor,85,54.6,Moderate
100617,115,132.5,113.2,574,6.1,9.1,46,36.0,420,Cloudy,Excellent,31,54.1,Moderate
100618,20,40.3,214.9,1107,2.7,23.7,66,95.0,362,Cloudy,Poor,33,71.3,Moderate
100619,88,85.8,80.0,929,3.9,-4.3,59,70.0,348,Snowy,Excellent,109,62.9,Moderate
100620,23,10.7,135.0,803,7.0,18.8,46,53.0,259,Sunny,Moderate,82,82.5,Low
100621,35,101.7,28.9,733,6.5,-0.7,26,54.0,441,Cloudy,Good,73,74.7,Moderate
100622,43,51.8,137.3,456,1.5,16.4,42,91.0,137,Sunny,Moderate,111,70.1,Moderate
100623,99,135.2,28.8,970,,0.5,83,73.0,318,Rainy,Excellent,56,57.2,Moderate
100624,21,133.8,211.4,1189,5.2,42.8,48,31.0,419,Rainy,Poor,106,66.5,Moderate
100625,239,52.2,160.3,452,1.8,21.2,80,71.0,182,Windy,Excellent,10,35.6,High
100626,147,135.6,175.5,490,1.4,40.7,63,62.0,482,Windy,Good,28,42.3,High
100627,179,149.4,157.9,926,10.6,-3.9,88,46.0,56,Snowy,Good,44,37.4,High
100628,238,124.7,133.8,483,3.1,26.9,46,92.0,239,Windy,Moderate,37,26.3,High
100629,103,127.5,104.5,548,10.0,10.3,31,51.0,468,Sunny,Poor,13,55.8,Moderate
100630,171,41.1,190.3,859,4.5,16.6,36,30.0,426,Sunny,Good,110,51.8,Moderate
100631,159,88.6,210.9,1016,4.2,38.7,56,99.0,104,Foggy,Moderate,53,40.3,High
100632,197,14.8,114.8,428,7.7,44.0,53,83.0,64,Foggy,Moderate,71,48.7,High
100633,182,18.8,205.6,831,0.1,7.3,55,43.0,489,Cloudy,Moderate,27,50.4,Moderate
100634,143,149.8,132.5,861,3.7,42.4,25,82.0,139,Cloudy,Moderate,89,41.5,High
100635,52,52.4,123.1,599,3.3,29.4,51,35.0,61,Windy,Excellent,26,74.7,Moderate
100636,180,113.5,105.4,948,,42.6,92,93.0,151,Sunny,Good,113,39.4,High
100637,208,122.0,54.0,1165,5.8,23.1,41,62.0,129,Sunny,Moderate,76,39.0,High
100638,198,129.4,10.8,1102,4.0,43.0,29,73.0,430,Rainy,Good,88,41.0,High
100639,190,149.7,60.7,949,2.9,39.6,48,63.0,125,Sunny,Poor,82,38.5,High
100640,120,40.0,117.0,832,6.5,1.4,30,63.0,439,Cloudy,Moderate,98,61.5,Moderate
100641,31,10.9,89.8,1185,1.7,10.5,85,53.0,211,Windy,Poor,120,83.3,Low
100642,86,64.6,104.2,521,2.7,7.2,75,31.0,399,Sunny,Excellent,12,68.5,Moderate
100643,84,23.9,215.9,366,3.2,23.6,77,37.0,161,Foggy,Good,23,67.5,Moderate
100644,180,8.3,83.6,1084,6.7,35.1,71,54.0,204,Foggy,Excellent,113,57.0,Moderate
100645,187,57.3,105.0,643,4.1,33.0,80,61.0,401,Windy,Poor,42,48.1,High
100646,93,118.6,38.0,743,5.6,31.3,36,85.0,28,Foggy,Good,104,58.6,Moderate
100647,62,87.1,20.1,1171,7.2,13.8,49,36.0,181,Cloudy,Good,10,73.8,Moderate
100648,63,50.4,172.8,847,10.5,2.0,91,77.0,50,Cloudy,Good,56,66.3,Moderate
100649,48,99.9,129.8,568,8.4,5.5,56,83.0,234,Windy,Excellent,38,64.6,Moderate
100650,160,38.6,169.7,583,4.5,32.1,24,92.0,13,Cloudy,Good,78,48.9,High
100651,31,7.1,41.5,739,,2.4,45,31.0,349,Cloudy,Excellent,99,88.4,Low
100652,114,115.8,130.1,597,10.4,6.1,89,64.0,57,Rainy,Good,15,52.7,Moderate
100653,65,95.4,63.3,401,5.5,16.2,99,51.0,418,Rainy,Poor,47,68.6,Moderate
100654,149,115.5,57.9,364,4.5,-1.4,20,93.0,136,Snowy,Moderate,39,47.1,High
100655,54,10.6,12.4,673,0.9,5.6,28,88.0,127,Rainy,Moderate,15,79.6,Low
100656,234,126.4,37.4,790,9.8,2.5,90,78.0,36,Rainy,Good,44,33.0,High
100657,100,94.8,74.9,461,2.7,42.6,83,81.0,493,Rainy,Moderate,36,58.8,Moderate
100658,109,86.7,34.5,1045,0.7,4.6,98,50.0,358,Cloudy,Poor,53,63.3,Moderate
100659,27,95.6,217.0,356,5.9,38.1,43,41.0,267,Sunny,Poor,94,68.7,Moderate
100660,112,130.3,74.8,912,9.3,0.7,24,40.0,84,Snowy,Excellent,90,56.5,Moderate
100661,173,90.1,37.4,1175,4.5,38.5,70,83.0,209,Sunny,Poor,61,47.9,High
100662,221,89.2,51.8,1102,8.6,25.0,57,99.0,138,Foggy,Good,69,37.0,High
100663,109,148.6,133.4,594,9.2,37.5,48,43.0,26,Windy,Good,52,51.6,Moderate
100664,181,114.7,23.4,797,5.0,38.4,65,62.0,343,Rainy,Good,97,46.3,High
100665,134,69.1,191.1,714,6.5,24.8,71,55.0,232,Foggy,Moderate,56,52.5,Moderate
100666,124,107.6,211.9,716,5.9,40.9,65,43.0,170,Rainy,Moderate,43,49.9,High
100667,154,61.4,61.8,1047,10.3,24.3,94,77.0,177,Sunny,Excellent,90,54.1,Moderate
100668,215,38.2,104.5,636,8.0,30.6,87,94.0,353,Cloudy,Moderate,58,42.1,High
100669,77,91.5,14.6,953,10.2,15.8,78,75.0,19,Sunny,Good,100,66.9,Moderate
100670,133,139.6,144.5,455,2.4,40.7,29,84.0,396,Cloudy,Excellent,29,43.7,High
100671,94,139.7,96.9,362,3.4,36.2,23,97.0,302,Cloudy,Good,108,51.8,Moderate
100672,176,54.6,66.7,495,0.8,3.3,71,41.0,263,Snowy,Good,49,54.3,Moderate
100673,139,81.5,53.4,827,5.5,23.8,93,83.0,484,Cloudy,Excellent,33,54.2,Moderate
100674,183,35.7,147.3,980,9.6,39.8,37,93.0,196,Cloudy,Excellent,105,46.1,High
100675,236,149.4,97.4,1064,3.6,34.7,95,76.0,326,Sunny,Poor,36,27.1,High
100676,40,147.3,47.7,1002,1.4,43.1,70,66.0,63,Cloudy,Poor,98,66.1,Moderate
100677,183,99.2,154.7,464,0.8,6.6,42,70.0,43,Sunny,Excellent,86,40.4,High
100678,157,121.6,128.7,858,4.9,13.4,44,56.0,243,Sunny,Moderate,112,45.1,High
100679,120,108.7,190.3,501,1.8,20.4,79,71.0,11,Snowy,Good,116,48.7,High
100680,220,91.0,,406,3.8,6.6,56,97.0,360,Sunny,Good,71,38.0,High
100681,171,12.7,175.0,731,9.0,14.7,87,58.0,259,Sunny,Good,16,53.1,Moderate
100682,211,70.9,151.4,506,4.2,21.9,96,65.0,295,Sunny,Excellent,62,39.4,High
100683,246,102.8,34.2,1171,6.7,4.6,37,86.0,402,Rainy,Good,119,33.1,High
100684,196,103.2,155.9,482,5.5,7.8,48,41.0,437,Windy,Excellent,24,40.4,High
100685,118,59.1,102.7,512,7.9,1.2,49,74.0,256,Foggy,Good,54,59.1,Moderate
100686,55,141.5,208.4,624,1.7,30.7,26,49.0,374,Rainy,Poor,12,57.8,Moderate
100687,229,29.3,39.7,1044,,13.1,60,74.0,234,Cloudy,Poor,35,45.9,High
100688,115,77.6,145.0,426,7.1,6.0,93,52.0,246,Sunny,Poor,28,57.5,Moderate
100689,171,105.2,90.2,1186,3.0,20.4,56,91.0,140,Sunny,Poor,17,43.0,High
100690,170,106.1,210.9,393,1.4,-1.6,46,63.0,305,Rainy,Excellent,76,39.8,High
100691,209,99.1,79.3,1067,1.6,41.2,40,50.0,180,Cloudy,Moderate,46,41.5,High
100692,243,44.9,212.1,899,8.6,9.7,62,80.0,499,Rainy,Good,82,32.3,High
100693,56,27.6,199.3,667,6.5,39.3,70,38.0,425,Sunny,Poor,83,72.8,Moderate
100694,31,97.2,66.8,883,4.2,19.9,90,39.0,364,Sunny,Moderate,89,75.5,Low
100695,132,,178.7,934,3.7,37.5,32,81.0,152,Sunny,Good,83,48.2,High
100696,202,31.0,219.1,1102,9.4,7.4,72,74.0,43,Snowy,Good,30,41.6,High
100697,32,107.2,63.1,503,9.6,3.8,82,81.0,108,Sunny,Good,42,70.1,Moderate
100698,42,71.0,101.7,586,6.4,37.5,76,59.0,97,Rainy,Good,114,72.9,Moderate
100699,236,101.8,119.2,866,5.8,5.6,44,93.0,226,Sunny,Poor,42,30.0,High
100700,118,126.4,71.9,570,9.0,32.3,32,,444,Cloudy,Poor,59,56.9,Moderate
100701,124,29.6,13.2,659,8.2,12.2,56,78.0,80,Sunny,Excellent,101,65.7,Moderate
100702,49,7.8,56.2,947,4.4,32.4,49,74.0,217,Sunny,Good,14,80.0,Low
100703,36,118.0,69.2,526,0.9,40.4,31,46.0,148,Sunny,Excellent,87,71.3,Moderate
100704,132,93.4,103.2,1120,8.5,44.1,84,57.0,434,Sunny,Poor,15,54.2,Moderate
100705,81,106.4,45.9,569,1.9,13.0,37,74.0,75,Sunny,Poor,7,63.0,Moderate
100706,103,126.5,193.4,387,0.2,13.4,81,46.0,79,Windy,Moderate,27,52.0,Moderate
100707,131,121.4,158.0,1003,9.3,44.1,43,88.0,51,Sunny,Moderate,66,45.2,High
100708,236,144.3,27.9,780,6.4,38.1,79,43.0,62,Sunny,Moderate,74,34.5,High
100709,105,82.7,146.5,1096,9.8,-2.7,36,39.0,83,Rainy,Good,45,60.0,Moderate
100710,160,75.8,147.3,552,5.3,23.7,79,47.0,437,Rainy,Poor,45,50.0,Moderate
100711,206,63.3,210.8,1190,,4.1,28,64.0,393,Sunny,Good,97,38.4,High
100712,38,27.3,10.6,1155,3.9,44.7,71,77.0,342,Rainy,Excellent,8,81.7,Low
100713,196,88.0,62.1,797,8.0,1.9,34,87.0,366,Snowy,Good,7,42.4,High
100714,119,45.2,204.8,844,3.3,23.0,96,47.0,477,Sunny,Moderate,88,58.2,Moderate
100715,159,138.6,205.7,1033,0.0,28.3,47,81.0,254,Cloudy,Good,55,36.4,High
100716,208,89.6,161.3,474,4.2,41.9,28,,58,Sunny,Moderate,59,37.8,High
100717,166,91.0,170.8,1187,8.1,37.4,75,66.0,7,Sunny,Poor,111,44.1,High
100718,95,56.5,29.2,414,1.7,7.3,94,69.0,306,Foggy,Moderate,119,67.8,Moderate
100719,28,12.5,117.9,1142,5.6,23.6,55,35.0,388,Sunny,Moderate,67,84.1,Low
100720,218,9.6,58.6,1133,2.3,42.7,75,64.0,75,Sunny,Good,53,50.3,Moderate
100721,47,66.4,48.1,593,0.8,31.8,90,55.0,425,Foggy,Good,76,75.7,Low
100722,225,17.3,180.2,876,6.8,29.4,39,59.0,77,Rainy,Good,74,42.5,High
100723,242,93.0,38.4,575,10.5,32.7,74,53.0,123,Rainy,Good,73,38.1,High
100724,147,132.7,108.4,814,3.4,11.1,79,84.0,11,Rainy,Poor,12,43.8,High
100725,71,133.0,207.1,992,6.4,31.5,54,38.0,279,Rainy,Poor,12,57.1,Moderate
100726,102,100.6,49.0,1056,10.5,6.6,93,91.0,44,Snowy,Excellent,103,58.0,Moderate
100727,130,35.6,215.4,642,7.2,16.4,20,47.0,52,Sunny,Moderate,23,56.9,Moderate
100728,163,130.1,218.8,1070,7.4,39.5,97,80.0,180,Cloudy,Moderate,116,36.1,High
100729,136,133.5,126.7,730,2.0,-4.1,64,48.0,400,Sunny,Poor,78,48.4,High
100730,88,33.5,45.7,974,5.4,15.7,88,98.0,448,Sunny,Good,59,68.1,Moderate
100731,118,111.9,76.4,1105,4.0,8.3,59,62.0,373,Cloudy,Moderate,103,55.3,Moderate
100732,159,46.5,99.1,515,5.2,4.9,57,67.0,233,Rainy,Good,77,54.1,Moderate
100733,44,121.4,75.0,1052,8.8,36.9,43,42.0,185,Sunny,Excellent,76,69.6,Moderate
100734,199,149.6,68.9,1118,5.1,29.8,23,78.0,292,Sunny,Excellent,12,35.0,High
100735,142,9.4,214.2,1188,0.7,0.6,88,82.0,74,Rainy,Excellent,61,54.4,Moderate
100736,232,,42.2,567,10.0,19.7,32,30.0,425,Rainy,Good,76,36.9,High
100737,247,95.3,164.0,624,6.0,18.3,40,41.0,197,Windy,Good,88,31.8,High
100738,72,,10.1,401,10.2,2.1,51,53.0,78,Snowy,Moderate,11,63.7,Moderate
100739,170,72.4,135.2,723,6.3,35.0,57,30.0,232,Foggy,Moderate,50,51.0,Moderate
100740,163,127.9,202.3,1019,0.8,13.3,51,97.0,167,Rainy,Poor,26,35.5,High
100741,76,14.0,70.5,712,6.1,33.1,98,,22,Rainy,Good,85,77.5,Low
100742,58,53.6,49.0,916,6.3,4.6,76,98.0,406,Windy,Poor,48,70.9,Moderate
100743,128,14.7,146.9,363,2.4,10.8,67,68.0,485,Windy,Moderate,9,61.1,Moderate
100744,200,146.4,159.6,1130,5.2,-0.2,49,61.0,229,Rainy,Good,102,32.4,High
100745,61,123.5,154.5,689,5.1,2.2,90,78.0,304,Cloudy,Moderate,29,58.7,Moderate
100746,205,128.6,,951,6.9,39.2,57,60.0,383,Sunny,Moderate,51,37.8,High
100747,186,141.0,63.0,888,2.9,0.5,63,32.0,459,Windy,Excellent,47,43.3,High
100748,161,17.3,210.7,438,,-0.2,45,76.0,134,Snowy,Moderate,19,50.8,Moderate
100749,242,60.9,203.9,390,2.7,42.0,21,44.0,292,Windy,Moderate,68,34.5,High
100750,141,15.3,106.0,653,4.9,27.3,62,80.0,399,Sunny,Poor,35,59.5,Moderate
100751,152,35.6,187.7,617,1.3,0.0,62,50.0,37,Sunny,Poor,113,54.0,Moderate
100752,182,38.3,105.0,487,0.4,43.6,82,70.0,231,Cloudy,Moderate,87,50.4,Moderate
100753,234,73.0,99.1,355,3.5,2.4,92,32.0,354,Windy,Moderate,48,41.0,High
100754,240,43.9,42.9,591,3.0,33.3,77,30.0,167,Windy,Poor,99,46.4,High
100755,94,19.6,99.5,511,4.5,-3.3,67,50.0,284,Sunny,Poor,51,70.8,Moderate
100756,165,29.3,122.9,1041,10.6,26.2,24,50.0,102,Rainy,Moderate,16,55.6,Moderate
100757,95,26.4,14.7,1158,5.7,22.3,95,78.0,144,Sunny,Moderate,68,71.2,Moderate
100758,28,146.1,103.3,867,6.1,5.4,54,94.0,242,Cloudy,Excellent,27,62.9,Moderate
100759,93,115.1,174.1,1132,10.4,27.2,35,70.0,473,Cloudy,Moderate,54,53.7,Moderate
100760,205,145.3,152.8,750,10.1,25.9,68,96.0,147,Snowy,Good,91,28.4,High
100761,164,68.8,143.4,1133,9.7,34.9,79,71.0,365,Windy,Moderate,40,48.0,High
100762,249,45.4,201.0,505,1.1,38.8,70,98.0,152,Sunny,Good,15,29.9,High
100763,26,120.8,13.8,434,7.0,20.5,78,86.0,315,Cloudy,Good,90,71.5,Moderate
100764,193,52.3,127.0,1061,8.9,19.5,83,72.0,421,Rainy,Good,51,45.4,High
100765,160,48.4,175.3,359,9.2,26.1,32,41.0,318,Sunny,Poor,60,52.5,Moderate
100766,187,38.7,123.7,487,6.4,31.5,45,93.0,294,Foggy,Moderate,98,46.2,High
100767,189,23.8,78.0,1103,0.2,12.8,89,80.0,125,Windy,Good,73,51.2,Moderate
100768,156,42.2,38.6,1062,10.7,20.2,22,89.0,191,Sunny,Moderate,41,56.0,Moderate
100769,197,56.5,196.4,505,5.2,24.3,31,57.0,484,Cloudy,Poor,88,42.2,High
100770,46,102.7,108.9,757,4.3,44.4,60,43.0,82,Sunny,Good,14,69.7,Moderate
100771,141,14.1,194.4,1136,4.3,24.4,98,61.0,20,Cloudy,Moderate,60,57.1,Moderate
100772,213,35.5,133.0,574,4.7,6.2,84,37.0,287,Rainy,Good,90,47.1,High
100773,24,122.3,151.6,929,2.7,24.4,82,56.0,283,Sunny,Poor,46,67.8,Moderate
100774,48,26.3,178.9,533,3.6,36.0,69,79.0,358,Windy,Good,34,71.4,Moderate
100775,184,54.7,148.4,544,10.8,37.9,66,88.0,488,Rainy,Poor,98,44.1,High
100776,185,130.4,93.6,903,4.0,35.0,27,86.0,267,Foggy,Good,26,37.8,High
100777,102,27.5,117.9,745,5.8,39.4,50,32.0,120,Sunny,Excellent,106,69.2,Moderate
100778,155,17.0,178.6,1012,9.3,11.7,30,56.0,110,Windy,Excellent,106,55.5,Moderate
100779,128,75.3,88.5,945,5.8,20.4,36,63.0,78,Snowy,Good,59,57.2,Moderate
100780,84,48.9,91.5,483,3.6,34.0,46,55.0,347,Sunny,Moderate,42,68.9,Moderate
100781,105,86.7,30.1,658,5.8,8.2,46,,375,Sunny,Good,60,62.3,Moderate
100782,164,121.6,202.1,1159,1.3,13.6,97,61.0,84,Windy,Good,75,39.7,High
100783,90,24.9,29.1,891,1.4,36.6,75,70.0,79,Cloudy,Moderate,118,72.4,Moderate
100784,236,89.2,146.1,358,7.6,33.5,88,31.0,150,Cloudy,Moderate,40,36.4,High
100785,64,78.3,96.8,519,10.1,43.6,66,36.0,243,Foggy,Moderate,82,70.6,Moderate
100786,151,25.9,95.2,639,8.0,44.8,38,48.0,217,Sunny,Moderate,15,60.2,Moderate
100787,55,95.5,152.7,517,0.8,7.0,76,62.0,14,Cloudy,Poor,11,64.8,Moderate
100788,89,44.7,24.1,693,4.4,40.0,50,31.0,100,Rainy,Moderate,100,74.3,Moderate
100789,178,75.7,134.7,846,0.0,-0.3,35,96.0,267,Rainy,Excellent,86,42.5,High
100790,38,16.9,172.1,494,5.6,30.5,64,44.0,387,Sunny,Good,120,78.1,Low
100791,208,71.6,183.9,762,2.1,6.0,46,50.0,34,Cloudy,Good,38,39.8,High
100792,127,,45.8,1089,9.5,10.0,80,88.0,350,Rainy,Good,67,60.1,Moderate
100793,201,124.2,198.5,1167,1.1,42.3,45,68.0,444,Rainy,Poor,6,32.2,High
100794,186,13.3,147.8,937,0.0,8.2,48,49.0,282,Rainy,Moderate,66,52.6,Moderate
100795,110,65.7,195.2,1084,5.0,28.7,63,30.0,124,Sunny,Good,11,59.6,Moderate
100796,221,71.5,111.9,1038,1.7,3.9,48,38.0,223,Windy,Good,47,42.2,High
100797,109,110.1,123.8,806,8.1,-0.3,21,80.0,160,Cloudy,Moderate,99,53.0,Moderate
100798,38,88.3,203.0,1050,10.1,12.0,25,67.0,12,Foggy,Poor,22,65.7,Moderate
100799,58,101.7,199.0,651,0.5,26.2,28,44.0,164,Sunny,Excellent,24,63.0,Moderate
100800,145,117.7,104.1,395,4.4,7.4,34,70.0,427,Cloudy,Good,11,47.6,High
100801,214,130.0,67.6,366,11.0,10.0,77,76.0,257,Sunny,Poor,90,34.9,High
100802,192,50.5,92.6,927,8.1,30.4,21,55.0,421,Cloudy,Poor,56,49.2,High
100803,160,83.0,91.4,709,10.5,0.1,22,83.0,292,Sunny,Good,41,48.4,High
100804,239,126.8,70.2,610,1.8,17.3,71,99.0,442,Rainy,Excellent,102,28.4,High
100805,145,,66.4,472,2.4,42.1,74,68.0,113,Windy,Moderate,50,46.0,High
100806,77,134.0,190.8,580,1.7,14.8,72,46.0,119,Sunny,Poor,107,55.9,Moderate
100807,167,58.9,24.7,986,,16.7,91,99.0,68,Sunny,Good,46,51.7,Moderate
100808,239,33.3,152.3,461,8.0,31.9,59,38.0,273,Windy,Poor,64,41.6,High
100809,219,76.0,46.3,1133,1.8,34.0,58,75.0,47,Cloudy,Good,118,41.6,High
100810,80,112.5,82.3,942,5.8,33.5,62,35.0,336,Cloudy,Moderate,108,64.5,Moderate
100811,146,76.4,22.9,595,3.0,44.9,32,97.0,321,Sunny,Moderate,84,53.7,Moderate
100812,124,75.1,66.7,740,9.1,-1.4,56,45.0,432,Cloudy,Good,82,60.8,Moderate
100813,186,126.5,171.4,741,0.1,44.1,74,58.0,361,Sunny,Good,109,37.0,High
100814,20,57.4,195.9,677,2.5,42.5,51,70.0,57,Rainy,Good,36,72.7,Moderate
100815,150,129.7,56.5,564,6.7,37.6,33,97.0,418,Cloudy,Moderate,42,44.9,High
100816,224,64.0,107.3,1096,1.1,17.7,84,91.0,77,Snowy,Excellent,43,37.5,High
100817,111,52.6,108.8,716,5.1,38.5,46,69.0,498,Sunny,Moderate,30,61.4,Moderate
100818,209,70.8,193.5,431,4.8,6.0,43,91.0,203,Cloudy,Moderate,34,35.1,High
100819,210,115.6,170.2,1155,9.4,34.6,41,53.0,441,Sunny,Moderate,45,34.5,High
100820,132,23.3,117.7,1171,6.9,4.3,97,35.0,224,Foggy,Poor,107,64.1,Moderate
100821,172,33.5,150.9,425,7.0,35.8,64,69.0,262,Cloudy,Moderate,13,50.6,Moderate
100822,75,143.0,187.9,876,10.5,25.7,27,99.0,102,Sunny,Moderate,36,50.0,Moderate
100823,180,30.4,12.0,1081,10.8,-0.1,86,87.0,108,Sunny,Moderate,60,54.7,Moderate
100824,185,87.3,94.6,852,7.2,39.8,83,43.0,264,Sunny,Moderate,57,47.2,High
100825,136,89.0,200.5,1091,5.7,23.9,66,74.0,324,Sunny,Excellent,11,47.4,High
100826,153,76.0,165.5,828,6.7,27.8,40,35.0,387,Cloudy,Poor,80,51.6,Moderate
100827,77,98.5,124.0,721,4.2,9.2,51,52.0,415,Sunny,Excellent,27,62.9,Moderate
100828,63,38.3,121.2,614,10.9,38.6,64,91.0,388,Foggy,Moderate,85,68.9,Moderate
100829,192,85.1,83.0,613,7.8,22.3,63,46.0,55,Sunny,Moderate,56,46.5,High
100830,179,59.0,119.3,459,3.2,16.1,60,99.0,311,Snowy,Good,25,44.8,High
100831,192,100.9,147.6,656,0.6,21.7,71,57.0,251,Sunny,Excellent,80,40.3,High
100832,80,25.5,97.9,549,0.5,30.2,30,42.0,499,Sunny,Excellent,90,73.4,Moderate
100833,66,87.8,160.0,575,2.3,29.8,37,58.0,299,Foggy,Good,27,63.8,Moderate
100834,168,31.9,190.9,534,2.6,12.9,30,74.0,71,Windy,Poor,73,49.0,High
100835,99,45.4,42.5,380,4.6,14.3,46,49.0,140,Rainy,Poor,22,69.7,Moderate
100836,137,36.7,104.8,963,2.4,23.1,62,87.0,387,Rainy,Excellent,105,57.0,Moderate
100837,232,31.5,95.7,1120,6.9,41.2,84,83.0,179,Foggy,Good,41,41.4,High
100838,222,124.7,154.4,448,2.3,32.3,73,93.0,202,Rainy,Poor,11,28.1,High
100839,248,46.4,62.5,688,2.1,14.5,48,81.0,270,Sunny,Good,65,38.6,High
100840,183,139.4,144.5,1160,5.2,11.9,40,72.0,375,Sunny,Poor,7,35.9,High
100841,246,145.6,194.3,1146,9.8,21.2,48,47.0,109,Rainy,Good,5,23.8,High
100842,166,87.8,97.8,615,5.2,38.5,28,83.0,81,Rainy,Moderate,64,46.4,High
100843,39,25.7,201.3,1001,4.6,-4.6,80,89.0,83,Rainy,Good,10,70.9,Moderate
100844,204,59.3,218.6,1163,6.4,30.5,81,30.0,256,Sunny,Excellent,75,42.2,High
100845,165,120.7,32.3,1147,2.8,9.7,90,66.0,192,Foggy,Good,95,47.6,High
100846,66,58.3,58.9,699,3.9,5.4,24,78.0,138,Cloudy,Moderate,62,70.4,Moderate
100847,68,17.6,209.6,1077,2.4,-4.4,34,64.0,220,Rainy,Good,35,68.8,Moderate
100848,33,85.7,211.2,893,6.3,39.8,76,96.0,188,Sunny,Moderate,12,63.6,Moderate
100849,162,127.5,30.5,806,7.7,40.6,24,,348,Foggy,Good,82,47.6,High
100850,178,120.4,13.1,1164,7.4,-1.9,39,38.0,343,Cloudy,Good,19,49.1,High
100851,20,30.4,43.8,437,2.8,21.1,23,66.0,339,Cloudy,Good,11,84.0,Low
100852,136,102.6,219.2,412,8.6,2.6,75,89.0,477,Foggy,Good,11,43.3,High
100853,73,,47.8,736,2.8,32.9,53,85.0,446,Foggy,Excellent,37,71.5,Moderate
100854,137,36.6,115.5,1140,1.7,28.3,59,41.0,421,Sunny,Good,45,61.1,Moderate
100855,22,131.7,188.2,808,3.8,9.9,88,33.0,196,Foggy,Moderate,61,67.5,Moderate
100856,163,41.2,14.3,935,6.6,0.8,87,90.0,300,Rainy,Poor,11,56.0,Moderate
100857,234,43.2,136.9,1167,1.6,36.6,41,74.0,73,Sunny,Moderate,63,38.5,High
100858,204,5.1,68.2,985,7.1,28.7,33,79.0,197,Sunny,Excellent,24,51.4,Moderate
100859,222,131.2,191.1,618,9.5,-4.7,87,79.0,323,Cloudy,Good,75,26.8,High
100860,31,119.9,69.5,1146,3.2,26.4,27,77.0,259,Rainy,Excellent,54,68.9,Moderate
100861,93,96.0,154.2,982,5.0,35.5,86,52.0,198,Rainy,Excellent,18,58.8,Moderate
100862,243,113.8,,695,2.5,24.5,65,37.0,303,Sunny,Good,19,31.3,High
100863,35,27.0,56.5,1073,4.0,16.2,48,58.0,352,Windy,Excellent,86,81.8,Low
100864,219,71.5,17.3,1009,0.2,24.2,31,72.0,136,Windy,Good,14,43.9,High
100865,121,55.9,95.9,427,10.5,26.0,98,82.0,345,Rainy,Good,103,58.5,Moderate
100866,223,18.6,70.7,714,4.6,27.0,71,,498,Foggy,Good,95,50.6,Moderate
100867,171,75.5,179.9,363,8.7,43.4,77,53.0,499,Windy,Excellent,111,45.9,High
100868,175,138.5,178.1,485,1.6,3.9,21,43.0,174,Sunny,Good,69,38.7,High
100869,136,10.8,106.0,653,8.9,26.2,20,81.0,488,Snowy,Moderate,59,60.8,Moderate
100870,27,47.3,137.4,746,,4.4,74,99.0,468,Foggy,Good,32,72.7,Moderate
100871,141,35.1,136.9,1141,7.9,5.5,53,33.0,315,Sunny,Excellent,102,60.3,Moderate
100872,111,39.5,183.7,428,9.9,28.5,83,87.0,307,Foggy,Excellent,52,57.4,Moderate
100873,183,136.7,99.3,1104,1.8,40.8,87,66.0,379,Sunny,Good,7,39.1,High
100874,109,72.9,67.8,1054,5.2,3.0,31,77.0,341,Cloudy,Moderate,64,60.5,Moderate
100875,155,72.6,65.7,767,6.8,43.1,69,68.0,416,Snowy,Excellent,117,53.3,Moderate
100876,205,,122.6,591,6.6,11.0,40,95.0,441,Snowy,Good,7,33.6,High
100877,79,27.4,104.3,400,9.5,14.6,29,42.0,352,Rainy,Moderate,79,73.1,Moderate
100878,197,75.7,102.4,1093,,2.7,89,95.0,303,Cloudy,Moderate,72,40.8,High
100879,47,67.3,,1120,1.9,25.8,33,89.0,132,Rainy,Poor,98,73.1,Moderate
100880,239,91.6,160.9,733,2.8,24.8,59,,468,Rainy,Poor,43,30.9,High
100881,120,149.9,54.9,724,9.8,17.1,49,61.0,26,Cloudy,Excellent,58,51.6,Moderate
100882,60,116.6,51.4,1079,10.4,18.8,92,81.0,424,Rainy,Good,36,64.5,Moderate
100883,247,62.7,96.7,555,6.3,26.1,33,34.0,256,Windy,Moderate,20,39.8,High
100884,211,125.0,57.8,1175,5.5,24.2,71,96.0,50,Sunny,Poor,21,34.5,High
100885,174,29.8,132.6,838,6.7,13.7,36,95.0,143,Cloudy,Moderate,15,49.0,High
100886,210,9.4,88.0,730,6.8,39.2,81,81.0,354,Sunny,Excellent,104,48.6,High
100887,164,34.6,104.3,660,1.9,28.4,41,78.0,355,Rainy,Good,36,53.3,Moderate
100888,220,54.4,122.8,724,7.6,5.3,72,58.0,235,Sunny,Moderate,103,41.9,High
100889,180,79.0,52.7,981,5.0,11.0,51,67.0,159,Cloudy,Good,31,48.8,High
100890,231,94.2,42.7,941,5.7,34.4,95,99.0,476,Sunny,Good,116,35.1,High
100891,224,137.0,194.9,391,0.3,0.2,74,37.0,358,Sunny,Moderate,102,29.8,High
100892,239,78.9,101.1,882,8.4,32.5,99,,302,Cloudy,Excellent,9,33.7,High
100893,176,77.7,96.5,871,9.2,12.9,41,84.0,406,Cloudy,Poor,93,45.8,High
100894,160,12.3,17.5,1174,6.8,22.6,57,31.0,270,Cloudy,Poor,96,65.7,Moderate
100895,65,10.1,114.6,502,8.2,9.0,69,55.0,153,Sunny,Good,22,75.9,Low
100896,54,84.9,126.4,661,5.7,44.3,85,92.0,36,Foggy,Moderate,7,64.6,Moderate
100897,153,68.5,127.4,643,6.8,40.3,64,46.0,216,Sunny,Moderate,32,53.3,Moderate
100898,101,126.7,158.5,947,4.3,41.4,27,88.0,438,Windy,Excellent,70,49.9,High
100899,134,28.3,47.3,462,8.7,4.2,84,45.0,129,Rainy,Excellent,38,65.6,Moderate
100900,216,8.6,63.0,1050,5.2,37.1,59,87.0,75,Sunny,Excellent,90,48.2,High
100901,66,70.1,180.3,461,7.5,21.8,24,93.0,402,Cloudy,Poor,26,61.4,Moderate
100902,172,39.4,208.9,524,6.8,30.4,64,79.0,287,Foggy,Good,34,46.0,High
100903,213,12.2,38.5,1171,7.7,5.9,65,55.0,470,Rainy,Excellent,102,52.8,Moderate
100904,29,110.1,114.5,651,8.6,30.6,55,46.0,196,Sunny,Good,52,71.2,Moderate
100905,75,21.2,55.0,865,5.6,40.7,36,75.0,310,Cloudy,Excellent,69,73.7,Moderate
100906,49,93.2,22.6,1083,8.9,8.4,60,97.0,216,Cloudy,Excellent,97,69.2,Moderate
100907,128,45.8,78.4,570,5.5,6.7,49,79.0,98,Windy,Good,65,59.6,Moderate
100908,24,30.2,40.2,520,10.5,0.2,71,72.0,311,Foggy,Good,23,82.8,Low
100909,138,60.1,159.1,667,8.3,8.3,98,77.0,284,Sunny,Moderate,87,52.3,Moderate
100910,52,121.2,122.1,562,1.9,21.8,39,97.0,229,Sunny,Moderate,109,60.3,Moderate
100911,137,61.9,40.2,602,9.1,36.6,55,48.0,108,Sunny,Moderate,56,61.1,Moderate
100912,84,113.9,11.9,473,6.1,8.9,85,54.0,339,Foggy,Good,45,65.2,Moderate
100913,165,23.2,179.7,989,10.8,26.1,64,47.0,494,Cloudy,Moderate,97,53.8,Moderate
100914,243,117.1,,562,7.9,19.0,23,80.0,163,Windy,Good,111,31.9,High
100915,196,39.4,137.3,973,0.9,9.4,69,47.0,115,Cloudy,Good,101,48.4,High
100916,30,103.2,80.8,434,4.3,20.5,74,87.0,70,Rainy,Good,119,69.5,Moderate
100917,104,87.0,133.0,865,5.7,3.4,78,93.0,213,Sunny,Good,85,54.9,Moderate
100918,45,139.7,76.3,414,9.2,27.0,61,86.0,337,Foggy,Good,106,62.7,Moderate
100919,82,61.2,28.3,667,8.0,0.8,21,46.0,52,Cloudy,Excellent,69,71.9,Moderate
100920,236,14.6,56.8,695,4.1,31.5,65,88.0,84,Windy,Good,54,44.1,High
100921,105,7.8,49.5,981,7.2,3.9,21,96.0,341,Sunny,Good,45,68.1,Moderate
100922,78,124.9,99.9,592,6.3,44.9,69,44.0,422,Rainy,Good,37,61.6,Moderate
100923,46,81.1,148.2,486,1.4,36.2,20,55.0,75,Cloudy,Poor,104,69.1,Moderate
100924,196,117.4,65.4,596,,12.2,32,77.0,266,Sunny,Moderate,90,39.7,High
100925,224,39.0,12.5,790,3.8,16.3,89,43.0,247,Cloudy,Poor,86,50.1,Moderate
100926,180,55.0,,394,,8.0,41,38.0,331,Cloudy,Moderate,21,51.2,Moderate
100927,117,9.4,137.2,1007,1.7,33.4,36,36.0,473,Sunny,Excellent,100,67.4,Moderate
100928,124,144.4,212.2,1037,0.6,14.0,78,84.0,285,Sunny,Poor,88,41.3,High
100929,118,101.8,133.8,903,9.6,32.8,89,41.0,78,Cloudy,Poor,119,55.8,Moderate
100930,148,140.3,108.9,1158,3.2,-4.1,22,46.0,455,Sunny,Good,59,46.5,High
100931,168,43.5,130.4,438,3.2,1.8,89,37.0,106,Cloudy,Good,91,54.3,Moderate
100932,74,93.7,204.9,1079,2.3,13.2,68,71.0,436,Cloudy,Good,96,58.1,Moderate
100933,25,103.4,184.0,577,5.2,0.4,69,66.0,81,Sunny,Moderate,50,67.3,Moderate
100934,239,51.0,77.8,1159,5.7,25.1,54,49.0,201,Sunny,Excellent,94,42.1,High
100935,228,128.0,59.8,640,2.3,-2.5,42,30.0,391,Windy,Moderate,63,37.6,High
100936,216,142.3,65.2,771,6.7,38.0,91,38.0,229,Sunny,Moderate,75,37.0,High
100937,114,133.3,115.9,416,8.0,33.1,26,53.0,226,Rainy,Excellent,109,52.4,Moderate
100938,152,112.2,166.3,600,4.1,5.8,69,63.0,19,Cloudy,Moderate,61,44.6,High
100939,121,45.2,115.7,390,6.4,19.2,29,65.0,267,Foggy,Moderate,24,60.5,Moderate
100940,22,,24.2,448,5.5,17.6,74,33.0,496,Sunny,Good,45,86.0,Low
100941,200,144.7,162.0,655,2.2,31.2,93,58.0,322,Windy,Good,115,32.7,High
100942,42,6.5,179.3,805,8.0,15.1,38,45.0,467,Cloudy,Moderate,79,78.2,Low
100943,248,108.8,70.8,940,8.8,-3.4,42,37.0,177,Sunny,Good,75,35.1,High
100944,72,107.4,149.5,650,7.1,8.7,83,68.0,381,Sunny,Moderate,42,59.9,Moderate
100945,184,95.3,99.6,548,3.6,18.3,52,87.0,139,Cloudy,Good,31,41.8,High
100946,221,148.6,196.7,1008,10.2,43.7,85,41.0,309,Sunny,Excellent,13,28.5,High
100947,221,50.2,187.5,837,5.0,39.1,28,,471,Cloudy,Poor,72,37.5,High
100948,102,54.3,120.3,455,2.9,4.1,48,33.0,79,Foggy,Good,117,65.8,Moderate
100949,164,16.4,155.2,750,4.5,31.2,98,54.0,379,Cloudy,Good,42,55.4,Moderate
100950,104,69.2,195.5,1054,7.6,41.8,37,99.0,181,Cloudy,Moderate,97,53.3,Moderate
100951,97,,114.1,826,9.3,-4.6,90,96.0,73,Snowy,Moderate,117,62.1,Moderate
100952,220,54.8,75.8,471,3.9,31.0,97,68.0,146,Snowy,Good,94,43.2,High
100953,129,126.0,168.3,426,2.6,18.0,48,53.0,232,Sunny,Poor,29,47.9,High
100954,20,140.6,56.2,661,6.9,29.0,80,35.0,141,Rainy,Excellent,18,73.2,Moderate
100955,70,31.9,91.6,461,,25.3,24,62.0,435,Cloudy,Moderate,41,72.8,Moderate
100956,192,59.0,191.8,1158,2.0,44.2,88,77.0,461,Sunny,Good,54,41.1,High
100957,224,,162.1,1031,8.8,9.4,75,96.0,149,Sunny,Good,96,25.2,High
100958,23,14.0,94.8,867,5.2,34.3,71,31.0,131,Sunny,Moderate,76,86.3,Low
100959,209,18.4,55.1,546,8.8,6.7,34,67.0,238,Cloudy,Moderate,46,50.7,Moderate
100960,212,28.6,84.8,447,,16.8,39,69.0,371,Sunny,Moderate,79,47.3,High
100961,132,91.3,69.7,808,4.2,43.8,92,85.0,314,Cloudy,Good,58,53.3,Moderate
100962,51,26.8,47.0,1190,7.7,33.3,35,50.0,161,Rainy,Poor,39,80.3,Low
100963,53,145.4,166.1,579,9.9,10.8,94,64.0,319,Rainy,Good,35,58.3,Moderate
100964,111,69.8,62.9,517,3.5,26.0,44,96.0,249,Rainy,Good,102,58.9,Moderate
100965,114,77.7,105.4,1158,5.1,-2.5,76,89.0,127,Rainy,Poor,50,56.0,Moderate
100966,91,40.8,,1126,2.5,8.3,40,52.0,273,Windy,Excellent,104,69.0,Moderate
100967,58,73.3,216.2,357,2.0,30.9,24,94.0,481,Windy,Excellent,21,60.6,Moderate
100968,173,101.0,92.1,521,8.6,23.5,94,92.0,81,Windy,Poor,117,42.9,High
100969,181,113.9,26.8,709,2.2,18.5,28,52.0,231,Sunny,Poor,89,47.2,High
100970,201,114.3,28.9,544,8.7,29.5,30,71.0,30,Sunny,Moderate,94,41.6,High
100971,137,88.8,134.1,618,4.7,14.9,84,93.0,233,Cloudy,Good,109,48.7,High
100972,22,136.1,135.9,368,10.9,-3.7,82,95.0,83,Cloudy,Good,96,63.4,Moderate
100973,142,123.5,97.9,703,2.2,17.1,45,70.0,483,Sunny,Good,57,47.7,High
100974,69,114.8,100.7,398,1.0,40.1,93,49.0,41,Sunny,Good,26,63.9,Moderate
100975,31,13.1,21.3,813,0.8,37.8,38,38.0,201,Foggy,Good,62,88.0,Low
100976,212,6.0,118.5,705,9.2,15.4,35,86.0,250,Sunny,Excellent,45,46.6,High
100977,73,35.8,116.0,1199,4.8,-3.9,75,46.0,386,Cloudy,Good,7,72.2,Moderate
100978,152,101.2,41.4,507,0.0,26.8,87,47.0,84,Sunny,Good,96,53.7,Moderate
100979,241,64.6,31.8,415,9.6,32.1,97,92.0,483,Rainy,Moderate,67,38.1,High
100980,241,63.3,36.0,920,9.6,9.7,49,55.0,182,Cloudy,Good,104,41.7,High
100981,76,133.3,31.2,1170,8.9,18.8,26,42.0,265,Sunny,Poor,70,64.6,Moderate
100982,164,134.9,138.0,657,2.7,44.6,31,46.0,70,Foggy,Good,50,42.8,High
100983,131,136.8,51.3,686,4.1,23.8,43,55.0,21,Snowy,Good,88,51.9,Moderate
100984,66,50.5,62.8,1020,8.2,12.6,41,35.0,406,Rainy,Moderate,108,75.4,Low
100985,170,105.2,46.5,1132,5.4,26.4,66,33.0,75,Foggy,Good,118,51.2,Moderate
100986,226,44.4,211.1,470,1.7,4.0,49,36.0,486,Cloudy,Good,104,39.8,High
100987,248,32.6,189.5,1115,2.7,5.0,79,46.0,268,Rainy,Moderate,12,37.4,High
100988,104,31.8,58.4,753,10.7,41.2,58,79.0,167,Sunny,Good,43,66.6,Moderate
100989,161,54.6,78.8,1122,1.7,7.0,39,35.0,378,Rainy,Poor,29,57.0,Moderate
100990,85,67.3,54.1,996,8.0,10.5,45,59.0,396,Sunny,Moderate,83,68.0,Moderate
100991,94,125.5,113.3,1135,5.3,22.2,68,85.0,352,Sunny,Excellent,98,53.9,Moderate
100992,198,22.4,14.1,917,8.2,40.0,88,68.0,350,Cloudy,Good,51,54.2,Moderate
100993,122,111.6,151.0,1192,7.3,34.1,61,43.0,239,Sunny,Moderate,38,52.8,Moderate
100994,185,82.1,119.9,445,4.8,-2.8,25,83.0,50,Cloudy,Moderate,72,42.6,High
100995,211,46.8,198.7,463,3.9,29.7,72,51.0,447,Cloudy,Poor,61,41.4,High
100996,245,76.5,44.5,778,8.3,20.2,53,86.0,475,Rainy,Moderate,90,35.9,High
100997,57,,178.9,889,3.6,18.8,88,70.0,82,Sunny,Excellent,29,68.0,Moderate
100998,69,91.4,176.3,1167,8.7,29.6,29,39.0,468,Sunny,Excellent,77,63.9,Moderate
100999,117,,36.7,351,7.5,4.8,47,31.0,351,Rainy,Moderate,91,65.9,Moderate
101000,101,28.8,93.7,561,6.4,44.1,22,96.0,89,Rainy,Good,66,64.1,Moderate
