DIGITAL_ID,ONE_YEAR_DIABETES_RISK,FIVE_YEAR_CARDIOVASCULAR_RISK,STROKE_RISK,KIDNEY_DISEASE_RISK,HOSPITALIZATION_PROBABILITY,READMISSION_PROBABILITY,ESTIMATED_LIFE_EXPECTANCY,HEALTHY_AGING_SCORE,PREVENTIVE_CARE_PRIORITY,AI_FUTURE_HEALTH_FORECAST
102001,12.7,37.1,28.0,5.0,17.8,30.1,90.9,88.3,Low,Excellent
102002,27.4,41.6,35.9,6.5,26.7,11.0,92.5,86.9,Low,Excellent
102003,15.5,29.6,23.4,0.0,16.3,17.2,89.1,89.1,Low,Excellent
102004,71.4,74.9,64.3,20.6,58.0,44.5,83.3,84.4,Moderate,Good
102005,6.2,20.4,12.3,0.0,10.5,16.4,95.0,86.9,Low,Excellent
102006,22.3,25.3,22.3,0.0,9.7,17.2,93.3,88.4,Low,Excellent
102007,93.3,63.6,52.9,21.5,41.9,40.0,86.2,86.9,Moderate,Excellent
102008,35.7,45.8,36.3,13.6,29.7,27.6,88.5,87.7,Low,Excellent
102009,18.1,35.8,31.3,2.3,14.9,16.0,85.8,85.5,Low,Excellent
102010,33.5,33.1,30.7,7.1,14.8,15.6,94.2,86.5,Low,Excellent
102011,10.4,33.2,21.7,9.0,16.5,15.0,94.5,86.4,Low,Excellent
102012,23.0,25.7,22.6,8.5,20.1,28.4,94.5,89.4,Low,Excellent
102013,21.6,29.9,22.6,10.7,15.2,13.9,92.7,87.4,Low,Excellent
102014,21.1,35.2,26.5,0.0,18.2,27.7,88.6,82.6,Low,Good
102015,44.2,46.6,44.2,10.9,32.5,29.6,89.6,86.2,Low,Excellent
102016,24.0,38.0,30.9,0.0,18.6,17.0,85.5,83.6,Low,Good
102017,22.5,31.2,25.8,0.0,15.3,24.1,92.2,89.1,Low,Excellent
102018,14.4,14.7,6.5,0.0,4.6,7.0,91.5,85.1,Low,Excellent
102019,31.0,48.6,41.6,11.5,25.5,30.4,91.6,85.3,Low,Excellent
102020,30.1,40.4,32.7,0.0,29.4,29.4,84.6,91.2,Low,Excellent
102021,35.3,46.5,41.4,10.0,32.8,24.9,90.8,83.1,Low,Good
102022,25.9,41.3,35.4,0.0,21.0,26.8,86.0,84.2,Low,Good
102023,44.0,46.5,47.9,10.8,36.6,36.3,90.2,87.7,Moderate,Excellent
102024,20.1,23.3,18.5,2.6,17.1,29.5,93.4,89.1,Low,Excellent
102025,10.4,17.0,4.7,7.2,7.8,22.4,93.2,88.0,Low,Excellent
102026,72.3,66.7,56.1,20.6,43.9,40.3,85.4,88.1,Moderate,Excellent
102027,27.7,42.5,40.3,6.3,18.5,12.1,86.0,83.2,Low,Good
102028,37.8,47.7,42.9,0.0,22.9,43.3,87.1,89.4,Low,Excellent
102029,29.7,39.9,34.6,4.6,22.2,12.1,84.3,84.4,Low,Good
102030,12.7,17.5,15.2,0.0,8.5,22.7,93.6,90.3,Low,Excellent
102031,35.8,63.6,56.0,3.2,39.2,37.0,82.9,87.2,Moderate,Excellent
102032,21.6,56.9,44.9,13.8,38.3,23.6,88.9,91.5,Moderate,Excellent
102033,39.0,56.9,48.7,8.8,33.7,29.2,83.3,88.2,Low,Excellent
102034,31.5,41.2,38.2,5.6,26.8,25.4,89.8,87.6,Low,Excellent
102035,27.2,33.4,31.7,15.4,17.2,30.8,93.3,91.1,Low,Excellent
102036,40.4,32.9,38.6,15.3,19.0,15.7,95.2,89.6,Low,Excellent
102037,33.7,38.8,33.0,0.0,17.3,18.3,88.2,83.2,Low,Good
102038,17.2,29.8,24.4,6.7,16.6,1.3,93.8,86.0,Low,Excellent
102039,25.8,35.0,30.4,0.0,19.6,35.6,83.2,84.2,Low,Good
102040,12.4,23.8,14.6,0.0,10.8,7.9,91.9,84.7,Low,Good
102041,13.2,39.1,28.0,6.1,15.8,22.1,87.7,86.9,Low,Excellent
102042,49.3,59.7,50.0,18.9,42.8,34.9,86.0,85.9,Moderate,Excellent
102043,16.1,21.4,19.2,0.0,13.6,17.4,95.4,89.7,Low,Excellent
102044,91.8,60.2,49.7,7.7,34.9,37.4,86.4,84.5,Low,Good
102045,33.8,50.2,40.3,22.5,35.5,44.6,84.0,82.2,Moderate,Good
102046,35.4,63.2,56.2,12.5,38.7,35.2,82.2,82.2,Moderate,Good
102047,26.6,24.1,22.3,0.0,13.0,23.0,94.1,87.4,Low,Excellent
102048,18.7,38.1,31.8,6.7,19.8,24.5,88.5,86.2,Low,Excellent
102049,29.3,42.3,35.2,0.0,24.9,33.1,85.1,82.4,Low,Good
102050,22.7,27.8,25.3,0.0,14.4,14.9,87.6,85.6,Low,Excellent
102051,32.8,51.5,43.8,16.0,26.3,34.4,85.2,83.1,Low,Good
102052,66.7,57.5,47.9,2.9,42.2,44.2,84.6,81.7,Moderate,Good
102053,15.7,36.1,26.6,0.0,14.8,27.6,86.9,82.2,Low,Good
102054,67.4,46.7,43.5,0.0,39.3,28.3,91.1,86.9,Moderate,Excellent
102055,23.9,42.8,30.2,0.0,21.5,21.6,83.2,82.8,Low,Good
102056,10.6,24.0,18.9,0.0,12.4,19.4,96.1,90.2,Low,Excellent
102057,14.5,37.7,28.0,5.5,15.4,8.3,87.3,90.2,Low,Excellent
102058,21.2,54.6,46.4,11.9,27.8,39.4,82.2,84.4,Low,Good
102059,28.2,43.0,42.0,16.3,37.5,32.4,90.5,83.7,Moderate,Good
102060,21.0,37.3,30.0,0.0,13.8,20.6,87.3,83.0,Low,Good
102061,35.5,43.9,42.9,3.5,31.4,24.2,86.5,82.3,Low,Good
102062,20.1,38.4,31.0,0.3,17.9,10.1,88.4,85.4,Low,Excellent
102063,24.2,39.1,34.4,7.0,21.4,18.0,86.4,89.2,Low,Excellent
102064,22.3,31.8,26.0,0.0,13.7,19.9,91.0,88.2,Low,Excellent
102065,93.2,71.9,66.6,13.5,61.0,52.0,84.6,91.6,Moderate,Excellent
102066,21.5,40.8,32.0,5.3,22.1,24.6,83.6,83.8,Low,Good
102067,17.6,46.5,29.5,3.0,25.5,28.1,85.6,89.8,Low,Excellent
102068,23.9,35.9,29.8,0.0,18.0,18.1,86.1,86.7,Low,Excellent
102069,40.3,61.9,59.4,25.7,47.1,42.3,83.3,86.6,Moderate,Excellent
102070,31.8,43.4,39.7,0.0,23.1,35.7,88.4,87.1,Low,Excellent
102071,50.5,57.2,53.3,22.8,41.9,40.8,86.5,85.1,Moderate,Excellent
102072,37.2,50.6,44.5,0.0,22.9,30.2,84.4,88.5,Low,Excellent
102073,19.3,43.8,35.8,0.0,20.8,24.9,92.2,87.7,Low,Excellent
102074,19.4,29.6,25.8,2.3,13.4,6.0,89.5,86.0,Low,Excellent
102075,13.7,30.5,25.2,0.0,17.7,12.3,87.4,83.3,Low,Good
102076,26.2,48.7,39.4,11.6,28.8,30.9,85.2,87.6,Low,Excellent
102077,23.7,40.8,34.8,0.0,17.2,20.2,83.6,84.7,Low,Good
102078,22.1,44.7,40.5,0.2,20.9,26.0,87.1,91.0,Low,Excellent
102079,91.2,49.7,41.8,7.3,31.0,42.0,84.7,91.9,Low,Excellent
102080,17.1,26.9,21.1,0.0,10.8,22.3,90.8,90.0,Low,Excellent
102081,13.3,39.9,30.9,2.9,15.0,29.1,88.9,88.7,Low,Excellent
102082,89.1,79.9,72.7,26.5,65.0,49.8,82.6,83.8,High,Good
102083,15.0,38.6,29.9,0.0,26.7,19.6,85.0,88.7,Low,Excellent
102084,14.9,29.3,17.2,0.0,15.3,18.7,95.5,89.2,Low,Excellent
102085,17.1,33.9,30.4,13.9,27.7,20.2,93.6,88.2,Low,Excellent
102086,75.2,64.0,,,40.0,46.5,87.5,91.0,Moderate,Excellent
102087,25.0,42.9,34.9,7.4,26.1,32.0,91.5,87.1,Low,Excellent
102088,23.2,25.9,21.2,0.0,9.7,20.0,89.5,86.5,Low,Excellent
102089,27.7,30.1,24.3,0.0,14.8,28.7,89.1,84.6,Low,Good
102090,73.0,76.0,70.8,21.5,56.7,27.9,84.1,89.7,Moderate,Excellent
102091,18.4,38.4,31.7,2.4,15.6,24.1,85.8,84.2,Low,Good
102092,18.2,35.9,30.7,11.1,17.9,10.3,84.8,82.8,Low,Good
102093,37.1,58.3,51.4,2.4,36.1,31.6,82.7,83.0,Moderate,Good
102094,24.0,24.1,18.9,5.2,15.9,17.1,91.7,89.9,Low,Excellent
102095,37.1,40.1,36.9,0.0,19.2,26.8,92.8,82.8,Low,Good
102096,26.7,25.9,24.3,0.0,16.4,21.7,91.8,83.7,Low,Good
102097,30.2,32.5,33.2,6.2,23.9,35.1,92.6,89.3,Low,Excellent
102098,26.4,53.0,40.4,4.9,31.7,24.2,82.4,85.5,Low,Excellent
102099,8.2,32.7,21.2,0.0,14.1,24.1,88.1,84.2,Low,Good
102100,20.3,29.2,27.7,0.0,12.4,18.7,93.6,83.1,Low,Good
102101,26.5,40.1,37.8,3.4,27.9,13.7,84.9,84.4,Low,Good
102102,17.3,29.2,22.0,8.5,15.5,11.9,92.6,88.1,Low,Excellent
102103,10.9,34.8,25.3,0.0,15.2,17.9,85.1,80.2,Low,Good
102104,34.9,46.7,45.8,8.0,33.2,38.8,90.6,87.1,Low,Excellent
102105,24.5,28.6,25.6,12.1,28.1,30.6,94.3,88.4,Low,Excellent
102106,41.0,49.8,48.7,6.0,31.5,19.5,87.9,84.5,Low,Good
102107,20.3,33.7,26.1,0.0,18.7,20.1,86.2,88.2,Low,Excellent
102108,34.2,42.2,41.8,,32.1,45.4,91.3,92.2,Low,Excellent
102109,30.3,38.4,32.2,0.0,22.5,24.4,91.3,89.1,Low,Excellent
102110,32.8,38.1,36.5,13.3,26.9,23.5,91.8,82.4,Low,Good
102111,38.1,49.6,43.9,10.9,40.4,38.2,88.8,87.2,Moderate,Excellent
102112,21.8,43.1,34.4,0.0,20.4,28.4,86.2,87.1,Low,Excellent
102113,28.6,46.8,39.2,0.7,25.8,21.8,85.1,90.6,Low,Excellent
102114,16.6,36.1,25.2,0.0,14.6,22.8,84.9,84.5,Low,Good
102115,25.2,36.1,34.6,16.9,23.9,21.7,89.8,89.0,Low,Excellent
102116,20.9,40.9,35.5,0.0,29.0,33.2,86.0,84.1,Low,Good
102117,38.8,46.5,38.7,19.1,30.2,29.5,83.6,83.4,Low,Good
102118,22.7,47.6,36.4,0.0,27.3,30.2,84.2,89.1,Low,Excellent
102119,30.7,41.5,30.5,16.5,37.2,26.3,88.6,89.7,Moderate,Excellent
102120,64.5,57.1,46.3,10.5,34.0,23.8,83.7,80.9,Low,Good
102121,37.5,41.1,42.5,0.0,19.3,29.2,87.0,87.8,Low,Excellent
102122,76.5,68.8,60.7,0.0,43.9,35.7,83.9,86.2,Moderate,Excellent
102123,22.8,40.6,31.3,0.0,14.9,21.2,84.0,86.9,Low,Excellent
102124,18.3,36.3,29.6,0.7,18.1,18.4,93.5,90.5,Low,Excellent
102125,26.5,44.1,35.0,6.4,19.9,29.1,86.4,88.5,Low,Excellent
102126,21.0,47.0,41.3,0.0,26.1,20.8,84.3,85.1,Low,Excellent
102127,52.8,64.4,49.1,,40.7,33.3,84.2,85.9,Moderate,Excellent
102128,38.8,49.0,43.7,11.9,26.0,31.9,93.0,86.9,Low,Excellent
102129,23.3,39.7,35.7,11.2,21.5,32.3,88.2,86.5,Low,Excellent
102130,29.9,38.1,33.5,0.0,16.3,15.6,87.5,82.0,Low,Good
102131,22.7,33.1,30.3,0.0,17.3,36.1,91.7,85.4,Low,Excellent
102132,79.6,55.4,51.7,6.0,46.4,40.3,87.7,88.3,Moderate,Excellent
102133,26.6,34.1,32.7,0.0,19.7,13.5,92.9,86.9,Low,Excellent
102134,22.9,53.3,43.2,5.0,23.3,26.9,84.4,88.2,Low,Excellent
102135,71.3,48.8,40.7,0.0,30.5,25.2,82.7,83.8,Low,Good
102136,21.0,36.5,28.0,0.0,16.9,23.6,93.2,87.4,Low,Excellent
102137,26.0,44.0,38.8,9.2,29.0,27.1,92.1,87.7,Low,Excellent
102138,29.1,26.6,28.5,0.0,10.9,17.1,93.0,86.6,Low,Excellent
102139,11.5,36.5,24.6,2.8,15.0,11.7,88.9,87.6,Low,Excellent
102140,19.1,22.3,16.4,0.0,14.3,26.5,92.2,87.0,Low,Excellent
102141,97.8,61.2,52.5,0.0,38.9,24.1,86.5,85.8,Moderate,Excellent
102142,29.3,40.9,35.0,0.0,22.7,14.7,88.0,88.7,Low,Excellent
102143,29.9,42.4,37.6,12.6,28.0,29.8,91.1,79.3,Low,Good
102144,20.3,30.7,28.0,0.6,16.5,32.7,93.4,87.0,Low,Excellent
102145,21.5,20.3,18.1,1.8,9.8,13.1,95.7,88.8,Low,Excellent
102146,40.0,34.7,35.9,0.0,19.4,27.3,90.2,81.3,Low,Good
102147,24.7,22.1,17.4,5.5,18.9,29.9,89.8,78.1,Low,Good
102148,26.0,31.3,23.3,0.0,14.0,24.9,91.4,86.4,Low,Excellent
102149,91.3,64.9,53.7,25.8,43.9,33.8,88.1,88.9,Moderate,Excellent
102150,6.6,30.9,20.1,6.2,15.3,10.4,86.3,88.9,Low,Excellent
102151,67.6,62.7,54.0,23.0,47.5,20.8,83.3,85.2,Moderate,Excellent
102152,30.4,47.5,43.7,2.6,21.5,20.8,88.3,86.8,Low,Excellent
102153,28.5,37.5,32.3,0.0,20.5,31.7,89.2,83.8,Low,Good
102154,18.4,29.6,25.9,0.0,13.1,8.9,84.9,83.3,Low,Good
102155,17.4,37.2,25.8,0.0,16.8,25.7,84.4,84.4,Low,Good
102156,79.2,51.3,42.9,0.0,35.0,23.4,84.0,89.4,Low,Excellent
102157,20.0,18.1,15.7,0.0,7.8,15.5,95.6,89.3,Low,Excellent
102158,23.4,37.5,29.7,0.0,17.4,26.1,84.1,86.2,Low,Excellent
102159,37.6,51.1,49.0,2.0,33.0,24.5,87.2,85.9,Low,Excellent
102160,30.6,57.2,51.2,7.4,38.4,34.4,86.0,85.9,Moderate,Excellent
102161,9.9,20.6,13.9,0.0,7.2,11.0,91.6,88.4,Low,Excellent
102162,30.5,27.4,26.2,0.0,16.2,25.4,91.4,84.5,Low,Good
102163,27.9,34.2,32.0,6.3,20.6,24.2,89.7,87.2,Low,Excellent
102164,28.3,37.9,37.0,5.1,22.1,23.7,87.9,84.9,Low,Good
102165,25.7,43.8,41.4,0.0,20.7,34.9,87.6,85.0,Low,Excellent
102166,35.6,35.2,,8.4,27.1,31.5,92.3,88.1,Low,Excellent
102167,69.0,62.5,53.4,11.4,50.1,34.5,84.6,86.3,Moderate,Excellent
102168,16.8,33.6,23.8,0.0,16.5,19.2,88.1,87.0,Low,Excellent
102169,69.5,65.9,56.3,7.6,47.2,37.7,83.6,88.6,Moderate,Excellent
102170,22.9,26.1,25.8,0.0,14.9,19.6,92.1,80.9,Low,Good
102171,100.0,56.5,53.5,14.7,41.9,55.3,92.4,89.2,Moderate,Excellent
102172,18.9,46.5,37.3,7.0,23.7,27.2,84.6,81.5,Low,Good
102173,18.5,22.0,18.0,0.0,8.2,0.0,91.7,86.2,Low,Excellent
102174,16.7,27.3,25.7,0.0,16.1,15.3,89.8,88.8,Low,Excellent
102175,7.5,27.9,21.0,0.0,12.8,2.2,85.7,88.3,Low,Excellent
102176,37.3,29.6,32.6,0.0,12.3,14.7,94.6,91.2,Low,Excellent
102177,3.8,30.6,18.9,0.0,11.4,0.9,90.7,84.8,Low,Good
102178,26.5,24.0,22.1,0.0,11.1,9.7,89.3,85.8,Low,Excellent
102179,38.6,50.8,50.9,0.0,31.1,16.5,89.0,82.8,Low,Good
102180,25.2,38.9,32.3,1.8,19.3,24.7,92.7,85.5,Low,Excellent
102181,93.8,56.0,47.2,0.0,35.9,31.6,86.4,90.2,Moderate,Excellent
102182,30.8,45.0,35.2,0.0,21.9,25.6,88.2,85.4,Low,Excellent
102183,21.1,24.4,20.9,0.0,11.0,15.8,93.1,83.1,Low,Good
102184,34.6,25.2,27.3,0.0,11.3,5.6,94.1,84.3,Low,Good
102185,12.6,26.2,20.0,0.5,24.9,29.1,93.9,87.5,Low,Excellent
102186,41.0,57.7,55.0,0.0,37.1,47.6,88.1,90.6,Moderate,Excellent
102187,18.8,32.4,22.7,0.0,16.9,23.4,88.1,84.3,Low,Good
102188,51.4,68.1,54.4,29.5,43.6,32.7,81.9,86.4,Moderate,Excellent
102189,97.7,66.2,55.3,17.3,47.7,27.2,85.6,86.3,Moderate,Excellent
102190,21.3,25.4,25.8,0.0,14.7,11.6,94.6,86.3,Low,Excellent
102191,19.9,23.8,14.5,0.0,9.0,19.0,90.3,87.2,Low,Excellent
102192,23.9,40.3,34.6,0.0,18.9,29.9,89.4,88.1,Low,Excellent
102193,92.8,75.6,69.6,16.2,48.4,41.1,88.4,89.8,Moderate,Excellent
102194,3.6,18.1,11.3,7.2,7.3,20.8,93.6,88.5,Low,Excellent
102195,21.1,36.1,32.0,2.1,20.4,27.9,91.2,89.0,Low,Excellent
102196,14.4,30.2,22.8,0.0,12.8,21.7,92.8,88.4,Low,Excellent
102197,28.0,39.5,34.8,7.6,21.6,17.7,88.1,86.5,Low,Excellent
102198,21.9,45.5,37.8,0.5,24.3,26.0,84.3,86.9,Low,Excellent
102199,26.0,34.2,31.5,,30.5,21.5,93.7,88.7,Low,Excellent
102200,28.4,26.5,25.8,0.0,14.1,18.6,92.4,86.6,Low,Excellent
102201,37.9,49.4,46.0,,22.9,26.4,83.7,86.1,Low,Excellent
102202,17.6,19.8,20.7,3.6,16.7,33.4,94.4,86.1,Low,Excellent
102203,24.5,33.6,32.5,12.3,21.4,12.4,93.2,86.6,Low,Excellent
102204,8.8,29.1,18.7,0.0,10.1,19.9,89.9,78.3,Low,Good
102205,18.6,38.9,30.5,0.0,23.3,35.8,91.2,89.8,Low,Excellent
102206,30.0,37.6,32.9,9.6,19.4,27.7,92.2,88.6,Low,Excellent
102207,34.1,34.9,36.4,0.0,20.5,29.0,96.0,92.3,Low,Excellent
102208,21.0,47.3,40.0,0.0,24.1,29.2,85.1,92.0,Low,Excellent
102209,20.4,51.1,41.3,0.0,28.9,37.7,83.5,82.5,Low,Good
102210,13.4,40.9,32.4,13.9,19.0,12.7,92.2,86.9,Low,Excellent
102211,15.7,25.6,18.6,12.2,15.5,8.2,94.2,89.9,Low,Excellent
102212,28.6,45.3,38.1,3.2,20.2,22.1,85.2,89.1,Low,Excellent
102213,44.6,48.4,46.8,0.8,34.5,13.4,84.6,85.6,Low,Excellent
102214,18.2,32.1,26.5,0.0,17.4,30.3,85.9,84.9,Low,Good
102215,19.4,32.0,24.3,0.0,12.6,27.3,86.7,79.5,Low,Good
102216,17.4,47.7,39.5,11.1,24.9,21.5,83.3,86.8,Low,Excellent
102217,20.8,28.1,27.5,0.0,24.7,21.8,89.7,82.4,Low,Good
102218,58.7,71.8,61.2,30.2,53.7,41.6,82.1,88.3,Moderate,Excellent
102219,39.6,41.0,42.0,0.0,21.0,23.0,86.5,88.6,Low,Excellent
102220,100.0,65.5,58.0,0.0,50.7,41.5,85.1,91.1,Moderate,Excellent
102221,20.1,27.0,21.5,0.0,10.9,21.0,92.3,85.5,Low,Excellent
102222,24.3,30.4,25.8,0.0,19.6,20.4,91.2,89.4,Low,Excellent
102223,31.8,29.8,28.6,0.0,14.4,26.2,87.2,85.9,Low,Excellent
102224,38.6,50.6,48.0,25.0,47.9,42.3,89.8,86.5,Moderate,Excellent
102225,23.7,39.7,35.4,0.4,31.5,24.0,87.9,89.0,Low,Excellent
102226,28.3,30.7,30.6,0.0,13.2,28.6,92.0,80.7,Low,Good
102227,37.9,47.6,47.2,4.9,32.3,18.5,88.4,86.1,Low,Excellent
102228,94.3,63.4,53.6,24.9,49.7,39.1,83.5,83.8,Moderate,Good
102229,12.2,27.7,18.4,9.7,17.4,28.2,94.3,90.0,Low,Excellent
102230,32.7,44.6,39.2,0.0,19.7,16.1,91.5,89.4,Low,Excellent
102231,78.6,54.7,44.4,11.3,36.9,34.6,91.0,81.8,Moderate,Good
102232,35.6,35.0,,4.5,17.9,25.1,86.6,87.2,Low,Excellent
102233,67.1,56.7,43.0,5.4,41.7,28.1,86.4,85.6,Moderate,Excellent
102234,22.6,54.5,46.4,6.1,26.9,25.6,82.0,83.3,Low,Good
102235,26.7,37.1,29.9,0.0,26.4,24.6,87.8,87.8,Low,Excellent
102236,22.8,45.3,39.8,15.4,25.0,20.6,86.4,91.1,Low,Excellent
102237,29.7,46.4,40.0,5.0,29.1,45.9,83.7,85.9,Low,Excellent
102238,9.1,26.8,19.8,0.0,12.4,11.3,85.5,86.3,Low,Excellent
102239,13.2,47.0,36.3,0.0,22.6,31.6,84.2,83.3,Low,Good
102240,27.3,38.5,32.7,0.0,14.5,15.6,87.8,89.1,Low,Excellent
102241,33.7,43.4,40.4,9.1,33.6,21.4,93.5,87.7,Low,Excellent
102242,24.8,22.9,23.4,,11.9,18.0,92.3,88.5,Low,Excellent
102243,100.0,76.8,74.2,9.5,57.4,49.6,84.3,88.2,Moderate,Excellent
102244,65.4,52.9,38.9,3.8,32.7,37.0,84.2,83.6,Low,Good
102245,31.3,46.1,44.2,9.2,25.8,38.0,92.6,92.5,Low,Excellent
102246,39.7,67.7,54.6,11.8,38.6,56.7,83.9,90.1,Moderate,Excellent
102247,14.9,31.0,21.5,0.0,11.0,18.6,93.3,90.0,Low,Excellent
102248,11.6,26.8,19.9,1.3,16.2,14.4,89.8,87.9,Low,Excellent
102249,28.2,51.9,40.4,0.0,24.4,28.3,85.4,89.7,Low,Excellent
102250,74.3,66.0,61.8,0.0,48.7,37.1,87.3,90.5,Moderate,Excellent
102251,37.0,57.2,52.5,26.2,50.4,47.7,91.0,85.9,Moderate,Excellent
102252,27.7,44.1,41.3,0.0,20.8,12.1,88.4,91.6,Low,Excellent
102253,20.4,46.2,33.2,15.8,27.9,45.7,86.6,86.9,Low,Excellent
102254,32.3,54.5,45.2,12.1,33.0,36.7,84.3,87.2,Low,Excellent
102255,13.3,46.7,37.2,11.6,34.3,17.1,84.4,86.7,Low,Excellent
102256,70.8,84.2,72.2,32.7,61.6,41.3,81.5,87.5,Moderate,Excellent
102257,43.4,49.2,47.3,18.6,37.5,39.0,88.4,87.9,Moderate,Excellent
102258,20.1,37.9,28.4,11.9,16.4,29.3,90.7,86.0,Low,Excellent
102259,16.0,45.1,30.3,7.6,31.4,18.7,89.8,88.4,Low,Excellent
102260,86.0,54.9,48.5,14.7,38.9,39.1,83.9,85.6,Moderate,Excellent
102261,37.0,43.0,37.1,18.7,24.5,9.1,85.8,80.9,Low,Good
102262,90.5,67.7,57.6,10.9,43.0,35.1,85.5,88.8,Moderate,Excellent
102263,27.1,25.2,26.3,0.0,10.3,25.1,94.3,90.0,Low,Excellent
102264,39.7,78.8,62.2,30.8,56.6,39.6,81.6,83.4,Moderate,Good
102265,20.6,48.6,42.1,5.3,25.6,13.3,82.9,82.8,Low,Good
102266,23.3,44.2,40.1,0.0,20.7,23.6,86.8,88.9,Low,Excellent
102267,22.0,28.0,22.1,8.1,25.0,20.2,88.5,88.1,Low,Excellent
102268,16.0,38.9,31.9,8.9,16.7,25.1,87.0,89.0,Low,Excellent
102269,28.0,29.2,24.8,0.0,17.3,13.3,91.9,87.8,Low,Excellent
102270,24.8,26.7,24.4,0.0,15.7,13.3,88.0,83.8,Low,Good
102271,28.2,23.1,21.8,0.0,9.9,0.0,92.2,84.0,Low,Good
102272,15.1,31.7,25.3,8.9,16.7,21.4,88.8,90.4,Low,Excellent
102273,16.9,21.0,17.1,3.5,11.0,15.3,88.8,82.7,Low,Good
102274,36.2,46.4,42.5,13.9,36.3,22.3,87.9,85.2,Moderate,Excellent
102275,20.3,27.9,22.4,0.0,18.4,22.6,90.4,84.8,Low,Good
102276,14.3,31.0,25.2,3.4,21.9,31.4,92.3,85.6,Low,Excellent
102277,22.4,41.8,36.5,0.0,19.5,20.0,87.1,88.7,Low,Excellent
102278,10.9,30.3,20.9,0.0,12.5,19.7,87.3,89.9,Low,Excellent
102279,36.0,36.0,34.3,0.0,21.3,25.0,92.8,83.2,Low,Good
102280,30.7,35.1,32.1,14.6,21.2,13.1,89.6,90.8,Low,Excellent
102281,18.7,25.9,18.9,0.0,18.3,37.4,88.3,84.3,Low,Good
102282,13.3,40.3,31.3,0.0,21.1,18.9,84.3,82.2,Low,Good
102283,25.5,38.0,34.8,0.0,15.6,24.6,91.2,88.1,Low,Excellent
102284,16.6,37.8,26.9,0.0,16.2,25.9,86.5,85.7,Low,Excellent
102285,68.2,56.7,48.6,9.1,42.2,34.2,83.8,85.0,Moderate,Excellent
102286,38.9,66.4,58.0,11.7,45.1,41.9,84.2,88.4,Moderate,Excellent
102287,26.5,36.4,34.6,1.5,20.8,24.5,89.6,86.5,Low,Excellent
102288,29.0,51.6,44.3,20.8,38.0,21.4,87.6,86.6,Moderate,Excellent
102289,21.4,29.1,24.3,0.0,17.2,17.7,88.2,85.5,Low,Excellent
102290,68.9,58.7,54.7,14.3,38.1,27.9,86.7,86.0,Moderate,Excellent
102291,36.9,41.3,40.8,0.0,20.9,18.9,86.2,84.8,Low,Good
102292,26.7,38.6,34.8,4.4,17.3,10.0,92.4,87.4,Low,Excellent
102293,19.9,30.8,25.4,,11.5,25.9,86.5,82.6,Low,Good
102294,22.1,42.1,35.9,0.0,31.2,41.5,86.1,90.8,Low,Excellent
102295,26.0,35.3,29.0,5.0,23.8,32.1,87.8,84.5,Low,Good
102296,24.4,50.9,44.6,11.8,31.1,38.8,81.9,83.5,Low,Good
102297,23.6,34.9,29.4,,13.1,15.1,92.5,89.6,Low,Excellent
102298,40.0,51.1,50.2,,34.7,25.7,87.1,88.0,Low,Excellent
102299,42.0,37.2,37.4,2.7,27.9,20.5,91.3,86.1,Low,Excellent
102300,20.1,41.7,,24.9,38.2,38.1,88.0,84.6,Moderate,Good
102301,24.8,44.6,42.2,11.3,28.2,28.7,90.7,83.6,Low,Good
102302,25.6,44.2,35.3,4.1,29.6,27.1,83.9,89.1,Low,Excellent
102303,13.9,28.6,22.4,0.0,11.4,27.2,90.4,83.0,Low,Good
102304,32.3,59.8,51.3,14.8,39.3,36.8,89.0,90.8,Moderate,Excellent
102305,38.5,42.9,,13.8,23.7,17.5,88.4,84.9,Low,Good
102306,38.0,52.5,53.6,0.0,25.7,19.9,89.1,87.2,Low,Excellent
102307,25.0,38.5,,0.0,15.4,24.7,84.1,86.0,Low,Excellent
102308,20.6,21.3,18.9,4.5,10.6,24.7,92.8,84.8,Low,Good
102309,25.7,41.1,35.8,,20.1,26.5,92.1,90.3,Low,Excellent
102310,33.8,43.4,37.6,3.8,18.9,36.5,90.8,87.1,Low,Excellent
102311,28.7,53.8,45.1,12.6,36.5,45.0,82.8,86.5,Moderate,Excellent
102312,36.7,25.7,31.3,0.0,16.5,23.4,94.4,88.3,Low,Excellent
102313,45.8,53.8,50.5,24.5,46.3,31.1,84.9,82.1,Moderate,Good
102314,20.7,48.1,39.5,0.0,20.7,11.9,87.2,89.7,Low,Excellent
102315,22.4,35.4,,0.0,19.2,18.4,91.6,86.9,Low,Excellent
102316,22.6,42.9,39.0,13.1,28.4,33.1,92.1,87.4,Low,Excellent
102317,22.8,36.4,35.6,0.0,22.5,38.1,92.9,84.8,Low,Good
102318,21.9,25.4,22.2,0.0,16.9,23.5,93.8,85.2,Low,Excellent
102319,18.8,30.2,25.2,1.2,17.8,30.0,91.7,83.7,Low,Good
102320,80.2,56.5,45.1,0.0,38.4,31.1,90.3,90.7,Moderate,Excellent
102321,37.6,53.3,44.2,12.7,28.2,31.9,83.8,82.5,Low,Good
102322,24.2,44.3,36.9,5.4,17.4,27.0,87.4,87.7,Low,Excellent
102323,18.0,36.9,32.8,0.0,18.6,5.4,89.3,85.5,Low,Excellent
102324,44.1,41.8,41.6,,23.0,20.5,87.5,84.9,Low,Good
102325,21.1,22.7,21.7,0.0,13.4,25.6,94.9,88.7,Low,Excellent
102326,21.8,44.5,38.6,13.1,23.4,26.2,91.9,84.5,Low,Good
102327,33.5,60.8,50.5,25.8,50.0,30.5,83.2,83.0,Moderate,Good
102328,22.3,30.7,23.8,1.9,12.4,0.0,90.2,86.7,Low,Excellent
102329,39.2,49.3,46.6,6.9,35.7,28.5,92.9,87.1,Moderate,Excellent
102330,33.0,32.6,30.8,0.0,15.5,18.7,91.6,86.9,Low,Excellent
102331,28.1,42.0,35.9,11.0,28.3,19.9,87.4,87.6,Low,Excellent
102332,24.3,29.4,,0.0,15.7,20.6,94.5,89.9,Low,Excellent
102333,7.4,27.4,17.5,10.6,12.9,21.8,91.0,89.4,Low,Excellent
102334,10.5,24.6,20.8,6.5,12.9,23.1,92.4,87.1,Low,Excellent
102335,46.6,45.8,46.7,2.5,37.7,13.8,85.6,83.9,Moderate,Good
102336,46.5,55.5,54.0,12.9,47.8,28.1,88.0,90.5,Moderate,Excellent
102337,67.6,63.2,55.5,12.5,42.6,33.1,87.2,91.4,Moderate,Excellent
102338,100.0,77.3,69.2,,61.5,51.5,85.2,88.2,Moderate,Excellent
102339,27.2,27.6,25.0,0.0,15.1,23.0,88.0,86.4,Low,Excellent
102340,14.6,14.0,12.6,0.0,8.1,18.6,95.7,89.2,Low,Excellent
102341,21.4,34.4,31.0,0.0,15.1,16.0,89.5,83.7,Low,Good
102342,26.2,39.3,33.4,2.3,17.9,18.1,90.4,85.0,Low,Excellent
102343,24.3,31.3,28.5,0.0,14.8,13.1,88.4,85.7,Low,Excellent
102344,24.9,40.8,29.4,0.4,14.7,24.9,88.8,85.1,Low,Excellent
102345,11.6,30.9,19.3,0.0,16.9,12.8,90.5,86.5,Low,Excellent
102346,26.1,49.9,42.3,0.0,19.7,28.6,87.7,90.5,Low,Excellent
102347,20.5,34.1,27.3,5.4,17.9,22.4,92.3,84.2,Low,Good
102348,6.7,17.5,12.9,0.0,6.3,13.4,94.8,90.1,Low,Excellent
102349,100.0,67.2,56.9,0.0,37.5,27.2,82.8,88.3,Moderate,Excellent
102350,23.9,27.1,23.9,1.8,16.9,9.3,94.1,86.7,Low,Excellent
102351,35.6,36.7,38.3,0.0,26.6,20.8,92.0,85.8,Low,Excellent
102352,21.4,34.3,30.2,0.0,14.0,15.8,89.2,84.1,Low,Good
102353,34.9,44.9,37.7,0.0,18.7,2.3,84.9,85.2,Low,Excellent
102354,19.1,50.6,39.2,0.0,33.8,28.7,83.0,86.1,Low,Excellent
102355,28.8,49.6,44.1,17.0,26.1,33.0,86.7,87.2,Low,Excellent
102356,24.0,51.2,42.1,10.4,27.0,30.7,89.4,90.8,Low,Excellent
102357,28.9,26.9,23.8,0.0,16.6,16.0,93.3,86.2,Low,Excellent
102358,59.4,64.0,56.2,,45.9,37.9,85.5,88.1,Moderate,Excellent
102359,18.8,22.8,14.7,0.0,12.4,13.0,91.1,83.8,Low,Good
102360,18.9,29.5,27.0,0.0,14.1,19.7,93.5,86.2,Low,Excellent
102361,20.1,31.4,26.1,0.0,22.6,35.9,85.8,85.1,Low,Excellent
102362,4.2,23.2,15.1,5.4,9.8,23.6,92.1,84.1,Low,Good
102363,9.8,25.7,18.0,2.6,14.9,23.1,88.0,91.6,Low,Excellent
102364,23.4,33.0,31.3,1.8,14.1,14.5,91.5,85.3,Low,Excellent
102365,77.8,53.8,43.3,4.6,33.7,36.2,84.7,83.6,Low,Good
102366,30.2,34.5,36.0,9.9,20.9,9.1,93.2,84.3,Low,Good
102367,61.1,62.2,52.7,8.2,45.8,35.5,83.8,86.4,Moderate,Excellent
102368,17.5,42.0,25.5,0.0,14.3,23.3,86.9,80.8,Low,Good
102369,14.7,31.2,22.4,0.0,14.7,24.8,90.2,88.9,Low,Excellent
102370,93.3,74.6,69.8,6.0,55.7,48.8,80.2,84.7,Moderate,Good
102371,29.2,53.7,44.5,13.1,33.8,32.6,85.0,84.5,Low,Good
102372,22.5,50.2,41.9,0.0,33.2,28.4,87.6,83.5,Low,Good
102373,25.8,27.3,25.4,8.1,16.4,24.1,92.9,88.3,Low,Excellent
102374,27.9,37.1,32.3,,16.8,12.5,86.9,89.7,Low,Excellent
102375,28.6,27.6,27.8,0.0,12.0,10.4,91.5,88.9,Low,Excellent
102376,35.5,31.1,31.4,18.4,16.1,20.2,93.5,88.6,Low,Excellent
102377,32.5,44.0,34.9,0.0,22.5,24.9,85.5,85.5,Low,Excellent
102378,74.7,54.3,41.2,5.7,34.6,16.1,86.5,90.6,Low,Excellent
102379,20.8,25.0,19.6,7.8,10.4,19.9,93.6,90.4,Low,Excellent
102380,24.6,35.1,31.3,14.2,21.0,28.8,88.6,89.0,Low,Excellent
102381,8.5,38.0,28.3,0.0,19.1,20.9,86.4,87.5,Low,Excellent
102382,9.7,41.9,30.0,5.8,19.5,40.7,82.9,84.6,Low,Good
102383,44.2,43.2,40.1,0.0,29.4,22.2,90.9,90.4,Low,Excellent
102384,19.0,42.8,35.0,1.9,21.7,20.1,88.3,85.1,Low,Excellent
102385,16.4,41.7,32.2,0.0,15.3,16.0,86.1,89.2,Low,Excellent
102386,25.8,47.2,37.0,0.0,27.3,25.7,85.7,85.3,Low,Excellent
102387,26.3,46.9,40.2,0.0,30.4,25.6,87.4,90.1,Low,Excellent
102388,18.9,35.7,26.5,0.0,17.4,9.2,86.5,84.2,Low,Good
102389,24.9,37.8,33.1,2.1,14.7,14.5,87.5,85.6,Low,Excellent
102390,25.9,26.1,27.7,0.0,14.3,17.8,94.6,88.8,Low,Excellent
102391,16.1,24.2,15.8,8.2,15.1,28.9,94.2,89.7,Low,Excellent
102392,24.2,25.9,19.3,0.0,12.1,34.9,92.2,90.0,Low,Excellent
102393,10.4,29.8,19.2,0.0,12.1,28.0,90.8,87.1,Low,Excellent
102394,15.3,32.9,26.2,0.0,17.6,14.3,86.5,86.9,Low,Excellent
102395,13.4,21.5,19.8,0.0,11.0,11.1,94.6,88.3,Low,Excellent
102396,17.4,27.9,19.7,0.0,15.3,17.9,88.7,89.1,Low,Excellent
102397,12.9,34.9,24.4,1.1,13.4,32.3,86.6,88.0,Low,Excellent
102398,12.4,19.4,14.8,0.0,9.8,14.5,93.1,83.0,Low,Good
102399,30.2,41.2,36.6,3.8,25.3,14.6,88.5,87.0,Low,Excellent
102400,21.0,33.9,28.1,9.2,15.9,15.5,91.9,82.9,Low,Good
102401,10.0,22.1,18.9,0.0,13.8,24.3,95.4,89.7,Low,Excellent
102402,16.3,40.4,34.8,6.2,22.6,29.1,92.6,90.6,Low,Excellent
102403,9.9,32.9,25.0,0.0,13.8,16.7,90.0,87.6,Low,Excellent
102404,25.3,32.3,24.9,1.3,12.0,22.7,90.4,85.6,Low,Excellent
102405,100.0,73.2,70.3,10.2,55.1,24.9,85.2,84.7,Moderate,Good
102406,49.2,67.5,64.6,16.5,52.4,42.3,84.2,88.3,Moderate,Excellent
102407,65.9,61.4,48.7,17.2,45.5,44.2,90.8,85.8,Moderate,Excellent
102408,34.0,38.3,34.4,0.0,17.4,13.8,83.6,85.8,Low,Excellent
102409,20.3,26.9,26.9,0.0,13.5,11.4,92.4,83.8,Low,Good
102410,17.5,40.2,30.1,9.2,24.1,9.5,86.5,89.9,Low,Excellent
102411,22.1,44.4,37.1,9.3,18.1,33.6,83.6,85.0,Low,Excellent
102412,42.8,45.4,46.6,0.0,31.8,23.3,82.5,81.9,Low,Good
102413,12.9,28.4,21.0,0.0,14.7,20.8,91.4,85.6,Low,Excellent
102414,12.4,22.4,15.9,0.0,8.0,19.6,89.6,84.9,Low,Good
102415,22.6,45.9,38.9,1.8,17.6,32.7,84.5,86.4,Low,Excellent
102416,22.3,22.1,21.2,0.0,10.5,15.1,95.3,87.7,Low,Excellent
102417,31.2,50.0,41.3,13.6,24.3,20.3,84.2,86.1,Low,Excellent
102418,25.1,35.6,31.9,0.0,19.1,22.8,87.8,86.7,Low,Excellent
102419,15.2,24.6,23.0,0.0,10.5,26.6,91.3,84.2,Low,Good
102420,53.7,60.3,48.3,19.6,46.4,36.5,85.3,84.4,Moderate,Good
102421,45.0,44.6,45.0,0.0,33.2,22.3,94.1,90.2,Low,Excellent
102422,32.1,55.2,50.0,0.0,31.2,16.4,84.4,83.2,Low,Good
102423,19.7,24.9,23.0,0.0,16.0,9.8,92.5,84.7,Low,Good
102424,25.1,23.9,21.1,0.0,10.9,23.5,90.1,89.5,Low,Excellent
102425,8.5,24.8,16.6,0.0,12.3,14.8,89.4,88.1,Low,Excellent
102426,30.4,38.7,34.2,0.0,19.3,16.7,84.7,86.3,Low,Excellent
102427,37.8,64.8,57.0,9.4,43.3,30.2,80.4,82.7,Moderate,Good
102428,25.6,35.8,30.8,0.0,19.9,22.6,91.3,87.5,Low,Excellent
102429,22.8,36.2,33.8,0.0,15.9,17.6,90.0,85.7,Low,Excellent
102430,31.5,38.9,31.0,0.0,18.9,19.1,88.6,87.2,Low,Excellent
102431,30.7,46.8,39.7,7.6,23.3,34.8,86.4,93.5,Low,Excellent
102432,19.5,27.6,20.1,0.0,12.6,29.9,88.6,86.0,Low,Excellent
102433,19.7,31.4,25.3,0.0,11.6,4.1,92.0,86.8,Low,Excellent
102434,20.1,31.9,25.4,0.0,12.7,20.2,91.1,90.4,Low,Excellent
102435,29.2,50.8,42.9,9.1,29.5,21.5,84.2,90.6,Low,Excellent
102436,21.1,30.8,24.3,0.0,13.1,15.9,92.8,87.7,Low,Excellent
102437,19.1,31.9,25.6,0.0,12.7,20.1,85.2,84.2,Low,Good
102438,20.4,33.2,,0.0,15.7,17.7,86.9,82.7,Low,Good
102439,11.2,28.5,23.8,0.0,15.2,21.0,92.4,84.2,Low,Good
102440,13.4,35.8,24.6,0.0,18.9,26.7,86.4,86.0,Low,Excellent
102441,40.6,34.3,37.1,2.6,20.8,24.9,90.6,84.6,Low,Good
102442,28.7,33.0,33.9,17.5,20.5,17.1,94.2,86.7,Low,Excellent
102443,9.4,28.4,21.1,0.0,16.6,14.9,92.0,86.1,Low,Excellent
102444,21.3,31.2,30.5,0.0,17.8,9.1,91.5,86.6,Low,Excellent
102445,21.0,49.2,37.4,1.7,23.6,17.3,85.1,91.5,Low,Excellent
102446,60.6,57.8,51.0,5.4,39.6,49.4,81.9,83.2,Moderate,Good
102447,28.4,22.8,25.0,0.0,18.4,14.7,93.9,86.0,Low,Excellent
102448,89.4,66.2,54.5,13.7,43.4,26.5,83.4,90.9,Moderate,Excellent
102449,22.8,51.1,39.9,4.6,30.2,30.7,84.3,87.0,Low,Excellent
102450,21.0,36.2,27.4,0.0,16.8,19.2,82.4,81.1,Low,Good
102451,13.6,35.6,26.1,0.0,16.4,18.3,83.8,85.7,Low,Excellent
102452,11.1,20.1,16.8,0.0,12.1,28.5,93.8,85.7,Low,Excellent
102453,17.7,26.3,23.5,0.0,13.7,22.6,90.1,83.1,Low,Good
102454,16.0,30.5,24.4,0.0,16.7,15.8,88.8,89.5,Low,Excellent
102455,29.7,29.1,28.3,0.0,15.1,15.7,93.2,90.3,Low,Excellent
102456,90.7,59.1,55.1,9.3,37.5,28.5,93.2,91.3,Moderate,Excellent
102457,22.9,32.2,27.6,7.9,22.4,30.4,92.9,87.8,Low,Excellent
102458,86.4,75.2,65.0,10.9,53.1,39.4,84.3,86.0,Moderate,Excellent
102459,24.9,50.5,,0.0,22.4,9.1,83.8,85.8,Low,Excellent
102460,41.4,55.7,47.9,0.0,31.9,28.8,84.1,88.2,Low,Excellent
102461,29.9,39.1,35.5,0.0,25.9,13.2,88.7,87.3,Low,Excellent
102462,23.9,36.8,32.3,3.9,15.5,36.8,86.9,84.3,Low,Good
102463,40.4,41.3,39.8,8.6,31.1,20.9,92.8,87.5,Low,Excellent
102464,12.1,25.1,20.8,0.0,19.3,20.3,91.2,91.5,Low,Excellent
102465,47.5,71.1,,16.7,55.4,45.3,81.8,89.1,Moderate,Excellent
102466,30.8,26.6,27.0,0.0,13.4,15.7,94.7,86.7,Low,Excellent
102467,24.0,38.9,30.0,6.6,21.5,20.6,92.2,87.1,Low,Excellent
102468,29.8,38.6,34.2,0.0,23.8,27.6,83.4,83.0,Low,Good
102469,25.9,38.9,34.2,0.0,17.6,32.7,90.9,89.8,Low,Excellent
102470,25.1,34.7,28.7,13.3,19.5,27.8,91.1,85.7,Low,Excellent
102471,26.1,47.5,42.6,15.0,25.9,37.4,84.2,83.6,Low,Good
102472,30.6,36.5,40.6,0.0,20.6,14.0,92.1,87.9,Low,Excellent
102473,18.6,47.2,38.5,0.0,31.1,31.2,86.6,81.8,Low,Good
102474,17.2,24.8,18.4,0.0,15.3,20.4,92.0,88.0,Low,Excellent
102475,36.9,50.6,45.9,0.0,34.8,33.7,82.7,85.4,Low,Excellent
102476,25.7,31.6,28.8,8.7,14.4,29.7,92.0,86.8,Low,Excellent
102477,61.1,49.3,41.9,0.0,31.6,27.2,85.8,86.4,Low,Excellent
102478,28.5,41.8,38.0,0.0,16.1,16.4,89.9,85.5,Low,Excellent
102479,12.1,31.9,22.8,0.0,16.8,24.4,85.9,85.0,Low,Excellent
102480,26.1,50.8,45.6,9.1,31.7,14.8,89.0,90.7,Low,Excellent
102481,34.7,48.3,42.3,,38.7,31.3,84.6,84.8,Moderate,Good
102482,32.4,39.9,,0.0,18.5,20.0,89.9,93.5,Low,Excellent
102483,37.9,37.7,38.3,0.0,17.0,12.8,88.7,87.5,Low,Excellent
102484,13.9,43.8,34.8,13.6,28.1,35.3,88.6,86.8,Low,Excellent
102485,20.1,27.5,23.5,,16.7,11.5,91.8,90.2,Low,Excellent
102486,21.2,27.3,27.8,0.0,14.6,17.7,87.7,80.2,Low,Good
102487,12.7,20.8,19.0,0.0,12.5,19.9,93.2,90.9,Low,Excellent
102488,23.3,37.3,,0.0,18.5,31.9,91.3,84.2,Low,Good
102489,19.5,34.0,28.0,4.5,15.2,19.0,94.0,89.4,Low,Excellent
102490,4.8,27.0,17.3,8.0,15.9,27.1,90.5,84.4,Low,Good
102491,29.9,40.4,31.6,0.0,15.8,25.1,87.0,88.3,Low,Excellent
102492,16.2,25.7,19.0,0.0,9.3,16.6,92.6,87.6,Low,Excellent
102493,13.8,36.2,26.6,5.0,13.8,9.6,90.7,90.0,Low,Excellent
102494,74.2,60.8,58.1,5.5,42.3,23.9,85.3,87.4,Moderate,Excellent
102495,24.5,33.1,26.7,3.9,24.6,25.6,94.0,87.7,Low,Excellent
102496,67.1,54.1,49.6,0.0,34.9,26.6,91.1,80.5,Low,Good
102497,24.8,46.8,40.3,0.0,31.2,36.1,88.6,90.5,Low,Excellent
102498,17.0,26.5,23.1,18.2,17.3,26.3,92.5,88.8,Low,Excellent
102499,28.5,25.9,27.8,0.0,16.9,18.7,92.7,89.2,Low,Excellent
102500,21.5,25.2,22.7,0.0,9.7,6.6,93.4,81.7,Low,Good
102501,30.6,47.2,38.0,0.6,17.6,24.6,84.5,89.1,Low,Excellent
102502,28.4,36.9,35.7,7.9,22.1,15.1,93.8,90.4,Low,Excellent
102503,14.3,46.9,35.4,12.2,21.6,16.9,84.2,87.4,Low,Excellent
102504,16.1,34.5,25.3,0.0,13.3,10.2,89.9,83.3,Low,Good
102505,17.3,37.7,,0.0,19.0,20.3,89.7,86.1,Low,Excellent
102506,14.1,32.7,25.4,0.0,17.4,29.8,84.8,82.6,Low,Good
102507,46.3,44.9,48.4,0.0,23.9,24.3,83.8,87.0,Low,Excellent
102508,43.2,55.7,53.0,4.3,37.8,29.1,85.9,90.6,Moderate,Excellent
102509,16.7,25.8,17.5,0.0,11.8,4.9,85.9,82.2,Low,Good
102510,21.7,14.6,10.4,0.0,7.9,19.2,96.2,90.8,Low,Excellent
102511,37.2,47.0,41.5,14.9,29.2,21.3,84.4,87.8,Low,Excellent
102512,45.6,65.6,58.2,25.9,47.9,39.7,86.1,85.2,Moderate,Excellent
102513,23.3,42.2,34.7,0.0,15.8,16.6,91.4,91.4,Low,Excellent
102514,20.7,47.5,36.0,6.3,20.9,29.3,82.4,82.0,Low,Good
102515,55.3,52.9,45.5,2.0,35.2,29.8,89.6,87.3,Moderate,Excellent
102516,35.2,59.2,54.4,7.3,45.7,36.9,83.2,83.8,Moderate,Good
102517,24.1,37.7,35.8,22.4,31.6,32.9,90.1,88.6,Low,Excellent
102518,8.4,27.1,14.9,0.0,11.7,33.9,86.6,87.2,Low,Excellent
102519,29.3,38.9,33.8,0.0,24.7,31.9,85.1,85.2,Low,Excellent
102520,25.8,31.9,25.1,4.4,18.7,20.5,91.6,83.2,Low,Good
102521,32.3,39.3,34.8,0.0,23.1,23.9,87.8,85.4,Low,Excellent
102522,42.8,47.0,,0.0,25.6,21.2,86.5,88.8,Low,Excellent
102523,18.7,48.9,41.0,5.5,25.5,17.7,87.8,92.0,Low,Excellent
102524,22.0,29.6,25.0,13.6,17.7,16.2,95.3,88.9,Low,Excellent
102525,44.8,58.1,54.5,12.1,42.5,29.3,86.3,88.1,Moderate,Excellent
102526,33.6,42.8,39.9,0.0,28.4,32.3,86.1,86.9,Low,Excellent
102527,22.6,42.5,36.3,0.0,20.6,13.8,90.0,87.7,Low,Excellent
102528,17.2,29.3,26.5,0.0,11.3,27.4,86.9,88.8,Low,Excellent
102529,44.9,52.0,51.0,0.0,29.7,33.8,84.0,89.5,Low,Excellent
102530,18.7,24.7,16.5,0.0,8.6,15.3,91.4,90.6,Low,Excellent
102531,78.3,64.5,58.3,21.6,49.3,39.6,90.8,85.6,Moderate,Excellent
102532,65.3,58.6,47.2,11.6,41.0,30.2,89.8,89.7,Moderate,Excellent
102533,75.8,69.7,61.5,20.6,50.0,42.1,84.9,87.6,Moderate,Excellent
102534,70.6,64.3,54.5,12.1,51.7,49.7,87.5,83.5,Moderate,Good
102535,13.6,33.6,25.1,0.0,12.2,11.7,91.0,87.9,Low,Excellent
102536,84.8,55.6,46.1,0.0,34.8,18.6,82.8,86.3,Low,Excellent
102537,24.3,43.5,38.8,4.3,20.9,28.2,87.5,88.5,Low,Excellent
102538,40.6,63.0,56.0,6.1,39.5,36.3,84.9,85.4,Moderate,Excellent
102539,17.5,28.5,20.1,6.6,14.7,9.9,94.3,85.4,Low,Excellent
102540,24.5,28.4,23.7,5.9,11.5,11.1,91.0,83.1,Low,Good
102541,10.7,34.7,27.5,15.4,21.4,16.0,94.3,90.5,Low,Excellent
102542,26.4,46.5,34.2,7.1,26.8,20.3,83.2,87.2,Low,Excellent
102543,21.6,20.1,17.2,0.1,7.6,12.0,95.3,89.7,Low,Excellent
102544,19.8,35.5,30.9,0.0,22.5,21.4,88.1,86.6,Low,Excellent
102545,41.2,47.3,46.7,9.1,22.9,18.5,94.4,88.5,Low,Excellent
102546,27.5,40.9,34.5,5.3,18.9,15.3,93.7,86.7,Low,Excellent
102547,17.3,29.6,21.6,8.6,18.2,19.1,93.5,90.9,Low,Excellent
102548,22.4,30.4,23.7,0.0,13.9,19.7,90.4,85.6,Low,Excellent
102549,33.0,36.9,34.6,11.6,19.8,19.3,93.7,85.1,Low,Excellent
102550,37.8,49.2,47.7,13.0,26.8,35.4,87.5,87.2,Low,Excellent
102551,19.4,40.4,,0.0,19.6,25.8,85.2,87.1,Low,Excellent
102552,18.2,35.8,25.2,3.9,23.2,11.2,90.0,88.0,Low,Excellent
102553,49.4,48.1,49.3,5.1,32.8,33.9,90.7,82.7,Low,Good
102554,91.6,58.3,50.6,0.0,36.1,36.5,82.4,85.7,Moderate,Excellent
102555,20.9,42.9,32.2,0.0,21.8,19.6,85.7,87.4,Low,Excellent
102556,25.1,38.8,33.1,0.0,16.5,7.9,86.9,85.5,Low,Excellent
102557,6.6,26.6,12.1,0.0,9.4,15.7,87.0,83.1,Low,Good
102558,23.0,40.5,31.3,5.0,15.6,19.3,83.7,85.6,Low,Excellent
102559,26.8,27.4,26.1,0.0,15.3,10.2,92.1,87.3,Low,Excellent
102560,21.6,28.1,28.6,0.0,14.9,7.3,93.4,87.2,Low,Excellent
102561,71.9,45.7,37.7,0.7,32.9,29.1,88.6,83.3,Low,Good
102562,32.9,50.7,42.7,6.6,30.0,26.1,84.5,88.0,Low,Excellent
102563,26.6,45.1,33.4,11.8,24.4,21.3,87.9,87.8,Low,Excellent
102564,38.4,54.9,48.1,0.0,35.3,30.5,83.8,87.5,Moderate,Excellent
102565,16.7,43.6,32.6,10.0,23.6,15.3,83.9,86.7,Low,Excellent
102566,10.8,46.3,34.3,0.0,18.5,17.6,83.4,85.0,Low,Excellent
102567,23.9,30.3,29.1,0.0,30.8,32.8,93.3,88.8,Low,Excellent
102568,27.0,31.6,29.7,0.0,16.0,16.8,89.7,84.9,Low,Good
102569,25.8,34.9,32.3,11.1,17.9,7.4,95.1,90.6,Low,Excellent
102570,20.9,33.1,27.6,0.0,16.9,16.4,87.1,87.5,Low,Excellent
102571,70.1,52.5,45.5,13.4,35.9,23.0,90.8,88.1,Moderate,Excellent
102572,23.3,21.3,14.2,0.0,10.2,18.2,92.8,83.3,Low,Good
102573,24.1,34.3,28.9,0.9,19.3,24.1,95.9,91.3,Low,Excellent
102574,29.1,21.1,20.1,0.0,11.9,3.9,95.1,90.6,Low,Excellent
102575,31.7,39.3,42.2,1.4,19.1,27.5,89.1,86.4,Low,Excellent
102576,50.9,63.3,49.5,4.6,41.5,26.0,84.2,92.2,Moderate,Excellent
102577,28.0,45.5,41.7,0.0,20.3,34.7,86.1,89.2,Low,Excellent
102578,27.4,45.9,42.4,6.2,26.9,25.7,91.1,88.9,Low,Excellent
102579,46.8,49.5,45.1,5.2,35.2,21.2,85.5,86.3,Moderate,Excellent
102580,50.6,49.9,50.1,4.4,33.2,20.8,89.6,92.0,Low,Excellent
102581,27.1,28.4,27.8,7.7,18.7,24.0,90.3,81.2,Low,Good
102582,33.2,49.4,45.9,11.0,37.1,29.1,85.6,87.4,Moderate,Excellent
102583,30.8,30.4,24.9,0.0,12.2,16.6,92.1,84.0,Low,Good
102584,39.6,50.0,46.8,8.3,30.7,41.3,89.8,89.1,Low,Excellent
102585,31.6,36.1,34.9,2.4,19.1,15.9,90.6,83.7,Low,Good
102586,17.8,47.5,37.4,0.8,26.6,26.4,84.4,81.4,Low,Good
102587,9.9,19.0,12.1,0.0,6.6,25.3,96.0,88.4,Low,Excellent
102588,94.9,48.4,42.2,0.6,33.4,32.2,91.2,89.5,Low,Excellent
102589,16.6,40.4,30.9,0.0,21.0,9.8,91.2,86.9,Low,Excellent
102590,20.2,47.8,39.8,8.3,28.1,30.9,82.1,82.8,Low,Good
102591,27.2,46.0,41.4,0.0,21.3,13.5,84.0,83.8,Low,Good
102592,20.1,25.4,22.1,0.0,15.1,30.3,91.1,84.3,Low,Good
102593,22.1,45.4,37.1,0.0,23.2,17.4,83.0,84.4,Low,Good
102594,27.5,49.5,43.8,0.0,33.3,53.8,86.3,85.6,Low,Excellent
102595,39.7,44.4,42.1,1.5,28.4,38.8,86.3,83.9,Low,Good
102596,7.5,29.6,16.5,0.0,12.6,11.2,84.4,82.8,Low,Good
102597,38.2,46.8,38.6,0.0,30.1,28.2,84.1,83.7,Low,Good
102598,42.1,41.9,,0.0,30.8,34.5,89.4,84.4,Low,Good
102599,81.1,71.1,66.6,18.2,54.3,48.9,84.1,89.9,Moderate,Excellent
102600,63.6,60.4,49.3,6.8,39.3,37.1,82.3,87.7,Moderate,Excellent
102601,22.4,33.2,24.3,8.7,25.0,35.0,93.8,87.3,Low,Excellent
102602,23.7,49.6,40.5,0.0,20.3,21.2,87.4,88.1,Low,Excellent
102603,31.6,41.4,37.8,7.5,36.0,28.7,87.8,88.6,Moderate,Excellent
102604,23.9,47.8,42.1,9.0,43.9,33.6,82.9,86.3,Moderate,Excellent
102605,26.8,44.2,36.8,6.7,30.2,35.0,84.8,89.5,Low,Excellent
102606,38.4,56.4,46.5,12.0,35.5,34.2,91.0,89.6,Moderate,Excellent
102607,12.5,36.7,29.2,7.9,21.0,24.9,87.6,81.9,Low,Good
102608,10.3,24.7,13.9,2.6,12.2,23.7,91.8,85.2,Low,Excellent
102609,20.2,32.5,29.7,0.0,12.6,1.1,83.6,83.1,Low,Good
102610,23.8,42.6,40.2,10.0,23.6,26.6,91.7,86.2,Low,Excellent
102611,27.0,45.0,42.5,0.0,30.2,29.9,88.8,87.5,Low,Excellent
102612,11.0,35.3,25.0,0.0,16.2,33.1,88.4,91.9,Low,Excellent
102613,35.9,50.8,41.2,0.0,27.9,14.5,83.8,84.3,Low,Good
102614,36.7,46.3,40.6,0.0,30.3,40.6,88.8,89.6,Low,Excellent
102615,22.5,33.6,32.0,0.0,19.5,22.3,92.9,86.2,Low,Excellent
102616,16.9,42.7,36.6,0.0,18.9,25.2,85.4,86.6,Low,Excellent
102617,9.3,31.0,23.4,0.0,14.0,31.8,91.7,91.8,Low,Excellent
102618,45.2,70.7,60.3,11.1,48.6,43.7,83.1,89.9,Moderate,Excellent
102619,30.6,42.0,37.3,0.0,23.3,27.2,83.7,86.5,Low,Excellent
102620,40.4,51.5,46.3,5.9,25.2,27.1,84.1,87.0,Low,Excellent
102621,41.2,65.0,58.1,0.0,43.0,31.9,84.4,89.8,Moderate,Excellent
102622,29.7,32.9,31.6,1.4,17.7,20.4,93.5,88.1,Low,Excellent
102623,32.3,35.5,29.2,0.0,15.0,13.3,90.6,87.4,Low,Excellent
102624,36.6,29.2,31.2,0.0,15.6,19.0,92.3,82.5,Low,Good
102625,18.3,29.9,26.9,2.7,13.7,0.0,94.6,91.9,Low,Excellent
102626,20.5,30.6,22.6,0.0,13.7,21.7,88.6,82.3,Low,Good
102627,39.6,49.4,46.7,4.5,29.0,26.5,82.9,85.4,Low,Excellent
102628,30.4,37.2,34.0,,20.4,19.5,91.0,87.0,Low,Excellent
102629,26.6,40.3,29.4,0.0,14.5,20.5,87.6,82.7,Low,Good
102630,19.9,46.4,38.1,11.5,29.9,16.4,85.6,91.3,Low,Excellent
102631,21.2,49.9,43.4,7.4,30.9,44.0,84.9,90.8,Low,Excellent
102632,20.5,47.4,38.9,3.1,20.9,21.7,85.8,87.5,Low,Excellent
102633,23.0,43.1,36.2,0.0,21.6,21.8,84.0,82.5,Low,Good
102634,23.0,42.0,35.1,6.4,20.3,14.5,89.9,82.8,Low,Good
102635,30.1,40.6,40.6,14.4,23.8,24.5,90.1,83.4,Low,Good
102636,38.0,35.9,33.8,0.0,16.8,31.2,88.6,85.9,Low,Excellent
102637,32.4,32.9,29.2,0.0,17.1,28.6,89.1,84.6,Low,Good
102638,100.0,71.3,62.9,0.0,44.8,43.7,82.6,86.2,Moderate,Excellent
102639,20.0,36.6,27.9,12.7,22.4,27.8,86.9,81.6,Low,Good
102640,24.3,42.1,38.0,0.0,25.2,22.3,87.7,85.1,Low,Excellent
102641,25.4,35.1,35.5,0.0,15.0,7.4,86.1,88.6,Low,Excellent
102642,32.8,43.4,37.2,0.0,27.2,24.7,86.0,90.2,Low,Excellent
102643,13.4,41.5,30.6,0.0,19.5,19.8,87.0,85.2,Low,Excellent
102644,33.9,46.1,38.8,0.0,31.7,37.4,82.5,83.6,Low,Good
102645,18.5,31.8,22.9,0.0,15.0,21.5,86.0,88.8,Low,Excellent
102646,10.2,31.4,24.3,0.0,16.0,32.5,86.2,85.3,Low,Excellent
102647,24.8,41.5,32.5,0.0,19.7,31.4,83.5,82.9,Low,Good
102648,15.3,23.3,16.1,9.0,13.2,14.3,92.5,91.0,Low,Excellent
102649,20.1,28.0,27.7,0.0,21.1,8.3,93.4,86.7,Low,Excellent
102650,23.2,40.7,37.1,0.0,20.2,33.2,91.3,84.7,Low,Good
102651,31.5,53.1,39.9,0.0,28.2,37.8,84.5,84.4,Low,Good
102652,29.5,50.1,44.8,4.2,22.6,12.6,85.3,84.0,Low,Good
102653,26.2,33.8,29.0,0.0,12.8,29.8,90.8,90.1,Low,Excellent
102654,33.7,39.5,36.0,0.0,18.0,23.8,88.6,87.5,Low,Excellent
102655,22.9,40.4,31.1,0.0,20.2,23.4,83.1,83.2,Low,Good
102656,30.6,37.0,34.5,0.0,18.9,34.3,87.3,82.7,Low,Good
102657,20.7,38.7,26.2,0.0,14.5,29.4,85.9,88.9,Low,Excellent
102658,20.1,45.3,38.8,0.0,19.0,26.6,83.7,83.8,Low,Good
102659,25.2,29.0,27.0,0.0,16.7,23.8,90.1,84.4,Low,Good
102660,27.0,43.7,36.8,0.0,19.1,26.4,85.9,91.0,Low,Excellent
102661,13.1,21.8,14.5,7.8,8.8,12.1,91.8,89.4,Low,Excellent
102662,24.4,28.7,22.9,0.0,16.9,19.7,88.0,86.2,Low,Excellent
102663,32.0,31.6,27.9,0.0,12.1,10.0,87.8,90.4,Low,Excellent
102664,14.0,29.0,22.1,2.6,15.4,16.6,88.8,86.6,Low,Excellent
102665,27.1,36.9,30.8,0.0,13.8,15.4,85.1,88.0,Low,Excellent
102666,22.0,28.1,18.6,8.3,12.9,12.6,88.7,85.5,Low,Excellent
102667,23.5,39.2,35.5,0.0,18.7,22.3,88.9,87.6,Low,Excellent
102668,18.8,24.4,19.9,0.0,18.1,18.3,94.5,92.8,Low,Excellent
102669,35.9,37.2,33.4,0.0,18.8,25.3,88.9,87.1,Low,Excellent
102670,88.3,50.2,45.5,0.0,31.5,15.9,85.5,88.7,Low,Excellent
102671,17.4,46.3,34.7,8.4,23.4,23.2,89.2,87.9,Low,Excellent
102672,20.6,27.9,25.5,0.0,10.8,17.5,90.8,86.5,Low,Excellent
102673,70.9,47.7,42.1,16.1,31.9,26.7,88.7,86.2,Low,Excellent
102674,27.4,44.4,35.7,,25.5,23.9,83.5,87.5,Low,Excellent
102675,17.2,36.8,26.9,2.6,18.1,8.2,91.1,86.4,Low,Excellent
102676,20.6,41.2,26.3,0.0,19.6,24.6,82.8,83.8,Low,Good
102677,41.8,59.6,50.7,0.0,35.1,36.2,83.1,88.0,Moderate,Excellent
102678,13.7,33.7,22.7,0.0,16.3,23.8,89.6,82.2,Low,Good
102679,25.9,40.1,33.0,0.0,18.6,29.5,89.3,84.3,Low,Good
102680,27.3,44.2,38.3,8.9,30.7,30.1,92.9,93.2,Low,Excellent
102681,23.6,35.0,32.9,0.0,19.1,25.3,92.6,88.8,Low,Excellent
102682,29.9,39.4,31.8,0.0,20.0,23.3,86.0,87.4,Low,Excellent
102683,27.3,40.7,30.9,1.1,16.8,25.6,89.7,86.5,Low,Excellent
102684,22.2,29.1,27.2,10.5,13.8,5.7,93.7,87.0,Low,Excellent
102685,80.4,66.9,56.8,21.1,44.2,29.4,81.0,83.1,Moderate,Good
102686,20.1,25.6,22.9,8.9,11.2,29.4,91.5,85.9,Low,Excellent
102687,84.2,56.2,48.4,0.2,32.6,9.9,82.8,86.1,Low,Excellent
102688,10.9,32.1,21.3,0.0,14.8,17.8,81.6,79.2,Low,Good
102689,31.2,51.4,44.2,5.1,26.5,35.3,83.9,85.3,Low,Excellent
102690,24.4,40.4,,0.0,20.9,21.8,89.1,89.6,Low,Excellent
102691,15.9,26.0,19.0,11.2,13.7,15.0,88.2,82.1,Low,Good
102692,14.8,36.5,30.5,0.0,20.0,23.0,87.4,81.0,Low,Good
102693,21.4,33.6,27.1,0.0,13.4,15.2,87.1,86.7,Low,Excellent
102694,86.5,56.8,50.4,11.8,43.8,36.5,84.8,84.9,Moderate,Good
102695,19.0,29.1,25.3,0.0,11.1,11.2,90.7,90.5,Low,Excellent
102696,39.6,54.0,51.0,6.6,33.8,39.2,83.4,86.5,Low,Excellent
102697,20.8,39.9,36.5,3.6,18.7,32.6,87.6,85.2,Low,Excellent
102698,18.3,39.6,27.9,3.0,19.9,20.9,92.9,89.5,Low,Excellent
102699,23.9,28.7,27.3,0.0,14.0,7.3,87.9,86.5,Low,Excellent
102700,24.7,30.3,30.4,0.0,13.0,13.6,93.5,84.4,Low,Good
102701,25.4,56.0,50.2,22.2,41.1,33.2,90.7,89.3,Moderate,Excellent
102702,23.2,38.7,,3.1,20.1,26.1,87.1,86.9,Low,Excellent
102703,38.5,57.0,54.1,0.0,31.4,20.8,82.3,82.1,Low,Good
102704,41.8,52.9,47.5,12.1,31.1,22.5,85.3,86.9,Low,Excellent
102705,13.7,33.3,27.6,0.0,12.5,21.6,86.4,86.4,Low,Excellent
102706,37.3,55.0,53.7,20.1,44.6,44.3,93.6,90.5,Moderate,Excellent
102707,27.5,31.5,27.7,11.5,17.4,15.4,93.6,88.9,Low,Excellent
102708,25.5,41.2,37.1,3.2,28.0,16.2,84.6,88.1,Low,Excellent
102709,25.5,41.5,34.6,6.5,25.5,51.6,88.9,92.9,Low,Excellent
102710,23.2,54.1,48.0,6.4,25.3,31.4,83.3,84.4,Low,Good
102711,16.6,40.2,29.5,0.0,18.1,18.7,84.0,86.2,Low,Excellent
102712,33.1,44.7,41.8,0.0,21.1,29.6,91.9,85.9,Low,Excellent
102713,23.7,52.5,42.7,0.0,23.1,22.9,85.7,83.9,Low,Good
102714,16.5,33.3,22.6,3.8,15.9,26.5,88.5,87.0,Low,Excellent
102715,24.1,32.1,27.3,6.6,13.1,19.1,90.4,86.6,Low,Excellent
102716,18.1,22.6,15.7,4.8,18.6,21.9,91.9,81.0,Low,Good
102717,38.3,53.3,49.3,0.0,36.9,31.2,80.7,81.2,Moderate,Good
102718,31.5,50.4,46.5,18.1,34.0,18.8,90.1,90.9,Low,Excellent
102719,25.7,40.7,29.1,5.4,15.4,34.7,87.5,84.3,Low,Good
102720,26.1,47.2,40.2,,27.6,19.0,84.3,87.1,Low,Excellent
102721,29.3,46.9,43.3,0.0,18.2,10.0,85.5,87.5,Low,Excellent
102722,22.2,27.3,23.1,2.1,16.0,17.9,88.6,80.9,Low,Good
102723,13.3,37.8,28.1,3.5,20.5,14.6,85.7,84.3,Low,Good
102724,100.0,71.5,64.0,0.0,42.3,35.0,85.0,88.3,Moderate,Excellent
102725,34.7,44.2,46.0,11.3,29.5,33.2,83.3,84.5,Low,Good
102726,43.2,51.4,45.6,7.5,37.0,40.2,92.4,88.6,Moderate,Excellent
102727,21.5,38.8,36.3,0.0,19.6,28.3,83.5,79.5,Low,Good
102728,21.8,34.9,33.8,0.0,15.6,16.9,91.6,86.5,Low,Excellent
102729,12.3,32.8,23.3,0.0,11.7,17.4,84.1,84.9,Low,Good
102730,21.6,28.0,22.0,5.9,13.0,21.1,90.9,85.9,Low,Excellent
102731,35.4,36.4,34.8,0.4,17.1,6.2,89.9,86.7,Low,Excellent
102732,31.2,36.4,35.4,0.0,14.4,23.2,90.0,84.9,Low,Good
102733,33.1,39.7,38.2,0.0,27.4,14.8,93.3,92.2,Low,Excellent
102734,24.0,24.2,21.2,4.2,18.9,37.6,93.1,90.1,Low,Excellent
102735,42.5,57.3,52.2,5.2,27.4,23.2,86.1,89.5,Low,Excellent
102736,18.2,42.5,31.7,0.0,18.1,19.4,83.6,83.2,Low,Good
102737,38.7,42.6,37.7,19.8,33.7,24.0,88.0,83.2,Low,Good
102738,32.9,55.4,47.2,13.4,33.7,25.2,83.3,89.3,Low,Excellent
102739,37.4,31.0,31.8,1.3,13.6,36.4,95.2,92.2,Low,Excellent
102740,34.8,43.3,40.6,0.0,25.9,33.1,86.8,87.6,Low,Excellent
102741,28.0,39.8,34.9,4.0,21.2,10.3,83.8,85.6,Low,Excellent
102742,31.7,37.2,33.0,0.0,18.8,33.3,87.4,86.4,Low,Excellent
102743,72.6,73.9,66.2,19.7,60.6,55.9,86.1,90.2,Moderate,Excellent
102744,20.9,41.6,35.1,0.0,17.5,18.2,84.2,85.9,Low,Excellent
102745,0.6,20.0,9.1,0.0,9.1,17.9,94.3,86.5,Low,Excellent
102746,16.3,17.1,,0.0,8.4,14.9,93.1,86.5,Low,Excellent
102747,71.4,76.1,68.4,35.7,63.9,64.1,84.7,89.5,Moderate,Excellent
102748,12.1,40.9,27.0,6.0,15.2,12.7,85.1,87.1,Low,Excellent
102749,27.2,46.1,39.3,15.6,26.1,26.8,88.3,88.0,Low,Excellent
102750,66.8,60.2,49.1,15.6,37.8,29.2,82.8,85.2,Moderate,Excellent
102751,35.7,37.8,39.0,7.1,21.8,11.6,91.3,86.4,Low,Excellent
102752,40.1,44.5,45.4,8.2,30.9,46.1,92.2,87.4,Low,Excellent
102753,55.0,52.7,46.0,13.4,41.4,25.4,86.3,84.8,Moderate,Good
102754,89.4,59.7,50.2,12.1,40.0,35.8,81.9,85.5,Moderate,Excellent
102755,17.1,32.5,26.2,2.9,13.4,4.1,89.0,84.8,Low,Good
102756,17.1,22.7,18.3,2.1,9.6,12.6,91.5,83.7,Low,Good
102757,35.4,49.2,43.8,10.8,34.0,33.8,89.5,86.9,Low,Excellent
102758,22.4,27.1,22.4,22.5,19.8,15.3,93.2,84.2,Low,Good
102759,94.4,47.4,41.9,4.6,42.7,40.3,91.3,85.1,Moderate,Excellent
102760,25.5,44.0,38.1,0.0,21.2,20.6,87.9,88.8,Low,Excellent
102761,18.5,30.7,28.3,2.8,14.2,27.8,86.4,87.5,Low,Excellent
102762,36.3,45.5,38.1,0.0,32.4,40.3,85.3,81.7,Low,Good
102763,28.6,31.3,30.5,4.1,16.6,15.3,93.5,85.6,Low,Excellent
102764,27.4,52.2,44.8,,42.5,36.1,86.2,89.6,Moderate,Excellent
102765,18.0,32.1,30.5,12.3,22.5,25.0,93.6,85.6,Low,Excellent
102766,93.1,58.9,52.8,11.9,38.4,38.0,91.9,90.0,Moderate,Excellent
102767,31.0,39.7,31.9,4.9,18.2,21.0,84.6,89.1,Low,Excellent
102768,22.2,43.5,37.5,0.0,21.9,24.7,89.8,87.4,Low,Excellent
102769,17.3,32.1,23.8,8.8,12.9,15.8,92.5,87.5,Low,Excellent
102770,21.1,32.3,28.0,0.0,18.6,22.1,86.2,88.9,Low,Excellent
102771,57.8,61.8,53.3,4.8,44.4,47.0,85.4,92.5,Moderate,Excellent
102772,11.1,32.6,25.6,0.0,17.4,25.6,86.7,87.5,Low,Excellent
102773,67.4,56.1,47.4,10.2,37.5,38.1,87.8,83.5,Moderate,Good
102774,60.1,49.0,36.0,0.0,29.8,33.7,82.3,82.6,Low,Good
102775,16.9,25.7,,0.0,10.3,15.0,94.9,88.8,Low,Excellent
102776,20.6,32.1,25.9,0.0,14.6,21.3,85.8,84.5,Low,Good
102777,18.9,46.7,,4.2,19.4,12.9,83.7,85.6,Low,Excellent
102778,84.4,59.2,51.9,18.6,46.5,48.1,89.6,86.5,Moderate,Excellent
102779,23.8,19.7,17.6,1.1,7.7,0.0,93.7,83.0,Low,Good
102780,34.4,58.4,51.3,2.6,37.1,31.5,82.6,82.3,Moderate,Good
102781,72.4,61.2,57.7,0.0,45.1,46.2,91.4,88.8,Moderate,Excellent
102782,21.1,31.7,24.2,2.2,14.6,7.8,91.9,87.5,Low,Excellent
102783,15.4,38.0,28.1,0.0,20.9,25.7,83.0,84.8,Low,Good
102784,9.8,41.3,28.9,4.2,18.0,15.4,87.5,90.4,Low,Excellent
102785,13.9,36.7,29.3,0.0,19.0,18.4,86.9,82.8,Low,Good
102786,29.0,57.6,45.8,0.0,32.1,36.8,82.7,81.7,Low,Good
102787,10.9,25.4,20.8,0.0,14.9,20.5,90.8,85.6,Low,Excellent
102788,18.4,36.5,29.1,3.3,26.6,9.7,85.5,85.0,Low,Excellent
102789,37.9,36.9,32.8,0.0,26.7,18.2,90.1,83.5,Low,Good
102790,42.6,48.0,42.1,,32.0,37.0,86.6,81.0,Low,Good
102791,22.5,44.9,37.7,3.5,20.1,25.7,87.8,87.3,Low,Excellent
102792,13.4,19.9,16.5,,9.3,29.5,93.8,87.4,Low,Excellent
102793,85.3,49.1,41.5,8.3,33.7,43.7,88.3,88.1,Low,Excellent
102794,12.9,30.9,23.4,8.3,17.0,17.4,94.6,87.5,Low,Excellent
102795,24.5,33.2,26.9,0.0,13.2,38.0,93.9,89.3,Low,Excellent
102796,29.4,38.0,33.1,,32.1,29.5,91.9,83.7,Low,Good
102797,36.2,53.2,48.7,0.0,35.9,23.8,90.5,89.3,Moderate,Excellent
102798,11.1,14.2,8.3,0.0,7.5,9.4,94.8,85.8,Low,Excellent
102799,30.3,50.2,43.0,0.0,34.3,12.5,85.5,86.1,Low,Excellent
102800,63.4,50.6,45.3,0.0,33.4,42.9,85.0,87.6,Low,Excellent
102801,22.9,29.9,27.6,2.6,17.4,33.2,93.7,85.5,Low,Excellent
102802,37.4,43.7,48.2,0.0,27.1,18.2,92.5,84.8,Low,Good
102803,41.4,58.9,52.7,9.9,42.1,33.4,88.0,88.3,Moderate,Excellent
102804,11.2,37.6,27.5,4.5,18.7,22.0,89.0,84.8,Low,Good
102805,32.0,46.4,39.6,15.4,30.7,20.7,85.5,88.3,Low,Excellent
102806,3.4,41.8,26.7,0.0,18.1,6.8,83.3,82.2,Low,Good
102807,18.2,26.4,23.0,0.0,12.8,16.0,86.6,82.8,Low,Good
102808,23.5,24.5,18.0,7.2,10.8,13.9,93.9,83.0,Low,Good
102809,40.1,61.0,53.9,13.2,37.9,29.6,83.2,85.1,Moderate,Excellent
102810,17.1,40.3,31.4,0.4,20.3,23.9,87.6,81.4,Low,Good
102811,28.2,55.4,47.4,14.5,38.4,44.5,87.5,90.0,Moderate,Excellent
102812,16.6,29.0,23.7,0.0,16.2,17.3,88.6,85.3,Low,Excellent
102813,34.4,47.1,43.3,0.1,20.1,23.4,85.2,83.0,Low,Good
102814,22.6,32.5,27.2,0.0,17.6,26.4,94.2,89.7,Low,Excellent
102815,34.5,43.8,43.2,0.0,22.8,28.1,87.6,83.7,Low,Good
102816,26.1,36.3,31.8,1.2,14.0,13.5,91.1,88.0,Low,Excellent
102817,24.8,37.1,34.2,0.0,21.6,23.7,91.0,87.0,Low,Excellent
102818,30.5,44.5,35.4,0.0,16.4,24.2,82.3,81.0,Low,Good
102819,32.5,28.2,26.1,0.0,13.7,9.2,92.1,82.5,Low,Good
102820,11.4,40.3,24.7,7.3,17.6,30.6,84.4,85.0,Low,Excellent
102821,38.4,56.7,46.0,18.5,35.6,42.8,83.9,91.0,Moderate,Excellent
102822,27.5,37.0,32.4,6.3,15.0,13.2,94.2,87.2,Low,Excellent
102823,21.3,37.0,30.9,1.5,18.6,22.7,93.6,84.9,Low,Good
102824,16.3,44.2,30.9,12.9,23.9,29.5,91.1,87.3,Low,Excellent
102825,19.6,30.7,26.8,0.0,16.2,15.4,89.2,87.9,Low,Excellent
102826,39.2,44.0,44.8,0.6,27.7,30.5,93.1,85.7,Low,Excellent
102827,73.5,62.2,59.8,10.1,47.2,39.6,86.1,84.2,Moderate,Good
102828,75.5,67.7,,0.0,51.6,29.2,87.0,88.3,Moderate,Excellent
102829,100.0,73.1,63.3,20.3,46.6,41.6,81.7,87.6,Moderate,Excellent
102830,16.3,22.6,19.0,,10.3,7.4,90.2,83.7,Low,Good
102831,17.0,25.8,17.4,0.3,14.5,26.2,87.6,83.0,Low,Good
102832,16.5,19.3,16.6,0.0,13.6,12.8,93.7,90.4,Low,Excellent
102833,31.0,39.5,38.1,,18.3,19.7,89.2,85.6,Low,Excellent
102834,16.3,33.2,26.7,0.0,15.0,30.0,87.7,86.6,Low,Excellent
102835,31.5,23.4,21.7,0.0,14.5,22.7,92.3,85.4,Low,Excellent
102836,20.9,22.3,,0.0,11.2,8.1,95.0,86.9,Low,Excellent
102837,40.2,38.6,40.1,14.1,23.2,15.8,91.0,86.3,Low,Excellent
102838,29.0,34.1,34.9,0.0,16.4,15.1,89.9,85.2,Low,Excellent
102839,43.5,48.5,50.2,0.0,30.5,31.4,86.5,86.4,Low,Excellent
102840,23.1,35.2,27.3,0.0,12.9,20.6,87.5,84.8,Low,Good
102841,26.6,38.9,38.2,3.7,31.3,22.0,91.8,82.6,Low,Good
102842,9.8,42.6,30.6,8.6,25.5,16.0,88.0,88.9,Low,Excellent
102843,33.5,47.1,43.1,9.8,23.3,26.2,84.7,86.8,Low,Excellent
102844,10.8,24.4,17.8,8.6,13.6,16.7,91.4,88.1,Low,Excellent
102845,69.3,79.5,67.7,28.6,57.3,61.6,80.1,81.5,Moderate,Good
102846,59.4,53.1,41.3,4.9,34.2,30.8,86.9,84.9,Low,Good
102847,19.8,40.2,34.8,2.9,29.2,42.0,86.9,87.7,Low,Excellent
102848,26.5,23.1,18.3,0.0,12.1,7.9,93.6,83.9,Low,Good
102849,18.4,46.3,33.4,0.0,18.4,8.4,85.0,85.3,Low,Excellent
102850,29.0,37.5,30.0,0.0,20.2,13.1,91.3,91.1,Low,Excellent
102851,12.3,26.4,21.5,,13.4,27.6,95.6,91.8,Low,Excellent
102852,23.4,50.9,43.0,1.7,23.0,37.9,89.3,89.3,Low,Excellent
102853,19.6,30.3,22.7,0.0,16.4,13.6,87.4,87.6,Low,Excellent
102854,24.9,42.3,38.9,0.0,29.0,23.7,86.5,84.5,Low,Good
102855,25.7,27.5,29.0,0.0,13.9,9.0,95.0,87.4,Low,Excellent
102856,28.6,28.3,23.7,1.1,16.2,5.2,92.5,86.2,Low,Excellent
102857,19.0,41.1,30.0,0.5,17.5,26.3,84.9,88.4,Low,Excellent
102858,18.5,29.2,25.0,0.0,15.5,21.1,89.1,85.6,Low,Excellent
102859,32.8,48.5,42.8,0.0,22.1,23.4,87.9,89.6,Low,Excellent
102860,36.0,27.5,26.5,0.0,17.1,9.1,94.8,88.2,Low,Excellent
102861,25.4,29.8,23.4,5.6,14.5,31.8,90.9,88.6,Low,Excellent
102862,23.4,36.2,32.5,0.0,18.4,17.0,91.7,85.5,Low,Excellent
102863,55.2,47.4,38.0,1.1,32.6,33.8,87.5,88.0,Low,Excellent
102864,23.1,38.0,,7.5,22.2,11.7,94.1,86.8,Low,Excellent
102865,94.7,44.6,41.4,0.0,30.4,26.7,87.6,83.8,Low,Good
102866,13.2,25.5,21.5,0.0,12.3,19.7,94.0,84.8,Low,Good
102867,20.7,45.5,34.0,11.6,24.5,27.3,86.2,88.6,Low,Excellent
102868,26.8,51.3,41.6,17.1,36.9,33.4,84.3,87.6,Moderate,Excellent
102869,33.5,52.4,48.0,0.0,35.6,35.3,82.6,87.2,Moderate,Excellent
102870,31.9,20.0,22.9,0.0,8.4,6.0,94.0,87.3,Low,Excellent
102871,21.9,33.9,27.3,0.0,18.9,22.9,90.2,87.0,Low,Excellent
102872,33.1,42.7,40.6,,30.8,29.4,86.1,81.5,Low,Good
102873,16.8,42.9,25.7,17.2,19.9,23.8,83.1,82.2,Low,Good
102874,85.4,55.5,48.5,5.2,44.0,37.0,87.6,83.5,Moderate,Good
102875,14.3,33.5,27.4,16.1,16.7,9.8,88.0,82.4,Low,Good
102876,18.4,22.0,18.9,0.0,15.5,8.8,91.7,88.6,Low,Excellent
102877,20.0,29.0,22.9,0.0,17.0,2.5,92.5,86.3,Low,Excellent
102878,66.9,53.9,42.8,11.5,33.8,36.8,85.6,85.3,Low,Excellent
102879,24.7,43.2,,0.0,20.7,29.1,90.6,85.9,Low,Excellent
102880,58.5,52.2,44.8,0.0,34.6,37.5,90.8,90.0,Low,Excellent
102881,6.4,29.8,17.0,2.2,13.9,20.8,88.3,85.0,Low,Excellent
102882,69.7,44.0,32.9,1.7,33.7,13.2,88.4,87.1,Low,Excellent
102883,22.6,30.6,25.3,10.0,19.2,13.3,95.4,90.6,Low,Excellent
102884,96.2,52.3,49.0,0.0,38.9,34.7,93.2,87.8,Moderate,Excellent
102885,18.1,42.6,26.1,1.3,24.7,25.9,85.3,88.5,Low,Excellent
102886,33.0,41.0,35.7,20.0,32.1,27.5,90.8,88.1,Low,Excellent
102887,82.0,58.6,46.0,19.5,35.7,34.4,88.9,88.2,Moderate,Excellent
102888,29.3,35.1,35.0,0.0,17.6,20.7,88.1,84.9,Low,Good
102889,30.6,32.8,27.2,11.9,19.5,22.6,93.7,86.9,Low,Excellent
102890,29.0,28.5,29.1,0.0,20.5,17.2,92.5,83.8,Low,Good
102891,26.2,44.4,39.2,13.3,29.8,35.7,87.0,87.2,Low,Excellent
102892,5.3,36.3,22.1,9.4,18.3,17.5,83.2,83.7,Low,Good
102893,28.4,19.1,20.9,,8.8,4.6,94.1,87.7,Low,Excellent
102894,23.7,40.6,34.3,4.1,20.4,16.1,90.1,85.6,Low,Excellent
102895,97.1,70.2,61.3,0.0,46.1,34.9,82.6,90.3,Moderate,Excellent
102896,65.9,63.7,68.3,0.0,40.1,42.0,91.4,88.6,Moderate,Excellent
102897,3.2,19.8,12.3,0.1,13.1,17.5,89.3,86.0,Low,Excellent
102898,30.2,42.0,40.8,8.6,21.5,21.4,90.9,82.0,Low,Good
102899,24.1,41.6,32.9,0.0,19.8,11.9,86.9,90.1,Low,Excellent
102900,23.0,45.5,40.9,0.0,29.2,33.8,87.7,88.8,Low,Excellent
102901,31.5,47.6,42.6,0.0,33.6,24.9,84.8,82.5,Low,Good
102902,18.9,34.7,26.3,0.0,13.5,17.3,89.8,88.2,Low,Excellent
102903,20.4,27.1,23.1,0.0,16.5,31.8,93.2,87.8,Low,Excellent
102904,27.4,22.6,22.6,0.0,12.6,21.7,96.0,90.9,Low,Excellent
102905,16.8,29.4,19.2,1.8,13.2,4.9,83.1,82.3,Low,Good
102906,71.5,72.6,66.2,1.0,53.0,27.6,85.5,85.6,Moderate,Excellent
102907,26.2,28.5,23.1,0.0,13.3,17.5,89.3,80.3,Low,Good
102908,28.9,53.8,41.1,6.1,33.1,20.2,86.7,89.0,Low,Excellent
102909,44.9,48.1,40.2,0.0,31.1,33.9,83.8,85.1,Low,Excellent
102910,26.1,28.8,30.4,10.6,17.0,20.5,94.3,89.4,Low,Excellent
102911,20.8,29.4,22.8,0.0,12.6,18.9,84.7,87.6,Low,Excellent
102912,22.2,25.2,24.8,1.9,14.8,13.2,93.4,86.6,Low,Excellent
102913,9.9,31.6,24.2,0.9,15.3,33.1,92.3,93.5,Low,Excellent
102914,21.1,32.3,30.2,0.0,15.3,41.9,89.5,89.1,Low,Excellent
102915,39.9,40.4,38.0,10.3,26.3,23.6,90.8,84.6,Low,Good
102916,23.8,46.3,42.5,0.0,17.9,23.6,89.4,90.3,Low,Excellent
102917,28.9,25.5,22.9,0.0,14.3,19.4,93.8,86.5,Low,Excellent
102918,21.1,58.7,48.2,7.2,28.4,25.0,83.0,84.9,Low,Good
102919,26.6,64.2,53.5,12.0,40.3,27.5,84.5,86.9,Moderate,Excellent
102920,34.7,40.9,40.0,8.0,24.6,16.1,91.8,91.9,Low,Excellent
102921,15.4,33.2,25.7,0.0,16.6,10.9,88.4,83.3,Low,Good
102922,29.9,38.4,34.9,1.0,19.5,24.9,90.6,84.8,Low,Good
102923,27.7,45.3,38.5,1.7,28.2,22.7,84.8,84.2,Low,Good
102924,13.5,44.1,34.6,0.0,18.9,0.7,86.2,85.4,Low,Excellent
102925,23.5,29.6,27.0,0.0,16.8,23.7,95.6,91.0,Low,Excellent
102926,32.2,47.7,41.8,12.4,30.9,28.2,91.2,88.6,Low,Excellent
102927,21.6,45.9,37.2,0.0,23.4,34.8,84.1,86.4,Low,Excellent
102928,30.2,42.2,34.5,3.2,18.9,24.3,86.0,84.8,Low,Good
102929,30.5,41.1,38.8,8.1,19.1,9.6,86.7,82.8,Low,Good
102930,32.7,34.8,32.3,1.1,15.5,1.5,91.9,89.6,Low,Excellent
102931,17.6,43.6,36.8,0.0,16.4,14.1,82.5,82.2,Low,Good
102932,15.9,32.6,27.2,0.0,18.5,16.1,88.6,87.0,Low,Excellent
102933,13.8,35.2,27.5,8.2,21.4,30.4,88.4,85.0,Low,Excellent
102934,30.8,42.3,39.9,0.0,24.6,24.7,84.8,85.7,Low,Excellent
102935,29.7,26.8,25.9,0.0,10.6,25.4,90.2,83.3,Low,Good
102936,30.4,46.6,44.0,7.8,25.7,14.8,94.4,88.2,Low,Excellent
102937,25.0,33.7,27.3,0.0,18.8,29.0,92.4,87.3,Low,Excellent
102938,32.3,63.2,53.5,26.5,46.7,43.8,82.4,86.2,Moderate,Excellent
102939,8.4,40.1,28.1,6.7,23.3,7.9,85.1,88.6,Low,Excellent
102940,13.3,28.9,24.6,8.6,17.6,31.1,95.1,88.9,Low,Excellent
102941,39.9,54.5,50.0,3.4,34.2,31.3,85.5,83.9,Low,Good
102942,74.6,68.7,57.6,,50.5,43.4,84.9,84.2,Moderate,Good
102943,30.6,26.4,26.3,0.0,14.1,11.6,92.9,84.1,Low,Good
102944,34.2,48.5,42.6,7.7,35.0,41.2,86.1,89.3,Low,Excellent
102945,13.6,35.8,30.0,0.0,14.3,9.1,88.0,85.6,Low,Excellent
102946,25.8,39.7,28.6,1.6,19.9,28.6,90.1,86.0,Low,Excellent
102947,23.5,39.7,33.6,14.2,22.5,30.1,88.3,87.1,Low,Excellent
102948,9.0,21.3,8.9,10.8,12.8,9.9,90.6,87.2,Low,Excellent
102949,17.6,35.0,29.8,5.5,20.4,38.1,90.5,87.5,Low,Excellent
102950,13.3,34.5,22.1,5.8,15.5,21.2,86.4,86.1,Low,Excellent
102951,36.5,49.2,44.2,0.0,24.3,29.8,84.4,86.2,Low,Excellent
102952,35.7,67.2,57.4,18.2,40.7,22.2,84.0,89.6,Moderate,Excellent
102953,22.7,42.3,36.0,8.9,20.9,39.5,87.8,84.8,Low,Good
102954,57.0,62.9,,10.7,45.3,27.4,82.2,87.0,Moderate,Excellent
102955,8.0,26.0,19.3,0.0,12.1,25.5,92.4,85.1,Low,Excellent
102956,31.0,39.9,38.3,14.3,18.8,13.3,88.1,82.1,Low,Good
102957,67.4,45.9,44.7,1.7,32.4,24.5,92.0,86.1,Low,Excellent
102958,20.8,22.1,22.8,13.4,20.9,28.8,94.2,88.3,Low,Excellent
102959,33.1,40.2,40.1,10.6,27.6,34.8,92.8,88.1,Low,Excellent
102960,35.2,46.0,40.5,5.2,40.9,24.4,85.8,85.0,Moderate,Excellent
102961,10.6,28.9,,0.0,14.1,27.2,91.0,84.7,Low,Good
102962,25.6,36.7,26.4,8.6,14.4,27.0,84.9,89.1,Low,Excellent
102963,15.4,27.7,22.1,3.5,13.5,10.6,90.0,87.5,Low,Excellent
102964,6.7,45.4,31.9,12.5,21.6,35.7,84.9,89.9,Low,Excellent
102965,41.9,58.8,54.5,11.0,38.9,21.7,83.9,88.2,Moderate,Excellent
102966,30.9,56.0,48.7,,43.0,30.8,85.8,90.5,Moderate,Excellent
102967,20.4,48.7,40.5,12.5,25.5,29.2,86.7,89.9,Low,Excellent
102968,14.5,33.9,27.1,0.0,17.9,13.9,92.9,84.4,Low,Good
102969,18.5,31.5,21.0,0.0,17.3,22.5,87.5,88.0,Low,Excellent
102970,29.3,39.1,31.9,0.0,15.5,21.2,85.7,88.6,Low,Excellent
102971,68.5,47.6,34.1,5.1,30.8,27.0,87.8,89.0,Low,Excellent
102972,24.3,44.2,36.2,10.7,24.4,31.3,85.7,90.5,Low,Excellent
102973,28.6,54.0,43.4,7.2,40.9,32.7,81.2,84.1,Moderate,Good
102974,87.2,59.2,,10.4,37.0,34.1,85.6,86.6,Moderate,Excellent
102975,24.5,21.5,23.8,0.0,11.6,26.2,92.2,83.3,Low,Good
102976,15.2,30.4,25.2,0.0,11.4,23.2,88.4,87.6,Low,Excellent
102977,100.0,75.1,72.7,10.7,62.3,53.7,83.2,84.1,Moderate,Good
102978,15.2,43.5,30.7,7.3,18.4,11.8,89.9,90.6,Low,Excellent
102979,36.4,60.9,52.0,8.9,36.1,35.8,85.1,88.5,Moderate,Excellent
102980,100.0,68.2,59.2,0.0,46.2,30.7,85.8,86.1,Moderate,Excellent
102981,19.1,42.9,33.9,3.2,16.3,9.5,89.7,89.6,Low,Excellent
102982,22.6,32.8,33.0,0.0,16.8,19.5,88.6,82.5,Low,Good
102983,46.6,63.8,59.8,,49.4,32.4,81.5,85.5,Moderate,Excellent
102984,26.0,50.2,40.4,11.8,24.0,30.7,84.3,88.6,Low,Excellent
102985,11.3,23.7,16.2,0.0,13.8,24.8,89.8,82.2,Low,Good
102986,18.1,25.6,19.4,2.1,13.2,2.7,93.1,85.5,Low,Excellent
102987,87.1,68.2,56.6,14.1,45.2,30.5,86.0,89.5,Moderate,Excellent
102988,21.7,31.6,28.7,,19.7,10.1,91.9,83.0,Low,Good
102989,20.6,41.1,33.6,2.6,30.1,24.4,91.4,85.3,Low,Excellent
102990,33.9,55.3,53.4,11.8,29.9,31.6,84.8,90.7,Low,Excellent
102991,40.8,42.2,40.5,4.0,21.7,21.1,83.1,84.9,Low,Good
102992,92.1,49.0,47.1,0.0,36.9,27.4,92.1,84.1,Moderate,Good
102993,32.4,43.5,37.5,1.4,25.7,35.8,83.4,84.0,Low,Good
102994,87.8,68.1,54.6,2.3,39.5,15.3,84.3,92.5,Moderate,Excellent
102995,27.8,47.5,36.5,5.9,28.1,36.8,88.8,88.1,Low,Excellent
102996,28.8,38.2,34.1,4.4,24.3,20.2,88.5,85.9,Low,Excellent
102997,25.8,35.0,28.8,0.0,13.1,17.2,86.9,82.3,Low,Good
102998,18.1,32.1,22.1,0.0,14.0,14.2,88.7,85.5,Low,Excellent
102999,23.1,53.1,43.2,14.3,27.3,38.7,84.6,86.5,Low,Excellent
103000,22.4,44.4,34.9,15.4,22.3,13.5,85.2,88.8,Low,Excellent
101001,70.1,68.0,65.4,2.6,51.1,31.2,86.2,90.2,Moderate,Excellent
101002,34.2,21.3,24.5,0.0,13.5,21.6,94.8,87.8,Low,Excellent
101003,29.2,24.5,22.4,0.0,12.2,26.2,93.4,84.1,Low,Good
101004,28.5,61.4,51.1,11.3,44.5,42.7,86.1,87.7,Moderate,Excellent
101005,31.0,41.0,38.5,6.0,25.9,34.2,87.4,88.9,Low,Excellent
101006,16.4,30.7,27.7,0.0,14.5,17.0,88.9,86.5,Low,Excellent
101007,35.0,31.9,30.9,0.0,16.2,16.0,91.7,86.9,Low,Excellent
101008,29.2,26.4,25.9,0.0,13.2,12.0,94.0,85.9,Low,Excellent
101009,43.4,52.2,49.5,18.1,37.6,32.1,87.8,86.5,Moderate,Excellent
101010,21.2,23.8,19.1,0.0,10.6,15.7,94.1,87.5,Low,Excellent
101011,29.4,37.3,35.7,0.0,17.4,22.1,87.1,88.2,Low,Excellent
101012,28.9,23.2,21.3,0.0,9.9,14.9,93.8,84.3,Low,Good
101013,39.5,52.9,48.9,6.6,24.3,23.5,82.8,81.2,Low,Good
101014,17.9,40.1,30.7,0.0,20.0,15.8,86.0,82.7,Low,Good
101015,23.1,30.6,31.8,0.0,12.4,25.0,91.2,88.1,Low,Excellent
101016,29.6,49.9,44.6,0.0,33.6,30.7,86.6,83.3,Low,Good
101017,22.9,40.7,32.0,7.4,23.3,22.6,86.5,82.8,Low,Good
101018,33.6,38.1,34.6,9.9,31.5,22.9,91.7,87.4,Low,Excellent
101019,14.3,26.0,22.6,0.0,14.4,8.0,91.6,87.6,Low,Excellent
101020,31.0,37.4,33.8,3.0,21.2,33.2,90.3,87.5,Low,Excellent
101021,30.9,53.2,44.4,12.0,28.1,31.3,84.8,84.6,Low,Good
101022,23.5,51.4,41.7,13.3,33.7,17.2,86.8,86.7,Low,Excellent
101023,31.8,53.8,47.9,16.6,41.1,40.8,81.3,83.6,Moderate,Good
101024,44.9,36.9,43.1,0.0,28.3,34.4,93.6,87.0,Low,Excellent
101025,34.4,45.1,43.2,3.1,22.7,24.6,91.2,87.9,Low,Excellent
101026,100.0,74.0,64.2,13.5,51.3,53.6,86.7,91.0,Moderate,Excellent
101027,36.4,64.8,54.1,24.2,43.2,37.7,83.6,84.8,Moderate,Good
101028,20.7,38.9,35.1,5.6,25.7,14.1,89.6,85.1,Low,Excellent
101029,25.4,53.5,44.2,0.0,24.5,27.6,84.2,85.2,Low,Excellent
101030,28.5,42.0,34.2,0.0,29.1,29.4,84.5,82.3,Low,Good
101031,26.7,30.5,26.6,0.0,17.9,15.9,90.1,86.1,Low,Excellent
101032,25.5,45.4,,12.1,31.7,33.6,90.2,87.1,Low,Excellent
101033,25.3,50.7,42.4,7.3,26.4,12.5,91.9,90.5,Low,Excellent
101034,17.4,37.5,32.8,0.0,16.1,27.6,85.9,87.8,Low,Excellent
101035,22.9,53.2,42.9,1.5,31.7,22.0,83.6,85.6,Low,Excellent
101036,35.9,29.3,32.3,0.0,16.7,12.1,93.5,87.0,Low,Excellent
101037,10.4,34.1,23.1,2.4,14.1,17.6,87.0,88.6,Low,Excellent
101038,16.1,24.3,17.3,0.0,14.1,21.9,91.0,88.9,Low,Excellent
101039,26.0,37.7,32.8,1.5,20.0,23.3,91.3,88.1,Low,Excellent
101040,36.7,46.2,44.8,0.0,30.9,22.6,90.1,91.1,Low,Excellent
101041,49.0,66.0,61.5,15.7,43.4,32.0,82.6,83.1,Moderate,Good
101042,96.2,56.8,49.9,13.2,45.7,28.4,90.0,89.8,Moderate,Excellent
101043,22.5,45.1,40.2,12.5,22.8,21.9,88.9,86.6,Low,Excellent
101044,36.5,56.4,47.9,15.4,38.0,41.4,89.4,87.0,Moderate,Excellent
101045,26.7,33.0,28.1,1.8,18.1,20.8,87.6,87.1,Low,Excellent
101046,69.5,71.6,65.7,6.3,52.5,48.4,83.8,91.6,Moderate,Excellent
101047,30.0,30.4,29.4,0.0,16.5,31.6,90.7,87.2,Low,Excellent
101048,10.6,27.9,17.6,0.0,11.4,12.1,88.8,83.6,Low,Good
101049,37.7,41.5,43.9,11.4,32.2,27.8,91.2,89.8,Low,Excellent
101050,49.8,59.6,58.7,9.7,46.3,55.2,92.3,90.0,Moderate,Excellent
101051,17.2,43.0,32.4,3.3,20.6,33.9,84.4,87.6,Low,Excellent
101052,53.2,67.6,58.3,6.1,44.1,23.1,84.7,83.4,Moderate,Good
101053,39.9,66.8,56.8,11.3,41.3,37.9,82.7,83.9,Moderate,Good
101054,24.0,26.5,23.7,0.0,11.1,16.7,86.4,82.8,Low,Good
101055,21.3,23.4,20.0,0.0,13.3,24.6,93.3,85.9,Low,Excellent
101056,20.5,47.9,39.5,4.9,32.1,23.3,84.6,88.3,Low,Excellent
101057,22.8,40.9,36.3,0.0,26.5,19.2,85.3,87.3,Low,Excellent
101058,35.1,33.2,32.8,0.0,16.8,14.7,88.4,83.4,Low,Good
101059,23.4,36.9,33.1,14.6,20.9,18.0,95.1,91.5,Low,Excellent
101060,24.7,29.3,22.5,0.0,10.7,22.9,89.5,88.8,Low,Excellent
101061,20.6,37.1,33.0,0.0,16.0,10.2,87.9,83.4,Low,Good
101062,4.2,19.0,6.0,0.0,5.7,8.4,91.5,88.4,Low,Excellent
101063,29.0,61.5,54.0,,33.8,16.0,82.8,87.0,Low,Excellent
101064,0.0,28.2,16.4,0.0,9.5,23.8,85.1,88.6,Low,Excellent
101065,18.1,23.6,20.1,0.0,11.6,27.1,95.4,88.4,Low,Excellent
101066,63.4,47.5,39.6,0.0,36.3,29.1,91.3,83.1,Moderate,Good
101067,10.6,39.8,26.1,0.0,14.7,16.5,85.6,85.8,Low,Excellent
101068,88.6,57.8,52.2,18.8,36.4,35.4,86.0,83.7,Moderate,Good
101069,18.1,46.5,34.2,12.8,20.5,34.1,85.2,85.9,Low,Excellent
101070,21.5,51.8,44.9,5.6,31.3,32.1,84.2,89.2,Low,Excellent
101071,26.1,25.5,21.8,1.7,10.8,10.9,94.3,89.3,Low,Excellent
101072,31.8,50.5,40.9,0.0,21.5,9.9,85.5,86.5,Low,Excellent
101073,22.2,36.3,31.3,9.2,20.6,13.4,91.0,91.3,Low,Excellent
101074,46.1,52.0,38.7,13.8,32.1,29.9,88.1,89.1,Low,Excellent
101075,28.0,32.0,29.8,1.4,12.7,12.4,91.4,85.1,Low,Excellent
101076,26.9,43.2,35.1,1.8,25.3,26.8,92.4,85.6,Low,Excellent
101077,21.0,37.4,28.7,0.0,26.2,21.3,89.8,85.2,Low,Excellent
101078,9.5,20.3,16.5,0.0,7.5,6.1,95.0,90.6,Low,Excellent
101079,29.9,57.7,50.5,0.0,26.5,16.5,83.1,84.1,Low,Good
101080,28.9,45.0,38.8,11.4,21.5,35.4,90.6,82.8,Low,Good
101081,28.4,32.2,26.9,15.1,19.7,29.0,93.5,87.6,Low,Excellent
101082,24.8,36.9,30.8,0.1,21.1,36.5,87.9,88.9,Low,Excellent
101083,70.9,60.0,49.3,23.1,40.7,38.8,87.7,86.7,Moderate,Excellent
101084,41.3,58.5,58.5,20.7,42.7,32.2,90.6,85.4,Moderate,Excellent
101085,29.0,46.2,39.8,12.6,26.6,36.5,85.9,88.2,Low,Excellent
101086,35.2,45.1,40.4,2.9,27.7,26.3,84.3,86.4,Low,Excellent
101087,29.4,32.2,32.5,0.0,18.3,22.8,94.0,85.4,Low,Excellent
101088,31.1,43.9,40.9,0.0,31.5,28.6,86.0,83.7,Low,Good
101089,21.9,32.6,27.2,0.0,16.7,0.0,87.7,85.8,Low,Excellent
101090,40.9,55.9,50.6,,45.2,49.9,82.2,87.7,Moderate,Excellent
101091,30.9,40.3,36.9,1.0,29.3,31.5,88.0,86.2,Low,Excellent
101092,23.2,50.1,39.8,11.4,25.6,28.0,86.9,90.2,Low,Excellent
101093,30.5,40.1,36.0,0.4,20.0,21.5,90.9,83.4,Low,Good
101094,32.3,48.9,43.4,13.0,35.1,32.4,90.6,86.4,Moderate,Excellent
101095,36.4,38.8,35.5,0.0,20.4,17.5,86.9,84.7,Low,Good
101096,35.5,48.9,40.9,0.5,28.3,31.9,85.2,87.2,Low,Excellent
101097,18.0,30.6,28.0,0.0,18.1,10.4,93.2,84.7,Low,Good
101098,8.4,29.4,18.5,0.0,15.5,20.8,91.6,84.1,Low,Good
101099,29.9,55.0,48.4,13.3,32.0,33.7,84.7,84.5,Low,Good
101100,37.0,44.1,40.3,2.2,29.1,25.9,82.5,84.3,Low,Good
101101,31.6,27.5,29.3,0.0,16.7,23.0,95.1,91.1,Low,Excellent
101102,20.3,36.6,24.0,,29.5,19.7,88.1,84.2,Low,Good
101103,100.0,64.1,60.8,9.6,39.6,26.0,90.1,87.7,Moderate,Excellent
101104,11.3,21.1,18.1,0.0,8.0,16.7,93.7,86.5,Low,Excellent
101105,25.7,43.2,40.3,7.5,24.3,30.0,87.2,85.0,Low,Excellent
101106,65.2,72.7,58.3,22.2,53.2,26.9,83.1,86.7,Moderate,Excellent
101107,31.0,49.0,44.9,25.5,35.4,35.4,87.3,84.5,Moderate,Good
101108,9.7,26.9,18.7,0.0,10.4,11.9,93.3,90.4,Low,Excellent
101109,22.5,27.6,23.3,0.0,16.7,18.5,91.6,84.5,Low,Good
101110,29.6,45.9,44.5,0.0,22.7,12.9,86.6,85.8,Low,Excellent
101111,20.0,29.0,25.1,0.0,15.5,12.5,86.7,86.5,Low,Excellent
101112,28.5,53.2,45.6,6.8,32.9,37.4,83.5,80.4,Low,Good
101113,26.6,53.0,44.9,4.4,25.1,25.3,88.0,88.3,Low,Excellent
101114,29.7,36.9,34.2,0.0,21.6,19.9,84.3,86.6,Low,Excellent
101115,34.5,49.8,40.8,0.0,24.9,24.0,83.6,88.0,Low,Excellent
101116,87.8,67.9,58.4,13.8,45.3,41.1,81.5,86.3,Moderate,Excellent
101117,42.2,58.4,58.2,17.6,38.6,36.7,85.6,88.7,Moderate,Excellent
101118,25.6,39.5,30.9,0.0,15.4,18.6,89.2,87.8,Low,Excellent
101119,63.2,62.9,53.7,7.2,40.6,43.1,81.4,85.1,Moderate,Excellent
101120,65.1,61.7,55.9,14.4,40.8,42.3,90.6,89.1,Moderate,Excellent
101121,27.5,41.3,,0.0,19.6,25.1,87.2,84.9,Low,Good
101122,39.3,42.9,39.2,0.0,20.2,22.6,85.5,85.3,Low,Excellent
101123,22.8,32.7,30.8,0.0,17.3,25.6,90.1,90.2,Low,Excellent
101124,8.5,18.6,14.1,9.7,11.8,19.6,95.1,87.4,Low,Excellent
101125,36.1,44.9,43.1,8.3,24.4,33.1,88.7,85.1,Low,Excellent
101126,15.1,44.3,30.4,0.0,18.3,28.2,85.4,90.5,Low,Excellent
101127,83.8,57.6,52.6,20.2,45.6,29.2,89.5,81.7,Moderate,Good
101128,13.4,38.5,29.4,12.9,21.4,14.1,84.9,82.9,Low,Good
101129,31.5,42.4,36.3,0.0,25.0,19.4,87.1,82.2,Low,Good
101130,25.0,37.7,32.4,0.0,17.9,28.5,93.8,88.7,Low,Excellent
101131,34.6,52.7,46.5,9.0,35.0,18.4,84.0,84.8,Moderate,Good
101132,36.9,45.9,40.5,0.0,26.6,29.1,86.7,83.7,Low,Good
101133,26.5,36.0,36.8,15.6,21.4,25.7,94.3,88.8,Low,Excellent
101134,31.7,30.6,28.7,0.0,16.5,29.2,92.1,87.2,Low,Excellent
101135,12.4,32.1,26.1,2.8,15.1,20.5,89.3,83.2,Low,Good
101136,27.2,29.4,30.7,,18.3,10.2,91.3,90.8,Low,Excellent
101137,32.8,46.1,43.7,13.2,29.1,19.8,85.2,89.3,Low,Excellent
101138,19.9,26.4,17.7,5.1,10.9,7.1,94.0,89.9,Low,Excellent
101139,34.4,38.9,34.3,0.0,18.5,16.8,90.1,86.5,Low,Excellent
101140,29.8,18.6,19.9,0.0,7.6,13.1,92.9,84.8,Low,Good
101141,13.3,31.1,24.4,1.6,12.6,8.2,92.1,90.0,Low,Excellent
101142,42.3,47.3,47.3,0.0,32.4,41.2,86.9,85.8,Low,Excellent
101143,24.4,31.6,27.3,0.0,17.4,9.8,93.5,87.6,Low,Excellent
101144,17.0,40.5,31.8,0.8,15.0,29.8,89.8,85.9,Low,Excellent
101145,32.1,43.1,38.3,0.0,30.0,37.5,86.8,81.6,Low,Good
101146,54.4,52.5,44.6,0.0,32.0,36.4,84.5,85.6,Low,Excellent
101147,53.4,46.8,37.2,18.4,34.0,24.8,91.7,87.1,Low,Excellent
101148,19.7,25.9,17.3,0.0,11.8,19.8,93.9,84.2,Low,Good
101149,39.8,61.0,56.6,6.5,37.3,22.2,82.3,83.3,Moderate,Good
101150,29.0,48.1,39.7,18.5,36.1,38.9,89.6,88.4,Moderate,Excellent
101151,67.9,69.8,57.0,12.3,51.7,40.4,81.4,87.0,Moderate,Excellent
101152,11.8,36.2,26.3,12.8,29.3,24.3,93.5,89.1,Low,Excellent
101153,28.5,43.6,37.2,11.7,32.6,19.8,85.5,89.8,Low,Excellent
101154,18.8,30.8,23.7,0.0,20.3,2.3,94.6,90.3,Low,Excellent
101155,25.5,38.2,37.6,13.2,19.9,13.6,90.1,85.6,Low,Excellent
101156,29.9,43.3,42.0,4.1,28.5,36.0,88.1,86.2,Low,Excellent
101157,29.9,40.1,33.1,14.9,28.0,23.6,91.8,90.0,Low,Excellent
101158,37.1,57.7,53.1,1.5,26.2,24.4,84.0,89.2,Low,Excellent
101159,42.2,45.4,44.8,4.5,33.1,35.1,90.8,90.4,Low,Excellent
101160,34.1,51.8,46.6,3.1,41.1,49.1,86.7,84.9,Moderate,Good
101161,10.2,30.5,19.2,0.0,20.4,32.8,86.0,86.6,Low,Excellent
101162,49.4,41.8,47.3,9.0,32.4,21.7,93.1,88.6,Low,Excellent
101163,7.6,13.5,8.6,0.0,5.6,0.0,92.6,86.6,Low,Excellent
101164,7.8,31.4,21.3,2.0,16.8,38.9,94.4,91.7,Low,Excellent
101165,28.8,45.7,41.6,13.1,25.9,43.7,93.7,87.5,Low,Excellent
101166,77.9,86.8,81.4,17.6,59.5,47.2,81.8,90.5,Moderate,Excellent
101167,100.0,65.1,59.0,11.9,40.9,24.4,89.7,86.2,Moderate,Excellent
101168,27.1,33.3,29.3,0.0,13.6,25.9,86.2,85.0,Low,Excellent
101169,23.1,37.7,33.5,0.0,18.0,20.0,84.1,83.4,Low,Good
101170,33.1,28.0,28.2,0.0,14.8,18.0,90.5,90.2,Low,Excellent
101171,30.1,30.2,28.5,0.0,13.6,25.3,92.1,82.4,Low,Good
101172,33.0,40.9,35.5,3.1,22.3,26.1,89.0,85.6,Low,Excellent
101173,100.0,69.6,60.4,19.3,51.4,31.4,84.8,90.3,Moderate,Excellent
101174,38.6,38.2,35.2,3.5,27.9,24.2,94.5,89.9,Low,Excellent
101175,78.9,51.3,,,34.0,35.7,88.6,85.3,Low,Excellent
101176,100.0,81.6,70.7,,66.0,53.7,82.0,89.1,High,Excellent
101177,9.3,36.6,26.4,0.0,23.0,25.9,88.6,89.6,Low,Excellent
101178,45.6,58.8,53.7,0.0,47.1,45.7,85.9,84.1,Moderate,Good
101179,19.6,28.7,21.3,17.7,16.6,17.1,91.8,82.8,Low,Good
101180,21.4,38.6,29.3,0.0,22.1,24.7,88.0,87.4,Low,Excellent
101181,15.1,21.2,20.7,0.0,11.1,0.0,94.1,84.5,Low,Good
101182,35.3,34.8,,0.0,15.6,15.8,91.4,85.5,Low,Excellent
101183,93.7,58.5,52.1,0.0,34.6,36.9,84.7,80.6,Low,Good
101184,28.6,37.3,29.7,7.2,30.1,25.0,88.7,89.8,Low,Excellent
101185,15.5,24.4,16.9,0.0,8.6,11.4,90.7,89.8,Low,Excellent
101186,33.7,46.1,41.1,3.6,23.6,15.9,86.3,87.8,Low,Excellent
101187,13.8,27.9,22.0,5.8,17.5,28.5,93.4,87.4,Low,Excellent
101188,29.8,39.5,31.8,0.0,19.1,25.9,85.7,90.4,Low,Excellent
101189,69.8,58.7,53.2,,43.0,42.4,89.5,88.1,Moderate,Excellent
101190,14.3,33.7,25.0,15.7,19.0,7.6,92.7,82.3,Low,Good
101191,19.9,27.0,24.2,0.0,13.1,16.6,92.6,86.4,Low,Excellent
101192,19.8,37.5,28.0,0.0,22.6,21.3,89.3,86.5,Low,Excellent
101193,13.2,24.4,19.2,,10.8,14.2,95.0,88.8,Low,Excellent
101194,23.8,37.3,30.5,3.8,14.5,13.8,84.2,87.4,Low,Excellent
101195,11.7,23.3,15.4,0.0,11.7,14.3,90.0,84.2,Low,Good
101196,46.0,55.1,50.6,20.9,42.5,42.3,93.0,92.8,Moderate,Excellent
101197,34.8,42.8,37.9,0.0,28.1,11.6,89.9,87.5,Low,Excellent
101198,36.5,49.8,44.4,0.0,29.9,42.2,86.9,88.8,Low,Excellent
101199,88.1,54.5,49.1,2.2,38.9,37.2,86.3,86.0,Moderate,Excellent
101200,27.4,28.1,30.7,0.0,16.1,19.3,93.8,86.7,Low,Excellent
101201,87.4,48.5,43.6,4.2,34.2,37.7,91.6,85.8,Low,Excellent
101202,30.9,37.3,29.5,4.9,19.0,9.8,89.7,85.2,Low,Excellent
101203,20.0,33.7,28.6,1.6,15.6,14.1,86.1,88.9,Low,Excellent
101204,87.7,64.3,56.7,18.6,44.9,36.0,84.0,85.6,Moderate,Excellent
101205,19.1,36.7,31.1,0.0,18.3,31.9,89.4,85.3,Low,Excellent
101206,11.2,30.9,25.3,13.8,13.6,17.8,91.0,88.8,Low,Excellent
101207,33.4,47.5,38.7,15.4,32.6,33.2,86.7,87.0,Low,Excellent
101208,18.8,38.8,28.4,6.6,16.8,15.3,88.2,86.2,Low,Excellent
101209,6.9,26.1,18.7,0.0,14.7,22.7,90.3,86.7,Low,Excellent
101210,32.6,38.4,38.1,0.0,18.0,34.2,87.4,82.5,Low,Good
101211,93.9,61.1,50.7,16.9,50.2,48.1,84.7,89.7,Moderate,Excellent
101212,16.8,33.4,26.7,6.7,19.7,21.1,87.0,85.6,Low,Excellent
101213,22.6,31.1,27.9,0.0,24.6,30.1,93.0,88.4,Low,Excellent
101214,20.2,37.1,33.5,2.7,16.5,24.5,93.9,89.6,Low,Excellent
101215,31.7,46.4,36.0,4.0,22.1,27.3,83.3,86.1,Low,Excellent
101216,79.6,68.3,61.0,0.0,41.1,43.5,83.7,88.3,Moderate,Excellent
101217,16.8,35.3,27.7,0.0,18.4,29.9,83.3,85.0,Low,Excellent
101218,66.1,75.1,64.7,10.7,52.1,40.3,82.3,86.7,Moderate,Excellent
101219,9.3,19.4,14.3,0.0,7.0,19.3,89.7,87.2,Low,Excellent
101220,43.1,49.4,48.5,0.0,25.9,22.5,90.4,88.4,Low,Excellent
101221,16.7,32.5,23.0,6.7,16.2,12.3,89.8,91.0,Low,Excellent
101222,31.5,33.4,32.3,13.0,25.1,22.9,91.8,88.4,Low,Excellent
101223,88.1,54.6,49.6,17.9,38.6,32.6,92.5,89.3,Moderate,Excellent
101224,34.4,42.6,38.7,0.0,26.3,12.5,84.9,86.0,Low,Excellent
101225,28.8,28.0,23.6,9.3,14.6,25.7,91.0,83.0,Low,Good
101226,69.1,55.9,,13.0,47.5,16.4,91.3,90.0,Moderate,Excellent
101227,65.2,70.5,62.4,0.3,52.7,63.3,82.9,88.6,Moderate,Excellent
101228,23.7,52.1,43.0,8.1,31.5,40.9,83.4,87.8,Low,Excellent
101229,26.0,52.1,43.9,14.1,24.4,22.6,82.9,84.9,Low,Good
101230,36.9,31.6,34.4,0.0,13.0,17.9,89.3,81.1,Low,Good
101231,17.7,26.4,24.3,0.0,20.2,24.5,91.2,80.9,Low,Good
101232,14.9,35.2,23.6,0.2,15.1,14.3,89.0,84.7,Low,Good
101233,15.2,28.7,25.7,0.0,16.4,21.4,92.4,89.6,Low,Excellent
101234,100.0,73.8,73.1,7.9,52.7,40.4,84.2,87.1,Moderate,Excellent
101235,10.7,39.1,27.2,0.0,13.8,17.6,87.6,88.4,Low,Excellent
101236,36.9,40.6,39.5,11.3,21.4,24.3,86.5,86.9,Low,Excellent
101237,31.7,40.7,42.6,0.0,26.5,15.4,92.3,86.1,Low,Excellent
101238,16.4,35.1,27.6,7.6,18.6,21.5,86.8,90.2,Low,Excellent
101239,39.1,43.5,39.5,0.0,25.8,26.8,88.7,85.2,Low,Excellent
101240,35.0,49.4,48.0,0.0,29.5,28.7,84.1,88.0,Low,Excellent
101241,16.4,33.2,27.8,9.1,20.1,20.4,90.3,84.5,Low,Good
101242,22.3,45.7,36.7,0.3,23.3,33.1,85.2,81.1,Low,Good
101243,21.1,21.6,18.7,0.0,12.7,14.8,95.0,88.0,Low,Excellent
101244,23.6,36.1,24.8,0.0,13.6,20.0,85.2,89.8,Low,Excellent
101245,25.3,35.2,26.1,0.0,14.5,29.1,88.6,85.7,Low,Excellent
101246,80.8,51.4,38.5,18.3,32.6,28.9,86.7,88.9,Low,Excellent
101247,20.0,37.7,32.0,11.8,21.4,24.5,93.6,84.7,Low,Good
101248,25.3,35.6,33.9,9.0,35.1,30.3,92.2,89.7,Moderate,Excellent
101249,26.8,15.9,17.1,0.0,8.3,24.9,93.5,81.6,Low,Good
101250,11.3,29.7,19.3,0.0,13.0,15.8,88.1,83.9,Low,Good
101251,18.4,32.0,29.1,1.6,17.1,30.5,90.5,88.8,Low,Excellent
101252,39.4,62.2,55.2,0.0,38.2,32.1,85.8,91.7,Moderate,Excellent
101253,16.2,34.8,22.4,8.3,19.6,14.9,84.5,84.0,Low,Good
101254,82.4,62.1,53.4,10.4,39.9,39.4,88.4,87.6,Moderate,Excellent
101255,33.1,57.4,52.0,11.2,34.6,28.3,83.5,83.7,Low,Good
101256,10.5,36.5,26.3,0.0,18.5,26.1,90.2,86.0,Low,Excellent
101257,40.5,58.1,53.9,21.0,35.7,9.6,87.3,89.5,Moderate,Excellent
101258,29.0,42.0,38.4,7.2,27.2,26.4,90.9,87.5,Low,Excellent
101259,17.9,32.6,25.4,0.0,16.5,16.2,94.9,90.2,Low,Excellent
101260,67.6,55.1,47.6,0.0,36.7,23.5,82.7,83.6,Moderate,Good
101261,30.6,43.5,37.5,9.9,22.5,19.1,87.9,82.6,Low,Good
101262,70.2,44.8,40.2,0.2,30.3,23.6,93.2,88.8,Low,Excellent
101263,28.0,30.1,26.7,0.0,11.5,16.5,94.0,86.3,Low,Excellent
101264,26.6,43.5,36.0,14.3,32.8,18.8,85.5,81.2,Low,Good
101265,34.2,43.4,41.9,15.0,37.4,35.0,89.8,87.0,Moderate,Excellent
101266,13.9,36.4,25.8,0.0,19.3,32.5,87.6,83.7,Low,Good
101267,19.8,41.8,34.1,0.0,21.0,24.8,85.7,87.2,Low,Excellent
101268,65.2,71.4,59.2,,54.8,49.4,81.4,84.2,Moderate,Good
101269,9.9,27.9,22.6,3.0,16.2,28.5,86.8,87.1,Low,Excellent
101270,27.6,30.4,32.1,1.5,18.1,30.7,93.0,83.1,Low,Good
101271,25.0,42.1,38.4,0.7,20.0,37.0,87.1,86.6,Low,Excellent
101272,33.8,45.5,42.2,14.1,31.5,24.9,90.8,90.6,Low,Excellent
101273,20.3,28.5,22.0,11.7,18.5,15.3,94.7,90.7,Low,Excellent
101274,12.0,39.3,,0.0,17.1,26.5,84.6,84.2,Low,Good
101275,28.2,32.8,32.0,0.0,14.8,24.6,85.9,86.2,Low,Excellent
101276,27.3,59.0,45.9,3.5,26.7,32.2,83.3,85.4,Low,Excellent
101277,70.7,65.5,67.0,16.9,51.9,56.3,89.0,83.7,Moderate,Good
101278,27.8,33.6,29.2,4.2,15.2,19.2,89.3,83.4,Low,Good
101279,72.3,72.5,61.5,0.0,46.7,41.4,82.4,84.6,Moderate,Good
101280,18.6,48.5,37.7,2.9,23.6,16.3,84.8,87.8,Low,Excellent
101281,86.9,59.1,53.8,11.1,46.6,55.0,82.1,85.6,Moderate,Excellent
101282,30.9,40.4,,1.7,26.5,23.2,87.0,86.4,Low,Excellent
101283,42.8,37.2,36.0,7.9,24.9,22.5,91.1,84.7,Low,Good
101284,36.8,42.8,41.0,12.3,28.6,24.4,88.5,84.3,Low,Good
101285,11.4,34.2,27.7,7.4,21.9,18.0,89.1,83.2,Low,Good
101286,18.1,38.5,32.3,0.0,31.6,23.1,88.3,86.7,Low,Excellent
101287,10.0,33.6,20.7,0.0,14.2,14.3,87.9,87.1,Low,Excellent
101288,27.2,30.6,32.1,8.4,25.4,14.3,91.2,82.5,Low,Good
101289,77.8,50.8,39.0,7.1,31.7,22.8,84.9,85.3,Low,Excellent
101290,23.0,28.9,22.0,6.6,26.8,41.7,91.5,88.3,Low,Excellent
101291,28.4,40.4,36.8,0.0,24.6,30.6,85.3,81.4,Low,Good
101292,37.5,39.0,41.9,0.0,19.6,29.2,92.0,85.5,Low,Excellent
101293,30.0,32.6,28.1,0.0,16.9,29.5,90.0,85.0,Low,Excellent
101294,35.3,45.1,42.9,19.1,32.3,44.0,91.7,91.1,Low,Excellent
101295,29.5,54.1,45.3,6.5,32.1,15.1,87.2,84.4,Low,Good
101296,83.7,75.1,62.0,22.1,50.7,30.6,85.1,89.4,Moderate,Excellent
101297,34.6,23.5,26.0,0.0,14.3,12.1,96.3,91.1,Low,Excellent
101298,37.2,45.8,40.4,0.0,32.8,25.9,84.9,89.3,Low,Excellent
101299,23.4,21.2,20.7,0.0,10.2,13.7,94.0,85.0,Low,Excellent
101300,97.0,71.0,63.4,2.7,52.4,37.9,83.4,85.8,Moderate,Excellent
101301,22.8,40.0,33.9,13.8,29.8,29.6,86.8,83.5,Low,Good
101302,20.8,37.6,35.0,0.0,18.2,21.2,90.3,87.8,Low,Excellent
101303,81.4,64.2,55.4,28.9,49.9,34.1,85.5,85.4,Moderate,Excellent
101304,20.6,41.3,,11.1,27.8,9.3,83.4,87.8,Low,Excellent
101305,30.5,45.6,39.6,0.0,23.6,16.2,86.0,90.0,Low,Excellent
101306,14.3,43.6,32.6,0.0,22.1,18.9,87.6,89.2,Low,Excellent
101307,20.0,39.8,32.6,4.6,19.1,19.5,89.7,88.3,Low,Excellent
101308,19.3,39.3,35.3,3.8,26.5,16.8,83.3,86.5,Low,Excellent
101309,34.0,30.7,32.1,0.0,18.8,17.4,87.8,81.9,Low,Good
101310,34.2,51.1,45.3,0.0,31.3,19.7,85.9,87.4,Low,Excellent
101311,28.6,33.8,28.9,1.0,17.4,19.5,93.0,85.0,Low,Excellent
101312,22.7,30.4,28.4,0.0,12.8,9.1,88.7,85.0,Low,Excellent
101313,76.8,60.4,56.4,0.0,38.4,26.3,87.8,86.7,Moderate,Excellent
101314,80.6,63.3,56.2,10.1,43.3,25.5,83.4,90.2,Moderate,Excellent
101315,22.4,34.3,29.4,0.0,17.5,19.3,86.5,83.8,Low,Good
101316,11.1,18.8,13.6,0.0,10.3,9.3,92.8,84.6,Low,Good
101317,16.2,19.2,13.2,1.3,7.0,21.4,93.0,86.8,Low,Excellent
101318,19.8,45.3,33.3,0.0,16.3,23.0,82.4,81.7,Low,Good
101319,14.3,24.1,19.9,1.7,12.9,17.2,91.0,85.2,Low,Excellent
101320,17.6,36.4,29.9,0.0,18.1,14.5,86.7,89.9,Low,Excellent
101321,25.5,31.6,27.8,2.5,17.0,23.2,91.9,88.6,Low,Excellent
101322,25.5,35.6,31.1,0.0,15.4,24.7,87.6,84.2,Low,Good
101323,17.1,33.6,26.9,1.2,13.5,19.2,93.2,87.9,Low,Excellent
101324,22.9,53.2,43.1,9.1,24.7,37.7,82.7,82.6,Low,Good
101325,67.3,50.7,45.6,15.1,38.4,36.7,91.4,84.8,Moderate,Good
101326,0.0,19.6,10.6,0.0,8.3,22.3,90.4,83.2,Low,Good
101327,85.0,62.1,53.4,2.3,50.4,41.3,83.4,82.8,Moderate,Good
101328,26.7,31.7,27.1,1.3,16.7,25.4,89.3,85.3,Low,Excellent
101329,39.8,58.7,48.3,25.4,48.3,32.6,83.8,85.6,Moderate,Excellent
101330,20.1,30.7,27.8,4.9,13.5,14.4,92.5,87.4,Low,Excellent
101331,35.5,42.6,39.6,0.0,18.4,23.8,90.7,92.0,Low,Excellent
101332,29.4,29.9,30.1,0.0,13.8,21.0,90.8,83.6,Low,Good
101333,20.9,52.1,39.6,4.8,23.3,28.0,81.7,81.9,Low,Good
101334,31.7,40.1,39.8,0.0,22.3,32.2,87.6,85.8,Low,Excellent
101335,20.3,28.2,28.0,0.0,20.3,10.8,94.5,88.2,Low,Excellent
101336,20.7,48.0,39.2,2.4,28.1,19.1,83.6,82.5,Low,Good
101337,26.7,54.9,43.4,0.0,31.9,31.0,85.9,86.1,Low,Excellent
101338,24.1,38.0,31.3,0.6,20.6,16.6,91.4,85.1,Low,Excellent
101339,24.6,34.6,28.3,7.7,19.5,48.7,91.5,86.5,Low,Excellent
101340,32.4,39.6,37.0,13.3,30.0,32.1,90.8,86.1,Low,Excellent
101341,27.6,18.7,19.4,0.0,11.2,16.1,95.3,90.7,Low,Excellent
101342,23.6,55.4,44.6,6.0,29.6,23.6,86.9,90.6,Low,Excellent
101343,22.7,39.5,32.8,0.0,15.7,15.6,86.0,86.3,Low,Excellent
101344,51.9,67.3,59.9,17.5,42.8,35.9,83.1,87.3,Moderate,Excellent
101345,85.5,55.8,52.9,7.8,40.6,35.3,91.8,88.9,Moderate,Excellent
101346,20.1,37.2,24.8,5.1,17.4,16.8,90.3,86.5,Low,Excellent
101347,18.1,49.2,32.8,6.1,31.6,26.8,86.1,86.2,Low,Excellent
101348,38.3,44.1,38.6,15.2,21.8,33.8,92.2,91.5,Low,Excellent
101349,22.1,37.1,28.5,9.8,25.8,36.6,86.1,84.2,Low,Good
101350,63.6,41.3,36.7,0.0,28.9,29.3,90.6,84.9,Low,Good
101351,28.0,53.3,40.9,18.4,35.7,20.7,86.6,87.0,Moderate,Excellent
101352,4.4,15.9,8.9,0.0,7.1,18.6,93.8,87.7,Low,Excellent
101353,28.0,49.8,42.0,0.0,24.2,36.9,85.9,82.2,Low,Good
101354,34.3,41.8,38.0,14.1,24.6,35.7,87.1,81.8,Low,Good
101355,17.5,31.5,24.3,0.0,14.2,24.4,85.5,84.5,Low,Good
101356,9.5,15.1,5.3,0.0,6.4,25.2,95.5,91.0,Low,Excellent
101357,34.5,38.4,36.2,10.6,35.5,31.7,85.1,82.3,Moderate,Good
101358,43.3,37.0,37.8,0.0,31.1,33.7,91.7,86.5,Low,Excellent
101359,9.9,23.1,14.5,0.0,8.9,9.9,91.6,86.2,Low,Excellent
101360,24.7,33.4,28.6,0.0,15.3,21.5,89.8,84.5,Low,Good
101361,34.1,54.8,46.9,2.5,35.5,41.9,81.9,82.3,Moderate,Good
101362,87.2,51.4,46.9,5.6,34.7,26.1,88.5,83.4,Low,Good
101363,16.5,49.4,39.2,7.5,22.9,16.9,84.0,86.9,Low,Excellent
101364,24.5,40.5,29.8,0.0,20.0,22.8,88.0,91.6,Low,Excellent
101365,34.7,41.9,39.0,18.3,23.6,22.3,87.1,84.5,Low,Good
101366,27.3,44.3,36.0,19.3,25.7,30.6,90.0,81.7,Low,Good
101367,21.4,38.4,30.2,0.0,15.0,15.4,91.6,86.9,Low,Excellent
101368,10.9,30.6,21.6,0.0,11.8,30.8,92.0,87.0,Low,Excellent
101369,20.7,36.9,30.0,0.0,20.0,11.7,87.9,84.9,Low,Good
101370,32.2,52.5,40.0,11.9,30.8,38.5,82.3,84.1,Low,Good
101371,29.1,38.8,34.7,0.0,26.6,19.9,85.5,87.5,Low,Excellent
101372,53.0,57.7,54.9,4.6,36.0,17.2,81.7,83.6,Moderate,Good
101373,14.9,35.8,26.4,6.0,21.9,25.1,85.1,86.7,Low,Excellent
101374,9.2,18.0,11.0,2.6,8.4,13.0,92.7,87.5,Low,Excellent
101375,35.8,50.1,48.6,0.0,31.5,20.0,89.3,90.1,Low,Excellent
101376,22.8,44.9,36.5,13.2,25.9,12.1,89.4,88.4,Low,Excellent
101377,15.7,34.3,26.6,6.3,18.0,20.7,88.8,86.8,Low,Excellent
101378,34.9,46.7,42.3,12.0,26.1,33.5,84.1,83.6,Low,Good
101379,19.7,28.8,21.7,0.0,11.4,21.5,92.6,89.0,Low,Excellent
101380,29.7,32.2,,0.0,15.0,19.4,87.6,85.9,Low,Excellent
101381,39.8,42.6,41.0,25.6,33.2,33.8,91.5,86.8,Low,Excellent
101382,26.5,34.5,29.9,,24.0,24.2,92.8,90.3,Low,Excellent
101383,29.9,43.3,43.7,0.0,21.9,11.7,89.2,86.6,Low,Excellent
101384,13.6,20.5,15.9,2.5,7.9,3.4,94.1,83.8,Low,Good
101385,30.6,38.1,35.5,1.8,21.4,21.2,86.9,84.9,Low,Good
101386,27.8,30.4,27.1,0.0,14.4,17.3,86.1,86.6,Low,Excellent
101387,24.5,51.2,43.9,5.0,21.0,29.4,84.1,86.9,Low,Excellent
101388,38.2,60.4,58.1,8.2,42.2,41.4,86.7,87.9,Moderate,Excellent
101389,34.4,34.4,29.9,0.0,18.5,25.9,91.1,90.8,Low,Excellent
101390,22.2,26.0,18.9,0.0,9.3,13.4,89.2,92.5,Low,Excellent
101391,28.9,41.8,35.2,0.0,18.4,10.0,85.7,84.2,Low,Good
101392,19.9,31.4,24.3,6.5,16.1,22.9,92.9,83.3,Low,Good
101393,28.4,30.1,34.2,0.0,16.2,23.9,93.2,85.9,Low,Excellent
101394,21.4,31.6,29.3,4.0,20.1,2.9,94.5,89.1,Low,Excellent
101395,61.6,51.6,43.2,0.0,33.3,23.3,85.2,85.8,Low,Excellent
101396,32.4,56.2,47.1,2.4,32.3,23.8,83.7,86.9,Low,Excellent
101397,10.1,32.0,22.0,0.0,14.9,19.9,85.5,83.5,Low,Good
101398,9.0,44.4,31.2,1.9,18.8,14.8,83.9,85.0,Low,Excellent
101399,100.0,66.3,59.9,3.8,41.9,34.8,83.1,90.2,Moderate,Excellent
101400,16.3,31.9,25.9,0.0,18.1,19.2,94.0,88.7,Low,Excellent
101401,18.8,27.2,20.9,0.0,15.3,17.9,96.1,92.7,Low,Excellent
101402,27.5,38.8,34.8,0.0,20.3,16.5,84.7,85.2,Low,Excellent
101403,23.8,42.2,39.2,0.0,20.9,17.5,83.5,85.4,Low,Excellent
101404,32.3,31.6,30.8,0.0,17.9,12.1,93.1,92.1,Low,Excellent
101405,28.0,29.8,28.3,0.0,11.7,20.1,88.7,84.0,Low,Good
101406,94.4,64.4,55.2,22.6,53.4,46.6,86.5,88.6,Moderate,Excellent
101407,11.6,29.9,21.1,0.0,16.0,13.5,86.5,85.9,Low,Excellent
101408,25.2,30.1,33.0,7.8,19.1,33.6,94.3,87.6,Low,Excellent
101409,32.2,53.1,46.2,1.3,38.4,30.5,86.9,90.9,Moderate,Excellent
101410,15.4,34.0,26.9,8.1,15.5,31.6,91.4,83.4,Low,Good
101411,37.2,29.8,30.9,0.0,14.8,13.7,91.9,81.5,Low,Good
101412,39.5,51.7,45.3,11.4,31.3,12.6,84.7,84.8,Low,Good
101413,15.0,35.8,30.9,0.0,15.4,22.4,93.3,88.0,Low,Excellent
101414,94.1,78.8,75.5,14.9,57.1,46.3,85.0,85.6,Moderate,Excellent
101415,96.9,79.9,67.7,16.4,62.7,47.9,80.1,84.2,Moderate,Good
101416,40.8,52.2,48.6,0.0,33.8,25.2,87.3,86.4,Low,Excellent
101417,70.8,72.2,57.9,1.5,40.0,33.7,85.0,90.6,Moderate,Excellent
101418,66.8,74.7,66.8,28.4,60.4,42.2,84.7,91.9,Moderate,Excellent
101419,32.0,40.3,,9.1,19.9,19.5,94.8,90.4,Low,Excellent
101420,21.3,31.9,30.2,0.0,17.9,27.5,88.7,83.6,Low,Good
101421,24.5,29.4,29.0,0.0,18.0,22.3,94.9,93.1,Low,Excellent
101422,44.6,48.7,46.6,13.3,33.8,35.1,91.9,84.5,Low,Good
101423,15.2,50.4,40.7,13.8,30.7,26.5,83.6,82.2,Low,Good
101424,26.1,43.2,35.7,2.3,30.0,25.3,93.2,89.7,Low,Excellent
101425,16.4,28.6,20.2,5.7,12.9,8.5,91.3,89.3,Low,Excellent
101426,91.1,50.1,38.7,25.2,42.4,32.5,91.0,86.9,Moderate,Excellent
101427,28.7,49.2,46.0,0.0,21.0,0.0,82.9,84.0,Low,Good
101428,14.8,22.8,16.2,0.0,9.9,11.2,94.4,87.3,Low,Excellent
101429,15.0,27.4,23.9,,14.9,18.3,94.8,87.8,Low,Excellent
101430,28.2,35.2,28.0,0.0,15.7,23.9,89.4,84.2,Low,Good
101431,32.5,32.4,29.7,1.3,18.1,18.7,91.8,86.7,Low,Excellent
101432,35.1,48.9,43.6,0.0,26.9,28.9,86.9,89.1,Low,Excellent
101433,29.6,54.0,45.9,0.0,25.8,8.0,87.8,88.3,Low,Excellent
101434,15.7,35.4,26.4,0.0,14.6,18.3,92.1,90.5,Low,Excellent
101435,65.7,43.1,37.7,0.0,28.6,13.7,93.3,88.7,Low,Excellent
101436,31.9,43.6,39.6,13.5,30.6,18.7,93.5,86.7,Low,Excellent
101437,32.6,32.2,28.2,4.5,20.2,20.6,93.4,83.9,Low,Good
101438,34.9,45.9,48.1,0.0,34.0,40.6,91.2,86.1,Low,Excellent
101439,79.4,71.9,63.5,5.2,50.3,43.2,81.3,87.2,Moderate,Excellent
101440,29.4,35.3,32.9,0.0,18.3,21.1,91.8,88.2,Low,Excellent
101441,24.6,33.1,29.5,0.0,13.6,18.0,85.7,85.3,Low,Excellent
101442,20.7,24.9,26.7,0.0,12.0,11.5,89.0,79.8,Low,Good
101443,13.9,34.3,28.4,0.0,13.8,13.9,86.4,87.4,Low,Excellent
101444,18.2,24.2,16.7,0.0,11.3,20.2,93.2,89.2,Low,Excellent
101445,15.3,34.9,29.7,5.6,14.9,7.9,85.8,85.3,Low,Excellent
101446,13.5,41.8,34.0,8.7,26.8,30.8,86.6,84.5,Low,Good
101447,22.0,35.9,27.0,3.0,15.3,16.1,86.6,86.3,Low,Excellent
101448,27.9,35.9,30.7,0.0,13.6,24.8,86.9,90.6,Low,Excellent
101449,29.4,57.2,49.1,0.0,26.2,33.4,83.4,85.9,Low,Excellent
101450,26.7,24.7,23.6,0.2,15.1,5.7,93.6,87.4,Low,Excellent
101451,36.9,41.1,39.0,0.0,29.6,23.1,92.2,86.1,Low,Excellent
101452,41.3,55.0,48.4,4.4,23.5,17.2,84.9,87.1,Low,Excellent
101453,28.1,35.3,30.5,0.0,17.0,5.7,90.3,88.4,Low,Excellent
101454,36.9,46.5,45.6,0.0,18.5,12.8,87.2,90.5,Low,Excellent
101455,28.3,42.1,37.4,0.0,22.4,43.0,84.7,90.5,Low,Excellent
101456,10.1,17.3,10.4,0.0,8.6,20.0,94.3,90.5,Low,Excellent
101457,31.3,47.3,,3.2,23.9,39.7,85.3,88.5,Low,Excellent
101458,17.0,46.4,37.5,12.6,20.9,29.2,86.5,89.6,Low,Excellent
101459,31.1,44.1,39.6,0.0,18.8,15.3,83.9,81.9,Low,Good
101460,31.4,39.2,39.6,0.0,30.1,25.0,91.5,85.1,Low,Excellent
101461,26.1,30.4,24.2,0.0,11.2,21.4,88.4,86.0,Low,Excellent
101462,16.5,44.5,31.4,3.5,21.8,26.6,85.0,86.6,Low,Excellent
101463,23.3,24.8,22.7,0.0,15.0,14.4,94.9,87.1,Low,Excellent
101464,23.4,38.8,30.4,2.0,22.7,11.5,86.1,86.3,Low,Excellent
101465,27.1,52.2,43.4,0.0,34.9,57.2,82.7,87.7,Low,Excellent
101466,75.9,55.7,50.9,8.1,39.4,32.5,87.7,85.8,Moderate,Excellent
101467,37.5,54.1,50.0,3.6,28.8,24.6,84.9,86.2,Low,Excellent
101468,27.1,47.4,39.0,0.0,21.3,23.7,84.9,89.4,Low,Excellent
101469,14.8,17.8,13.0,6.6,10.1,14.1,93.3,82.0,Low,Good
101470,34.8,51.6,48.3,10.2,39.7,34.8,90.9,84.7,Moderate,Good
101471,45.9,39.0,39.9,3.6,27.1,36.5,95.0,91.2,Low,Excellent
101472,17.3,36.3,27.3,,16.1,18.7,90.2,85.5,Low,Excellent
101473,33.5,48.0,40.4,13.8,30.9,19.3,84.2,83.2,Low,Good
101474,22.5,45.5,39.1,0.0,27.1,25.0,93.4,87.4,Low,Excellent
101475,73.2,60.3,48.4,3.5,39.5,30.0,86.4,88.7,Moderate,Excellent
101476,34.1,50.8,43.4,7.9,26.7,37.4,87.2,86.3,Low,Excellent
101477,70.2,52.1,43.4,0.0,30.8,37.8,82.2,83.0,Low,Good
101478,38.7,42.6,41.1,14.1,34.2,31.4,92.6,86.2,Low,Excellent
101479,19.2,28.3,21.8,,14.9,8.7,92.1,85.8,Low,Excellent
101480,77.9,47.6,41.2,4.1,34.4,20.9,93.1,88.3,Low,Excellent
101481,26.3,38.5,32.9,,14.5,18.8,90.7,86.2,Low,Excellent
101482,22.4,30.1,,0.0,12.0,19.9,86.7,86.7,Low,Excellent
101483,33.2,36.2,36.7,0.0,17.3,17.4,88.5,87.4,Low,Excellent
101484,20.4,27.8,23.9,0.0,15.9,15.7,93.3,84.0,Low,Good
101485,15.9,33.4,30.0,13.7,20.3,17.4,92.9,87.3,Low,Excellent
101486,33.6,39.7,36.9,21.6,24.1,24.3,89.7,88.7,Low,Excellent
101487,4.4,31.1,21.2,0.0,14.6,0.0,93.6,89.4,Low,Excellent
101488,21.9,29.5,19.5,0.0,15.7,10.6,84.6,84.8,Low,Good
101489,17.5,36.1,28.4,0.0,26.8,21.0,88.3,90.0,Low,Excellent
101490,34.9,46.3,42.5,13.9,25.4,34.9,89.8,91.0,Low,Excellent
101491,23.7,20.6,19.8,,16.2,13.2,92.6,84.4,Low,Good
101492,47.0,45.5,46.4,0.0,21.9,24.6,89.8,87.8,Low,Excellent
101493,17.6,32.2,24.1,13.3,14.6,20.6,88.6,83.8,Low,Good
101494,21.1,40.2,33.8,5.8,20.5,32.7,87.0,87.3,Low,Excellent
101495,38.5,31.5,32.9,0.0,15.5,29.4,91.7,83.0,Low,Good
101496,26.6,42.9,41.3,,18.6,20.7,90.5,84.5,Low,Good
101497,26.3,31.6,33.8,6.3,13.9,14.6,92.4,80.1,Low,Good
101498,24.0,27.4,28.0,0.0,11.9,11.9,93.2,90.0,Low,Excellent
101499,21.6,36.8,33.4,0.0,15.1,17.1,85.8,87.7,Low,Excellent
101500,25.3,44.7,36.8,0.0,17.6,17.1,84.9,86.7,Low,Excellent
101501,37.9,49.8,44.5,14.7,30.3,32.6,93.5,87.2,Low,Excellent
101502,75.3,61.9,52.0,0.0,43.5,39.5,85.3,88.6,Moderate,Excellent
101503,18.4,37.7,29.0,0.0,20.1,26.8,86.6,85.1,Low,Excellent
101504,16.3,30.4,25.1,0.0,12.3,27.4,91.0,86.0,Low,Excellent
101505,29.1,45.0,38.0,9.1,28.2,41.8,83.6,88.4,Low,Excellent
101506,27.7,30.4,24.6,,15.9,20.6,93.4,87.0,Low,Excellent
101507,81.5,59.3,54.1,23.0,43.9,45.2,90.9,83.9,Moderate,Good
101508,35.6,51.3,47.4,17.4,34.2,27.7,85.5,87.0,Low,Excellent
101509,27.7,48.4,42.4,0.0,31.0,38.1,84.9,93.2,Low,Excellent
101510,25.7,45.9,42.7,12.9,24.3,33.1,90.0,87.8,Low,Excellent
101511,16.9,31.4,26.0,0.0,23.4,32.1,90.5,85.4,Low,Excellent
101512,22.8,40.8,33.6,0.0,21.5,23.7,89.1,89.0,Low,Excellent
101513,16.6,37.9,28.7,0.0,18.3,15.6,87.0,88.7,Low,Excellent
101514,15.8,35.9,22.1,2.3,15.3,8.0,87.4,87.6,Low,Excellent
101515,24.2,30.7,25.0,0.0,12.3,17.1,85.2,81.3,Low,Good
101516,18.0,29.6,26.6,0.0,17.7,32.9,93.3,84.2,Low,Good
101517,34.3,36.8,37.8,0.7,21.3,20.3,88.5,84.8,Low,Good
101518,41.9,43.2,41.2,0.0,29.6,34.0,85.5,89.7,Low,Excellent
101519,22.4,31.7,22.7,,14.0,25.2,90.3,82.1,Low,Good
101520,29.2,44.5,43.4,0.0,22.1,21.0,88.1,87.8,Low,Excellent
101521,31.1,31.5,33.6,0.0,20.1,32.6,94.4,86.8,Low,Excellent
101522,26.6,36.7,31.2,4.6,14.6,0.0,89.7,89.4,Low,Excellent
101523,13.7,41.4,,0.0,17.9,11.0,90.1,92.8,Low,Excellent
101524,31.3,38.7,34.7,3.2,34.2,23.2,90.2,87.6,Low,Excellent
101525,18.8,25.6,20.6,6.0,11.3,10.2,95.9,91.1,Low,Excellent
101526,26.8,45.7,41.9,0.0,24.0,27.1,86.5,88.0,Low,Excellent
101527,26.4,27.1,30.2,0.0,11.3,19.1,93.2,86.1,Low,Excellent
101528,37.5,49.7,48.3,6.1,31.4,32.0,85.2,82.6,Low,Good
101529,20.5,48.6,41.5,,34.2,35.3,87.3,82.3,Low,Good
101530,11.7,38.3,25.8,0.0,14.3,11.0,87.9,88.5,Low,Excellent
101531,25.6,41.3,40.8,24.7,39.0,23.7,93.4,88.9,Moderate,Excellent
101532,20.2,41.1,29.4,16.9,28.0,30.0,92.1,85.9,Low,Excellent
101533,40.4,40.5,37.4,11.9,28.3,21.9,90.7,90.4,Low,Excellent
101534,21.4,30.5,27.1,1.7,18.2,8.4,87.8,90.0,Low,Excellent
101535,27.2,33.1,27.9,0.0,19.7,29.6,89.2,88.8,Low,Excellent
101536,15.9,24.9,19.6,2.5,20.4,33.4,93.1,84.9,Low,Good
101537,42.8,37.4,36.9,,27.5,38.9,95.1,93.0,Low,Excellent
101538,16.6,36.1,26.8,0.0,14.0,19.9,89.7,85.7,Low,Excellent
101539,16.2,43.0,31.8,0.0,23.6,29.2,83.3,85.3,Low,Excellent
101540,7.7,30.6,18.2,5.2,21.9,34.1,92.7,88.2,Low,Excellent
101541,27.4,28.8,26.4,0.0,17.5,15.4,91.1,81.1,Low,Good
101542,31.1,46.1,46.4,0.0,28.4,35.9,94.3,91.0,Low,Excellent
101543,37.6,52.0,48.3,0.0,26.5,28.1,83.7,88.3,Low,Excellent
101544,18.3,39.0,31.3,6.8,21.8,30.4,90.7,83.4,Low,Good
101545,10.8,33.6,26.0,2.2,16.2,21.2,88.4,81.9,Low,Good
101546,30.1,43.1,36.9,0.0,20.8,32.8,85.5,86.5,Low,Excellent
101547,19.0,23.2,20.9,0.0,19.7,23.6,92.2,87.9,Low,Excellent
101548,19.4,47.5,39.1,0.0,22.2,11.5,86.7,88.6,Low,Excellent
101549,36.6,48.0,40.9,0.0,21.7,34.7,85.2,89.1,Low,Excellent
101550,36.5,39.5,36.8,0.0,18.1,13.3,84.1,87.0,Low,Excellent
101551,100.0,64.6,58.4,16.1,53.9,52.3,90.2,87.3,Moderate,Excellent
101552,28.3,26.7,26.0,1.9,20.8,21.7,93.8,87.0,Low,Excellent
101553,26.9,29.3,22.5,2.5,15.6,28.8,95.3,88.9,Low,Excellent
101554,18.9,26.2,21.1,0.0,15.1,28.2,91.7,87.6,Low,Excellent
101555,23.9,29.6,,4.1,11.5,20.3,91.7,86.7,Low,Excellent
101556,17.5,24.8,,0.0,12.5,21.6,91.9,81.2,Low,Good
101557,36.9,46.2,41.5,9.8,25.5,28.7,88.3,90.2,Low,Excellent
101558,13.1,38.2,29.0,0.0,19.3,5.5,87.2,86.4,Low,Excellent
101559,28.2,50.5,45.0,2.9,22.5,24.4,84.4,82.0,Low,Good
101560,12.8,37.8,29.3,0.0,15.6,10.5,86.9,89.1,Low,Excellent
101561,22.8,47.4,36.5,1.9,19.4,23.0,87.5,85.5,Low,Excellent
101562,17.7,30.3,22.1,0.0,11.8,7.9,84.9,81.0,Low,Good
101563,15.3,26.5,14.1,,13.3,8.5,93.8,90.7,Low,Excellent
101564,33.8,54.6,48.8,9.0,33.1,42.7,85.3,91.5,Low,Excellent
101565,25.2,38.7,37.1,0.0,24.2,33.1,83.9,84.7,Low,Good
101566,37.2,56.0,50.3,11.9,45.8,37.5,83.9,88.3,Moderate,Excellent
101567,28.8,49.4,41.0,15.7,29.0,28.9,87.0,90.2,Low,Excellent
101568,30.9,28.0,25.6,0.0,11.7,15.1,92.5,85.0,Low,Excellent
101569,14.8,38.1,25.1,1.8,17.2,24.9,89.6,86.6,Low,Excellent
101570,73.6,52.2,43.4,,36.3,26.4,85.4,90.8,Moderate,Excellent
101571,30.4,26.0,25.9,0.0,12.2,25.3,92.0,82.1,Low,Good
101572,21.5,24.6,16.0,0.0,8.5,13.1,93.3,85.2,Low,Excellent
101573,20.5,35.3,29.9,0.0,15.1,15.7,91.9,89.5,Low,Excellent
101574,13.2,38.2,26.8,0.0,19.0,21.6,85.1,86.6,Low,Excellent
101575,78.8,65.9,58.7,11.2,47.2,33.6,84.2,89.9,Moderate,Excellent
101576,14.3,20.3,20.4,0.0,13.5,20.7,92.7,84.6,Low,Good
101577,84.9,45.7,35.2,0.0,32.5,25.2,88.6,87.3,Low,Excellent
101578,23.7,28.9,29.6,0.0,14.4,22.4,93.2,87.6,Low,Excellent
101579,23.6,39.5,28.5,0.0,15.9,29.3,88.5,83.1,Low,Good
101580,26.8,44.3,37.4,0.0,32.0,23.4,87.3,87.2,Low,Excellent
101581,38.6,60.5,,0.0,47.8,37.6,83.0,82.2,Moderate,Good
101582,35.6,60.3,55.2,0.0,37.8,36.4,82.8,86.4,Moderate,Excellent
101583,27.3,38.5,32.4,4.0,29.5,24.2,90.1,87.1,Low,Excellent
101584,21.5,33.0,28.7,,17.0,23.9,85.3,88.4,Low,Excellent
101585,36.9,45.8,41.3,17.2,31.0,33.0,92.2,86.4,Low,Excellent
101586,56.3,59.7,54.4,0.0,40.6,43.1,84.9,89.1,Moderate,Excellent
101587,37.7,44.0,,18.8,32.4,24.6,91.4,91.4,Low,Excellent
101588,16.4,35.4,27.7,0.0,15.7,11.9,86.0,89.4,Low,Excellent
101589,17.7,30.5,23.9,0.0,16.6,17.5,92.5,89.9,Low,Excellent
101590,22.3,37.3,32.0,0.0,19.5,14.0,89.0,86.6,Low,Excellent
101591,22.2,35.6,27.9,0.0,22.1,27.8,90.3,90.0,Low,Excellent
101592,11.4,24.6,11.3,0.0,12.4,8.1,91.6,87.8,Low,Excellent
101593,29.9,53.4,44.2,17.7,28.9,46.0,81.8,82.6,Low,Good
101594,22.7,21.0,22.3,0.0,8.6,25.5,94.7,84.9,Low,Good
101595,11.7,26.2,15.0,0.0,14.2,18.6,85.6,91.0,Low,Excellent
101596,16.0,42.4,31.3,0.0,21.6,29.9,82.7,83.9,Low,Good
101597,36.9,56.6,50.3,15.3,37.5,19.4,88.9,88.4,Moderate,Excellent
101598,33.5,45.2,,0.0,19.6,41.9,82.9,84.5,Low,Good
101599,22.5,30.5,26.1,0.0,14.3,13.8,85.9,88.5,Low,Excellent
101600,17.2,35.1,31.3,2.7,28.3,26.0,92.2,84.3,Low,Good
101601,29.6,46.8,39.1,2.1,27.8,11.8,84.4,84.4,Low,Good
101602,28.6,45.4,42.0,1.0,22.3,27.3,86.0,86.4,Low,Excellent
101603,27.7,32.2,25.7,4.2,17.9,11.9,89.4,88.4,Low,Excellent
101604,19.7,33.7,26.5,11.0,20.4,23.0,88.3,91.1,Low,Excellent
101605,14.5,14.6,13.8,0.0,8.4,10.7,93.8,83.6,Low,Good
101606,16.9,43.9,36.1,9.4,32.2,20.7,84.1,88.2,Low,Excellent
101607,17.1,36.2,31.9,0.0,20.1,15.6,93.7,85.8,Low,Excellent
101608,100.0,71.2,64.0,,41.7,36.8,85.0,88.1,Moderate,Excellent
101609,56.9,44.5,41.8,0.0,32.2,19.1,92.3,87.0,Low,Excellent
101610,21.8,29.9,23.4,1.6,11.2,10.8,94.2,89.0,Low,Excellent
101611,61.4,67.9,59.7,15.1,54.7,48.2,84.5,90.7,Moderate,Excellent
101612,16.1,30.4,25.3,13.9,28.8,48.1,88.8,81.1,Low,Good
101613,25.4,42.4,36.1,0.0,16.0,23.4,85.8,92.5,Low,Excellent
101614,96.3,62.6,54.4,7.9,45.3,29.8,81.7,84.9,Moderate,Good
101615,15.8,33.4,27.6,8.2,17.3,17.5,92.2,90.5,Low,Excellent
101616,99.5,52.3,58.8,4.9,38.4,33.3,89.5,89.2,Moderate,Excellent
101617,29.5,36.8,32.1,0.0,18.5,18.3,84.7,87.1,Low,Excellent
101618,13.4,38.8,28.8,11.3,19.3,28.8,85.0,86.3,Low,Excellent
101619,11.9,33.3,24.9,0.0,12.0,19.0,87.1,84.1,Low,Good
101620,20.6,48.0,40.8,2.6,18.5,28.4,84.4,83.4,Low,Good
101621,36.8,32.0,30.7,0.0,22.5,21.0,91.7,81.6,Low,Good
101622,8.5,47.6,30.6,5.0,18.1,31.5,84.8,88.8,Low,Excellent
101623,23.3,29.5,,2.5,18.7,19.9,93.7,87.2,Low,Excellent
101624,9.2,22.3,17.7,0.0,10.0,8.3,93.0,90.8,Low,Excellent
101625,37.7,39.1,40.7,0.0,22.2,40.7,91.2,83.4,Low,Good
101626,23.7,26.4,28.9,0.0,16.3,5.2,95.2,88.5,Low,Excellent
101627,75.9,77.9,65.2,18.7,57.7,38.7,84.8,88.2,Moderate,Excellent
101628,35.1,38.7,37.7,7.2,21.8,18.1,93.1,88.5,Low,Excellent
101629,37.0,50.2,43.1,13.4,32.7,49.7,90.7,87.4,Low,Excellent
101630,58.5,64.3,55.6,3.8,37.1,46.7,83.3,88.8,Moderate,Excellent
101631,21.0,39.7,33.2,0.0,15.8,31.4,92.3,88.2,Low,Excellent
101632,17.0,32.3,23.0,0.0,12.4,14.8,87.0,83.5,Low,Good
101633,32.1,34.1,29.0,2.9,23.2,43.3,87.8,90.9,Low,Excellent
101634,37.7,55.0,47.7,4.9,27.9,29.7,83.9,82.0,Low,Good
101635,30.3,29.8,26.6,0.0,19.5,29.5,92.2,85.9,Low,Excellent
101636,25.8,20.9,19.8,0.0,14.5,20.1,93.1,88.4,Low,Excellent
101637,10.9,47.6,34.5,5.8,23.3,23.6,82.8,84.3,Low,Good
101638,21.9,42.6,36.4,0.0,20.6,20.4,86.6,83.4,Low,Good
101639,28.1,42.1,41.8,0.0,19.5,20.0,90.2,87.6,Low,Excellent
101640,20.9,47.9,36.3,5.1,28.1,31.7,82.8,85.1,Low,Excellent
101641,18.1,41.4,32.4,0.0,16.1,22.6,87.9,89.8,Low,Excellent
101642,31.8,36.7,36.1,0.0,18.2,20.7,88.8,87.1,Low,Excellent
101643,18.3,32.4,27.7,1.8,17.0,32.3,89.8,81.8,Low,Good
101644,22.8,38.9,36.5,0.0,25.1,1.3,91.0,87.0,Low,Excellent
101645,18.5,36.0,26.1,0.0,17.4,24.5,85.5,88.5,Low,Excellent
101646,34.0,53.3,48.1,12.3,37.7,38.4,85.4,87.2,Moderate,Excellent
101647,29.6,48.9,42.1,0.0,32.0,38.4,84.7,87.4,Low,Excellent
101648,30.9,46.7,45.7,6.2,33.9,29.8,86.7,83.6,Low,Good
101649,50.2,62.0,58.9,21.2,47.3,40.1,85.6,82.2,Moderate,Good
101650,38.7,47.9,48.5,0.0,23.7,32.1,85.9,83.0,Low,Good
101651,35.4,43.2,37.8,5.2,22.7,35.5,84.6,85.2,Low,Excellent
101652,31.0,28.6,27.3,0.0,16.7,17.6,87.8,84.3,Low,Good
101653,23.6,30.4,29.2,1.2,20.3,24.3,94.0,92.0,Low,Excellent
101654,20.7,36.1,27.9,3.2,15.5,32.7,89.8,92.2,Low,Excellent
101655,32.7,44.2,41.1,0.0,30.7,11.4,88.8,84.7,Low,Good
101656,25.9,35.1,29.0,0.0,18.5,15.6,93.0,85.4,Low,Excellent
101657,25.8,43.4,35.9,0.5,20.8,34.2,85.8,90.0,Low,Excellent
101658,100.0,61.4,60.4,26.5,51.3,49.5,90.0,87.8,Moderate,Excellent
101659,13.6,39.0,29.1,8.0,21.6,27.1,88.3,91.6,Low,Excellent
101660,23.5,25.7,26.7,0.0,11.3,13.2,93.7,88.5,Low,Excellent
101661,39.6,55.0,53.2,10.0,39.4,26.6,87.8,83.5,Moderate,Good
101662,14.4,34.3,28.9,0.0,17.4,15.7,86.0,83.2,Low,Good
101663,13.2,17.2,10.9,4.4,13.8,30.7,93.2,83.0,Low,Good
101664,22.1,38.0,29.3,0.0,18.4,16.0,90.2,83.1,Low,Good
101665,35.9,50.3,47.7,7.8,31.7,29.8,90.5,90.3,Low,Excellent
101666,18.6,42.6,36.2,0.0,24.2,18.5,84.6,89.7,Low,Excellent
101667,28.5,33.2,26.6,0.0,21.3,29.5,88.7,89.6,Low,Excellent
101668,14.4,35.2,28.6,0.0,19.4,17.3,85.7,86.6,Low,Excellent
101669,34.8,57.0,49.4,3.1,31.1,27.9,84.1,85.3,Low,Excellent
101670,24.6,30.2,29.6,4.0,18.9,7.9,92.0,89.0,Low,Excellent
101671,21.3,43.4,32.6,4.5,17.3,7.5,83.4,85.3,Low,Excellent
101672,15.8,33.1,27.4,5.8,18.7,21.3,90.0,84.5,Low,Good
101673,23.3,34.1,25.6,0.0,12.4,6.8,85.7,87.2,Low,Excellent
101674,8.7,25.3,18.6,2.3,11.3,33.6,94.3,90.7,Low,Excellent
101675,34.3,31.2,31.7,0.0,12.6,1.0,91.8,89.1,Low,Excellent
101676,20.3,34.0,26.2,0.0,13.3,11.6,87.1,83.5,Low,Good
101677,29.4,46.4,40.0,0.0,17.6,20.7,86.2,85.1,Low,Excellent
101678,33.7,33.9,34.7,0.0,17.3,17.5,89.3,85.4,Low,Excellent
101679,74.3,84.1,74.7,23.4,60.5,37.5,83.6,90.8,Moderate,Excellent
101680,31.0,52.4,46.5,11.6,42.5,27.8,88.1,91.3,Moderate,Excellent
101681,44.0,57.6,49.2,0.8,33.6,22.2,85.5,92.4,Low,Excellent
101682,15.0,28.1,25.2,6.4,16.3,17.5,92.8,82.1,Low,Good
101683,26.7,24.1,18.3,0.0,11.5,32.5,91.6,84.4,Low,Good
101684,41.0,56.4,48.5,6.9,35.0,31.6,83.8,88.9,Moderate,Excellent
101685,19.1,32.2,22.0,0.3,13.2,27.4,86.8,83.7,Low,Good
101686,24.4,48.3,43.6,0.0,24.0,28.5,83.5,84.9,Low,Good
101687,26.5,35.8,28.0,0.0,16.7,29.0,91.4,91.5,Low,Excellent
101688,35.5,49.6,42.4,9.8,30.1,5.7,88.4,89.3,Low,Excellent
101689,22.8,34.9,29.6,0.0,15.0,16.5,92.6,88.1,Low,Excellent
101690,18.9,44.9,34.8,0.0,20.1,32.5,87.1,89.8,Low,Excellent
101691,23.5,39.7,33.1,0.5,15.0,14.4,88.5,88.6,Low,Excellent
101692,26.4,33.0,27.0,0.0,17.7,34.7,89.2,88.3,Low,Excellent
101693,23.0,46.1,41.3,5.1,24.8,36.7,85.3,86.9,Low,Excellent
101694,6.7,28.4,19.3,5.8,13.6,14.4,91.7,88.1,Low,Excellent
101695,30.8,39.1,36.5,10.1,29.4,23.6,90.5,82.7,Low,Good
101696,32.8,35.1,36.4,0.0,16.0,11.5,87.6,79.4,Low,Good
101697,31.5,62.5,52.5,28.8,52.1,36.2,87.0,90.4,Moderate,Excellent
101698,12.7,18.7,16.1,0.0,10.7,6.6,95.9,89.8,Low,Excellent
101699,90.4,66.0,56.1,0.0,38.9,36.7,87.6,87.1,Moderate,Excellent
101700,18.7,36.3,31.3,0.0,18.3,9.3,85.2,85.4,Low,Excellent
101701,21.0,30.0,27.1,2.0,14.6,23.6,90.6,87.7,Low,Excellent
101702,23.6,30.3,27.4,0.0,13.5,23.1,90.3,90.5,Low,Excellent
101703,84.5,83.3,75.1,2.4,62.6,34.3,80.3,82.5,Moderate,Good
101704,48.4,52.4,49.5,0.0,34.0,42.8,86.3,88.4,Low,Excellent
101705,24.2,39.5,35.1,0.0,21.4,27.0,91.3,88.8,Low,Excellent
101706,20.1,45.5,35.6,0.0,21.2,28.7,87.5,84.9,Low,Good
101707,33.2,54.6,50.0,0.0,36.5,25.8,84.0,83.3,Moderate,Good
101708,27.7,48.0,45.4,5.4,23.2,28.9,87.5,82.7,Low,Good
101709,22.1,43.7,34.5,16.9,22.2,32.4,88.3,90.7,Low,Excellent
101710,25.8,38.6,33.8,0.0,31.8,28.3,92.8,88.0,Low,Excellent
101711,34.6,36.7,34.5,6.8,18.1,36.9,92.9,85.9,Low,Excellent
101712,100.0,79.4,65.1,28.4,54.1,42.8,81.6,87.8,Moderate,Excellent
101713,23.1,33.9,23.9,6.1,25.6,34.5,87.4,87.1,Low,Excellent
101714,29.5,49.9,42.4,7.5,23.6,26.5,86.0,89.2,Low,Excellent
101715,20.2,46.2,34.9,,21.3,27.4,84.7,85.5,Low,Excellent
101716,25.4,54.9,46.7,2.6,35.5,17.9,83.3,88.3,Moderate,Excellent
101717,19.6,31.0,26.9,0.0,12.7,20.6,92.7,87.2,Low,Excellent
101718,26.5,43.8,35.0,6.8,19.0,15.5,85.2,90.0,Low,Excellent
101719,35.1,39.3,34.2,0.1,16.8,13.3,86.2,86.1,Low,Excellent
101720,21.4,27.6,22.0,0.0,12.0,31.2,86.2,87.9,Low,Excellent
101721,22.6,28.8,27.4,0.0,14.9,17.2,94.9,87.2,Low,Excellent
101722,30.2,34.9,33.1,0.7,28.2,18.9,92.0,86.0,Low,Excellent
101723,25.2,34.2,31.0,8.4,16.3,16.9,93.8,84.4,Low,Good
101724,27.4,37.6,34.7,0.0,20.9,12.1,86.4,85.9,Low,Excellent
101725,14.1,33.6,27.5,0.0,22.4,34.9,90.0,82.8,Low,Good
101726,22.6,38.4,35.9,11.2,20.3,16.6,89.7,87.3,Low,Excellent
101727,17.0,38.3,29.8,2.2,18.9,25.6,91.9,85.9,Low,Excellent
101728,22.0,46.9,40.3,7.0,22.4,34.3,85.6,82.1,Low,Good
101729,15.7,22.6,22.0,0.0,10.8,12.5,95.9,90.0,Low,Excellent
101730,36.3,46.6,48.3,26.4,35.5,35.5,92.9,88.3,Moderate,Excellent
101731,18.6,45.9,37.5,9.6,26.6,17.7,84.1,87.8,Low,Excellent
101732,38.0,42.7,,9.9,33.2,49.5,92.7,87.1,Low,Excellent
101733,16.2,22.2,,0.0,9.4,23.1,92.7,86.5,Low,Excellent
101734,32.4,48.3,39.2,10.0,28.5,25.5,83.6,85.6,Low,Excellent
101735,36.4,63.7,58.4,18.0,47.2,32.1,86.6,84.4,Moderate,Good
101736,13.4,27.3,17.5,0.0,12.1,16.4,94.8,88.0,Low,Excellent
101737,22.2,25.6,20.2,0.0,15.7,16.7,93.6,89.2,Low,Excellent
101738,21.5,21.4,15.4,8.2,10.7,32.0,96.2,93.0,Low,Excellent
101739,33.0,40.4,37.4,21.7,24.4,14.8,88.9,81.6,Low,Good
101740,34.9,27.2,29.5,0.0,11.2,17.8,92.8,86.1,Low,Excellent
101741,35.5,46.0,40.5,0.0,31.1,28.5,88.5,87.6,Low,Excellent
101742,22.4,54.7,42.3,6.3,26.4,24.9,86.0,85.8,Low,Excellent
101743,25.8,40.4,32.4,0.0,16.8,19.2,85.5,87.7,Low,Excellent
101744,33.1,32.1,30.5,0.0,12.6,16.6,92.9,91.4,Low,Excellent
101745,19.5,28.7,25.6,5.1,24.4,31.6,92.0,83.8,Low,Good
101746,24.9,41.2,33.5,0.0,17.1,25.1,88.1,90.3,Low,Excellent
101747,30.3,42.4,40.5,0.0,25.7,28.8,90.0,85.7,Low,Excellent
101748,26.7,25.2,24.6,0.0,12.7,0.0,92.6,86.0,Low,Excellent
101749,94.9,60.5,51.7,10.5,39.3,36.0,84.5,88.5,Moderate,Excellent
101750,35.1,37.1,35.9,0.0,21.0,9.3,90.2,85.3,Low,Excellent
101751,0.6,36.0,20.4,0.0,18.3,26.2,86.3,89.3,Low,Excellent
101752,31.4,44.5,38.7,,21.4,34.7,84.7,85.5,Low,Excellent
101753,70.0,67.3,57.9,9.0,53.4,34.6,87.1,91.0,Moderate,Excellent
101754,13.2,23.6,15.0,0.0,12.7,15.5,89.5,86.5,Low,Excellent
101755,31.6,39.4,35.5,0.0,21.5,18.1,89.5,88.4,Low,Excellent
101756,62.3,55.3,51.4,0.0,32.8,39.6,88.7,84.5,Low,Good
101757,40.5,54.7,46.8,0.4,36.1,32.4,85.1,86.7,Moderate,Excellent
101758,30.8,30.8,31.6,0.0,18.7,35.1,91.1,84.2,Low,Good
101759,33.1,37.6,36.7,8.4,18.0,24.1,91.5,87.0,Low,Excellent
101760,28.8,42.3,40.2,11.7,23.8,26.2,90.9,91.7,Low,Excellent
101761,27.3,33.8,35.1,4.3,18.0,21.3,93.0,84.0,Low,Good
101762,29.4,43.2,36.5,1.2,17.4,27.0,83.9,85.2,Low,Excellent
101763,33.0,49.0,,20.7,37.2,18.4,88.3,89.8,Moderate,Excellent
101764,12.7,29.9,20.0,0.0,15.0,19.7,92.9,90.5,Low,Excellent
101765,37.6,42.5,40.4,0.0,36.5,31.3,89.2,86.0,Moderate,Excellent
101766,24.8,25.9,23.3,7.1,21.8,28.9,90.6,87.5,Low,Excellent
101767,29.4,42.8,41.5,0.3,17.0,18.7,84.0,85.0,Low,Excellent
101768,18.2,37.1,31.6,4.6,21.9,14.8,89.5,84.3,Low,Good
101769,34.4,38.3,33.2,11.1,22.5,23.6,92.5,89.6,Low,Excellent
101770,37.2,50.6,46.9,12.4,36.9,23.5,83.7,84.4,Moderate,Good
101771,18.4,29.7,26.1,6.1,15.9,4.1,92.6,85.5,Low,Excellent
101772,37.7,44.1,41.2,0.0,19.0,27.2,85.5,86.9,Low,Excellent
101773,22.6,36.1,33.2,0.0,30.2,32.8,91.5,89.7,Low,Excellent
101774,33.6,34.6,31.9,0.0,21.5,26.7,94.8,88.4,Low,Excellent
101775,12.9,24.4,19.1,0.0,11.7,27.4,94.8,88.0,Low,Excellent
101776,21.2,27.0,22.9,10.2,24.3,19.3,92.3,82.5,Low,Good
101777,20.3,25.1,21.3,0.0,14.9,7.5,93.0,87.7,Low,Excellent
101778,25.0,43.3,35.0,11.9,22.4,22.9,92.9,84.4,Low,Good
101779,91.2,49.1,43.8,3.4,38.7,30.4,88.0,81.9,Moderate,Good
101780,19.2,37.5,27.8,0.0,16.3,13.0,84.7,83.4,Low,Good
101781,14.7,41.6,30.4,,26.6,25.3,87.2,87.9,Low,Excellent
101782,24.7,38.5,32.5,1.8,21.1,17.7,93.7,85.8,Low,Excellent
101783,33.1,39.8,30.9,6.5,29.1,12.8,85.9,82.7,Low,Good
101784,26.4,30.3,30.5,0.6,18.5,17.6,93.6,86.5,Low,Excellent
101785,28.9,35.5,32.8,0.0,23.7,15.1,87.6,83.9,Low,Good
101786,17.4,51.5,37.0,7.1,29.4,29.5,83.9,87.8,Low,Excellent
101787,17.4,39.6,34.3,7.6,27.0,20.9,85.9,88.8,Low,Excellent
101788,17.6,16.7,13.3,0.0,7.1,23.1,91.7,85.9,Low,Excellent
101789,37.4,52.5,44.8,0.0,29.7,40.7,83.9,83.3,Low,Good
101790,35.6,49.8,49.5,18.3,37.9,38.2,89.9,89.3,Moderate,Excellent
101791,8.7,17.7,10.6,0.0,9.6,3.4,94.4,91.1,Low,Excellent
101792,21.9,36.0,31.6,4.5,20.7,34.5,92.1,89.2,Low,Excellent
101793,12.9,40.3,30.9,4.2,16.2,32.3,86.2,89.9,Low,Excellent
101794,30.6,36.0,33.9,,20.4,22.4,88.8,84.1,Low,Good
101795,33.9,48.0,45.1,0.0,36.8,42.6,87.9,85.6,Moderate,Excellent
101796,79.6,58.7,47.9,23.4,42.9,31.3,85.4,87.4,Moderate,Excellent
101797,92.5,46.0,41.0,18.9,37.1,17.4,91.7,87.9,Moderate,Excellent
101798,51.7,43.3,37.0,9.2,33.5,24.0,88.3,88.1,Low,Excellent
101799,27.9,26.8,28.7,0.0,15.5,33.1,89.9,83.0,Low,Good
101800,30.3,53.3,45.7,14.2,35.8,19.6,84.3,89.3,Moderate,Excellent
101801,28.3,45.9,44.4,0.0,22.6,23.6,88.5,91.4,Low,Excellent
101802,18.4,26.2,23.0,0.0,12.7,17.9,94.9,87.2,Low,Excellent
101803,100.0,76.6,65.7,11.0,61.7,42.9,82.4,86.5,Moderate,Excellent
101804,15.8,34.3,25.2,0.0,21.4,19.3,89.5,87.7,Low,Excellent
101805,13.4,40.2,25.9,1.4,18.6,21.8,86.5,87.5,Low,Excellent
101806,11.6,44.6,31.2,9.0,25.3,20.7,85.1,88.7,Low,Excellent
101807,31.7,29.4,28.0,0.0,17.9,9.3,94.5,90.8,Low,Excellent
101808,29.0,33.5,30.4,0.0,16.6,21.7,88.9,84.4,Low,Good
101809,22.4,43.3,29.6,,22.0,31.8,82.7,84.0,Low,Good
101810,29.6,31.8,30.4,0.0,15.2,26.1,89.6,81.6,Low,Good
101811,22.3,41.9,31.9,9.2,20.2,15.7,83.6,86.6,Low,Excellent
101812,25.7,27.8,28.0,0.0,21.0,12.6,93.9,87.0,Low,Excellent
101813,34.9,46.2,44.3,6.2,25.4,23.0,85.9,83.8,Low,Good
101814,41.6,63.5,54.2,0.0,33.9,42.9,86.1,89.7,Low,Excellent
101815,27.1,53.7,46.4,0.0,37.5,37.7,86.4,91.5,Moderate,Excellent
101816,77.5,72.6,,14.4,55.0,48.6,85.8,89.4,Moderate,Excellent
101817,21.3,27.7,,0.0,15.8,26.6,91.8,83.9,Low,Good
101818,82.6,71.0,59.3,14.8,53.6,45.5,82.4,86.4,Moderate,Excellent
101819,14.4,50.5,39.4,8.4,25.2,26.1,84.7,91.0,Low,Excellent
101820,14.3,38.9,27.9,0.0,17.5,25.8,92.0,85.8,Low,Excellent
101821,16.1,44.0,34.7,1.7,20.0,17.7,86.4,84.9,Low,Good
101822,26.4,35.8,33.0,12.1,25.6,14.1,89.2,86.9,Low,Excellent
101823,29.9,46.9,41.4,0.0,33.2,35.7,89.2,89.7,Low,Excellent
101824,18.7,29.1,22.5,0.0,13.4,27.9,89.4,83.3,Low,Good
101825,15.0,31.4,27.3,0.0,14.6,9.8,87.4,82.1,Low,Good
101826,25.2,46.5,39.8,0.0,23.9,30.9,83.4,84.5,Low,Good
101827,19.5,41.2,27.8,0.0,15.4,32.7,89.6,90.8,Low,Excellent
101828,25.2,42.1,41.6,0.0,24.9,24.9,86.8,85.3,Low,Excellent
101829,22.3,45.5,35.8,1.8,20.6,15.8,85.5,85.0,Low,Excellent
101830,14.1,36.5,30.8,0.0,18.2,21.9,88.6,85.8,Low,Excellent
101831,90.5,66.1,57.4,17.3,42.6,31.1,87.2,90.1,Moderate,Excellent
101832,56.8,62.2,51.4,6.0,35.4,26.3,83.9,86.1,Moderate,Excellent
101833,36.6,53.2,45.8,0.0,25.6,28.8,82.9,85.6,Low,Excellent
101834,40.8,43.6,40.5,3.4,31.0,15.7,89.0,84.4,Low,Good
101835,14.7,40.2,30.3,8.2,19.4,10.1,84.7,90.0,Low,Excellent
101836,21.6,36.8,30.4,0.0,13.8,18.4,87.4,86.9,Low,Excellent
101837,20.5,36.2,28.4,5.4,24.0,24.2,91.6,89.8,Low,Excellent
101838,26.0,36.6,37.2,13.0,34.7,33.6,94.2,91.6,Low,Excellent
101839,20.3,56.7,44.1,7.9,27.4,41.4,83.6,87.2,Low,Excellent
101840,22.1,30.4,26.3,0.0,17.0,21.0,88.9,88.9,Low,Excellent
101841,25.1,35.1,30.1,,19.6,26.5,86.3,85.9,Low,Excellent
101842,21.7,35.8,23.5,0.0,18.8,13.5,82.5,81.8,Low,Good
101843,15.9,28.1,21.9,11.4,13.8,24.4,92.4,85.6,Low,Excellent
101844,21.1,37.9,31.6,0.0,17.8,16.5,86.7,83.3,Low,Good
101845,95.5,63.3,57.8,12.5,51.1,41.2,81.6,83.9,Moderate,Good
101846,10.5,50.0,35.8,10.2,24.8,24.0,84.7,84.1,Low,Good
101847,32.1,50.8,46.3,0.0,26.8,34.4,87.0,85.8,Low,Excellent
101848,20.5,32.1,28.4,20.0,28.8,16.8,89.7,82.6,Low,Good
101849,35.7,42.1,41.4,27.2,32.5,11.3,91.4,89.5,Low,Excellent
101850,18.4,42.8,36.1,0.0,19.7,20.1,84.9,85.9,Low,Excellent
101851,23.5,31.9,25.2,0.0,16.3,23.5,87.7,81.0,Low,Good
101852,53.5,64.4,64.2,3.0,49.1,40.7,86.6,88.3,Moderate,Excellent
101853,16.0,18.8,14.5,0.0,11.4,26.7,94.0,86.4,Low,Excellent
101854,26.9,44.8,40.6,0.9,23.7,27.7,91.1,89.5,Low,Excellent
101855,30.4,30.3,32.7,0.0,21.5,18.4,92.5,83.4,Low,Good
101856,23.5,39.6,30.5,5.0,20.6,3.8,87.6,89.7,Low,Excellent
101857,27.5,37.9,38.0,11.7,23.2,22.0,90.8,83.4,Low,Good
101858,14.8,37.2,29.4,0.0,16.4,28.1,86.3,84.7,Low,Good
101859,42.2,49.0,43.4,2.3,31.2,25.6,89.0,84.5,Low,Good
101860,76.8,78.6,70.5,24.4,64.1,48.7,83.2,89.9,Moderate,Excellent
101861,22.7,32.9,,0.0,13.1,21.2,94.0,89.5,Low,Excellent
101862,26.3,30.5,28.5,13.3,14.8,10.8,92.7,86.3,Low,Excellent
101863,35.0,40.6,35.8,4.3,18.9,26.3,85.2,86.8,Low,Excellent
101864,31.0,44.2,33.9,15.0,34.6,43.9,92.8,87.5,Low,Excellent
101865,36.0,49.1,46.2,12.6,30.1,26.7,85.2,85.9,Low,Excellent
101866,13.7,23.8,15.4,12.9,13.8,9.2,91.8,82.8,Low,Good
101867,44.3,43.8,45.2,13.3,36.8,31.6,91.3,81.8,Moderate,Good
101868,25.3,37.8,34.1,0.0,14.6,0.9,92.6,87.7,Low,Excellent
101869,8.3,49.2,35.4,1.4,24.1,27.2,84.5,89.1,Low,Excellent
101870,28.6,37.5,29.0,0.0,16.4,23.5,87.9,85.4,Low,Excellent
101871,19.0,37.2,29.2,4.4,24.2,38.0,84.2,82.3,Low,Good
101872,25.0,44.5,35.9,0.0,22.8,22.1,87.3,91.1,Low,Excellent
101873,33.6,34.9,32.8,0.0,28.1,30.1,90.5,82.7,Low,Good
101874,34.4,42.7,38.7,3.1,23.2,17.0,92.1,86.7,Low,Excellent
101875,28.1,55.7,48.1,0.0,24.7,22.0,83.6,84.4,Low,Good
101876,41.9,68.6,64.7,13.6,50.5,28.1,80.6,84.7,Moderate,Good
101877,9.2,22.8,17.9,0.0,9.3,14.0,94.2,83.9,Low,Good
101878,28.7,29.9,24.0,0.0,12.0,14.7,93.6,85.8,Low,Excellent
101879,15.9,12.7,8.9,0.0,9.9,18.3,93.6,83.3,Low,Good
101880,9.5,21.8,18.3,0.0,13.6,13.2,93.5,86.5,Low,Excellent
101881,21.2,31.8,29.9,0.0,13.3,18.7,89.4,86.1,Low,Excellent
101882,27.1,44.6,41.2,8.6,20.4,19.6,85.3,85.3,Low,Excellent
101883,15.8,33.8,28.9,,28.1,24.2,93.2,87.1,Low,Excellent
101884,14.4,21.9,18.4,0.0,11.8,17.7,93.3,87.4,Low,Excellent
101885,17.4,37.3,33.6,0.0,24.3,24.9,87.8,86.0,Low,Excellent
101886,13.3,28.9,25.3,0.0,11.9,23.2,85.7,85.3,Low,Excellent
101887,23.7,25.5,19.5,0.0,12.0,16.2,94.7,93.1,Low,Excellent
101888,27.3,35.6,32.3,14.2,21.3,20.0,92.8,87.3,Low,Excellent
101889,23.4,27.4,22.9,0.0,14.8,17.4,94.3,90.8,Low,Excellent
101890,30.6,34.9,32.1,0.0,23.4,18.3,87.7,83.8,Low,Good
101891,46.6,60.9,54.0,8.9,40.9,31.6,85.4,82.8,Moderate,Good
101892,30.2,43.2,39.1,26.6,34.2,46.7,90.9,86.4,Low,Excellent
101893,23.2,30.3,23.4,0.0,12.0,9.9,91.1,86.2,Low,Excellent
101894,80.6,60.0,54.6,3.9,48.5,36.9,88.0,89.5,Moderate,Excellent
101895,14.6,50.8,38.8,4.6,21.9,20.0,86.9,89.7,Low,Excellent
101896,15.2,31.3,25.9,,16.2,17.8,92.2,88.8,Low,Excellent
101897,21.9,44.3,33.1,2.2,17.3,17.7,85.7,85.4,Low,Excellent
101898,34.2,29.8,30.8,0.0,12.1,19.5,89.4,82.0,Low,Good
101899,75.8,58.3,50.6,5.5,35.2,17.4,86.8,89.4,Moderate,Excellent
101900,69.2,50.4,42.8,0.0,33.0,38.1,84.7,90.3,Low,Excellent
101901,74.9,42.4,40.3,10.1,29.4,32.7,92.2,85.8,Low,Excellent
101902,22.0,27.8,25.8,1.8,20.1,12.1,91.8,85.2,Low,Excellent
101903,26.7,36.4,33.4,0.0,14.1,0.3,90.3,89.5,Low,Excellent
101904,27.7,20.9,20.9,0.0,10.2,8.3,94.4,85.0,Low,Excellent
101905,72.7,58.2,50.6,0.0,40.6,32.4,86.2,85.1,Moderate,Excellent
101906,33.4,43.4,35.8,2.4,18.4,41.7,94.2,88.6,Low,Excellent
101907,23.8,40.2,30.9,8.7,29.5,32.0,90.4,92.2,Low,Excellent
101908,31.9,47.6,37.5,0.2,31.0,14.2,83.0,84.1,Low,Good
101909,14.2,26.1,18.0,,11.0,11.1,89.6,91.6,Low,Excellent
101910,34.1,44.5,40.9,0.0,31.7,28.6,84.6,90.1,Low,Excellent
101911,35.7,35.8,38.0,0.0,21.0,24.6,95.4,90.8,Low,Excellent
101912,43.6,61.2,59.3,1.3,37.0,21.7,82.4,82.2,Moderate,Good
101913,32.8,35.4,32.6,0.0,18.2,19.9,93.1,87.0,Low,Excellent
101914,27.7,41.7,34.1,0.0,15.5,13.6,87.0,88.9,Low,Excellent
101915,11.6,32.4,18.9,9.9,12.4,8.6,89.0,86.5,Low,Excellent
101916,26.6,50.4,44.0,15.7,40.4,36.3,87.3,84.4,Moderate,Good
101917,23.8,39.1,30.1,4.2,21.2,28.9,88.4,87.6,Low,Excellent
101918,30.3,37.7,,26.9,27.1,33.0,90.0,85.2,Low,Excellent
101919,32.6,38.3,31.2,13.1,20.7,27.0,85.2,83.8,Low,Good
101920,33.8,32.8,31.7,0.0,29.2,23.5,93.7,86.9,Low,Excellent
101921,5.1,29.7,16.8,0.0,10.9,22.2,88.5,87.6,Low,Excellent
101922,32.9,41.8,37.5,1.8,21.7,25.5,88.5,83.8,Low,Good
101923,16.8,25.1,19.1,0.5,13.7,19.3,87.7,87.7,Low,Excellent
101924,32.1,40.4,34.6,0.0,20.7,17.5,87.7,82.1,Low,Good
101925,35.4,42.3,42.8,0.0,21.5,18.9,88.8,83.8,Low,Good
101926,51.5,50.3,45.4,6.9,46.1,38.2,91.1,88.3,Moderate,Excellent
101927,0.6,24.0,11.7,0.0,10.4,35.8,91.5,89.0,Low,Excellent
101928,30.8,50.6,42.8,3.1,33.0,32.2,85.9,87.5,Low,Excellent
101929,28.7,39.6,36.0,0.0,17.1,15.4,87.3,84.5,Low,Good
101930,32.9,46.4,44.6,0.0,21.9,16.5,83.7,87.6,Low,Excellent
101931,21.7,28.1,19.9,4.9,14.4,14.7,93.0,86.3,Low,Excellent
101932,29.7,34.7,31.2,1.2,17.1,37.7,85.9,83.4,Low,Good
101933,33.7,39.7,33.0,11.4,25.6,22.2,90.8,87.4,Low,Excellent
101934,17.5,46.9,37.4,4.8,23.4,31.3,86.6,88.5,Low,Excellent
101935,38.4,41.7,44.3,0.0,20.7,19.4,87.2,86.9,Low,Excellent
101936,20.5,41.1,26.1,5.9,16.0,21.7,86.8,87.9,Low,Excellent
101937,21.4,33.6,28.6,0.0,14.5,25.0,91.9,83.2,Low,Good
101938,27.5,30.2,28.1,5.1,16.1,15.1,92.9,87.4,Low,Excellent
101939,28.6,36.9,33.3,0.0,14.2,13.4,92.6,86.5,Low,Excellent
101940,19.4,34.2,29.6,3.0,17.9,34.0,91.2,88.6,Low,Excellent
101941,30.1,46.5,37.3,4.4,19.7,29.7,86.4,84.0,Low,Good
101942,12.7,19.5,16.5,0.0,8.2,21.3,94.2,88.0,Low,Excellent
101943,78.6,57.9,50.3,22.3,40.2,40.4,91.8,84.9,Moderate,Good
101944,13.0,24.3,19.8,1.6,10.2,19.8,88.6,89.1,Low,Excellent
101945,24.3,40.5,35.8,0.0,20.0,38.1,87.5,89.2,Low,Excellent
101946,13.4,44.9,34.3,11.5,21.7,23.4,89.8,87.4,Low,Excellent
101947,27.7,24.4,22.3,0.0,9.4,20.3,92.8,86.7,Low,Excellent
101948,19.2,28.4,28.1,0.0,22.1,11.7,89.4,83.2,Low,Good
101949,49.1,56.7,52.8,15.6,38.8,26.7,89.7,86.4,Moderate,Excellent
101950,19.5,31.1,25.0,0.7,11.6,7.4,83.1,79.6,Low,Good
101951,49.7,53.3,39.1,0.0,34.0,40.6,85.8,87.9,Low,Excellent
101952,25.5,43.9,39.8,3.5,20.2,1.7,85.2,84.4,Low,Good
101953,16.6,42.9,36.1,7.2,32.5,26.3,90.6,83.9,Low,Good
101954,15.7,33.3,24.8,0.0,13.8,0.0,89.2,83.7,Low,Good
101955,10.2,40.9,29.6,0.0,15.6,12.7,87.4,88.7,Low,Excellent
101956,44.2,54.1,51.3,5.8,34.7,26.9,87.9,90.7,Low,Excellent
101957,4.7,34.8,23.1,11.9,22.9,34.8,90.2,83.8,Low,Good
101958,38.0,39.1,45.0,0.0,21.0,25.8,89.4,84.2,Low,Good
101959,34.8,43.7,40.0,,23.8,17.6,90.1,88.1,Low,Excellent
101960,24.4,34.1,31.3,0.0,20.4,30.8,87.7,84.3,Low,Good
101961,73.8,47.5,43.1,15.6,37.3,32.5,89.0,92.5,Moderate,Excellent
101962,21.0,48.9,39.9,11.4,24.4,25.0,89.8,84.1,Low,Good
101963,17.8,40.8,35.2,0.0,19.1,11.8,86.7,86.4,Low,Excellent
101964,72.2,59.8,56.2,7.4,46.5,30.0,81.1,80.1,Moderate,Good
101965,34.1,43.3,37.7,11.9,23.7,17.6,88.7,86.5,Low,Excellent
101966,27.7,43.1,39.4,14.5,32.4,29.8,87.9,83.8,Low,Good
101967,37.1,46.7,39.4,0.0,28.4,27.7,89.1,89.8,Low,Excellent
101968,29.7,55.3,43.5,0.0,27.6,38.9,82.3,84.2,Low,Good
101969,31.9,44.0,38.5,17.1,32.0,32.3,91.5,83.7,Low,Good
101970,74.6,75.7,73.3,22.9,66.2,28.1,84.9,92.2,High,Excellent
101971,39.7,43.1,39.0,0.0,24.7,26.9,86.4,86.0,Low,Excellent
101972,10.8,27.1,12.5,2.4,12.6,6.0,90.2,90.0,Low,Excellent
101973,17.5,44.7,36.7,8.6,18.0,13.0,90.5,87.1,Low,Excellent
101974,20.6,31.3,26.9,2.3,14.0,11.9,84.9,87.0,Low,Excellent
101975,23.9,41.7,32.4,0.0,16.2,14.4,87.8,81.8,Low,Good
101976,32.5,52.7,42.9,9.3,32.7,18.6,85.4,84.8,Low,Good
101977,22.8,58.2,,12.0,29.2,29.2,86.8,92.4,Low,Excellent
101978,22.3,37.8,36.2,16.3,23.6,12.9,90.5,82.7,Low,Good
101979,14.5,24.9,19.7,7.6,13.9,21.2,95.6,90.4,Low,Excellent
101980,33.9,40.2,38.7,0.0,29.4,45.5,89.6,87.3,Low,Excellent
101981,19.8,36.2,30.2,0.0,26.2,15.1,93.1,88.9,Low,Excellent
101982,15.5,20.6,13.7,0.0,9.0,13.1,93.3,81.4,Low,Good
101983,16.6,31.3,23.6,4.8,13.9,0.0,88.9,93.5,Low,Excellent
101984,35.6,47.3,44.0,0.0,29.2,25.1,87.0,87.5,Low,Excellent
101985,41.6,46.8,43.2,0.0,27.2,31.4,86.6,82.6,Low,Good
101986,34.4,56.3,47.6,5.2,31.0,34.4,85.8,85.4,Low,Excellent
101987,40.6,62.7,56.7,7.1,43.2,36.6,86.8,86.7,Moderate,Excellent
101988,34.5,48.5,40.6,13.3,24.7,31.9,87.7,86.9,Low,Excellent
101989,18.9,35.4,25.5,0.9,12.8,38.1,89.2,84.9,Low,Good
101990,17.9,31.1,28.1,0.0,14.7,32.5,89.7,89.4,Low,Excellent
101991,42.4,49.5,46.4,0.0,32.8,25.5,86.3,81.6,Low,Good
101992,34.9,40.7,38.4,19.8,27.9,15.1,91.9,90.4,Low,Excellent
101993,39.4,46.6,45.6,19.6,34.0,27.2,90.0,86.4,Low,Excellent
101994,20.2,34.6,30.3,0.0,13.2,10.3,86.7,89.6,Low,Excellent
101995,30.0,30.4,28.6,0.0,17.3,24.0,90.8,87.9,Low,Excellent
101996,33.9,45.6,44.1,0.0,29.7,18.4,85.1,87.4,Low,Excellent
101997,19.2,36.9,28.9,2.1,13.9,17.7,89.7,85.3,Low,Excellent
101998,13.0,45.1,30.8,0.0,15.9,26.2,85.0,87.4,Low,Excellent
101999,64.5,63.5,56.3,5.8,49.0,38.6,90.1,87.1,Moderate,Excellent
102000,18.1,34.6,26.5,0.0,17.1,12.7,89.7,84.7,Low,Good
104001,27.0,35.8,27.6,13.8,21.5,21.1,91.4,90.8,Low,Excellent
104002,34.1,43.0,37.6,0.0,27.2,24.6,86.1,89.4,Low,Excellent
104003,21.9,27.6,23.8,0.0,12.3,35.2,94.3,86.0,Low,Excellent
104004,15.7,31.3,27.6,0.0,12.9,24.2,88.0,87.1,Low,Excellent
104005,79.7,57.9,43.4,0.0,34.9,50.8,84.4,85.5,Low,Excellent
104006,28.5,44.6,40.4,0.0,26.2,21.8,85.9,90.5,Low,Excellent
104007,21.4,28.2,19.3,0.0,25.3,24.5,92.0,84.9,Low,Good
104008,9.4,37.9,28.7,14.4,19.6,11.1,85.7,83.2,Low,Good
104009,55.3,53.4,44.8,3.6,36.4,25.3,88.1,88.2,Moderate,Excellent
104010,23.9,34.8,32.2,0.0,18.0,36.0,86.3,82.8,Low,Good
104011,24.7,40.3,32.9,10.3,20.1,17.9,90.9,84.4,Low,Good
104012,9.7,20.0,12.4,0.0,6.9,29.5,92.6,83.7,Low,Good
104013,28.0,50.4,39.4,0.0,31.1,18.7,88.9,80.7,Low,Good
104014,18.1,46.7,36.5,0.3,18.1,12.4,82.7,83.5,Low,Good
104015,33.1,28.3,25.9,6.4,18.2,18.2,94.0,86.5,Low,Excellent
104016,21.6,24.7,20.8,0.0,13.8,17.8,91.1,88.2,Low,Excellent
104017,86.1,63.5,53.8,6.9,46.1,45.1,84.7,87.5,Moderate,Excellent
104018,26.7,34.1,32.0,0.0,17.8,24.3,88.8,88.6,Low,Excellent
104019,22.7,47.5,40.2,0.0,32.3,26.1,83.0,87.2,Low,Excellent
104020,26.0,48.2,40.8,0.0,29.0,26.3,89.6,92.2,Low,Excellent
104021,40.2,31.9,36.8,5.2,19.7,19.2,93.9,85.4,Low,Excellent
104022,29.4,49.9,37.7,23.7,35.2,23.8,90.8,87.7,Moderate,Excellent
104023,9.9,30.6,17.9,0.0,11.2,9.6,88.0,81.2,Low,Good
104024,69.4,79.3,71.5,17.2,59.7,54.0,80.8,86.7,Moderate,Excellent
104025,13.7,38.5,27.7,0.0,14.7,4.2,86.5,87.5,Low,Excellent
104026,11.4,37.8,28.3,3.7,14.2,31.5,89.3,87.6,Low,Excellent
104027,14.4,38.2,30.7,2.4,23.5,21.4,89.7,88.5,Low,Excellent
104028,32.6,32.6,27.5,4.8,18.4,14.9,89.4,86.8,Low,Excellent
104029,34.2,39.8,44.4,1.6,33.0,35.7,90.8,82.8,Low,Good
104030,83.9,78.6,71.1,15.0,59.1,57.4,82.6,90.5,Moderate,Excellent
104031,28.2,33.3,34.5,0.0,23.4,33.0,94.7,89.9,Low,Excellent
104032,15.8,35.4,29.2,,29.5,31.7,87.2,85.2,Low,Excellent
104033,25.2,64.2,48.9,17.5,41.3,43.5,83.4,89.8,Moderate,Excellent
104034,12.6,37.0,19.7,0.0,16.7,6.3,87.3,88.1,Low,Excellent
104035,16.6,31.8,22.5,0.0,11.3,12.6,87.1,92.6,Low,Excellent
104036,26.0,45.6,41.3,14.2,26.0,18.3,89.5,86.5,Low,Excellent
104037,29.7,40.9,34.0,4.7,16.9,30.0,84.9,88.2,Low,Excellent
104038,26.2,31.7,25.9,0.0,14.5,15.6,93.6,86.7,Low,Excellent
104039,18.6,33.4,28.6,0.0,17.2,27.1,87.9,89.2,Low,Excellent
104040,18.0,29.2,26.4,0.0,23.0,28.1,92.3,88.0,Low,Excellent
104041,23.6,40.2,34.0,0.0,19.7,14.9,88.6,92.0,Low,Excellent
104042,85.5,60.4,52.7,14.1,37.3,27.7,87.5,91.6,Moderate,Excellent
104043,23.0,31.5,23.0,0.0,20.3,32.5,87.6,84.1,Low,Good
104044,61.0,59.2,50.9,,36.7,25.8,82.8,86.7,Moderate,Excellent
104045,26.9,41.4,37.2,7.3,20.6,23.4,93.2,87.4,Low,Excellent
104046,66.5,58.2,50.6,0.3,43.3,29.7,85.0,82.7,Moderate,Good
104047,20.2,35.8,31.1,0.0,13.6,15.7,85.9,89.5,Low,Excellent
104048,39.5,35.4,39.3,3.0,15.2,18.7,93.6,83.3,Low,Good
104049,13.9,26.4,21.7,0.0,9.9,9.7,91.0,88.7,Low,Excellent
104050,22.4,34.4,30.1,0.0,15.8,11.8,89.0,82.6,Low,Good
104051,18.7,30.9,22.9,0.7,13.1,20.1,92.3,88.8,Low,Excellent
104052,28.8,44.4,37.4,2.6,23.4,17.3,91.7,90.0,Low,Excellent
104053,18.1,31.4,29.2,0.0,16.7,13.6,93.1,83.0,Low,Good
104054,33.2,49.1,44.1,0.0,33.3,22.5,86.8,82.5,Low,Good
104055,24.8,39.6,30.6,0.0,23.5,23.5,90.4,87.3,Low,Excellent
104056,21.8,51.2,40.7,7.3,23.6,31.7,83.6,86.0,Low,Excellent
104057,42.2,47.0,43.0,0.0,21.8,35.1,86.5,86.1,Low,Excellent
104058,27.6,34.2,31.9,0.0,19.6,16.0,91.6,84.6,Low,Good
104059,98.8,52.2,48.2,0.0,32.4,46.7,88.2,87.0,Low,Excellent
104060,23.8,37.5,29.2,14.6,17.8,12.6,90.1,86.8,Low,Excellent
104061,25.9,35.3,33.7,0.0,20.2,30.8,89.2,86.0,Low,Excellent
104062,20.5,40.2,33.4,2.9,18.2,15.1,89.7,85.9,Low,Excellent
104063,79.4,61.1,50.3,0.2,44.0,29.4,85.8,87.2,Moderate,Excellent
104064,23.7,56.7,45.6,2.5,26.8,20.1,84.0,86.1,Low,Excellent
104065,13.7,42.0,29.5,5.7,18.5,20.7,85.5,85.4,Low,Excellent
104066,23.8,38.0,29.6,0.0,19.3,26.2,84.6,79.8,Low,Good
104067,36.1,48.7,43.4,0.0,32.2,34.7,86.2,83.9,Low,Good
104068,15.2,17.1,18.1,0.0,8.8,7.7,95.4,89.4,Low,Excellent
104069,8.3,30.7,22.6,2.2,16.8,12.2,83.2,84.9,Low,Good
104070,28.2,43.4,39.4,9.4,22.7,16.3,92.5,87.2,Low,Excellent
104071,24.2,31.3,30.0,0.0,17.7,19.7,94.9,89.3,Low,Excellent
104072,23.2,40.8,29.9,0.0,17.4,18.8,87.4,80.9,Low,Good
104073,63.1,53.6,39.1,0.0,31.4,21.2,85.7,84.5,Low,Good
104074,27.3,34.4,27.6,0.1,14.6,20.9,90.1,85.2,Low,Excellent
104075,27.9,42.6,35.7,0.0,26.8,44.2,88.5,86.9,Low,Excellent
104076,19.5,26.6,25.5,1.5,17.0,16.2,92.8,86.8,Low,Excellent
104077,26.7,27.6,23.9,0.0,15.9,16.1,92.0,90.8,Low,Excellent
104078,12.0,27.3,17.1,0.0,14.8,23.4,87.8,80.2,Low,Good
104079,21.7,23.0,20.8,0.0,14.3,14.1,88.4,79.5,Low,Good
104080,20.9,42.2,33.2,0.0,20.0,27.4,86.9,85.4,Low,Excellent
104081,31.7,46.3,44.4,16.1,35.9,25.8,90.0,85.6,Moderate,Excellent
104082,17.9,40.8,29.9,14.0,19.5,36.3,88.1,86.4,Low,Excellent
104083,38.9,49.6,51.9,20.8,41.3,37.5,89.0,87.1,Moderate,Excellent
104084,10.8,30.6,,12.1,18.8,16.3,89.1,89.3,Low,Excellent
104085,36.5,31.4,33.1,0.0,18.2,16.2,90.4,85.1,Low,Excellent
104086,20.4,36.2,30.0,0.0,19.0,17.3,88.1,83.8,Low,Good
104087,20.0,42.7,37.0,7.0,19.1,32.4,89.8,88.6,Low,Excellent
104088,19.7,47.4,37.3,3.5,20.7,12.3,86.5,86.4,Low,Excellent
104089,25.9,32.9,32.2,8.5,17.0,14.9,93.6,86.0,Low,Excellent
104090,27.0,46.4,37.6,0.0,26.2,21.3,89.2,86.4,Low,Excellent
104091,29.8,49.6,42.4,21.3,43.6,36.0,84.8,88.0,Moderate,Excellent
104092,36.1,28.9,32.3,0.0,18.4,18.9,94.0,86.2,Low,Excellent
104093,18.5,38.2,29.8,1.7,15.2,7.2,87.5,86.1,Low,Excellent
104094,47.0,62.4,56.1,24.4,49.3,36.4,86.8,85.1,Moderate,Excellent
104095,38.4,44.6,44.5,5.2,31.2,27.9,92.9,86.4,Low,Excellent
104096,19.3,30.1,22.9,0.0,16.4,14.8,90.6,87.6,Low,Excellent
104097,23.1,33.8,30.2,0.0,14.8,24.4,90.4,85.7,Low,Excellent
104098,16.7,43.3,32.8,3.0,20.7,29.8,84.8,83.4,Low,Good
104099,29.8,51.9,42.6,11.7,31.0,28.0,88.1,86.7,Low,Excellent
104100,25.7,46.6,40.0,,28.5,28.9,87.4,88.8,Low,Excellent
104101,22.3,24.5,17.3,0.0,14.1,1.2,92.3,84.4,Low,Good
104102,26.9,41.0,30.1,2.6,18.8,17.9,85.9,87.5,Low,Excellent
104103,100.0,73.3,68.6,27.9,56.6,52.0,85.1,87.9,Moderate,Excellent
104104,22.0,33.1,31.3,0.0,15.7,16.0,92.5,87.4,Low,Excellent
104105,21.4,35.4,28.6,0.0,14.9,13.1,86.9,91.5,Low,Excellent
104106,26.1,41.5,,0.0,19.2,39.7,91.8,87.9,Low,Excellent
104107,28.1,26.9,21.7,3.9,11.5,31.4,94.9,87.1,Low,Excellent
104108,31.5,51.3,43.8,0.3,19.4,25.4,83.0,84.3,Low,Good
104109,20.9,30.3,26.3,8.0,18.1,30.0,92.7,89.1,Low,Excellent
104110,13.6,22.1,20.3,0.0,8.6,0.0,91.5,82.2,Low,Good
104111,98.1,52.8,49.7,4.7,34.4,24.3,90.0,82.5,Low,Good
104112,14.9,20.1,15.0,4.9,8.0,11.1,93.1,81.4,Low,Good
104113,92.3,70.8,67.5,31.0,55.4,41.4,84.0,88.6,Moderate,Excellent
104114,17.5,18.4,12.0,0.0,9.1,11.5,89.5,85.3,Low,Excellent
104115,33.1,31.2,32.2,0.0,13.5,0.0,92.8,85.0,Low,Excellent
104116,36.2,47.9,40.7,16.2,34.0,33.5,86.4,84.5,Low,Good
104117,15.4,36.5,28.5,0.0,15.2,23.5,86.6,85.3,Low,Excellent
104118,13.5,24.2,13.9,0.0,9.9,28.8,89.9,90.3,Low,Excellent
104119,17.7,49.8,38.0,0.0,23.6,17.8,84.0,89.1,Low,Excellent
104120,20.0,43.5,33.1,13.1,26.8,19.1,83.0,83.8,Low,Good
104121,27.4,44.7,35.2,0.0,24.6,3.3,85.4,85.6,Low,Excellent
104122,37.7,57.7,49.5,14.0,41.0,32.3,86.6,89.4,Moderate,Excellent
104123,24.8,45.9,40.7,0.0,22.1,30.4,87.2,82.3,Low,Good
104124,28.3,27.5,26.1,0.0,16.2,14.8,92.1,81.2,Low,Good
104125,22.5,22.5,22.4,0.0,12.6,34.7,91.4,85.5,Low,Excellent
104126,49.8,40.0,33.6,13.7,32.9,27.7,92.8,85.6,Low,Excellent
104127,27.6,42.2,35.7,19.3,34.1,31.6,87.0,83.4,Low,Good
104128,66.2,65.4,62.1,0.0,42.3,24.5,82.2,83.0,Moderate,Good
104129,15.9,21.1,20.6,0.0,19.2,23.8,93.8,86.7,Low,Excellent
104130,23.2,30.7,32.0,0.0,13.4,2.2,94.7,86.5,Low,Excellent
104131,19.5,34.0,26.9,0.0,14.3,24.2,85.9,81.1,Low,Good
104132,69.9,44.9,41.2,20.4,36.2,37.5,91.2,83.4,Moderate,Good
104133,29.1,38.2,34.5,2.9,16.1,30.5,85.1,85.3,Low,Excellent
104134,22.0,42.9,39.2,0.0,19.3,13.4,85.1,90.8,Low,Excellent
104135,90.2,60.7,56.2,20.5,54.1,43.8,89.6,82.5,Moderate,Good
104136,13.9,33.6,26.5,0.1,15.1,23.6,93.5,88.5,Low,Excellent
104137,20.8,40.1,36.8,0.8,29.2,31.0,93.0,90.9,Low,Excellent
104138,23.3,36.2,31.9,0.0,18.3,14.1,87.0,86.9,Low,Excellent
104139,33.3,37.3,35.2,0.0,20.0,2.9,86.6,85.5,Low,Excellent
104140,25.8,32.2,26.8,0.1,13.9,21.1,93.2,86.4,Low,Excellent
104141,46.5,46.3,42.8,5.0,30.5,27.1,86.6,86.3,Low,Excellent
104142,46.5,62.3,58.0,9.0,39.1,28.9,85.6,88.3,Moderate,Excellent
104143,26.6,35.2,31.8,0.0,19.0,27.5,88.8,91.4,Low,Excellent
104144,29.7,37.2,38.4,0.0,33.1,29.5,92.4,88.4,Low,Excellent
104145,71.0,65.8,48.3,12.4,40.4,23.7,84.0,89.0,Moderate,Excellent
104146,12.2,54.2,35.7,5.3,33.2,14.5,85.3,87.6,Low,Excellent
104147,23.6,42.2,35.2,6.5,19.5,12.7,86.7,88.9,Low,Excellent
104148,22.8,43.0,35.0,8.9,22.7,42.8,87.0,85.0,Low,Excellent
104149,20.3,35.1,27.0,0.0,15.5,25.1,87.9,86.9,Low,Excellent
104150,17.3,42.5,36.0,0.0,21.4,24.4,89.5,85.9,Low,Excellent
104151,21.4,51.3,,11.5,26.0,24.2,84.1,89.9,Low,Excellent
104152,40.7,54.7,49.4,15.1,33.2,28.0,84.1,88.0,Low,Excellent
104153,27.7,32.2,29.9,0.0,20.6,31.7,93.4,85.8,Low,Excellent
104154,26.7,41.5,34.2,3.4,27.7,22.7,85.8,89.0,Low,Excellent
104155,29.2,45.1,38.2,0.0,17.0,24.8,88.1,89.9,Low,Excellent
104156,25.8,44.8,38.8,9.7,31.1,25.9,87.6,84.9,Low,Good
104157,32.1,52.6,,11.1,32.5,45.0,86.2,88.4,Low,Excellent
104158,16.9,31.8,25.0,6.3,15.3,25.1,91.5,88.2,Low,Excellent
104159,23.1,53.0,42.9,9.1,34.6,40.7,84.1,85.6,Low,Excellent
104160,41.3,32.0,32.5,9.1,28.6,22.5,93.1,85.5,Low,Excellent
104161,27.8,34.2,30.5,0.0,20.3,30.7,90.6,83.0,Low,Good
104162,20.6,24.7,23.4,0.0,10.6,13.9,92.1,86.3,Low,Excellent
104163,46.3,69.4,59.5,29.0,54.0,43.3,87.2,89.6,Moderate,Excellent
104164,67.3,54.9,40.7,0.5,36.6,45.0,80.4,81.2,Moderate,Good
104165,20.7,37.1,27.4,0.0,13.4,9.7,92.0,89.4,Low,Excellent
104166,20.8,32.0,29.7,3.3,14.8,20.5,93.6,90.6,Low,Excellent
104167,20.5,24.0,21.4,0.0,13.7,21.7,93.0,84.7,Low,Good
104168,25.0,32.8,27.0,4.4,16.5,24.1,88.1,88.9,Low,Excellent
104169,36.8,50.4,46.5,0.0,30.4,24.6,83.9,89.5,Low,Excellent
104170,26.1,47.1,37.5,14.0,30.3,44.9,89.1,87.3,Low,Excellent
104171,12.6,23.9,18.0,3.8,17.3,10.0,92.4,86.0,Low,Excellent
104172,78.3,52.5,44.3,0.0,32.8,41.4,85.9,80.9,Low,Good
104173,15.1,21.6,17.1,0.0,8.0,24.5,93.0,90.6,Low,Excellent
104174,19.9,24.8,19.3,0.0,13.6,33.4,90.3,85.6,Low,Excellent
104175,84.2,53.9,46.7,12.4,39.0,20.7,85.2,79.9,Moderate,Good
104176,31.9,41.1,34.9,0.0,18.2,14.0,91.9,87.1,Low,Excellent
104177,28.9,59.6,49.7,22.3,39.2,45.5,82.2,84.6,Moderate,Good
104178,21.1,40.8,34.0,0.0,18.0,5.8,87.1,84.8,Low,Good
104179,98.9,64.7,61.7,0.0,42.1,22.4,82.4,82.3,Moderate,Good
104180,23.2,34.7,27.0,0.0,14.5,14.8,88.8,88.9,Low,Excellent
104181,22.9,42.4,34.0,1.2,16.8,21.6,89.0,90.6,Low,Excellent
104182,28.1,53.5,48.6,22.8,48.4,51.8,92.0,89.6,Moderate,Excellent
104183,14.6,26.6,19.3,0.0,10.4,14.8,88.2,87.1,Low,Excellent
104184,17.5,31.5,23.5,0.0,12.3,12.5,88.8,82.6,Low,Good
104185,18.1,34.8,,0.0,13.5,20.6,87.1,86.2,Low,Excellent
104186,32.4,32.4,33.1,0.0,25.6,29.1,92.8,87.4,Low,Excellent
104187,30.0,52.7,50.6,0.0,25.3,28.7,84.0,88.3,Low,Excellent
104188,20.1,23.1,18.0,,10.3,14.7,93.6,85.6,Low,Excellent
104189,16.1,45.1,35.4,9.8,24.4,9.0,84.5,88.3,Low,Excellent
104190,21.2,29.5,26.7,0.0,17.7,13.3,92.8,85.2,Low,Excellent
104191,27.8,41.2,34.2,2.9,17.7,32.0,85.1,83.2,Low,Good
104192,32.8,29.4,28.0,0.0,17.8,22.2,91.0,80.2,Low,Good
104193,46.6,56.6,55.7,22.9,45.8,34.9,85.6,84.1,Moderate,Good
104194,15.5,39.6,27.0,18.8,30.3,37.1,88.9,85.3,Low,Excellent
104195,2.5,21.6,13.9,10.3,18.9,12.3,91.6,82.2,Low,Good
104196,22.8,48.1,37.1,0.0,23.9,22.5,84.0,84.5,Low,Good
104197,21.5,42.4,37.7,0.0,18.0,21.9,89.6,85.5,Low,Excellent
104198,17.9,25.2,17.5,0.0,14.3,15.1,93.1,86.0,Low,Excellent
104199,11.1,29.7,13.5,0.0,12.2,18.1,89.9,81.7,Low,Good
104200,18.2,45.2,37.4,4.4,19.4,20.1,87.2,87.6,Low,Excellent
104201,29.3,40.0,34.4,0.0,20.6,11.1,87.7,87.0,Low,Excellent
104202,85.2,81.3,66.9,27.4,64.6,50.2,81.7,89.6,Moderate,Excellent
104203,32.4,46.0,37.7,7.0,33.5,19.5,90.1,84.2,Low,Good
104204,10.8,24.2,16.9,0.0,8.6,16.5,91.9,84.3,Low,Good
104205,84.9,75.1,63.6,0.0,49.5,50.7,83.0,91.0,Moderate,Excellent
104206,20.2,26.8,21.5,0.0,13.5,15.9,94.5,89.8,Low,Excellent
104207,29.5,30.7,29.7,,18.4,11.7,89.3,84.5,Low,Good
104208,11.4,32.2,18.9,0.0,20.8,21.5,88.2,85.0,Low,Excellent
104209,48.3,56.2,43.1,0.0,31.8,22.4,85.4,91.6,Low,Excellent
104210,12.2,31.7,21.9,2.0,13.3,22.7,91.5,84.9,Low,Good
104211,23.0,43.5,33.8,0.0,19.5,20.5,89.6,88.7,Low,Excellent
104212,26.6,43.1,32.9,4.0,20.8,36.2,92.1,84.8,Low,Good
104213,20.2,34.2,33.2,7.8,21.0,31.9,93.2,84.4,Low,Good
104214,12.4,24.4,13.5,0.0,8.1,13.7,85.4,82.5,Low,Good
104215,23.8,43.1,35.2,6.1,21.5,28.6,88.5,87.0,Low,Excellent
104216,34.7,31.8,29.1,0.0,15.0,15.9,92.4,89.6,Low,Excellent
104217,41.2,51.3,49.8,0.0,29.3,27.8,82.3,84.3,Low,Good
104218,16.3,29.4,23.8,8.7,15.8,16.6,89.7,88.3,Low,Excellent
104219,64.1,76.7,67.2,0.0,54.0,48.5,81.1,87.7,Moderate,Excellent
104220,5.0,28.5,17.5,0.0,12.4,28.9,84.8,84.5,Low,Good
104221,9.7,20.5,11.5,,13.1,24.3,92.6,88.0,Low,Excellent
104222,25.7,33.9,32.4,0.0,17.8,28.1,91.5,89.4,Low,Excellent
104223,21.7,39.9,31.7,6.2,17.5,27.9,91.3,81.8,Low,Good
104224,20.2,30.5,30.0,0.0,13.0,22.2,89.3,84.7,Low,Good
104225,14.9,35.3,25.3,,18.9,12.2,83.4,85.9,Low,Excellent
104226,99.0,76.9,68.0,22.9,57.6,58.2,83.9,84.3,Moderate,Good
104227,40.0,40.3,39.5,0.0,17.8,35.1,92.6,88.2,Low,Excellent
104228,25.0,34.4,29.4,0.0,13.9,16.5,91.2,88.9,Low,Excellent
104229,24.1,32.5,27.6,0.0,13.2,14.9,85.6,83.5,Low,Good
104230,18.2,39.2,32.1,0.0,18.2,25.8,87.2,88.2,Low,Excellent
104231,24.9,54.7,40.7,0.0,34.2,34.9,86.6,90.8,Low,Excellent
104232,21.3,37.2,35.8,0.0,17.4,18.8,83.3,84.7,Low,Good
104233,20.3,37.0,29.0,1.4,19.2,11.5,90.9,85.3,Low,Excellent
104234,35.6,48.9,45.6,9.3,35.8,33.9,92.4,85.9,Moderate,Excellent
104235,13.7,28.0,18.2,12.6,14.3,23.0,89.3,84.5,Low,Good
104236,10.7,20.2,13.4,0.0,7.1,20.0,91.7,85.5,Low,Excellent
104237,29.6,37.6,36.0,0.0,16.6,22.7,88.6,81.9,Low,Good
104238,23.6,28.5,23.8,,14.3,16.4,87.9,85.8,Low,Excellent
104239,27.3,37.6,39.2,0.0,24.3,32.5,88.5,82.6,Low,Good
104240,24.9,16.0,15.9,0.0,8.2,15.4,94.4,86.8,Low,Excellent
104241,31.0,56.7,44.5,7.4,44.5,33.0,83.1,83.0,Moderate,Good
104242,31.6,38.3,37.9,11.2,26.9,24.7,91.4,84.4,Low,Good
104243,17.9,34.0,27.5,0.0,18.9,7.4,92.5,88.1,Low,Excellent
104244,22.0,42.3,,0.0,20.7,20.9,86.9,87.6,Low,Excellent
104245,25.5,35.9,30.9,8.0,20.2,27.6,89.9,87.3,Low,Excellent
104246,6.0,34.2,23.5,,17.5,23.2,83.7,84.3,Low,Good
104247,18.6,50.1,40.2,11.3,24.7,37.0,84.9,89.6,Low,Excellent
104248,49.4,68.7,66.5,0.0,45.2,35.0,85.0,89.0,Moderate,Excellent
104249,27.3,32.1,30.2,7.0,19.0,25.3,88.0,82.1,Low,Good
104250,99.5,63.8,55.3,3.3,45.0,43.3,87.7,91.0,Moderate,Excellent
104251,33.9,46.0,42.8,0.5,26.1,44.4,88.3,88.5,Low,Excellent
104252,39.3,52.9,48.2,4.1,39.1,34.6,83.6,89.6,Moderate,Excellent
104253,23.1,29.9,26.9,0.0,15.1,10.7,89.4,86.5,Low,Excellent
104254,5.3,36.3,24.2,0.0,12.7,24.4,85.0,88.4,Low,Excellent
104255,22.6,26.9,24.6,0.0,13.1,32.8,91.4,87.5,Low,Excellent
104256,35.3,44.1,41.4,0.0,25.3,22.6,84.3,81.7,Low,Good
104257,19.5,44.0,31.4,0.0,18.4,27.8,86.1,89.9,Low,Excellent
104258,28.3,30.7,33.1,0.0,18.0,30.7,93.3,88.9,Low,Excellent
104259,18.6,34.3,28.1,0.0,15.5,27.4,87.6,87.4,Low,Excellent
104260,11.9,22.8,19.1,0.0,14.9,19.9,95.2,90.5,Low,Excellent
104261,38.1,41.8,37.7,0.0,19.7,16.2,88.9,86.0,Low,Excellent
104262,11.5,37.0,28.7,7.9,16.5,19.3,86.7,87.4,Low,Excellent
104263,21.7,24.1,26.1,3.4,15.8,23.2,92.9,87.7,Low,Excellent
104264,92.5,65.3,55.7,4.6,46.5,45.2,84.2,91.1,Moderate,Excellent
104265,12.4,30.3,24.9,2.1,12.5,20.2,94.3,84.7,Low,Good
104266,27.9,41.4,36.7,3.3,22.6,20.5,91.1,85.7,Low,Excellent
104267,15.2,40.5,32.5,3.7,15.6,23.8,82.9,81.3,Low,Good
104268,1.4,34.9,21.7,0.0,16.5,26.8,85.4,86.6,Low,Excellent
104269,8.7,16.8,11.4,0.2,5.9,16.6,93.8,87.7,Low,Excellent
104270,35.4,37.5,39.1,3.9,29.3,20.9,88.5,88.5,Low,Excellent
104271,21.5,44.9,36.4,0.0,23.0,22.3,82.7,83.0,Low,Good
104272,20.9,44.6,34.3,9.8,23.2,31.5,83.3,85.8,Low,Excellent
104273,11.2,44.0,29.0,3.9,17.7,9.6,85.5,87.6,Low,Excellent
104274,7.2,24.4,17.0,0.0,9.5,0.0,93.9,90.2,Low,Excellent
104275,53.6,47.4,36.4,1.4,36.9,44.2,89.4,82.0,Moderate,Good
104276,24.7,44.3,39.0,0.0,29.5,31.8,89.0,88.8,Low,Excellent
104277,12.6,33.1,26.1,0.0,16.7,24.9,90.7,89.4,Low,Excellent
104278,25.1,34.5,24.7,4.5,15.7,10.8,92.1,84.4,Low,Good
104279,30.2,50.0,42.4,0.0,30.6,34.2,83.0,87.1,Low,Excellent
104280,38.5,51.7,46.1,0.0,33.3,32.2,84.4,83.5,Low,Good
104281,89.1,63.4,62.4,14.9,45.0,24.3,83.7,83.7,Moderate,Good
104282,18.7,30.3,20.2,0.2,14.2,29.9,88.5,90.4,Low,Excellent
104283,45.9,48.7,48.1,3.1,35.2,32.4,86.3,87.0,Moderate,Excellent
104284,33.7,39.3,36.4,0.0,19.8,18.7,86.7,84.8,Low,Good
104285,19.2,38.5,30.1,6.8,22.4,20.4,88.8,80.5,Low,Good
104286,31.9,40.2,35.9,0.0,24.4,8.5,90.9,86.4,Low,Excellent
104287,18.9,21.6,18.8,0.0,11.8,21.8,92.7,84.2,Low,Good
104288,24.1,26.0,23.4,0.0,11.8,19.2,95.5,88.1,Low,Excellent
104289,46.7,54.6,50.5,6.8,31.2,27.2,84.4,82.3,Low,Good
104290,29.2,21.0,22.7,0.0,12.2,27.6,95.0,91.5,Low,Excellent
104291,78.5,60.8,57.6,0.0,48.6,28.1,89.3,90.5,Moderate,Excellent
104292,25.7,40.9,33.5,10.0,24.9,20.1,87.6,89.9,Low,Excellent
104293,14.8,24.5,16.6,0.0,12.2,10.5,86.6,87.1,Low,Excellent
104294,17.4,27.2,23.1,11.2,14.7,16.6,90.5,86.0,Low,Excellent
104295,25.1,51.4,45.2,20.2,27.2,26.8,88.7,85.4,Low,Excellent
104296,13.9,36.0,27.5,3.7,25.4,28.7,92.2,84.3,Low,Good
104297,12.1,33.8,24.8,0.1,16.7,17.2,88.8,88.2,Low,Excellent
104298,26.0,36.4,30.4,0.0,16.4,12.8,91.1,89.1,Low,Excellent
104299,15.0,32.8,23.6,0.0,14.4,32.2,83.3,83.3,Low,Good
104300,16.0,25.8,19.4,0.0,11.2,36.0,91.5,88.2,Low,Excellent
104301,24.9,50.6,39.8,10.8,28.4,28.2,84.4,91.0,Low,Excellent
104302,86.5,58.4,45.3,19.8,41.9,29.1,88.9,89.9,Moderate,Excellent
104303,24.5,28.8,20.6,9.4,13.5,29.9,93.0,88.9,Low,Excellent
104304,31.4,45.2,,4.9,29.1,15.9,88.7,83.9,Low,Good
104305,16.5,30.8,21.0,0.0,13.6,15.5,87.3,82.0,Low,Good
104306,21.7,29.3,18.4,6.5,12.9,12.1,90.6,83.5,Low,Good
104307,61.7,57.6,47.3,15.7,40.5,25.0,82.8,86.1,Moderate,Excellent
104308,36.6,71.3,64.7,25.0,54.7,40.6,82.3,89.2,Moderate,Excellent
104309,31.2,55.3,45.7,0.0,33.3,23.1,86.2,83.8,Low,Good
104310,58.0,53.5,44.5,17.7,37.6,32.6,93.1,87.6,Moderate,Excellent
104311,16.6,31.6,26.9,4.1,15.2,19.4,87.8,87.5,Low,Excellent
104312,3.6,18.6,11.7,0.0,10.0,11.0,90.0,87.6,Low,Excellent
104313,21.3,36.5,31.5,0.0,15.7,16.4,87.5,83.1,Low,Good
104314,21.2,29.3,26.0,7.2,13.2,16.1,94.6,89.6,Low,Excellent
104315,91.9,62.2,50.4,10.1,39.5,40.2,82.5,86.9,Moderate,Excellent
104316,38.3,50.6,46.7,0.0,30.5,27.1,85.2,91.9,Low,Excellent
104317,13.4,28.0,21.1,0.0,15.6,25.9,88.9,84.5,Low,Good
104318,37.7,41.8,39.1,0.0,21.7,27.7,94.4,87.6,Low,Excellent
104319,25.1,37.3,30.7,5.6,16.6,24.5,91.5,87.7,Low,Excellent
104320,20.7,39.1,31.9,0.0,20.9,33.6,89.6,88.1,Low,Excellent
104321,31.8,51.8,49.0,23.6,47.2,29.4,88.6,85.3,Moderate,Excellent
104322,53.0,60.7,49.9,0.6,35.8,27.7,82.7,84.7,Moderate,Good
104323,28.1,52.6,,12.8,28.4,41.1,85.6,90.0,Low,Excellent
104324,14.2,37.6,26.7,0.0,17.0,18.1,86.9,85.5,Low,Excellent
104325,37.8,48.5,41.9,0.0,37.3,9.9,85.8,86.9,Moderate,Excellent
104326,26.5,32.0,31.1,0.0,15.4,17.6,94.5,90.0,Low,Excellent
104327,23.3,46.5,,0.0,24.2,25.6,82.7,82.3,Low,Good
104328,45.6,45.8,47.0,,39.4,12.7,90.0,81.5,Moderate,Good
104329,41.3,53.4,48.1,2.4,24.5,35.4,87.8,87.0,Low,Excellent
104330,18.0,35.2,32.7,0.0,28.1,21.2,89.1,84.7,Low,Good
104331,29.7,47.3,44.5,24.7,35.7,34.0,92.8,87.3,Moderate,Excellent
104332,17.5,34.8,25.0,3.7,17.5,18.7,85.1,88.6,Low,Excellent
104333,27.1,43.2,38.9,8.4,24.2,14.2,88.5,88.6,Low,Excellent
104334,27.8,40.5,38.6,16.0,32.7,21.1,92.0,88.9,Low,Excellent
104335,24.7,35.7,30.9,0.0,15.4,11.7,85.3,83.7,Low,Good
104336,12.3,31.4,24.8,0.0,16.1,28.3,86.4,85.0,Low,Excellent
104337,65.4,59.3,46.7,19.0,46.7,36.9,83.1,88.2,Moderate,Excellent
104338,19.5,33.9,31.0,2.7,18.0,16.6,93.3,88.7,Low,Excellent
104339,17.2,38.8,,9.8,22.1,15.8,83.8,83.4,Low,Good
104340,27.4,54.3,45.1,0.4,33.9,39.9,83.0,83.3,Low,Good
104341,30.1,35.1,33.2,0.0,17.4,32.1,87.1,85.1,Low,Excellent
104342,100.0,77.2,65.3,14.6,52.4,50.9,82.1,86.4,Moderate,Excellent
104343,97.1,56.6,59.8,21.7,49.3,43.5,91.0,83.7,Moderate,Good
104344,26.3,33.5,33.3,0.0,18.8,23.6,90.0,81.2,Low,Good
104345,24.7,31.8,25.0,0.0,16.2,10.0,86.1,87.5,Low,Excellent
104346,18.2,30.5,25.4,2.7,12.7,15.7,93.4,84.7,Low,Good
104347,17.2,39.2,33.9,10.6,24.6,19.3,89.8,90.4,Low,Excellent
104348,17.8,17.1,12.2,2.6,11.9,2.5,95.6,89.1,Low,Excellent
104349,18.7,41.2,28.8,11.2,18.1,29.3,84.2,86.8,Low,Excellent
104350,14.6,30.6,25.0,5.9,17.7,15.0,92.2,84.5,Low,Good
104351,53.5,71.0,50.8,16.3,45.3,46.8,82.8,89.7,Moderate,Excellent
104352,23.9,38.3,32.9,2.2,21.1,29.7,85.5,88.8,Low,Excellent
104353,36.8,26.2,25.0,0.0,19.3,26.0,93.7,85.4,Low,Excellent
104354,13.0,24.4,14.5,0.0,9.2,20.4,87.2,82.3,Low,Good
104355,44.0,53.1,47.9,0.0,35.8,26.5,83.8,84.4,Moderate,Good
104356,22.7,29.4,27.8,0.0,13.3,32.9,89.8,85.7,Low,Excellent
104357,26.6,36.6,30.1,0.0,14.6,19.1,86.5,86.2,Low,Excellent
104358,18.4,32.5,25.2,11.2,14.5,21.1,91.0,87.1,Low,Excellent
104359,37.9,54.1,46.9,0.0,30.4,23.1,89.4,89.6,Low,Excellent
104360,37.3,32.7,30.6,0.0,16.4,12.4,90.0,84.9,Low,Good
104361,21.9,33.0,30.5,,20.0,25.8,90.2,87.7,Low,Excellent
104362,22.0,51.9,42.7,19.2,38.5,34.8,83.4,85.6,Moderate,Excellent
104363,26.5,20.7,20.0,0.0,9.1,9.1,95.0,88.4,Low,Excellent
104364,36.9,34.1,33.6,0.0,17.2,8.8,91.6,89.0,Low,Excellent
104365,60.6,71.5,58.1,9.3,48.2,28.8,81.9,86.8,Moderate,Excellent
104366,47.0,49.8,52.5,0.0,35.6,40.9,86.2,82.1,Moderate,Good
104367,85.6,58.3,49.0,0.4,40.4,29.4,87.0,90.7,Moderate,Excellent
104368,29.0,42.3,36.2,6.8,25.1,22.4,88.8,86.9,Low,Excellent
104369,65.1,54.1,44.9,0.0,36.9,43.8,89.1,89.4,Moderate,Excellent
104370,38.6,39.6,35.6,,24.2,15.6,92.4,85.0,Low,Excellent
104371,16.8,46.4,36.6,7.8,37.2,26.5,91.6,89.7,Moderate,Excellent
104372,34.4,48.6,43.6,8.0,40.6,28.2,89.1,81.8,Moderate,Good
104373,7.7,30.6,22.1,0.0,14.6,31.7,94.0,87.6,Low,Excellent
104374,14.2,38.2,30.4,0.0,14.1,34.4,86.1,84.3,Low,Good
104375,33.4,30.7,32.5,0.0,20.7,28.4,92.3,82.1,Low,Good
104376,26.4,43.0,37.5,1.5,21.1,28.9,86.2,87.3,Low,Excellent
104377,3.2,29.3,17.0,0.0,15.3,14.5,93.8,90.3,Low,Excellent
104378,37.6,60.2,56.7,20.9,36.6,47.5,82.8,83.4,Moderate,Good
104379,31.4,25.8,25.7,0.0,16.6,22.1,89.7,83.3,Low,Good
104380,21.0,31.9,27.8,3.5,24.4,31.4,88.0,89.9,Low,Excellent
104381,20.3,44.2,34.3,,16.6,19.1,84.6,83.2,Low,Good
104382,29.9,43.5,38.4,9.8,28.0,24.7,88.9,86.4,Low,Excellent
104383,22.9,23.6,18.9,0.0,11.4,30.2,88.7,87.4,Low,Excellent
104384,26.6,35.7,29.8,0.0,15.2,23.4,89.2,88.7,Low,Excellent
104385,12.5,28.8,21.7,0.0,11.4,28.4,87.0,86.5,Low,Excellent
104386,15.4,35.5,26.8,0.0,13.8,20.3,88.6,85.8,Low,Excellent
104387,19.2,25.7,21.0,6.4,15.0,12.2,90.8,84.2,Low,Good
104388,22.8,35.5,23.9,3.7,16.6,15.3,83.6,85.6,Low,Excellent
104389,22.7,33.1,,0.0,14.3,19.4,90.9,89.0,Low,Excellent
104390,29.0,36.8,31.2,2.7,14.3,13.6,90.5,83.2,Low,Good
104391,24.4,34.5,30.7,0.0,15.9,10.7,87.3,88.4,Low,Excellent
104392,35.2,46.5,43.3,8.5,30.2,37.7,84.0,87.4,Low,Excellent
104393,26.2,28.2,24.6,0.0,10.7,12.1,89.7,85.4,Low,Excellent
104394,8.2,23.1,18.3,0.0,9.4,16.8,96.0,90.0,Low,Excellent
104395,31.2,58.3,,,34.4,33.0,80.9,81.6,Low,Good
104396,18.6,23.1,16.6,0.0,12.8,13.0,95.5,88.9,Low,Excellent
104397,10.7,33.8,26.2,13.2,20.7,34.0,85.9,84.9,Low,Good
104398,14.5,41.4,34.5,3.7,30.5,19.3,84.6,87.6,Low,Excellent
104399,24.3,56.2,48.6,5.4,28.4,29.2,85.2,93.7,Low,Excellent
104400,100.0,70.0,64.4,14.3,52.3,43.3,81.3,84.9,Moderate,Good
104401,26.6,30.7,28.1,13.5,16.6,19.5,93.9,90.1,Low,Excellent
104402,35.7,59.0,54.4,8.2,39.4,23.3,85.3,90.8,Moderate,Excellent
104403,18.6,51.0,39.4,0.0,29.5,34.6,83.7,85.4,Low,Excellent
104404,29.8,43.1,38.0,0.0,24.6,30.7,84.9,86.0,Low,Excellent
104405,17.9,40.5,32.9,12.6,21.5,17.5,86.5,86.1,Low,Excellent
104406,32.5,43.5,43.5,,35.8,37.1,91.3,84.4,Moderate,Good
104407,31.2,36.8,34.5,0.0,27.9,29.7,93.8,86.8,Low,Excellent
104408,16.3,43.7,34.7,3.9,23.0,13.6,82.7,82.7,Low,Good
104409,32.2,48.2,41.3,0.0,24.5,17.9,84.5,84.9,Low,Good
104410,30.3,40.5,36.9,13.1,22.1,32.4,87.6,85.4,Low,Excellent
104411,17.0,47.1,37.3,4.9,28.0,29.3,83.6,88.7,Low,Excellent
104412,35.2,40.0,35.5,0.0,26.1,21.2,89.6,91.1,Low,Excellent
104413,19.3,19.8,16.4,0.0,13.7,11.4,94.8,87.1,Low,Excellent
104414,12.5,22.0,10.9,0.0,10.7,12.3,91.6,89.7,Low,Excellent
104415,29.0,44.5,,3.1,20.6,18.8,89.0,91.6,Low,Excellent
104416,22.0,26.7,26.4,0.0,14.2,11.8,92.2,85.6,Low,Excellent
104417,21.0,43.5,37.5,15.8,26.1,11.7,91.5,89.2,Low,Excellent
104418,13.5,25.6,13.8,0.0,8.5,24.2,91.6,87.0,Low,Excellent
104419,36.9,44.0,40.2,6.0,35.9,39.3,85.1,88.8,Moderate,Excellent
104420,15.6,34.0,22.6,9.6,23.2,13.7,88.2,87.2,Low,Excellent
104421,27.4,35.3,36.2,0.0,20.6,23.4,89.0,84.2,Low,Good
104422,12.5,30.4,21.2,0.0,12.6,10.3,88.4,84.2,Low,Good
104423,30.3,44.9,39.6,0.0,18.1,18.7,84.1,83.0,Low,Good
104424,63.2,51.8,48.2,6.8,34.3,27.8,90.2,91.1,Low,Excellent
104425,24.5,39.0,31.6,4.5,26.0,22.2,86.4,90.0,Low,Excellent
104426,12.2,22.2,14.9,0.0,7.8,30.7,94.6,89.6,Low,Excellent
104427,92.5,56.3,50.8,7.8,40.4,30.7,88.7,84.6,Moderate,Good
104428,20.0,32.8,25.3,0.0,17.4,14.0,89.6,85.8,Low,Excellent
104429,25.4,21.4,20.5,0.0,11.1,10.6,93.6,84.0,Low,Good
104430,28.3,34.3,32.2,12.8,30.6,36.7,90.0,89.2,Low,Excellent
104431,12.9,29.0,17.5,7.1,12.7,4.4,87.9,84.8,Low,Good
104432,11.9,44.8,31.6,,32.3,23.3,85.3,89.0,Low,Excellent
104433,16.6,28.2,24.6,0.0,11.6,28.6,92.2,83.7,Low,Good
104434,15.2,41.7,31.9,0.0,19.7,23.8,85.4,90.4,Low,Excellent
104435,15.8,39.3,33.2,4.3,26.3,27.3,88.8,87.0,Low,Excellent
104436,71.3,64.7,59.6,0.0,47.2,55.4,81.7,82.8,Moderate,Good
104437,35.1,42.3,39.6,0.0,21.9,25.1,83.5,84.3,Low,Good
104438,18.1,29.2,24.5,0.0,14.6,13.1,93.8,84.1,Low,Good
104439,52.2,50.0,45.6,16.2,42.9,33.5,88.3,90.6,Moderate,Excellent
104440,18.9,36.1,32.1,2.0,17.7,11.6,89.2,82.0,Low,Good
104441,11.9,24.9,17.0,0.0,11.5,26.9,92.2,88.1,Low,Excellent
104442,25.6,37.8,30.5,0.0,14.0,23.0,89.6,84.9,Low,Good
104443,26.4,38.8,33.3,0.0,16.5,28.9,86.3,83.6,Low,Good
104444,29.6,34.7,32.7,0.0,19.0,31.1,91.7,85.8,Low,Excellent
104445,7.1,22.9,12.9,10.8,11.1,13.3,94.2,89.9,Low,Excellent
104446,28.4,39.2,35.1,0.0,32.2,21.7,89.6,89.9,Low,Excellent
104447,11.4,29.7,22.4,0.0,14.4,18.2,92.8,92.0,Low,Excellent
104448,31.2,28.3,23.8,0.0,10.6,9.4,93.8,85.0,Low,Excellent
104449,24.8,52.5,43.5,0.6,25.1,26.4,82.2,82.3,Low,Good
104450,27.6,38.1,36.6,,16.8,29.1,84.4,81.7,Low,Good
104451,22.7,41.3,32.3,0.0,20.6,21.0,86.5,85.4,Low,Excellent
104452,23.8,39.6,28.8,0.7,14.3,19.8,85.7,84.5,Low,Good
104453,40.4,46.4,45.4,13.4,33.0,29.1,90.0,86.2,Low,Excellent
104454,25.9,55.2,44.8,14.0,28.9,33.8,84.3,88.9,Low,Excellent
104455,38.0,48.0,43.3,15.0,25.2,19.8,94.4,89.6,Low,Excellent
104456,21.2,39.2,34.0,0.0,20.3,4.6,84.3,83.6,Low,Good
104457,19.3,32.3,23.0,,15.1,22.8,89.9,87.4,Low,Excellent
104458,14.0,12.3,8.1,0.0,5.2,21.0,94.4,89.2,Low,Excellent
104459,82.3,48.0,36.6,6.6,33.3,33.6,90.6,90.3,Low,Excellent
104460,27.1,46.0,39.2,0.0,21.0,17.5,83.4,86.1,Low,Excellent
104461,78.0,49.8,49.5,11.5,38.2,23.9,91.3,83.7,Moderate,Good
104462,63.6,65.5,61.9,2.9,41.8,39.1,84.2,90.4,Moderate,Excellent
104463,25.9,35.8,35.7,0.0,23.3,25.1,88.7,83.9,Low,Good
104464,24.9,40.3,36.3,0.0,16.4,18.8,88.1,86.6,Low,Excellent
104465,22.3,41.9,30.3,0.0,15.9,34.1,87.1,89.8,Low,Excellent
104466,9.7,22.0,15.5,0.0,9.6,8.2,88.0,86.9,Low,Excellent
104467,30.1,36.9,34.4,7.9,20.1,36.2,90.6,87.3,Low,Excellent
104468,26.6,42.1,36.8,0.0,22.3,23.7,88.1,84.2,Low,Good
104469,27.8,41.6,33.7,0.6,18.2,6.3,93.4,89.3,Low,Excellent
104470,20.6,32.4,28.4,8.0,15.4,17.8,91.3,87.3,Low,Excellent
104471,27.4,28.4,25.5,0.0,12.7,25.3,95.1,90.9,Low,Excellent
104472,25.6,38.2,,8.9,22.8,20.8,91.3,86.5,Low,Excellent
104473,31.1,45.5,40.6,0.0,19.3,9.8,84.6,86.9,Low,Excellent
104474,17.4,35.1,30.4,5.1,15.0,17.7,89.4,84.0,Low,Good
104475,23.5,30.1,27.9,0.0,11.7,10.2,94.1,90.5,Low,Excellent
104476,27.4,43.7,41.8,,33.7,34.2,91.0,87.1,Low,Excellent
104477,20.0,32.1,28.8,8.4,24.4,30.8,91.7,89.4,Low,Excellent
104478,25.8,44.3,,13.2,22.4,15.0,91.3,89.1,Low,Excellent
104479,25.0,32.0,24.6,15.0,23.9,18.7,93.5,89.2,Low,Excellent
104480,34.8,38.9,36.1,2.3,19.1,27.5,91.8,88.8,Low,Excellent
104481,22.0,24.1,18.7,0.0,15.1,12.2,93.8,90.7,Low,Excellent
104482,63.9,50.3,45.5,11.4,36.0,22.9,90.7,83.1,Moderate,Good
104483,26.6,36.0,30.2,5.9,26.1,16.3,90.4,85.6,Low,Excellent
104484,21.7,34.1,31.8,5.1,19.4,24.5,92.4,87.6,Low,Excellent
104485,20.3,37.0,29.7,0.0,15.5,21.8,85.5,90.0,Low,Excellent
104486,22.4,43.3,28.0,9.4,19.1,16.0,86.3,88.8,Low,Excellent
104487,25.6,44.9,36.6,7.5,19.6,21.8,86.3,85.4,Low,Excellent
104488,12.1,26.3,22.2,6.7,16.3,32.0,91.7,89.3,Low,Excellent
104489,84.5,57.0,52.2,0.4,37.0,24.4,88.4,85.1,Moderate,Excellent
104490,74.7,61.2,51.0,11.6,38.6,17.6,82.9,84.8,Moderate,Good
104491,95.8,67.4,64.2,8.0,58.7,48.9,83.2,82.0,Moderate,Good
104492,19.3,49.9,40.4,6.2,34.8,30.0,83.5,83.7,Low,Good
104493,10.2,26.3,21.8,3.2,14.8,13.2,95.1,89.2,Low,Excellent
104494,18.2,25.1,23.9,0.0,19.8,27.1,93.4,84.2,Low,Good
104495,57.3,53.1,48.3,0.0,32.7,36.3,90.9,88.9,Low,Excellent
104496,75.5,66.5,66.8,5.1,54.0,24.7,90.6,84.9,Moderate,Good
104497,27.9,30.6,25.7,3.2,21.0,17.4,91.7,85.4,Low,Excellent
104498,21.3,51.2,43.4,3.7,21.7,41.5,85.0,89.7,Low,Excellent
104499,8.1,28.2,16.2,0.0,13.1,22.5,92.2,84.3,Low,Good
104500,7.0,47.6,32.0,12.3,20.4,27.6,86.0,89.6,Low,Excellent
104501,33.1,45.1,39.3,0.0,37.0,41.6,82.8,85.3,Moderate,Excellent
104502,9.0,34.0,,0.6,12.8,17.8,84.2,82.0,Low,Good
104503,44.9,62.1,48.8,0.0,44.9,43.3,84.5,87.0,Moderate,Excellent
104504,82.7,53.6,47.3,0.0,33.5,35.9,87.2,91.9,Low,Excellent
104505,27.0,52.6,40.3,14.6,25.9,29.8,85.7,88.4,Low,Excellent
104506,28.3,32.7,29.8,0.0,17.1,17.7,85.1,85.3,Low,Excellent
104507,36.7,41.0,,0.0,30.8,29.8,90.5,82.5,Low,Good
104508,20.4,33.9,30.1,,17.5,15.8,91.6,87.8,Low,Excellent
104509,100.0,62.6,55.0,11.6,40.5,34.4,82.7,84.1,Moderate,Good
104510,21.1,48.0,37.9,5.9,23.1,14.5,87.9,90.1,Low,Excellent
104511,48.0,57.6,45.5,3.8,39.3,27.3,92.8,86.6,Moderate,Excellent
104512,22.4,43.5,38.3,0.0,18.4,18.8,84.5,84.2,Low,Good
104513,12.0,29.9,22.9,2.6,13.1,10.3,87.7,89.6,Low,Excellent
104514,20.7,32.1,25.3,0.0,19.0,17.4,88.6,90.8,Low,Excellent
104515,31.4,53.7,44.8,16.0,35.1,29.8,83.0,81.8,Moderate,Good
104516,12.9,32.9,24.3,0.0,15.5,22.5,93.1,82.3,Low,Good
104517,33.5,54.6,48.8,19.3,46.4,45.4,82.4,87.9,Moderate,Excellent
104518,15.5,32.1,28.0,3.3,14.5,15.0,86.7,84.4,Low,Good
104519,22.2,35.9,31.8,0.0,18.2,31.6,86.4,87.1,Low,Excellent
104520,35.7,40.8,34.7,2.8,31.1,36.2,85.6,85.6,Low,Excellent
104521,15.7,31.0,26.0,8.1,19.2,25.5,92.1,83.2,Low,Good
104522,33.2,42.6,38.2,0.0,19.1,22.7,88.9,88.7,Low,Excellent
104523,74.7,70.7,61.9,10.5,48.8,41.8,84.5,85.8,Moderate,Excellent
104524,44.4,47.6,,7.8,31.2,38.2,89.0,86.4,Low,Excellent
104525,28.6,31.9,33.3,2.9,19.7,31.6,93.9,90.8,Low,Excellent
104526,36.6,41.0,37.8,5.1,20.3,32.9,94.0,87.5,Low,Excellent
104527,21.2,40.8,33.6,0.0,32.3,29.7,85.8,82.7,Low,Good
104528,29.4,41.0,37.1,0.0,21.2,27.2,85.8,85.5,Low,Excellent
104529,32.0,31.5,28.1,0.0,18.4,31.8,90.5,85.0,Low,Excellent
104530,23.5,25.6,19.4,0.0,9.3,10.6,90.8,86.5,Low,Excellent
104531,39.0,42.5,39.7,6.9,32.0,26.7,88.7,89.7,Low,Excellent
104532,31.7,44.7,40.2,0.0,22.6,23.7,84.1,86.7,Low,Excellent
104533,27.2,55.1,47.2,2.9,31.2,35.9,82.7,85.4,Low,Excellent
104534,60.8,42.4,36.9,5.2,34.5,38.0,93.0,86.6,Low,Excellent
104535,35.9,36.4,34.4,0.0,20.6,20.5,93.6,87.2,Low,Excellent
104536,17.6,29.4,24.4,0.0,17.3,8.3,86.0,79.9,Low,Good
104537,19.5,39.2,33.0,0.0,18.4,23.0,86.9,85.9,Low,Excellent
104538,20.4,31.0,25.9,0.0,16.1,12.3,88.7,88.8,Low,Excellent
104539,18.6,27.9,22.6,0.0,11.3,4.8,87.2,82.6,Low,Good
104540,18.2,25.2,26.0,0.0,13.8,8.2,93.1,81.5,Low,Good
104541,18.7,45.2,32.2,11.0,22.3,26.0,86.6,87.5,Low,Excellent
104542,26.8,34.6,36.9,0.0,17.8,31.6,94.1,86.9,Low,Excellent
104543,13.7,24.7,14.2,2.2,9.5,16.0,89.3,84.8,Low,Good
104544,8.4,38.2,27.4,0.1,13.7,19.9,89.4,90.6,Low,Excellent
104545,57.2,51.8,45.9,6.3,33.8,39.8,87.2,88.9,Low,Excellent
104546,33.2,50.5,46.6,5.4,34.8,18.5,88.2,87.0,Low,Excellent
104547,21.7,26.7,22.4,0.0,10.9,20.7,91.1,88.4,Low,Excellent
104548,89.4,62.2,54.6,12.9,46.8,38.0,82.7,82.7,Moderate,Good
104549,26.7,37.0,33.1,0.0,19.6,26.3,86.3,87.2,Low,Excellent
104550,42.3,45.9,,0.0,32.9,25.9,90.1,84.5,Low,Good
104551,46.6,57.2,53.3,0.0,34.9,24.4,83.5,81.9,Low,Good
104552,20.4,44.3,40.0,0.0,23.4,25.2,83.3,85.9,Low,Excellent
104553,35.6,56.0,50.9,,37.8,45.9,87.9,88.2,Moderate,Excellent
104554,9.7,35.1,26.3,9.4,19.5,28.6,91.7,86.4,Low,Excellent
104555,100.0,64.6,56.1,,46.0,33.5,86.9,88.6,Moderate,Excellent
104556,18.1,23.7,22.0,4.0,16.1,8.9,94.0,87.3,Low,Excellent
104557,18.3,28.2,20.1,0.0,11.9,3.7,91.3,82.3,Low,Good
104558,16.8,40.0,34.9,0.0,20.6,32.9,88.8,87.0,Low,Excellent
104559,16.4,33.2,26.9,0.0,17.7,13.0,89.1,89.0,Low,Excellent
104560,23.5,48.3,39.0,0.0,17.9,18.2,84.4,87.6,Low,Excellent
104561,79.8,48.0,40.9,3.1,38.8,43.9,91.9,88.8,Moderate,Excellent
104562,32.4,38.5,39.7,0.0,21.9,10.2,94.6,87.9,Low,Excellent
104563,12.5,22.6,16.1,3.7,8.6,27.1,94.3,87.8,Low,Excellent
104564,35.1,38.5,37.7,12.5,32.5,27.4,92.0,90.4,Low,Excellent
104565,30.8,19.1,20.6,0.0,7.9,5.5,95.4,87.0,Low,Excellent
104566,68.1,45.3,38.0,0.5,30.1,26.1,88.0,84.5,Low,Good
104567,26.4,36.5,33.8,0.0,17.8,14.9,91.4,83.9,Low,Good
104568,13.9,33.0,23.5,11.2,18.0,24.3,93.0,92.1,Low,Excellent
104569,40.5,44.6,43.8,13.7,28.8,22.1,84.2,84.5,Low,Good
104570,40.3,39.8,39.7,10.3,37.3,17.1,91.3,84.4,Moderate,Good
104571,29.4,43.7,37.4,0.4,31.0,26.8,84.4,84.3,Low,Good
104572,20.9,25.0,22.8,0.0,16.0,8.7,93.3,90.6,Low,Excellent
104573,33.5,45.2,40.4,0.0,23.7,25.8,85.8,86.7,Low,Excellent
104574,34.9,41.1,35.4,2.8,29.5,18.2,92.5,90.2,Low,Excellent
104575,8.0,32.4,23.5,2.1,12.8,13.8,87.0,83.0,Low,Good
104576,34.9,54.8,45.9,0.9,34.7,32.3,88.0,88.3,Low,Excellent
104577,20.3,28.4,21.1,0.0,15.7,17.7,91.9,83.1,Low,Good
104578,26.6,40.0,39.5,2.0,18.9,23.3,86.0,83.8,Low,Good
104579,21.6,51.3,37.3,2.3,21.5,28.3,86.0,85.5,Low,Excellent
104580,25.1,39.7,,0.0,15.1,9.8,85.2,88.8,Low,Excellent
104581,30.1,40.4,34.9,17.2,24.2,24.0,87.6,90.0,Low,Excellent
104582,13.2,32.9,26.4,0.0,21.2,0.0,91.0,85.8,Low,Excellent
104583,100.0,82.7,72.6,0.9,62.8,49.6,79.6,82.2,Moderate,Good
104584,31.9,32.2,31.5,0.0,18.2,18.5,92.1,83.9,Low,Good
104585,25.8,30.0,24.6,0.0,13.0,9.9,93.4,86.5,Low,Excellent
104586,34.7,40.3,37.9,0.0,20.3,24.7,88.5,84.9,Low,Good
104587,29.8,49.0,41.7,0.0,20.3,31.6,84.1,88.5,Low,Excellent
104588,40.0,42.9,41.4,0.0,27.7,22.8,91.0,84.7,Low,Good
104589,22.4,41.9,36.4,0.0,29.4,20.1,86.6,84.6,Low,Good
104590,27.6,42.7,34.8,8.1,31.5,30.2,88.6,83.9,Low,Good
104591,19.7,21.6,19.4,4.3,15.2,8.5,93.8,93.5,Low,Excellent
104592,27.2,56.3,48.8,13.5,37.8,27.4,89.4,85.0,Moderate,Excellent
104593,30.0,43.7,39.6,15.3,28.2,36.7,92.0,89.2,Low,Excellent
104594,14.1,27.7,16.7,14.5,17.0,20.7,87.2,86.7,Low,Excellent
104595,30.0,30.4,25.1,0.0,12.3,2.3,94.0,86.4,Low,Excellent
104596,19.7,29.4,25.9,0.0,13.9,4.0,94.0,86.6,Low,Excellent
104597,34.4,37.8,33.6,0.0,26.2,27.0,89.8,90.2,Low,Excellent
104598,26.9,50.3,44.8,3.8,24.4,31.5,90.1,86.1,Low,Excellent
104599,24.4,30.1,26.2,0.0,11.5,3.9,87.8,85.7,Low,Excellent
104600,21.0,28.9,30.2,0.0,14.4,22.3,92.3,87.0,Low,Excellent
104601,27.0,27.2,23.8,0.0,14.9,29.6,90.4,82.6,Low,Good
104602,26.9,51.6,44.7,12.6,26.9,41.2,82.9,86.0,Low,Excellent
104603,23.6,30.8,33.2,0.0,16.3,22.4,91.0,83.3,Low,Good
104604,28.7,49.8,44.6,,23.6,28.2,85.3,87.8,Low,Excellent
104605,24.9,31.3,21.8,0.0,12.9,0.7,93.5,84.3,Low,Good
104606,21.9,30.2,24.8,15.6,16.3,36.6,92.7,90.5,Low,Excellent
104607,13.0,26.3,21.9,0.0,12.6,12.9,94.8,88.9,Low,Excellent
104608,24.2,44.2,39.3,15.2,27.3,18.9,87.5,90.2,Low,Excellent
104609,33.3,74.1,64.3,15.4,49.4,37.6,81.1,85.9,Moderate,Excellent
104610,23.7,27.4,21.8,8.9,16.9,32.2,89.1,82.4,Low,Good
104611,21.0,43.5,38.3,10.6,29.0,45.1,88.5,90.2,Low,Excellent
104612,64.4,63.9,49.4,29.2,52.5,42.5,82.8,85.4,Moderate,Excellent
104613,34.4,51.5,46.6,0.0,25.3,33.1,84.2,80.0,Low,Good
104614,25.1,32.8,26.3,0.0,16.7,20.3,86.2,86.2,Low,Excellent
104615,22.1,47.3,37.5,3.7,21.6,14.7,85.6,88.0,Low,Excellent
104616,10.8,32.0,25.0,0.0,12.6,29.4,84.2,82.5,Low,Good
104617,29.4,27.3,27.3,,10.9,11.6,94.1,85.6,Low,Excellent
104618,6.0,24.5,11.2,0.0,11.4,29.1,91.1,87.6,Low,Excellent
104619,22.8,37.7,31.8,2.2,19.9,32.3,87.5,83.6,Low,Good
104620,29.5,45.0,40.6,3.0,33.1,34.8,91.2,91.2,Low,Excellent
104621,14.7,32.2,26.1,0.0,16.5,34.5,91.6,89.3,Low,Excellent
104622,25.4,40.8,39.3,0.0,17.9,38.6,84.4,85.6,Low,Excellent
104623,63.1,57.5,48.2,14.7,45.0,35.6,91.5,87.5,Moderate,Excellent
104624,71.8,69.4,66.6,34.1,62.6,41.1,89.8,86.5,Moderate,Excellent
104625,25.2,31.9,27.9,0.0,14.0,3.5,84.0,84.4,Low,Good
104626,24.9,27.4,28.6,0.0,12.9,35.7,90.1,87.5,Low,Excellent
104627,17.0,26.5,21.6,0.0,14.4,15.1,93.8,85.9,Low,Excellent
104628,23.7,35.5,29.6,27.3,27.3,35.5,91.5,90.8,Low,Excellent
104629,34.0,32.2,31.5,0.0,15.5,13.4,93.7,87.6,Low,Excellent
104630,18.4,37.8,32.9,0.0,18.0,33.1,83.7,83.4,Low,Good
104631,12.0,32.8,21.7,1.0,15.2,13.5,89.5,81.4,Low,Good
104632,23.8,45.9,35.5,0.5,23.2,14.4,84.9,83.0,Low,Good
104633,26.4,41.4,33.9,0.0,16.3,18.1,85.8,83.9,Low,Good
104634,26.4,61.0,51.6,4.7,31.8,24.8,82.9,83.9,Low,Good
104635,14.5,47.2,35.8,1.9,23.8,29.0,84.4,85.2,Low,Excellent
104636,22.0,55.4,42.1,11.5,50.7,40.0,84.3,91.0,Moderate,Excellent
104637,25.0,35.2,32.4,0.0,19.1,26.5,83.0,81.5,Low,Good
104638,12.8,24.4,17.6,6.2,13.3,15.6,93.7,86.8,Low,Excellent
104639,21.5,41.8,26.5,0.0,19.8,16.6,87.0,86.7,Low,Excellent
104640,4.9,20.3,7.3,0.0,7.1,9.6,90.1,88.0,Low,Excellent
104641,19.7,39.2,35.3,0.0,18.7,37.6,91.6,84.5,Low,Good
104642,22.6,42.0,34.4,0.0,19.3,23.4,84.9,86.1,Low,Excellent
104643,90.5,68.8,,16.0,45.6,21.5,85.4,86.7,Moderate,Excellent
104644,32.9,38.5,35.6,0.0,15.0,14.8,84.8,86.9,Low,Excellent
104645,30.6,56.6,50.4,8.1,36.4,32.6,87.3,86.1,Moderate,Excellent
104646,25.3,38.6,36.9,0.0,16.1,34.4,86.3,86.0,Low,Excellent
104647,8.2,24.6,19.4,0.0,18.1,29.1,92.5,85.1,Low,Excellent
104648,14.9,30.7,26.0,7.1,15.3,11.8,90.9,84.3,Low,Good
104649,2.6,30.5,18.7,0.0,11.3,36.1,87.9,87.7,Low,Excellent
104650,30.4,41.8,33.6,0.0,20.9,22.3,88.9,91.9,Low,Excellent
104651,18.4,43.3,34.1,14.6,22.6,33.5,87.2,83.0,Low,Good
104652,31.1,41.5,42.1,10.8,35.4,22.0,86.5,87.7,Moderate,Excellent
104653,24.4,40.8,34.1,3.8,21.3,3.6,88.4,89.6,Low,Excellent
104654,32.1,36.6,36.9,4.3,27.9,15.5,92.0,83.4,Low,Good
104655,26.6,27.6,25.8,0.0,10.8,0.0,93.9,88.6,Low,Excellent
104656,32.9,35.4,36.6,0.0,14.3,35.5,87.5,83.5,Low,Good
104657,15.6,37.1,29.0,7.7,17.5,22.2,88.2,88.0,Low,Excellent
104658,28.9,36.9,30.4,0.0,25.5,17.9,86.5,90.8,Low,Excellent
104659,28.7,28.7,26.7,0.0,15.7,23.0,91.9,89.9,Low,Excellent
104660,24.5,26.7,22.8,2.7,18.6,22.7,88.8,87.2,Low,Excellent
104661,93.6,72.3,67.3,4.4,50.0,44.9,83.4,87.6,Moderate,Excellent
104662,96.8,76.3,59.3,18.1,43.7,45.9,82.1,87.2,Moderate,Excellent
104663,24.8,46.7,37.5,2.6,27.6,24.2,82.8,84.8,Low,Good
104664,23.0,37.2,30.1,13.5,22.1,16.2,91.8,86.2,Low,Excellent
104665,31.7,25.2,25.4,0.0,12.8,24.3,93.8,85.0,Low,Excellent
104666,23.8,46.1,39.9,0.0,30.1,34.5,84.7,89.6,Low,Excellent
104667,21.9,34.0,28.9,1.1,22.9,24.5,90.5,83.0,Low,Good
104668,44.0,72.1,66.9,17.0,49.5,57.1,81.9,84.4,Moderate,Good
104669,13.8,18.6,14.9,0.0,9.6,12.2,93.5,87.5,Low,Excellent
104670,17.8,50.0,,10.8,26.5,18.7,84.1,85.3,Low,Excellent
104671,100.0,73.7,68.9,9.0,60.3,49.5,85.3,87.1,Moderate,Excellent
104672,13.9,25.0,17.1,6.0,15.1,13.7,94.7,91.1,Low,Excellent
104673,100.0,77.0,,3.1,41.2,38.7,83.7,89.1,Moderate,Excellent
104674,22.3,44.1,36.2,,31.7,22.4,82.6,81.1,Low,Good
104675,28.1,34.1,34.5,2.1,23.0,20.6,92.4,91.9,Low,Excellent
104676,18.1,35.2,25.6,8.7,17.6,35.7,83.5,84.7,Low,Good
104677,25.4,44.6,39.2,0.0,22.4,20.2,85.7,81.5,Low,Good
104678,19.7,38.8,35.9,0.0,17.8,14.3,90.3,90.9,Low,Excellent
104679,25.8,33.8,32.4,0.0,17.8,30.1,90.9,84.2,Low,Good
104680,29.9,26.0,25.7,0.0,16.6,11.6,93.9,85.0,Low,Excellent
104681,25.1,25.3,22.9,0.0,15.2,13.6,94.2,89.2,Low,Excellent
104682,33.6,28.8,25.8,0.0,21.0,27.2,92.4,92.4,Low,Excellent
104683,35.7,42.0,41.0,2.4,23.3,31.5,88.6,90.2,Low,Excellent
104684,20.9,48.0,38.6,0.0,29.5,37.5,85.7,86.7,Low,Excellent
104685,18.1,39.4,28.0,0.0,17.6,14.6,86.0,86.2,Low,Excellent
104686,36.8,39.8,37.9,0.9,25.7,30.2,89.2,89.0,Low,Excellent
104687,20.3,27.0,19.4,0.0,9.7,12.1,91.8,88.4,Low,Excellent
104688,32.0,56.3,46.6,11.6,42.6,30.7,88.7,82.6,Moderate,Good
104689,7.1,33.1,20.7,4.7,12.1,26.9,86.9,84.4,Low,Good
104690,22.9,37.4,27.8,10.0,15.9,15.1,94.2,90.3,Low,Excellent
104691,56.8,59.0,49.6,0.0,37.0,34.5,88.6,84.8,Moderate,Good
104692,94.8,69.0,61.8,4.5,52.0,42.4,88.4,91.8,Moderate,Excellent
104693,23.5,47.1,42.2,18.4,27.2,17.7,83.0,81.7,Low,Good
104694,39.9,44.8,41.0,5.7,29.0,35.1,90.3,89.3,Low,Excellent
104695,27.8,37.7,34.7,0.0,28.1,31.4,89.8,83.8,Low,Good
104696,19.9,32.9,28.4,0.0,18.8,5.4,92.3,85.6,Low,Excellent
104697,30.4,47.3,42.2,0.3,28.1,29.1,86.4,89.5,Low,Excellent
104698,42.2,52.4,48.5,17.7,32.9,23.6,88.3,90.8,Low,Excellent
104699,19.0,41.0,32.9,11.5,18.7,30.0,90.2,91.7,Low,Excellent
104700,16.4,35.6,27.9,0.0,16.7,8.4,87.9,86.4,Low,Excellent
104701,16.1,22.3,16.7,0.0,10.8,13.6,91.8,84.9,Low,Good
104702,10.1,20.3,13.6,0.0,9.8,18.8,91.5,88.8,Low,Excellent
104703,27.7,36.2,34.0,0.0,20.4,22.7,88.4,86.1,Low,Excellent
104704,31.2,49.7,42.4,0.0,25.1,31.2,83.4,84.3,Low,Good
104705,20.0,51.8,43.0,12.4,25.8,13.3,83.0,84.7,Low,Good
104706,23.3,26.9,23.6,1.2,14.0,31.6,91.2,85.2,Low,Excellent
104707,34.2,52.9,45.8,8.4,23.1,28.1,84.0,87.8,Low,Excellent
104708,24.1,42.7,33.6,13.4,24.0,35.3,84.0,85.4,Low,Excellent
104709,38.4,39.4,37.2,0.0,21.7,30.0,87.6,85.2,Low,Excellent
104710,19.7,53.5,41.6,0.0,24.1,24.4,85.7,88.2,Low,Excellent
104711,19.7,39.3,28.5,0.0,15.0,8.7,81.5,79.3,Low,Good
104712,22.5,43.8,37.8,10.7,22.7,19.1,84.9,85.5,Low,Excellent
104713,17.1,34.5,30.7,0.0,16.8,32.8,90.8,86.9,Low,Excellent
104714,34.2,44.4,39.7,7.7,28.1,38.0,88.7,92.1,Low,Excellent
104715,21.5,41.6,34.0,9.1,20.5,17.3,90.9,86.8,Low,Excellent
104716,13.7,39.1,31.4,0.0,17.2,0.0,90.5,88.1,Low,Excellent
104717,44.6,41.9,44.2,0.0,22.5,21.8,90.0,87.4,Low,Excellent
104718,29.8,42.8,38.8,3.3,19.7,19.5,81.9,81.5,Low,Good
104719,88.7,59.2,52.2,0.0,35.7,29.4,85.5,87.5,Moderate,Excellent
104720,24.8,41.0,32.9,0.0,17.0,24.4,84.5,85.6,Low,Excellent
104721,61.7,48.9,45.8,0.0,30.3,35.2,91.0,86.9,Low,Excellent
104722,32.8,38.2,35.5,7.0,24.0,32.3,91.2,88.5,Low,Excellent
104723,62.1,54.9,46.2,12.2,34.6,34.4,84.7,82.9,Low,Good
104724,21.6,40.3,34.4,8.3,26.4,11.4,86.6,90.8,Low,Excellent
104725,28.3,34.0,28.0,0.0,15.4,16.5,90.4,83.7,Low,Good
104726,5.8,34.8,19.0,12.6,22.4,41.9,87.2,87.8,Low,Excellent
104727,18.9,18.7,20.0,0.0,12.2,20.3,93.5,83.6,Low,Good
104728,34.7,40.3,34.5,9.7,28.4,30.0,88.0,83.1,Low,Good
104729,39.0,59.6,58.5,18.2,45.3,40.1,90.6,91.0,Moderate,Excellent
104730,31.9,54.9,46.8,4.4,34.9,34.3,84.8,85.2,Low,Excellent
104731,17.3,24.0,16.3,0.0,9.3,0.0,92.8,86.7,Low,Excellent
104732,25.0,27.9,27.7,,21.9,21.2,93.7,86.7,Low,Excellent
104733,19.4,34.4,26.0,6.6,19.8,21.6,84.9,86.6,Low,Excellent
104734,35.5,57.7,51.2,7.2,38.5,43.3,82.7,87.2,Moderate,Excellent
104735,26.6,31.5,27.8,0.0,14.8,19.2,92.9,86.6,Low,Excellent
104736,37.2,27.4,29.4,0.0,17.6,7.4,93.7,88.2,Low,Excellent
104737,27.4,35.9,27.1,3.7,18.1,24.3,87.8,90.4,Low,Excellent
104738,23.6,37.9,29.8,0.0,13.9,11.9,87.1,84.6,Low,Good
104739,14.8,27.5,19.0,,14.0,8.7,94.1,86.5,Low,Excellent
104740,92.3,78.9,,17.0,52.7,35.0,80.9,84.4,Moderate,Good
104741,34.6,49.7,45.4,0.0,32.7,34.0,87.5,84.9,Low,Good
104742,100.0,70.5,62.6,13.6,51.1,50.7,84.6,88.8,Moderate,Excellent
104743,43.2,60.4,50.7,3.8,37.7,36.5,85.0,86.7,Moderate,Excellent
104744,35.8,60.2,53.8,14.5,43.3,41.0,85.3,85.4,Moderate,Excellent
104745,25.3,36.6,37.2,0.0,19.2,25.3,94.1,91.7,Low,Excellent
104746,35.4,41.3,35.9,,28.3,27.8,90.1,85.9,Low,Excellent
104747,32.8,25.8,27.5,5.2,23.0,29.4,92.8,86.0,Low,Excellent
104748,14.3,19.6,14.6,0.0,9.8,0.0,93.5,85.4,Low,Excellent
104749,15.1,51.3,38.9,5.1,28.4,27.9,84.3,90.5,Low,Excellent
104750,29.6,29.8,27.2,0.0,16.9,11.8,92.4,81.8,Low,Good
104751,22.7,23.4,27.0,0.0,15.3,28.5,94.0,87.3,Low,Excellent
104752,23.1,38.2,31.6,0.0,20.6,21.2,83.5,84.5,Low,Good
104753,22.7,41.2,31.6,0.0,16.8,20.4,84.1,87.2,Low,Excellent
104754,18.6,26.3,22.5,,14.4,6.6,95.1,87.6,Low,Excellent
104755,56.9,62.9,54.4,8.4,49.0,47.5,85.2,88.3,Moderate,Excellent
104756,34.3,56.7,,8.6,28.6,32.2,86.7,87.6,Low,Excellent
104757,25.9,34.5,26.2,6.6,24.3,29.1,92.6,89.4,Low,Excellent
104758,35.8,52.0,51.2,0.0,36.9,25.6,82.8,85.2,Moderate,Excellent
104759,21.2,27.3,20.9,0.0,11.7,10.9,94.7,91.3,Low,Excellent
104760,24.5,34.0,32.0,0.0,17.8,22.5,89.4,89.8,Low,Excellent
104761,19.1,39.2,28.2,0.0,20.3,16.6,84.4,81.6,Low,Good
104762,34.8,49.4,40.6,0.0,20.3,25.6,84.2,80.5,Low,Good
104763,25.4,33.6,30.7,0.0,15.7,2.1,87.2,85.3,Low,Excellent
104764,36.2,36.1,34.4,7.8,25.2,21.2,91.0,85.9,Low,Excellent
104765,17.9,42.5,33.4,14.6,28.6,41.5,93.8,88.5,Low,Excellent
104766,21.4,31.8,26.6,0.0,11.9,20.7,86.9,81.7,Low,Good
104767,15.3,30.8,21.5,0.0,13.6,19.5,90.3,84.3,Low,Good
104768,86.3,58.7,,12.3,48.3,54.8,88.3,90.3,Moderate,Excellent
104769,23.4,39.0,34.4,0.9,15.0,0.3,86.7,84.5,Low,Good
104770,23.6,41.8,36.1,0.0,17.7,14.1,85.3,87.8,Low,Excellent
104771,20.7,24.6,23.4,0.0,15.1,15.8,94.8,87.7,Low,Excellent
104772,14.9,33.7,24.6,0.0,15.7,26.3,90.3,87.5,Low,Excellent
104773,71.0,60.0,51.6,0.1,34.0,37.4,92.5,87.1,Low,Excellent
104774,50.8,64.5,54.8,0.8,42.0,28.3,83.2,86.4,Moderate,Excellent
104775,81.7,53.0,38.0,17.4,39.1,41.4,81.5,83.3,Moderate,Good
104776,20.7,39.9,35.6,0.0,18.9,18.1,88.9,89.4,Low,Excellent
104777,48.8,55.2,46.6,14.9,36.1,41.3,88.6,91.5,Moderate,Excellent
104778,36.5,54.2,51.8,4.3,37.3,24.1,85.1,82.5,Moderate,Good
104779,21.9,40.7,29.9,13.3,23.0,22.8,89.5,84.9,Low,Good
104780,0.0,30.4,13.3,6.9,13.3,14.1,86.3,85.1,Low,Excellent
104781,23.5,34.0,30.6,0.0,18.5,29.5,92.5,89.3,Low,Excellent
104782,41.4,51.9,45.5,0.0,32.4,25.3,83.0,84.5,Low,Good
104783,8.1,33.6,,0.0,14.3,18.2,91.5,91.2,Low,Excellent
104784,8.4,32.2,24.4,0.0,17.1,24.3,94.4,88.5,Low,Excellent
104785,43.9,37.5,41.2,0.0,17.3,24.8,93.2,83.9,Low,Good
104786,40.1,64.6,56.2,2.0,48.3,46.1,80.3,81.4,Moderate,Good
104787,22.8,37.7,33.3,0.0,16.2,21.4,85.5,89.4,Low,Excellent
104788,17.5,37.9,29.8,0.0,20.2,18.8,90.9,79.8,Low,Good
104789,16.8,29.2,19.2,0.0,18.3,18.2,90.6,89.0,Low,Excellent
104790,68.2,57.3,48.2,4.1,37.0,32.4,82.7,87.4,Moderate,Excellent
104791,31.5,30.7,28.7,11.2,24.5,26.7,94.5,89.2,Low,Excellent
104792,13.8,39.4,,8.6,24.1,23.3,87.9,87.4,Low,Excellent
104793,14.4,40.2,33.5,9.3,22.8,23.8,86.4,85.0,Low,Excellent
104794,29.4,21.9,21.9,0.0,12.3,5.3,92.2,87.1,Low,Excellent
104795,22.6,52.2,41.9,4.9,28.2,32.2,83.1,85.1,Low,Excellent
104796,13.2,34.2,24.2,0.0,16.7,21.5,88.0,88.1,Low,Excellent
104797,31.3,35.1,31.3,0.0,17.1,28.3,93.1,85.8,Low,Excellent
104798,60.5,64.7,48.3,5.8,44.5,36.7,84.8,91.1,Moderate,Excellent
104799,6.4,34.8,20.2,5.0,14.3,4.7,87.5,85.4,Low,Excellent
104800,28.8,50.8,41.8,0.0,20.8,19.6,87.0,85.4,Low,Excellent
104801,15.9,17.0,18.5,2.6,8.3,13.4,95.0,88.0,Low,Excellent
104802,37.4,48.9,41.7,8.5,31.4,34.8,83.9,87.7,Low,Excellent
104803,13.6,14.7,9.3,4.2,6.6,0.0,89.6,80.0,Low,Good
104804,22.1,40.2,29.9,0.0,18.1,21.2,83.4,83.6,Low,Good
104805,12.9,30.0,25.0,0.0,14.8,23.0,90.2,89.2,Low,Excellent
104806,26.6,51.2,36.7,0.0,29.1,22.2,84.0,85.7,Low,Excellent
104807,22.5,24.2,20.6,0.5,15.5,19.9,92.4,86.6,Low,Excellent
104808,39.6,54.2,49.3,13.5,37.4,27.4,84.3,85.6,Moderate,Excellent
104809,30.7,31.3,31.1,0.0,12.5,11.7,87.2,88.1,Low,Excellent
104810,25.6,47.0,33.9,0.0,16.8,16.8,85.4,89.3,Low,Excellent
104811,24.1,41.7,35.2,0.0,15.7,13.7,84.5,85.3,Low,Excellent
104812,13.9,27.8,19.4,0.0,18.9,26.8,90.0,85.9,Low,Excellent
104813,22.8,32.0,28.5,2.2,12.6,11.7,94.1,86.8,Low,Excellent
104814,20.9,31.3,24.1,7.2,17.0,13.0,92.9,82.6,Low,Good
104815,80.2,66.1,58.2,11.6,47.2,52.5,82.1,84.7,Moderate,Good
104816,13.0,37.7,28.5,0.0,13.7,25.9,84.9,85.0,Low,Excellent
104817,80.6,61.5,59.7,20.7,48.6,24.3,86.6,86.0,Moderate,Excellent
104818,65.5,61.8,52.6,21.5,51.3,34.7,88.0,90.1,Moderate,Excellent
104819,28.6,43.3,35.7,0.0,16.2,21.7,86.1,88.6,Low,Excellent
104820,18.0,34.1,26.9,5.6,15.2,21.7,87.8,87.5,Low,Excellent
104821,11.2,29.1,23.3,7.0,11.8,5.2,92.3,89.8,Low,Excellent
104822,18.8,22.6,20.2,0.0,11.4,26.1,93.5,85.3,Low,Excellent
104823,22.3,57.9,43.2,9.0,31.3,35.4,86.7,89.1,Low,Excellent
104824,32.3,37.6,31.4,0.0,18.6,25.0,95.3,91.0,Low,Excellent
104825,78.5,43.3,40.3,6.9,34.6,41.6,91.9,83.6,Low,Good
104826,28.7,37.4,33.1,0.0,20.6,26.0,86.1,87.2,Low,Excellent
104827,22.3,35.6,33.3,0.0,24.7,28.4,89.6,88.8,Low,Excellent
104828,72.5,57.1,53.9,16.8,44.2,49.0,91.3,88.9,Moderate,Excellent
104829,49.0,53.3,51.3,6.1,39.9,42.8,84.7,83.3,Moderate,Good
104830,22.2,22.4,17.3,0.0,12.7,10.9,95.8,92.0,Low,Excellent
104831,22.4,33.7,32.0,0.0,16.8,25.2,87.6,84.1,Low,Good
104832,20.1,30.2,21.9,6.7,16.3,14.5,90.1,88.8,Low,Excellent
104833,43.5,50.4,48.5,0.0,38.8,37.3,87.4,89.2,Moderate,Excellent
104834,22.1,34.2,32.1,0.0,18.8,25.1,87.7,84.4,Low,Good
104835,1.3,19.6,10.1,4.4,7.1,3.2,88.4,82.2,Low,Good
104836,41.4,61.3,50.8,18.6,38.3,32.0,82.9,84.7,Moderate,Good
104837,34.3,47.7,41.4,5.9,35.2,33.3,89.4,86.7,Moderate,Excellent
104838,14.4,16.2,,0.0,6.9,10.6,93.4,84.3,Low,Good
104839,30.1,46.8,43.6,0.0,24.5,27.2,84.5,85.1,Low,Excellent
104840,20.0,18.6,16.1,0.0,10.7,22.8,95.4,87.7,Low,Excellent
104841,28.1,38.6,30.9,0.0,23.3,23.7,86.1,88.3,Low,Excellent
104842,20.3,32.9,,,16.2,21.5,90.7,82.8,Low,Good
104843,27.9,39.9,36.5,4.6,22.4,34.5,90.1,87.3,Low,Excellent
104844,14.3,43.9,35.8,5.9,23.5,27.9,85.1,88.7,Low,Excellent
104845,20.7,32.1,30.5,0.0,12.6,19.2,89.7,90.5,Low,Excellent
104846,34.7,39.8,37.4,0.0,25.4,17.6,87.2,92.4,Low,Excellent
104847,17.5,15.6,,0.0,5.8,18.9,93.0,82.8,Low,Good
104848,20.8,33.0,25.9,0.0,15.7,22.1,85.4,82.7,Low,Good
104849,18.7,29.7,22.9,2.9,13.1,28.1,94.8,90.0,Low,Excellent
104850,23.0,46.0,38.8,14.4,24.0,24.8,84.8,87.8,Low,Excellent
104851,57.6,56.4,38.6,12.9,38.5,18.6,85.7,85.8,Moderate,Excellent
104852,39.2,52.5,53.7,0.0,31.1,15.0,88.4,88.6,Low,Excellent
104853,26.3,38.7,33.1,3.7,17.0,26.1,91.9,88.9,Low,Excellent
104854,31.1,41.1,39.1,5.7,32.3,24.8,85.8,85.5,Low,Excellent
104855,41.1,42.4,39.3,3.8,21.6,26.4,93.3,86.6,Low,Excellent
104856,100.0,69.9,71.6,18.3,57.5,45.4,79.6,79.4,Moderate,Good
104857,30.8,43.9,39.4,0.0,22.3,22.0,84.3,80.5,Low,Good
104858,24.6,35.8,32.1,0.0,13.8,17.5,90.4,84.1,Low,Good
104859,32.0,60.8,53.5,19.9,45.1,30.1,85.8,87.7,Moderate,Excellent
104860,19.5,29.2,25.4,9.2,17.0,20.1,91.8,87.7,Low,Excellent
104861,21.7,32.8,30.4,8.9,27.6,21.9,91.5,86.4,Low,Excellent
104862,18.2,30.5,,12.1,16.5,16.9,90.5,80.9,Low,Good
104863,19.8,38.4,30.4,2.4,21.7,20.4,90.9,85.9,Low,Excellent
104864,13.8,28.9,18.8,0.0,10.9,14.7,87.4,81.1,Low,Good
104865,27.3,36.5,34.4,1.3,28.0,34.2,87.4,85.2,Low,Excellent
104866,24.2,29.4,20.2,0.0,16.7,19.0,85.7,86.1,Low,Excellent
104867,60.7,70.2,59.2,0.0,44.0,44.6,81.8,86.7,Moderate,Excellent
104868,13.7,30.4,25.0,0.0,12.2,29.6,90.9,82.9,Low,Good
104869,25.7,45.1,37.7,0.0,23.2,30.8,84.1,85.9,Low,Excellent
104870,22.1,28.1,22.8,0.0,14.0,22.7,91.3,90.7,Low,Excellent
104871,39.8,49.9,49.8,0.0,19.9,24.6,87.9,84.7,Low,Good
104872,30.9,50.1,45.8,0.0,25.7,32.3,87.6,86.6,Low,Excellent
104873,13.8,37.6,24.9,4.9,14.8,19.6,89.5,84.2,Low,Good
104874,29.2,50.0,44.0,23.1,35.2,39.0,87.3,84.9,Moderate,Good
104875,20.3,31.0,24.3,1.8,15.3,24.1,94.3,85.9,Low,Excellent
104876,18.9,34.8,25.1,5.5,16.9,17.3,90.9,83.1,Low,Good
104877,46.9,74.5,55.5,21.8,46.9,45.3,82.4,86.5,Moderate,Excellent
104878,74.9,79.7,70.4,16.8,59.6,46.5,84.9,84.9,Moderate,Good
104879,33.6,42.7,36.4,3.9,31.1,27.8,91.1,88.8,Low,Excellent
104880,35.0,41.3,38.1,5.5,22.3,19.5,85.2,89.1,Low,Excellent
104881,59.4,67.5,60.7,18.5,46.3,39.1,83.5,87.5,Moderate,Excellent
104882,33.4,49.9,47.3,0.0,29.5,35.7,82.8,86.8,Low,Excellent
104883,17.4,26.7,23.3,0.0,20.1,29.2,90.8,84.9,Low,Good
104884,30.2,40.4,35.2,3.7,20.4,25.1,92.0,89.4,Low,Excellent
104885,18.5,45.6,38.7,11.9,22.6,28.4,85.7,81.2,Low,Good
104886,61.5,72.2,61.8,8.1,55.1,53.2,83.4,88.4,Moderate,Excellent
104887,19.9,28.2,24.7,3.5,21.2,21.5,91.1,85.8,Low,Excellent
104888,41.3,38.9,38.7,0.0,20.0,13.1,89.0,83.7,Low,Good
104889,23.8,49.7,39.4,8.9,22.4,33.8,82.8,84.6,Low,Good
104890,23.9,41.1,34.7,0.0,16.4,15.6,91.0,88.8,Low,Excellent
104891,20.8,34.7,31.1,10.5,30.2,22.6,87.6,89.6,Low,Excellent
104892,18.9,27.6,21.3,7.6,18.4,6.7,94.1,89.2,Low,Excellent
104893,21.7,44.1,34.6,0.0,23.4,28.6,84.1,87.2,Low,Excellent
104894,27.0,33.6,28.7,0.0,18.1,7.9,85.1,89.1,Low,Excellent
104895,6.6,26.6,18.9,1.5,11.5,10.9,89.2,87.6,Low,Excellent
104896,27.7,52.5,45.9,4.1,35.9,36.3,84.3,82.0,Moderate,Good
104897,20.0,28.5,20.8,0.0,19.2,27.3,85.9,81.0,Low,Good
104898,9.9,40.2,30.6,0.0,23.6,19.0,86.4,87.7,Low,Excellent
104899,38.6,48.1,43.8,19.2,32.3,28.3,89.5,91.4,Low,Excellent
104900,17.2,40.6,34.6,1.7,17.4,13.5,89.2,83.9,Low,Good
104901,15.7,22.6,19.7,0.0,12.2,12.9,94.3,90.5,Low,Excellent
104902,10.5,20.2,14.1,0.0,7.2,16.4,91.7,87.5,Low,Excellent
104903,27.1,36.9,26.9,0.0,17.8,16.6,87.5,84.5,Low,Good
104904,32.0,62.8,53.9,18.1,48.1,36.9,87.6,86.2,Moderate,Excellent
104905,36.6,55.2,50.3,24.8,40.4,22.5,84.9,88.3,Moderate,Excellent
104906,27.0,40.1,36.0,0.0,18.1,29.9,88.6,89.3,Low,Excellent
104907,32.3,56.5,44.9,13.6,34.6,34.8,85.1,86.7,Low,Excellent
104908,74.5,62.9,51.5,27.2,50.5,46.6,85.3,89.1,Moderate,Excellent
104909,29.9,36.3,,,15.8,29.8,86.8,84.9,Low,Good
104910,14.8,36.0,27.9,19.1,22.3,16.8,84.8,85.5,Low,Excellent
104911,17.9,28.8,22.0,0.0,11.4,14.0,88.6,87.5,Low,Excellent
104912,31.2,37.4,38.2,0.0,23.2,8.8,91.5,88.1,Low,Excellent
104913,36.4,46.0,38.6,1.9,18.5,46.2,91.2,83.5,Low,Good
104914,23.2,37.9,32.7,0.0,19.8,20.7,86.2,81.9,Low,Good
104915,92.3,67.1,52.5,22.2,48.2,47.2,87.0,86.9,Moderate,Excellent
104916,13.5,40.0,31.9,0.0,14.8,9.0,85.5,88.7,Low,Excellent
104917,22.4,35.9,34.2,0.0,17.7,28.6,89.0,88.5,Low,Excellent
104918,34.2,42.6,36.4,,27.8,41.5,87.7,85.9,Low,Excellent
104919,31.5,30.5,32.7,0.0,17.9,20.3,93.2,85.9,Low,Excellent
104920,37.6,57.1,53.3,11.4,37.5,24.4,86.6,89.4,Moderate,Excellent
104921,50.0,70.3,64.2,0.0,42.5,34.4,82.2,86.2,Moderate,Excellent
104922,33.9,56.8,47.1,7.5,31.4,11.0,83.6,86.7,Low,Excellent
104923,33.9,47.5,42.6,0.0,28.2,26.6,83.2,86.7,Low,Excellent
104924,26.9,36.9,35.0,8.5,16.7,26.6,93.3,91.0,Low,Excellent
104925,22.8,27.7,26.8,9.6,16.9,19.8,90.9,81.0,Low,Good
104926,14.4,25.7,22.5,0.0,16.1,17.4,87.8,82.8,Low,Good
104927,18.3,47.5,35.3,5.0,20.6,26.6,84.6,90.0,Low,Excellent
104928,14.9,27.5,24.6,0.0,12.4,22.3,89.9,85.4,Low,Excellent
104929,22.5,28.5,23.9,0.9,23.4,10.8,92.0,82.6,Low,Good
104930,20.8,36.2,28.0,0.0,13.3,18.7,88.2,88.7,Low,Excellent
104931,29.8,49.4,,0.0,28.2,46.4,89.2,88.1,Low,Excellent
104932,8.0,26.2,17.3,0.0,18.1,10.2,92.8,86.0,Low,Excellent
104933,28.4,40.9,39.7,11.4,22.4,22.7,89.1,83.1,Low,Good
104934,94.4,65.6,58.0,8.8,39.5,49.2,88.7,81.5,Moderate,Good
104935,15.8,37.6,30.4,1.3,20.4,31.1,87.9,86.2,Low,Excellent
104936,24.4,34.1,30.1,2.5,15.2,15.0,93.2,89.3,Low,Excellent
104937,15.8,22.1,21.0,0.0,12.3,19.0,93.1,83.2,Low,Good
104938,30.7,30.1,31.9,0.0,17.7,20.6,93.9,88.0,Low,Excellent
104939,41.1,64.6,55.3,0.0,34.3,24.6,85.2,89.9,Low,Excellent
104940,15.3,36.1,25.3,0.0,18.2,20.3,91.3,89.8,Low,Excellent
104941,63.4,70.4,59.7,6.1,42.3,33.1,84.0,89.5,Moderate,Excellent
104942,94.9,59.7,52.8,9.5,46.3,38.7,81.6,81.6,Moderate,Good
104943,26.9,46.6,37.6,12.3,23.6,18.2,92.8,89.7,Low,Excellent
104944,21.8,34.2,24.7,12.6,15.1,8.8,91.9,84.4,Low,Good
104945,38.2,47.1,46.2,1.1,27.0,25.8,84.9,87.4,Low,Excellent
104946,33.5,51.0,44.7,0.0,24.9,38.6,84.2,87.7,Low,Excellent
104947,16.5,16.4,15.5,0.0,12.7,18.3,94.9,87.0,Low,Excellent
104948,22.8,30.9,26.1,0.0,26.0,23.0,91.7,88.4,Low,Excellent
104949,25.3,33.6,30.9,3.8,26.2,31.8,94.0,87.1,Low,Excellent
104950,28.1,53.4,45.9,2.0,30.4,27.0,82.2,85.2,Low,Excellent
104951,23.9,44.6,36.9,9.9,22.7,38.5,83.7,85.9,Low,Excellent
104952,32.7,40.1,38.9,,22.1,23.3,83.5,86.5,Low,Excellent
104953,29.7,34.1,33.2,0.0,19.8,27.5,93.3,84.4,Low,Good
104954,71.8,54.6,54.2,6.7,44.8,30.9,87.6,87.4,Moderate,Excellent
104955,23.8,27.2,24.8,0.0,12.3,21.4,91.4,86.0,Low,Excellent
104956,14.8,37.3,26.5,16.2,22.0,25.4,86.8,89.4,Low,Excellent
104957,37.2,56.0,49.0,19.8,43.2,35.5,89.0,87.1,Moderate,Excellent
104958,32.6,34.7,33.8,0.0,18.2,16.9,85.1,84.5,Low,Good
104959,91.6,59.8,49.1,12.2,36.3,26.7,82.1,85.2,Moderate,Excellent
104960,24.3,42.0,,5.9,21.3,25.1,83.1,85.6,Low,Excellent
104961,19.0,40.2,31.5,0.0,18.4,26.1,91.8,89.0,Low,Excellent
104962,26.1,38.2,32.5,0.7,29.8,26.9,92.5,87.7,Low,Excellent
104963,36.7,55.0,47.2,20.6,39.7,36.1,93.7,91.8,Moderate,Excellent
104964,30.3,56.6,47.4,8.4,32.4,29.2,82.8,87.4,Low,Excellent
104965,8.6,31.1,23.0,4.2,12.8,18.4,89.7,88.1,Low,Excellent
104966,25.7,30.9,26.1,0.0,16.1,18.1,89.5,87.4,Low,Excellent
104967,18.8,37.5,29.6,0.0,22.8,23.8,86.6,88.3,Low,Excellent
104968,37.0,33.4,34.0,0.0,19.8,43.4,93.7,90.5,Low,Excellent
104969,19.9,31.7,26.8,9.8,18.8,23.8,89.5,88.6,Low,Excellent
104970,27.3,51.7,47.6,0.0,27.3,31.5,87.4,87.4,Low,Excellent
104971,29.0,32.5,32.3,0.0,13.0,21.3,94.6,92.3,Low,Excellent
104972,90.4,51.7,43.3,0.0,30.7,26.3,88.3,85.9,Low,Excellent
104973,20.2,33.3,26.6,8.4,22.6,33.9,90.8,86.6,Low,Excellent
104974,13.4,22.8,16.7,2.7,20.3,19.8,91.5,86.2,Low,Excellent
104975,29.7,40.9,30.9,12.3,28.4,35.5,85.5,86.4,Low,Excellent
104976,26.3,53.6,39.5,8.1,32.2,26.7,82.1,83.5,Low,Good
104977,32.8,56.5,49.7,15.4,29.3,19.9,83.7,86.7,Low,Excellent
104978,100.0,73.3,,18.4,54.5,45.6,83.5,85.5,Moderate,Excellent
104979,22.4,28.2,26.1,0.0,13.7,9.4,94.4,86.6,Low,Excellent
104980,10.2,40.8,26.6,3.7,23.7,28.5,87.5,88.2,Low,Excellent
104981,68.9,50.4,39.6,9.0,34.7,21.3,85.5,86.2,Low,Excellent
104982,36.8,33.2,30.5,0.4,13.8,15.7,94.3,87.0,Low,Excellent
104983,20.0,45.3,37.2,5.0,21.2,11.3,86.9,86.2,Low,Excellent
104984,24.4,46.7,39.1,13.5,29.5,50.3,85.1,84.7,Low,Good
104985,100.0,61.3,57.3,0.0,46.9,24.9,84.7,88.6,Moderate,Excellent
104986,90.5,75.6,68.9,13.9,49.8,39.9,79.8,82.6,Moderate,Good
104987,11.4,14.4,13.9,0.0,6.6,23.1,94.8,87.1,Low,Excellent
104988,32.4,42.1,37.4,0.0,26.9,34.5,89.4,85.3,Low,Excellent
104989,18.8,42.8,35.6,0.0,20.5,29.1,86.1,89.4,Low,Excellent
104990,30.8,36.0,39.6,0.0,18.5,18.6,94.8,88.6,Low,Excellent
104991,98.5,64.0,49.2,22.7,51.5,51.7,86.5,89.6,Moderate,Excellent
104992,18.3,36.4,33.4,3.8,19.2,28.8,93.2,83.5,Low,Good
104993,22.7,27.9,22.7,0.0,10.4,17.9,91.5,87.7,Low,Excellent
104994,29.5,40.0,34.5,,17.9,22.7,86.3,81.7,Low,Good
104995,89.2,45.3,38.4,25.3,35.7,29.0,94.6,91.6,Moderate,Excellent
104996,38.2,54.2,50.0,,47.4,31.1,93.7,92.8,Moderate,Excellent
104997,37.5,31.7,30.0,0.0,16.0,29.5,90.9,85.3,Low,Excellent
104998,52.4,59.4,62.1,5.1,38.4,43.6,84.8,86.6,Moderate,Excellent
104999,31.0,36.8,33.3,0.0,16.9,13.1,86.8,86.6,Low,Excellent
105000,17.4,30.5,23.4,0.3,15.7,18.2,90.6,88.3,Low,Excellent
103001,15.7,50.2,36.0,10.8,33.1,29.9,85.7,88.6,Low,Excellent
103002,17.4,36.4,28.0,0.0,19.6,26.0,84.9,83.3,Low,Good
103003,22.8,29.9,25.2,0.0,16.6,7.1,92.8,86.8,Low,Excellent
103004,36.0,47.6,45.1,0.0,22.3,16.0,85.0,85.6,Low,Excellent
103005,31.7,39.6,34.5,11.1,20.3,21.0,89.9,85.0,Low,Excellent
103006,14.0,32.3,23.4,8.9,19.2,14.4,93.8,85.4,Low,Excellent
103007,28.8,35.9,,0.0,19.3,15.0,92.7,86.4,Low,Excellent
103008,22.0,48.9,33.0,10.0,24.1,21.6,81.8,82.3,Low,Good
103009,39.2,38.1,36.9,0.0,21.4,28.0,93.8,88.9,Low,Excellent
103010,14.4,35.4,26.1,6.9,13.8,15.5,85.3,86.3,Low,Excellent
103011,14.0,33.9,26.6,0.6,12.6,26.2,92.5,88.0,Low,Excellent
103012,42.6,47.3,45.9,0.9,29.6,19.8,83.2,87.7,Low,Excellent
103013,14.8,34.0,22.7,3.6,14.2,8.5,85.9,82.5,Low,Good
103014,12.8,28.7,18.5,4.6,11.5,32.3,91.4,84.9,Low,Good
103015,10.3,23.1,18.1,0.0,9.4,10.4,95.3,88.4,Low,Excellent
103016,36.1,33.5,36.9,7.8,28.6,16.7,94.1,88.1,Low,Excellent
103017,15.2,45.9,35.2,0.0,31.2,14.8,85.4,86.2,Low,Excellent
103018,1.2,21.2,8.2,0.0,8.3,23.6,89.3,89.4,Low,Excellent
103019,17.7,20.9,19.2,7.9,14.7,16.1,90.4,82.1,Low,Good
103020,29.4,30.6,31.1,6.6,22.3,21.3,93.5,85.6,Low,Excellent
103021,31.1,41.7,38.1,0.0,18.9,20.0,88.1,89.4,Low,Excellent
103022,85.6,33.9,31.0,0.0,26.2,33.8,93.5,86.0,Low,Excellent
103023,17.2,38.1,28.1,0.0,13.7,16.8,90.7,87.4,Low,Excellent
103024,29.0,30.8,32.0,0.0,17.9,39.5,92.6,86.0,Low,Excellent
103025,16.0,38.5,29.4,0.0,29.3,28.7,87.8,91.3,Low,Excellent
103026,21.7,46.2,38.3,0.0,28.1,35.3,89.3,89.4,Low,Excellent
103027,21.7,21.9,21.6,0.0,12.3,23.8,93.4,82.3,Low,Good
103028,30.4,35.4,32.6,3.3,20.5,22.0,92.1,82.8,Low,Good
103029,22.7,42.9,39.3,0.0,35.5,26.6,90.8,87.8,Moderate,Excellent
103030,85.6,68.3,56.9,21.2,45.4,39.9,86.3,88.2,Moderate,Excellent
103031,46.4,66.1,49.0,11.0,50.3,44.3,80.6,84.1,Moderate,Good
103032,21.7,39.3,30.3,11.1,21.4,18.3,85.7,80.2,Low,Good
103033,37.7,40.0,36.4,18.8,26.4,27.2,88.0,86.2,Low,Excellent
103034,76.8,47.6,37.0,0.0,28.7,37.1,86.6,84.3,Low,Good
103035,26.9,25.2,23.2,0.0,13.4,34.6,91.0,82.6,Low,Good
103036,25.6,39.0,34.9,10.4,22.8,30.5,84.5,87.4,Low,Excellent
103037,14.2,36.2,29.9,0.0,19.8,36.8,91.4,90.5,Low,Excellent
103038,19.2,34.8,29.9,0.0,16.8,15.0,91.6,91.8,Low,Excellent
103039,22.7,24.8,19.3,0.0,13.6,23.8,92.5,86.3,Low,Excellent
103040,24.1,41.1,34.1,16.8,25.1,35.8,83.5,86.3,Low,Excellent
103041,48.8,58.7,57.2,,50.9,33.4,87.1,89.2,Moderate,Excellent
103042,28.7,51.5,45.5,12.2,35.9,27.7,84.1,84.4,Moderate,Good
103043,10.2,38.4,29.6,2.7,18.9,35.3,87.9,88.8,Low,Excellent
103044,31.6,53.0,46.0,18.7,35.6,23.5,85.7,86.0,Moderate,Excellent
103045,22.1,46.8,38.7,0.0,18.4,10.3,86.7,89.4,Low,Excellent
103046,4.6,24.6,14.0,0.0,11.0,28.8,90.3,83.4,Low,Good
103047,20.7,25.3,26.1,4.7,10.9,26.1,94.1,87.5,Low,Excellent
103048,26.2,54.0,45.1,6.5,35.6,34.8,82.4,85.5,Moderate,Excellent
103049,17.8,38.3,33.6,0.0,19.1,21.1,85.4,88.5,Low,Excellent
103050,28.1,28.2,29.7,0.0,15.1,15.5,93.8,86.5,Low,Excellent
103051,19.0,35.9,25.6,0.0,19.1,23.7,88.9,86.3,Low,Excellent
103052,12.5,30.5,25.2,0.0,18.6,33.8,89.6,89.2,Low,Excellent
103053,31.3,39.1,33.2,0.0,23.8,26.2,83.5,86.7,Low,Excellent
103054,17.4,38.8,28.3,0.0,16.7,37.3,85.8,90.1,Low,Excellent
103055,44.0,51.1,51.1,2.1,34.3,23.4,87.4,89.1,Low,Excellent
103056,9.8,19.1,14.4,9.6,9.3,15.4,94.4,88.4,Low,Excellent
103057,21.2,39.1,30.2,1.8,19.1,18.5,87.0,90.1,Low,Excellent
103058,26.5,32.4,28.9,0.0,16.9,11.5,95.5,91.4,Low,Excellent
103059,16.0,18.0,14.7,0.0,13.0,16.6,92.5,86.2,Low,Excellent
103060,75.8,74.9,61.1,12.0,49.9,43.3,86.5,88.9,Moderate,Excellent
103061,23.6,44.8,38.2,0.0,23.2,28.1,86.5,85.4,Low,Excellent
103062,32.2,43.5,38.8,0.0,32.0,46.6,84.7,86.1,Low,Excellent
103063,35.0,45.7,38.3,0.0,26.2,29.4,89.0,83.4,Low,Good
103064,20.8,31.9,25.2,0.0,15.3,28.4,91.4,89.7,Low,Excellent
103065,15.8,14.3,9.0,0.0,6.7,14.6,91.6,84.8,Low,Good
103066,33.4,31.5,30.7,11.1,23.1,37.3,93.4,90.5,Low,Excellent
103067,95.3,57.3,54.2,0.0,33.7,49.4,83.6,87.5,Low,Excellent
103068,26.5,34.4,,0.0,19.4,25.9,87.1,88.6,Low,Excellent
103069,29.8,37.8,32.5,0.0,18.8,13.4,92.9,88.4,Low,Excellent
103070,35.0,60.9,53.4,0.0,36.7,27.7,84.8,83.6,Moderate,Good
103071,20.4,26.4,19.9,13.5,17.9,23.0,90.8,87.2,Low,Excellent
103072,28.9,40.2,37.9,6.9,16.8,23.7,88.4,87.8,Low,Excellent
103073,32.5,34.8,28.9,0.0,13.9,24.0,89.3,82.7,Low,Good
103074,32.6,36.3,35.5,2.0,15.6,23.0,90.9,86.7,Low,Excellent
103075,24.8,48.6,39.7,0.0,31.6,29.0,87.0,86.9,Low,Excellent
103076,45.2,59.7,55.5,0.0,33.2,24.8,85.5,86.6,Low,Excellent
103077,20.0,42.7,37.9,0.0,20.9,25.7,83.5,86.2,Low,Excellent
103078,25.8,29.9,29.4,7.6,19.3,36.4,92.4,86.6,Low,Excellent
103079,28.0,30.4,27.3,0.0,15.3,27.3,94.1,89.7,Low,Excellent
103080,36.4,61.4,51.9,23.6,44.7,41.1,84.6,87.6,Moderate,Excellent
103081,34.0,44.7,40.9,0.0,21.8,31.3,87.6,85.4,Low,Excellent
103082,36.9,30.9,30.1,0.0,22.1,20.3,91.3,88.5,Low,Excellent
103083,21.8,41.8,28.7,7.8,25.8,21.4,88.9,81.2,Low,Good
103084,18.3,29.9,23.2,2.7,18.6,15.1,92.7,88.6,Low,Excellent
103085,22.4,36.1,28.9,1.5,16.3,18.8,88.3,88.1,Low,Excellent
103086,29.6,30.6,30.5,4.3,22.8,20.3,90.3,83.8,Low,Good
103087,20.8,21.6,19.2,0.0,9.2,25.2,94.5,90.8,Low,Excellent
103088,25.2,51.9,48.0,10.4,31.7,25.2,88.0,84.9,Low,Good
103089,14.3,32.9,21.0,11.2,18.5,14.7,90.1,83.8,Low,Good
103090,40.1,50.3,44.7,1.7,33.9,45.9,87.1,89.0,Low,Excellent
103091,30.6,46.4,37.5,0.0,38.8,29.7,87.2,90.2,Moderate,Excellent
103092,39.1,55.5,48.9,0.0,32.0,30.4,85.8,85.0,Low,Excellent
103093,91.5,41.6,40.7,5.8,37.6,36.2,93.7,89.5,Moderate,Excellent
103094,26.7,49.5,40.0,0.0,21.1,13.6,89.7,86.1,Low,Excellent
103095,27.0,40.2,29.7,0.0,19.0,31.3,85.7,81.5,Low,Good
103096,32.0,32.5,32.5,0.0,15.7,24.5,91.9,84.7,Low,Good
103097,25.2,45.3,38.6,9.6,18.6,33.6,85.1,86.9,Low,Excellent
103098,21.2,45.4,38.8,16.4,24.1,19.0,90.2,81.9,Low,Good
103099,21.5,22.1,19.2,0.0,9.3,16.4,92.7,86.8,Low,Excellent
103100,27.0,26.8,24.7,0.0,10.4,16.6,93.7,90.3,Low,Excellent
103101,30.5,46.8,39.4,0.0,32.9,31.9,85.9,82.8,Low,Good
103102,34.9,41.5,39.4,6.2,26.2,14.1,90.9,86.0,Low,Excellent
103103,38.1,31.6,36.9,1.6,24.5,25.6,91.8,85.6,Low,Excellent
103104,29.7,32.4,32.7,0.0,18.4,9.6,92.5,89.5,Low,Excellent
103105,26.0,24.5,19.6,0.0,12.7,20.5,94.3,88.1,Low,Excellent
103106,15.0,31.7,27.4,0.0,12.9,0.7,88.1,86.2,Low,Excellent
103107,21.2,28.5,23.2,,21.4,8.0,92.0,85.3,Low,Excellent
103108,24.8,52.6,48.3,9.8,37.1,38.8,84.4,86.0,Moderate,Excellent
103109,15.6,28.5,,5.4,12.7,13.2,93.8,87.7,Low,Excellent
103110,85.0,59.5,44.8,5.1,41.7,27.1,85.1,84.1,Moderate,Good
103111,68.4,65.8,52.5,16.9,48.0,49.0,83.0,89.9,Moderate,Excellent
103112,60.9,59.7,49.7,0.0,38.1,35.5,84.7,85.9,Moderate,Excellent
103113,21.1,46.2,37.8,0.0,26.2,32.7,83.2,84.5,Low,Good
103114,20.0,23.0,17.1,0.0,12.8,16.4,93.4,87.1,Low,Excellent
103115,23.0,23.6,21.9,0.0,9.2,36.9,91.0,82.6,Low,Good
103116,24.5,31.1,27.8,0.0,15.6,14.5,92.7,86.9,Low,Excellent
103117,98.5,61.0,55.7,5.9,51.0,54.6,86.0,86.2,Moderate,Excellent
103118,17.0,23.3,17.9,0.0,10.3,15.7,94.4,86.0,Low,Excellent
103119,36.2,32.3,33.0,0.0,19.3,8.4,91.2,87.0,Low,Excellent
103120,33.4,36.1,38.3,4.8,22.7,27.5,94.3,87.4,Low,Excellent
103121,15.6,29.2,22.8,10.1,14.0,20.9,93.2,86.9,Low,Excellent
103122,19.1,40.0,30.9,0.0,20.0,13.6,86.6,89.7,Low,Excellent
103123,33.1,44.8,38.1,5.3,22.2,16.0,88.7,82.5,Low,Good
103124,24.3,37.9,30.6,7.6,20.6,22.2,87.4,83.6,Low,Good
103125,29.1,42.9,35.1,5.1,23.0,26.6,85.1,89.4,Low,Excellent
103126,95.6,57.1,52.5,7.0,39.9,14.1,91.4,93.0,Moderate,Excellent
103127,6.7,37.1,23.5,4.4,17.9,29.2,84.7,88.3,Low,Excellent
103128,25.8,42.6,39.2,0.0,19.2,17.6,85.1,81.3,Low,Good
103129,11.4,39.8,31.1,0.0,14.6,8.1,83.4,82.8,Low,Good
103130,23.4,34.6,30.6,2.3,24.4,32.2,88.8,83.2,Low,Good
103131,23.6,43.0,34.2,0.0,19.5,21.5,87.6,86.1,Low,Excellent
103132,24.4,30.0,27.6,0.0,18.8,31.0,89.5,86.1,Low,Excellent
103133,13.7,22.2,13.3,,9.4,19.1,93.1,92.2,Low,Excellent
103134,33.0,42.3,42.5,16.8,28.5,27.1,89.6,88.4,Low,Excellent
103135,29.2,38.7,32.7,0.0,20.0,20.8,84.6,88.0,Low,Excellent
103136,100.0,66.4,56.5,0.0,39.9,37.8,84.2,88.5,Moderate,Excellent
103137,35.4,41.4,37.3,4.3,20.2,18.8,89.3,86.9,Low,Excellent
103138,19.4,45.9,35.6,0.0,27.6,19.8,87.8,82.6,Low,Good
103139,25.9,40.0,35.3,1.1,20.9,27.4,91.6,85.9,Low,Excellent
103140,34.9,49.4,42.0,13.9,34.2,29.4,87.2,86.2,Low,Excellent
103141,38.9,54.1,48.4,0.0,31.6,29.2,87.0,88.1,Low,Excellent
103142,6.5,30.8,20.9,0.0,20.7,31.1,90.9,87.8,Low,Excellent
103143,21.0,30.2,24.7,0.0,12.2,16.4,92.9,86.2,Low,Excellent
103144,29.8,39.3,30.9,8.2,22.0,23.3,85.4,86.4,Low,Excellent
103145,26.9,31.8,28.2,14.3,16.1,14.9,91.1,85.5,Low,Excellent
103146,30.7,37.5,33.7,0.0,19.8,25.3,89.8,87.0,Low,Excellent
103147,23.3,24.2,20.3,0.0,14.5,21.5,90.8,82.6,Low,Good
103148,14.7,28.2,21.7,0.0,13.0,25.0,91.8,80.5,Low,Good
103149,29.9,36.3,33.3,0.0,25.8,20.8,92.3,85.2,Low,Excellent
103150,23.3,52.9,42.6,16.6,37.4,28.8,87.5,90.1,Moderate,Excellent
103151,49.3,72.3,63.2,23.6,48.7,45.5,82.3,88.8,Moderate,Excellent
103152,21.2,28.4,24.0,0.0,15.2,21.1,93.5,83.7,Low,Good
103153,4.2,14.2,3.8,0.0,6.8,6.8,91.8,81.7,Low,Good
103154,29.5,50.9,41.0,0.0,28.8,37.7,83.6,84.0,Low,Good
103155,9.8,29.7,22.2,0.0,15.3,5.6,84.1,85.8,Low,Excellent
103156,18.7,49.3,34.9,11.8,29.2,33.8,87.6,84.4,Low,Good
103157,22.8,37.4,26.0,6.9,17.9,10.6,92.7,90.0,Low,Excellent
103158,29.6,48.4,42.1,,30.1,43.2,82.8,85.1,Low,Excellent
103159,24.1,35.4,35.7,0.0,19.6,9.4,92.3,84.3,Low,Good
103160,17.1,44.4,37.1,7.7,22.3,32.6,84.1,86.1,Low,Excellent
103161,13.1,23.6,18.7,0.2,10.5,15.7,92.5,88.3,Low,Excellent
103162,27.0,32.4,31.9,3.9,22.5,20.5,90.9,83.7,Low,Good
103163,20.5,36.7,29.4,0.0,19.0,22.9,90.1,86.9,Low,Excellent
103164,9.0,19.8,16.7,0.0,11.1,21.7,91.2,86.5,Low,Excellent
103165,17.5,44.9,35.9,0.0,31.0,21.4,83.6,85.0,Low,Excellent
103166,63.5,49.8,37.0,7.7,34.0,23.9,88.2,82.3,Low,Good
103167,29.9,50.8,40.5,12.9,29.7,33.0,83.6,85.5,Low,Excellent
103168,26.3,54.4,46.2,11.7,34.0,16.7,84.5,82.0,Low,Good
103169,26.0,29.8,24.8,0.0,13.0,13.1,91.3,82.0,Low,Good
103170,20.8,45.2,35.1,0.0,22.0,47.5,86.4,89.6,Low,Excellent
103171,11.0,22.5,17.4,0.0,11.8,9.4,92.8,89.6,Low,Excellent
103172,28.0,43.6,36.6,6.4,19.2,30.7,87.1,84.2,Low,Good
103173,13.5,34.9,25.6,1.4,20.0,17.3,90.9,83.1,Low,Good
103174,30.2,38.0,35.2,4.9,20.9,26.6,90.6,85.5,Low,Excellent
103175,63.0,51.2,40.1,3.2,32.3,34.6,87.9,87.5,Low,Excellent
103176,19.4,30.4,24.9,4.3,19.2,30.5,89.2,88.2,Low,Excellent
103177,16.7,30.1,19.9,4.2,13.9,16.7,90.4,88.1,Low,Excellent
103178,28.0,34.7,26.8,11.8,17.2,36.2,95.0,90.7,Low,Excellent
103179,38.1,51.4,47.9,0.0,32.6,24.9,84.2,88.1,Low,Excellent
103180,22.0,51.0,44.6,12.3,31.2,30.6,86.8,87.1,Low,Excellent
103181,22.5,43.4,38.3,0.0,19.3,23.5,88.9,85.2,Low,Excellent
103182,25.0,34.3,30.2,7.8,16.1,10.7,89.9,85.9,Low,Excellent
103183,17.6,40.7,29.5,11.1,21.7,20.7,85.6,85.9,Low,Excellent
103184,35.8,42.0,39.0,1.8,34.6,32.1,86.4,88.4,Low,Excellent
103185,22.8,30.7,26.7,5.3,23.3,20.5,90.6,85.1,Low,Excellent
103186,34.4,34.9,36.6,0.0,22.3,42.9,89.0,89.8,Low,Excellent
103187,51.6,44.5,35.4,9.2,31.8,22.4,92.1,84.1,Low,Good
103188,100.0,57.8,56.0,2.6,45.3,46.6,86.5,90.9,Moderate,Excellent
103189,34.6,56.7,51.8,20.3,39.4,40.5,82.2,87.4,Moderate,Excellent
103190,22.5,47.4,43.1,11.5,20.0,21.9,87.7,87.8,Low,Excellent
103191,29.2,44.8,34.1,5.4,20.7,15.5,84.3,85.2,Low,Excellent
103192,31.0,41.8,37.4,0.0,21.5,16.7,83.3,85.7,Low,Excellent
103193,51.1,42.9,48.4,13.1,34.3,26.5,93.0,86.5,Low,Excellent
103194,17.9,46.4,37.5,9.7,29.5,13.4,84.8,89.6,Low,Excellent
103195,15.1,14.3,10.9,1.9,11.8,9.0,94.1,85.9,Low,Excellent
103196,0.9,25.0,14.1,0.0,9.3,3.7,88.0,90.3,Low,Excellent
103197,27.4,18.4,19.8,0.0,7.6,25.3,93.4,85.8,Low,Excellent
103198,22.3,36.8,23.8,11.4,19.9,26.9,86.6,86.5,Low,Excellent
103199,11.0,22.2,18.8,0.0,10.2,22.4,92.7,87.6,Low,Excellent
103200,18.5,48.0,38.0,1.0,17.9,25.4,84.1,87.5,Low,Excellent
103201,62.7,58.6,51.6,,39.9,35.3,92.9,91.4,Moderate,Excellent
103202,29.2,36.4,32.8,16.0,21.8,34.8,89.4,84.3,Low,Good
103203,18.8,48.1,37.2,2.6,18.0,15.9,84.5,84.5,Low,Good
103204,37.0,45.6,42.2,0.0,23.1,24.7,84.6,82.0,Low,Good
103205,11.0,16.4,11.9,0.0,5.9,19.5,95.1,89.8,Low,Excellent
103206,20.5,34.2,24.9,0.0,13.2,7.3,89.9,83.5,Low,Good
103207,21.1,36.7,27.8,0.0,17.8,45.5,88.0,89.8,Low,Excellent
103208,19.8,31.4,31.1,0.0,17.9,21.0,92.0,90.5,Low,Excellent
103209,33.9,29.5,30.1,0.0,17.3,21.5,91.6,87.7,Low,Excellent
103210,21.0,46.4,39.4,13.7,25.0,35.0,84.7,90.1,Low,Excellent
103211,36.9,30.1,30.1,0.0,13.8,25.6,90.4,88.7,Low,Excellent
103212,17.3,20.8,15.8,0.0,12.1,17.5,94.2,90.7,Low,Excellent
103213,35.2,23.7,29.1,0.0,14.8,19.9,95.3,89.1,Low,Excellent
103214,21.7,35.9,34.4,0.0,14.1,6.5,94.3,86.6,Low,Excellent
103215,30.4,36.2,32.2,0.0,15.7,15.0,92.8,90.9,Low,Excellent
103216,39.6,40.6,40.5,5.5,21.6,27.1,90.9,86.2,Low,Excellent
103217,17.2,31.1,19.8,0.0,13.4,21.6,92.8,84.2,Low,Good
103218,19.7,37.0,31.0,0.3,22.9,33.5,92.9,85.3,Low,Excellent
103219,22.5,46.6,36.3,5.6,26.9,25.2,83.9,85.7,Low,Excellent
103220,19.1,36.0,31.3,0.0,13.7,7.1,88.4,85.8,Low,Excellent
103221,12.1,29.5,21.2,0.0,13.3,26.4,93.0,83.2,Low,Good
103222,34.8,37.7,35.4,10.5,22.6,35.1,93.1,85.7,Low,Excellent
103223,25.0,45.2,41.1,6.3,21.1,29.9,85.5,87.3,Low,Excellent
103224,24.8,28.0,26.4,0.0,11.9,15.8,92.1,85.6,Low,Excellent
103225,24.1,39.9,,7.2,22.6,31.9,93.1,90.3,Low,Excellent
103226,14.8,18.0,14.3,0.0,10.2,43.6,93.5,85.9,Low,Excellent
103227,32.0,48.3,39.8,12.9,35.3,32.1,88.8,84.5,Moderate,Good
103228,29.0,43.1,41.6,12.4,27.0,15.7,84.9,86.1,Low,Excellent
103229,33.7,45.2,,5.6,22.5,18.8,87.2,85.0,Low,Excellent
103230,23.9,37.5,35.2,0.9,28.3,32.0,92.2,89.8,Low,Excellent
103231,17.3,22.7,20.1,0.0,13.2,5.1,93.6,84.7,Low,Good
103232,64.9,56.7,42.8,6.0,41.7,36.4,83.6,82.2,Moderate,Good
103233,19.0,39.1,28.5,0.0,19.5,24.7,91.6,88.6,Low,Excellent
103234,33.2,41.1,43.7,0.0,26.7,38.3,93.2,88.0,Low,Excellent
103235,17.3,31.2,21.7,13.6,16.7,30.5,91.6,82.9,Low,Good
103236,28.3,51.4,45.6,0.0,34.1,37.4,86.7,89.8,Low,Excellent
103237,30.5,35.7,38.6,6.9,30.1,10.8,93.5,86.5,Low,Excellent
103238,14.4,38.5,29.0,8.6,24.3,31.9,85.2,86.0,Low,Excellent
103239,33.1,45.7,41.1,0.0,30.2,33.8,84.8,83.7,Low,Good
103240,33.1,38.7,36.7,0.0,21.5,24.9,86.6,86.7,Low,Excellent
103241,27.7,47.4,38.7,8.2,25.2,11.3,85.2,89.2,Low,Excellent
103242,36.8,45.0,46.1,6.1,20.0,15.8,88.8,89.4,Low,Excellent
103243,21.3,37.0,,2.7,16.8,10.8,86.9,85.5,Low,Excellent
103244,35.0,35.8,34.5,15.1,20.9,6.4,89.3,88.3,Low,Excellent
103245,22.3,35.0,27.9,0.0,14.7,18.8,90.5,87.9,Low,Excellent
103246,28.3,30.2,30.1,0.0,17.5,14.1,93.4,86.9,Low,Excellent
103247,43.1,56.1,52.1,16.5,44.1,57.5,84.7,84.3,Moderate,Good
103248,6.9,17.9,14.1,0.0,7.5,13.1,96.2,90.3,Low,Excellent
103249,26.2,51.6,43.1,20.6,30.6,38.7,86.2,91.4,Low,Excellent
103250,10.1,28.4,16.1,4.2,10.1,3.5,88.9,86.7,Low,Excellent
103251,29.0,46.8,39.1,4.3,20.9,18.3,84.9,88.2,Low,Excellent
103252,33.7,52.0,45.2,0.0,31.5,29.7,88.1,80.9,Low,Good
103253,30.6,65.2,54.4,4.9,35.1,23.8,84.2,90.4,Moderate,Excellent
103254,37.2,56.3,50.6,3.0,32.9,26.4,87.0,87.0,Low,Excellent
103255,29.9,31.6,28.2,0.0,14.8,17.2,96.3,93.6,Low,Excellent
103256,29.3,44.7,37.4,4.4,23.7,22.4,84.8,87.2,Low,Excellent
103257,9.0,26.2,19.3,8.3,12.5,32.3,94.2,89.6,Low,Excellent
103258,15.5,28.8,21.3,0.0,11.3,19.8,91.7,89.9,Low,Excellent
103259,34.5,37.0,33.8,1.5,14.6,22.6,94.7,86.5,Low,Excellent
103260,22.4,36.9,34.7,3.4,14.9,23.3,87.2,88.0,Low,Excellent
103261,91.6,44.5,38.4,2.1,29.3,32.5,92.1,88.7,Low,Excellent
103262,26.2,26.3,23.5,17.3,15.4,18.6,91.7,86.1,Low,Excellent
103263,14.2,44.4,31.4,1.2,18.7,18.7,84.2,85.8,Low,Excellent
103264,28.4,30.7,29.6,0.0,12.1,18.6,93.5,90.3,Low,Excellent
103265,17.6,35.6,31.6,0.0,15.4,28.5,93.7,87.4,Low,Excellent
103266,42.2,52.2,52.7,0.0,34.4,39.7,85.7,88.1,Low,Excellent
103267,19.8,30.3,24.4,5.9,19.3,19.7,92.2,86.4,Low,Excellent
103268,18.6,33.3,26.0,0.0,14.0,24.6,90.4,85.5,Low,Excellent
103269,94.0,62.4,53.9,12.2,42.2,33.7,89.5,84.3,Moderate,Good
103270,52.4,58.8,52.0,13.5,38.5,33.4,85.0,82.0,Moderate,Good
103271,36.0,54.1,45.3,5.2,34.6,27.0,84.3,89.3,Low,Excellent
103272,19.3,36.5,29.6,6.8,24.5,23.2,88.9,84.9,Low,Good
103273,25.5,40.2,38.3,0.0,23.9,35.1,89.1,83.5,Low,Good
103274,24.5,36.7,33.7,6.3,19.7,22.5,87.1,85.5,Low,Excellent
103275,26.2,37.4,30.0,0.0,23.7,25.3,84.8,85.8,Low,Excellent
103276,24.9,26.0,28.5,0.0,13.5,6.5,94.9,88.7,Low,Excellent
103277,82.1,69.7,66.0,34.1,57.2,41.9,89.1,86.0,Moderate,Excellent
103278,31.0,37.1,33.7,0.0,23.3,22.1,89.1,89.8,Low,Excellent
103279,38.3,51.6,44.5,12.4,34.0,23.8,85.7,89.7,Low,Excellent
103280,31.8,52.1,46.7,5.7,33.5,30.3,88.0,92.5,Low,Excellent
103281,27.6,47.3,38.3,6.8,32.1,25.8,90.9,85.4,Low,Excellent
103282,32.0,46.4,39.3,13.4,28.5,27.7,85.6,84.5,Low,Good
103283,15.3,20.8,11.1,0.0,9.6,16.7,92.1,87.7,Low,Excellent
103284,47.5,61.2,56.3,2.4,42.1,27.6,84.4,86.8,Moderate,Excellent
103285,10.0,42.6,28.9,0.0,20.4,19.0,83.2,85.4,Low,Excellent
103286,33.6,42.6,41.1,0.0,22.2,24.0,86.9,90.1,Low,Excellent
103287,17.9,46.2,36.5,9.7,24.8,34.4,87.8,88.4,Low,Excellent
103288,19.1,35.6,28.5,0.0,15.9,21.6,86.5,84.5,Low,Good
103289,18.4,36.3,29.7,5.4,22.4,18.2,94.2,90.2,Low,Excellent
103290,25.9,53.0,,9.5,35.8,34.7,86.4,88.8,Moderate,Excellent
103291,24.7,27.6,31.0,0.0,17.0,33.8,95.1,88.1,Low,Excellent
103292,14.9,28.5,14.4,13.6,13.1,25.2,86.0,86.0,Low,Excellent
103293,26.2,41.8,38.9,8.3,21.1,27.1,92.4,89.3,Low,Excellent
103294,33.9,40.4,35.0,19.7,23.7,30.0,93.5,88.2,Low,Excellent
103295,63.5,61.3,51.4,16.3,51.1,52.2,84.4,87.8,Moderate,Excellent
103296,18.6,26.3,19.4,12.3,15.0,27.6,93.9,90.4,Low,Excellent
103297,31.0,46.3,43.0,10.3,22.3,27.9,87.5,85.3,Low,Excellent
103298,87.4,45.3,36.5,0.0,29.9,36.5,85.9,89.5,Low,Excellent
103299,24.5,33.8,27.2,0.0,23.3,15.3,92.9,86.4,Low,Excellent
103300,83.1,63.4,57.8,11.4,42.0,23.2,85.3,86.0,Moderate,Excellent
103301,20.3,34.2,29.4,10.9,16.4,21.1,92.5,83.3,Low,Good
103302,65.8,56.4,42.9,0.0,31.8,29.6,83.6,87.0,Low,Excellent
103303,19.5,46.9,39.6,6.0,25.8,21.1,83.8,86.9,Low,Excellent
103304,22.3,23.1,17.9,0.0,13.0,24.4,89.7,83.6,Low,Good
103305,37.1,47.8,44.5,0.0,27.6,11.7,90.1,87.6,Low,Excellent
103306,34.9,54.2,46.9,15.5,28.3,22.7,89.3,86.5,Low,Excellent
103307,31.1,34.5,31.9,0.0,18.8,17.4,91.1,84.3,Low,Good
103308,25.7,35.4,29.5,8.2,14.5,5.6,90.4,84.8,Low,Good
103309,47.0,45.4,46.3,0.0,29.1,39.4,85.5,84.2,Low,Good
103310,29.0,43.2,37.5,0.0,26.3,14.9,88.1,85.3,Low,Excellent
103311,19.7,44.3,34.7,0.0,28.9,22.6,83.8,87.4,Low,Excellent
103312,39.4,60.6,53.4,30.1,43.9,43.6,87.9,84.2,Moderate,Good
103313,40.3,48.1,47.4,0.0,25.4,30.4,86.9,87.3,Low,Excellent
103314,19.4,40.9,28.3,0.0,16.3,10.9,91.2,84.4,Low,Good
103315,37.3,42.1,36.5,10.8,30.2,33.6,90.6,83.8,Low,Good
103316,95.2,84.9,72.9,17.6,59.5,48.0,82.1,89.7,Moderate,Excellent
103317,17.8,38.2,32.0,7.8,20.9,41.2,85.4,87.5,Low,Excellent
103318,19.6,26.4,19.1,0.0,11.3,20.0,94.9,89.6,Low,Excellent
103319,34.1,43.9,40.4,7.9,23.6,23.0,92.0,85.0,Low,Excellent
103320,39.4,53.7,51.2,5.1,26.4,19.0,89.3,83.9,Low,Good
103321,18.2,35.3,31.1,0.0,18.9,15.4,86.8,84.1,Low,Good
103322,20.7,21.3,16.4,0.0,10.5,9.7,94.2,86.7,Low,Excellent
103323,9.6,30.2,20.8,0.0,16.1,30.6,86.7,85.4,Low,Excellent
103324,34.8,40.3,37.5,12.5,29.3,27.7,86.2,86.0,Low,Excellent
103325,100.0,71.0,65.4,13.2,51.6,45.5,81.1,80.4,Moderate,Good
103326,100.0,71.3,62.6,30.8,53.0,53.9,82.9,87.4,Moderate,Excellent
103327,28.4,56.8,47.9,1.1,35.1,12.2,84.1,88.4,Moderate,Excellent
103328,84.2,46.8,40.1,7.5,34.6,41.0,93.0,87.5,Low,Excellent
103329,67.7,73.5,62.6,26.1,63.6,48.6,85.1,87.5,Moderate,Excellent
103330,22.8,41.3,37.2,0.3,20.4,25.7,87.6,86.9,Low,Excellent
103331,49.5,47.6,47.2,0.0,36.1,25.0,90.2,86.8,Moderate,Excellent
103332,14.4,15.9,9.9,0.0,7.3,8.3,94.0,86.8,Low,Excellent
103333,22.2,38.0,36.1,0.0,14.9,22.9,85.5,86.9,Low,Excellent
103334,21.8,32.9,29.5,0.0,14.5,37.8,86.9,85.0,Low,Excellent
103335,42.0,51.1,49.4,4.8,33.5,38.1,85.7,89.2,Low,Excellent
103336,32.9,45.0,34.9,13.4,32.0,39.3,88.3,88.2,Low,Excellent
103337,18.4,42.1,29.3,0.0,20.3,20.7,84.8,87.9,Low,Excellent
103338,20.7,34.4,28.8,0.0,17.4,15.7,90.7,83.3,Low,Good
103339,32.6,34.4,33.4,0.0,22.6,17.3,93.4,89.1,Low,Excellent
103340,37.7,42.7,43.6,3.0,25.8,21.6,93.2,89.1,Low,Excellent
103341,30.8,37.7,,1.3,21.2,6.3,93.0,88.5,Low,Excellent
103342,25.0,31.7,27.0,0.0,17.4,14.6,91.3,84.7,Low,Good
103343,20.1,28.3,21.7,,16.6,15.5,90.4,89.3,Low,Excellent
103344,39.5,39.7,38.1,0.0,21.1,21.2,91.8,86.6,Low,Excellent
103345,25.7,32.8,27.3,0.0,23.1,24.9,89.2,80.4,Low,Good
103346,43.4,66.7,58.9,10.9,36.2,34.6,85.7,87.7,Moderate,Excellent
103347,25.4,38.8,31.1,9.4,20.3,22.0,87.0,84.8,Low,Good
103348,33.0,46.4,41.5,,17.8,16.0,83.9,87.4,Low,Excellent
103349,30.7,49.4,41.8,12.8,25.0,9.3,91.9,88.8,Low,Excellent
103350,26.1,49.7,43.2,13.7,35.4,26.6,87.8,88.2,Moderate,Excellent
103351,25.5,37.6,28.6,0.0,16.4,12.1,87.4,84.8,Low,Good
103352,17.2,32.4,27.1,0.0,17.6,24.3,86.5,83.6,Low,Good
103353,16.6,30.6,27.0,0.0,12.6,24.8,85.0,85.6,Low,Excellent
103354,61.4,45.5,39.9,8.7,29.9,35.4,92.7,86.0,Low,Excellent
103355,21.0,38.4,30.4,22.4,23.8,30.3,92.4,91.9,Low,Excellent
103356,20.7,22.5,20.6,0.0,12.3,16.3,94.1,85.4,Low,Excellent
103357,19.1,25.4,22.6,0.0,11.6,12.8,92.6,84.9,Low,Good
103358,14.9,34.8,26.7,0.0,29.8,21.9,89.8,90.7,Low,Excellent
103359,26.3,32.7,30.5,0.0,18.1,8.8,92.1,87.2,Low,Excellent
103360,54.1,60.1,46.3,12.3,37.8,40.6,90.4,88.6,Moderate,Excellent
103361,77.0,51.7,40.2,2.1,33.2,28.5,88.2,89.1,Low,Excellent
103362,3.3,30.8,19.5,0.0,13.3,8.0,85.5,87.7,Low,Excellent
103363,8.6,24.2,15.5,2.4,13.2,11.3,94.5,88.2,Low,Excellent
103364,8.4,27.3,19.0,0.0,13.3,11.0,88.4,88.9,Low,Excellent
103365,23.9,29.5,24.1,0.0,17.3,20.7,90.4,90.8,Low,Excellent
103366,38.9,35.9,40.9,10.6,27.5,35.0,94.8,90.0,Low,Excellent
103367,23.2,38.0,30.0,2.1,19.7,19.0,87.6,85.2,Low,Excellent
103368,28.7,53.8,45.1,11.5,31.8,11.1,90.2,87.8,Low,Excellent
103369,22.5,32.3,30.4,9.5,20.4,20.7,88.1,82.3,Low,Good
103370,27.2,41.2,36.7,0.0,25.7,24.2,91.8,90.3,Low,Excellent
103371,18.9,38.7,33.9,,23.8,22.5,86.4,86.2,Low,Excellent
103372,13.0,34.0,26.3,6.8,22.5,18.5,87.5,87.8,Low,Excellent
103373,36.3,41.9,40.0,0.0,21.0,24.3,87.8,84.4,Low,Good
103374,29.5,43.7,41.4,0.0,18.9,21.9,87.6,86.1,Low,Excellent
103375,1.5,29.7,18.4,0.0,12.0,17.0,89.0,85.8,Low,Excellent
103376,37.4,49.0,39.6,14.2,35.6,34.7,86.5,83.1,Moderate,Good
103377,26.0,48.8,40.4,3.8,29.6,24.3,84.9,92.2,Low,Excellent
103378,14.5,28.8,23.9,0.0,19.8,18.0,90.2,86.7,Low,Excellent
103379,17.7,31.2,28.9,,15.7,30.5,89.2,86.3,Low,Excellent
103380,44.3,54.3,44.0,12.6,36.9,36.6,91.1,87.8,Moderate,Excellent
103381,37.2,43.0,42.0,0.0,18.0,27.4,83.2,84.5,Low,Good
103382,35.1,36.6,36.3,4.5,21.6,32.8,92.4,89.8,Low,Excellent
103383,24.1,35.5,32.5,0.5,21.9,27.4,89.8,86.5,Low,Excellent
103384,73.2,65.1,57.6,13.2,40.8,41.9,86.7,91.5,Moderate,Excellent
103385,40.0,45.5,45.8,0.0,33.5,17.5,90.5,84.8,Low,Good
103386,18.8,24.8,21.7,0.0,15.8,21.1,91.7,84.4,Low,Good
103387,15.4,45.2,34.3,4.3,24.3,23.1,88.1,92.0,Low,Excellent
103388,16.8,33.2,29.7,0.4,19.1,34.9,84.8,84.9,Low,Good
103389,43.4,69.1,62.1,17.9,49.1,46.9,80.5,83.0,Moderate,Good
103390,25.0,44.9,37.2,0.0,22.2,18.3,87.3,84.9,Low,Good
103391,19.6,38.5,28.5,3.1,25.2,28.1,85.8,87.1,Low,Excellent
103392,33.3,54.0,45.7,14.0,42.3,36.7,86.7,85.8,Moderate,Excellent
103393,32.5,37.4,31.4,0.0,19.4,25.3,86.8,84.0,Low,Good
103394,21.3,45.9,34.5,,17.1,12.1,85.6,91.3,Low,Excellent
103395,89.9,63.7,63.7,4.8,47.4,41.3,86.2,85.5,Moderate,Excellent
103396,13.0,22.3,16.4,14.9,15.7,17.6,93.1,88.2,Low,Excellent
103397,43.4,37.0,37.0,3.5,28.8,29.6,93.8,87.1,Low,Excellent
103398,34.7,33.2,35.8,0.0,20.9,16.7,88.1,83.9,Low,Good
103399,41.0,48.3,45.5,5.4,19.7,17.1,90.0,88.0,Low,Excellent
103400,22.0,37.0,31.5,2.8,23.4,33.4,92.4,89.0,Low,Excellent
103401,36.7,49.6,43.2,7.0,28.9,18.9,86.8,83.7,Low,Good
103402,68.0,59.0,51.0,3.8,35.1,23.3,84.3,85.7,Moderate,Excellent
103403,23.0,37.4,34.9,1.3,25.6,24.9,87.0,84.1,Low,Good
103404,19.3,24.0,22.2,0.0,13.8,12.1,93.6,88.0,Low,Excellent
103405,17.9,30.2,28.4,0.0,16.3,12.7,94.0,86.6,Low,Excellent
103406,0.0,13.6,3.7,0.0,4.0,13.2,88.3,82.6,Low,Good
103407,33.3,47.5,42.6,21.1,30.4,16.2,89.6,88.9,Low,Excellent
103408,100.0,64.3,57.9,11.9,50.4,32.2,89.7,88.7,Moderate,Excellent
103409,31.6,46.7,36.9,7.3,23.7,40.7,85.8,92.5,Low,Excellent
103410,42.4,64.3,63.0,10.6,45.1,40.8,83.5,88.4,Moderate,Excellent
103411,80.1,42.9,37.2,3.9,32.6,23.6,91.3,86.4,Low,Excellent
103412,16.8,33.2,25.7,0.0,14.0,21.7,84.8,85.8,Low,Excellent
103413,50.6,47.1,47.6,5.8,28.8,31.8,92.2,87.8,Low,Excellent
103414,25.5,47.4,37.7,3.6,29.7,35.8,83.1,86.2,Low,Excellent
103415,14.7,41.4,31.3,0.0,18.7,20.2,84.7,89.1,Low,Excellent
103416,20.7,37.4,29.9,0.0,16.6,27.7,84.5,84.8,Low,Good
103417,29.4,29.8,,0.0,17.4,4.1,91.7,86.2,Low,Excellent
103418,16.4,34.1,29.2,4.6,16.3,11.3,94.3,88.0,Low,Excellent
103419,83.9,62.9,46.5,7.7,36.9,33.5,83.0,87.0,Moderate,Excellent
103420,20.6,46.5,35.9,10.0,24.8,27.5,88.2,88.9,Low,Excellent
103421,28.6,40.8,34.7,5.6,28.8,20.0,85.0,85.9,Low,Excellent
103422,22.5,26.1,24.1,4.1,16.2,21.8,93.4,87.5,Low,Excellent
103423,25.5,23.3,22.3,0.0,10.1,11.0,94.1,84.1,Low,Good
103424,29.0,39.4,34.3,0.0,19.5,19.5,85.9,86.5,Low,Excellent
103425,90.9,77.4,59.2,28.2,57.2,52.5,86.0,90.1,Moderate,Excellent
103426,73.5,68.7,60.9,2.6,42.5,42.7,84.4,88.5,Moderate,Excellent
103427,25.1,44.2,36.7,9.4,22.5,15.5,84.1,86.1,Low,Excellent
103428,24.5,42.2,,4.3,18.8,12.8,88.7,89.3,Low,Excellent
103429,35.8,47.2,41.4,0.0,27.0,22.9,86.6,85.7,Low,Excellent
103430,26.7,38.6,35.3,0.0,16.8,19.8,90.3,85.8,Low,Excellent
103431,33.1,43.1,39.3,0.0,26.6,20.7,84.4,82.3,Low,Good
103432,26.0,43.6,41.5,0.0,23.4,32.4,87.7,85.5,Low,Excellent
103433,25.5,48.5,39.4,0.0,19.8,24.7,85.7,84.1,Low,Good
103434,23.5,43.3,37.1,5.0,27.0,29.5,86.7,82.0,Low,Good
103435,38.0,54.5,53.9,1.7,31.9,19.0,81.9,84.5,Low,Good
103436,19.5,43.9,37.5,0.0,17.5,29.8,88.6,88.1,Low,Excellent
103437,38.4,31.5,30.6,9.0,20.1,0.0,92.9,85.4,Low,Excellent
103438,27.5,47.4,41.1,,42.5,42.1,82.2,85.3,Moderate,Excellent
103439,17.1,36.0,23.6,0.0,13.4,25.5,89.5,84.2,Low,Good
103440,57.8,55.0,49.7,0.0,38.8,29.8,87.6,81.7,Moderate,Good
103441,20.9,31.1,30.2,0.0,22.2,33.5,92.3,86.1,Low,Excellent
103442,13.7,39.4,30.9,17.7,23.4,23.6,86.7,88.0,Low,Excellent
103443,22.0,30.8,28.4,11.2,19.9,22.5,94.1,87.8,Low,Excellent
103444,46.8,57.2,54.1,0.0,35.0,33.7,84.7,88.4,Moderate,Excellent
103445,20.7,21.6,24.6,0.0,15.4,44.7,93.2,82.6,Low,Good
103446,81.9,43.8,,2.7,38.3,43.7,90.6,90.3,Moderate,Excellent
103447,28.7,41.6,36.4,5.3,27.5,32.1,90.1,86.5,Low,Excellent
103448,36.3,53.7,43.5,25.7,39.1,26.2,84.2,87.5,Moderate,Excellent
103449,19.3,40.3,32.1,2.1,20.6,23.5,92.9,84.8,Low,Good
103450,17.4,41.5,33.1,12.4,23.5,17.6,92.9,86.5,Low,Excellent
103451,14.4,36.9,27.1,0.0,13.3,24.5,91.3,87.1,Low,Excellent
103452,30.5,29.5,25.6,6.3,26.6,27.1,92.5,87.7,Low,Excellent
103453,23.3,26.8,24.3,0.0,15.7,10.4,91.5,86.1,Low,Excellent
103454,21.2,41.5,33.8,0.0,24.4,25.3,87.8,86.2,Low,Excellent
103455,3.0,25.2,10.0,0.0,8.7,8.4,86.4,87.1,Low,Excellent
103456,34.6,40.3,41.4,1.7,21.0,23.8,87.2,89.7,Low,Excellent
103457,32.2,35.7,34.1,0.0,17.6,13.7,87.0,84.9,Low,Good
103458,12.8,28.6,24.1,0.0,15.3,19.4,86.7,87.0,Low,Excellent
103459,12.9,31.3,,0.0,12.6,23.6,86.4,85.3,Low,Excellent
103460,18.6,23.8,17.0,,11.2,16.3,91.6,88.7,Low,Excellent
103461,38.3,37.6,37.4,2.7,18.1,17.7,91.5,90.8,Low,Excellent
103462,33.1,52.5,49.5,0.0,26.9,27.7,87.1,86.5,Low,Excellent
103463,22.7,37.3,31.4,1.0,17.8,26.2,82.2,79.6,Low,Good
103464,24.6,36.9,35.5,0.0,20.0,13.1,92.8,91.2,Low,Excellent
103465,26.5,29.2,26.3,10.9,16.5,22.0,95.0,91.1,Low,Excellent
103466,30.1,55.9,43.6,7.3,38.7,43.8,83.3,83.5,Moderate,Good
103467,30.4,50.0,39.9,7.9,28.7,31.8,83.7,86.1,Low,Excellent
103468,17.8,24.8,21.6,0.0,9.4,16.1,89.7,91.5,Low,Excellent
103469,21.9,21.9,18.6,0.0,11.0,21.7,94.7,89.1,Low,Excellent
103470,26.4,46.5,36.0,3.5,21.1,26.3,83.9,82.9,Low,Good
103471,19.4,39.3,33.0,9.5,22.5,29.5,92.0,85.8,Low,Excellent
103472,17.6,24.4,21.4,4.3,11.8,0.9,93.4,92.4,Low,Excellent
103473,25.1,28.4,,0.0,15.4,6.8,92.2,88.5,Low,Excellent
103474,28.9,45.4,37.5,0.0,33.2,37.9,87.4,85.5,Low,Excellent
103475,18.9,21.1,17.4,0.0,11.5,4.9,92.4,86.9,Low,Excellent
103476,8.9,20.1,13.7,0.0,8.9,18.5,91.2,85.0,Low,Excellent
103477,30.3,37.0,34.6,0.0,18.0,18.0,90.0,85.7,Low,Excellent
103478,1.3,22.6,13.7,0.0,13.1,9.9,93.4,85.5,Low,Excellent
103479,45.1,50.3,46.7,23.7,33.0,32.6,88.1,86.7,Low,Excellent
103480,94.2,55.9,56.7,6.2,45.5,38.9,90.7,83.3,Moderate,Good
103481,17.5,39.4,31.8,4.3,20.7,39.3,83.4,85.6,Low,Excellent
103482,67.1,32.1,22.4,0.5,27.2,21.3,93.1,86.0,Low,Excellent
103483,19.3,27.6,21.9,0.0,11.1,28.2,94.2,86.8,Low,Excellent
103484,18.9,39.1,32.6,0.0,20.1,24.9,84.9,87.5,Low,Excellent
103485,17.8,26.1,17.9,12.3,11.1,11.3,92.1,86.2,Low,Excellent
103486,23.1,22.9,19.0,0.0,11.3,23.2,93.9,86.4,Low,Excellent
103487,24.2,29.0,31.6,0.0,15.6,23.9,93.0,86.6,Low,Excellent
103488,35.6,39.2,38.3,0.0,27.2,26.6,92.9,84.5,Low,Good
103489,70.1,57.9,45.9,13.0,39.1,35.6,84.3,86.0,Moderate,Excellent
103490,17.5,27.4,20.0,0.0,17.9,16.0,91.6,87.9,Low,Excellent
103491,17.1,30.1,23.7,0.0,12.0,10.6,88.9,84.3,Low,Good
103492,30.6,38.5,34.0,0.0,25.5,31.4,91.1,84.9,Low,Good
103493,16.5,36.5,31.5,0.7,15.8,17.7,93.9,88.0,Low,Excellent
103494,85.6,45.7,39.1,0.0,32.1,28.6,92.0,85.6,Low,Excellent
103495,68.8,60.0,51.4,1.9,35.1,33.3,86.9,87.2,Moderate,Excellent
103496,35.1,35.9,41.7,1.5,28.1,29.0,92.9,84.4,Low,Good
103497,20.9,38.4,34.8,13.1,20.4,10.8,90.8,89.8,Low,Excellent
103498,17.2,33.8,29.6,11.7,21.0,32.9,88.1,85.9,Low,Excellent
103499,29.6,26.3,25.8,0.0,20.4,23.2,94.7,88.8,Low,Excellent
103500,14.7,15.9,15.5,0.0,9.9,14.3,94.6,86.3,Low,Excellent
103501,40.5,48.5,46.0,17.8,32.5,32.9,85.2,88.9,Low,Excellent
103502,23.2,37.9,29.9,5.2,21.0,24.5,87.0,85.6,Low,Excellent
103503,31.0,42.4,38.7,21.0,33.0,36.0,92.4,84.7,Low,Good
103504,17.3,33.0,28.3,3.5,16.6,24.3,91.3,88.0,Low,Excellent
103505,31.8,43.8,38.3,0.0,32.0,34.9,89.7,86.9,Low,Excellent
103506,16.7,34.2,21.7,0.0,11.8,27.9,86.5,87.8,Low,Excellent
103507,26.8,33.1,32.2,8.5,24.3,31.6,89.7,84.1,Low,Good
103508,40.0,48.4,44.2,0.0,36.7,30.7,82.2,86.5,Moderate,Excellent
103509,27.3,36.4,,0.0,17.5,11.5,86.8,89.6,Low,Excellent
103510,22.0,38.2,28.5,0.0,15.6,32.7,84.1,83.1,Low,Good
103511,31.2,49.1,42.2,0.0,19.5,19.8,86.6,90.4,Low,Excellent
103512,14.4,31.4,23.1,6.5,15.0,15.2,89.1,85.8,Low,Excellent
103513,28.3,40.8,38.8,3.0,17.4,6.5,88.4,87.6,Low,Excellent
103514,15.5,39.2,25.9,2.5,19.5,24.4,84.0,88.0,Low,Excellent
103515,20.3,38.7,34.7,3.9,21.8,24.3,88.7,82.3,Low,Good
103516,27.8,58.9,50.8,8.9,36.3,19.7,81.9,79.6,Moderate,Good
103517,23.2,30.3,23.9,0.0,16.6,23.6,89.8,83.9,Low,Good
103518,32.8,37.7,35.2,0.0,23.7,20.2,87.7,84.7,Low,Good
103519,27.8,45.7,39.8,1.6,17.6,42.1,88.4,81.4,Low,Good
103520,12.0,33.7,20.8,9.0,19.2,17.0,89.6,84.3,Low,Good
103521,29.1,27.7,26.2,0.0,13.5,14.6,91.2,83.9,Low,Good
103522,5.3,15.7,6.8,0.0,8.5,8.1,94.0,84.2,Low,Good
103523,15.1,34.2,23.8,0.0,13.0,28.0,87.1,88.6,Low,Excellent
103524,50.6,64.4,59.7,11.4,41.2,31.7,84.4,82.5,Moderate,Good
103525,18.7,48.9,36.5,2.4,22.6,17.7,84.9,80.6,Low,Good
103526,7.2,39.3,25.8,0.0,13.7,23.9,90.0,86.9,Low,Excellent
103527,21.1,43.1,36.2,11.0,26.9,15.1,86.2,82.2,Low,Good
103528,36.0,27.5,31.9,0.0,13.5,23.1,94.7,87.5,Low,Excellent
103529,69.2,44.4,32.0,0.0,28.1,41.1,85.8,85.8,Low,Excellent
103530,28.2,44.4,35.3,12.3,30.8,33.0,89.0,85.5,Low,Excellent
103531,38.4,43.9,45.5,0.0,31.3,33.9,87.3,88.9,Low,Excellent
103532,100.0,75.6,,0.0,56.5,50.8,82.7,90.6,Moderate,Excellent
103533,28.7,27.6,24.9,9.7,17.5,34.2,92.8,83.3,Low,Good
103534,21.0,38.6,27.9,7.9,21.3,32.5,91.1,86.2,Low,Excellent
103535,51.2,44.0,48.8,9.9,35.1,34.6,87.2,80.5,Moderate,Good
103536,50.2,50.3,52.9,14.9,42.5,42.8,92.9,88.3,Moderate,Excellent
103537,22.4,43.9,37.9,10.8,21.9,16.0,89.3,85.4,Low,Excellent
103538,96.6,69.3,58.2,30.0,56.2,49.9,86.2,88.4,Moderate,Excellent
103539,28.5,59.8,50.5,13.3,39.8,25.8,84.1,87.0,Moderate,Excellent
103540,60.9,60.4,49.0,20.1,37.6,29.6,84.1,85.0,Moderate,Excellent
103541,25.6,46.3,40.4,0.4,26.7,1.4,82.2,84.3,Low,Good
103542,35.7,33.1,35.5,0.0,20.8,25.7,90.7,91.6,Low,Excellent
103543,32.7,30.9,32.2,0.0,20.7,17.2,92.3,86.0,Low,Excellent
103544,62.4,54.5,43.9,0.0,37.8,41.5,85.6,86.9,Moderate,Excellent
103545,61.8,53.8,53.3,0.0,39.0,36.5,90.3,85.7,Moderate,Excellent
103546,35.1,53.1,48.4,10.8,39.2,42.5,86.7,90.6,Moderate,Excellent
103547,27.3,30.9,28.6,0.0,13.8,9.6,92.7,86.0,Low,Excellent
103548,31.0,36.4,36.9,4.1,20.6,30.7,92.7,87.0,Low,Excellent
103549,15.4,17.6,12.4,0.0,7.2,31.1,92.9,85.2,Low,Excellent
103550,24.5,25.1,21.6,0.0,10.4,22.4,95.5,89.4,Low,Excellent
103551,23.6,36.7,26.7,0.0,13.2,24.2,90.3,84.1,Low,Good
103552,17.7,22.9,15.6,0.0,12.6,18.9,91.3,82.8,Low,Good
103553,34.6,52.7,44.7,0.0,28.9,23.1,84.1,85.5,Low,Excellent
103554,44.6,54.7,55.4,0.2,32.8,35.8,82.7,83.1,Low,Good
103555,9.0,26.2,21.1,11.9,25.9,13.5,90.7,90.2,Low,Excellent
103556,14.9,45.0,,0.0,23.1,20.5,85.1,90.0,Low,Excellent
103557,19.2,23.8,24.2,0.0,12.3,3.2,92.0,89.2,Low,Excellent
103558,31.4,37.8,30.0,12.1,15.8,13.8,87.5,85.4,Low,Excellent
103559,25.2,42.1,37.9,0.0,29.7,33.0,87.6,90.3,Low,Excellent
103560,7.0,38.3,26.7,0.0,18.1,24.9,83.2,82.1,Low,Good
103561,34.5,42.1,35.7,0.0,21.3,23.2,85.0,89.1,Low,Excellent
103562,7.4,35.1,24.8,8.1,13.7,19.6,92.3,83.1,Low,Good
103563,44.7,46.4,32.2,22.8,32.9,14.7,89.4,91.2,Low,Excellent
103564,24.5,35.5,34.4,0.0,17.6,17.6,92.0,87.2,Low,Excellent
103565,40.3,48.9,43.8,0.0,26.0,20.2,90.7,89.3,Low,Excellent
103566,29.1,44.1,37.5,0.0,24.8,19.6,91.2,86.0,Low,Excellent
103567,28.6,41.6,35.7,4.7,22.7,28.4,92.0,90.6,Low,Excellent
103568,27.2,35.3,34.2,2.6,18.8,14.4,90.5,84.9,Low,Good
103569,26.8,49.5,40.4,13.7,25.9,20.7,84.2,84.6,Low,Good
103570,44.7,51.3,46.4,4.0,30.3,11.5,84.2,86.6,Low,Excellent
103571,21.1,26.8,21.2,0.0,9.9,13.6,87.6,83.4,Low,Good
103572,33.0,41.7,39.4,0.0,20.8,13.8,84.8,87.5,Low,Excellent
103573,16.6,23.2,23.0,0.0,12.9,18.3,90.8,85.2,Low,Excellent
103574,15.8,32.6,,4.0,14.7,11.2,90.7,87.1,Low,Excellent
103575,14.3,37.1,25.2,1.8,16.0,20.5,92.7,87.5,Low,Excellent
103576,33.8,38.5,35.6,3.7,25.4,24.1,91.1,87.6,Low,Excellent
103577,15.3,29.9,22.7,0.0,14.5,32.1,87.8,88.8,Low,Excellent
103578,22.4,31.3,24.8,0.0,16.0,23.6,92.9,86.9,Low,Excellent
103579,12.4,37.1,28.7,0.0,19.9,7.2,92.4,89.8,Low,Excellent
103580,14.4,41.3,33.6,5.2,29.6,17.7,87.8,87.2,Low,Excellent
103581,33.9,50.8,48.9,6.2,26.4,26.3,85.4,89.4,Low,Excellent
103582,33.0,35.4,34.9,0.0,17.7,13.2,90.6,84.9,Low,Good
103583,29.7,36.1,39.0,0.0,21.2,0.0,89.5,83.6,Low,Good
103584,25.3,52.0,41.1,22.1,38.7,44.0,91.5,88.8,Moderate,Excellent
103585,27.6,48.4,42.4,8.9,32.4,35.2,86.1,85.7,Low,Excellent
103586,24.8,29.4,20.5,0.0,14.0,22.6,89.2,89.3,Low,Excellent
103587,9.6,25.6,20.1,7.2,13.2,13.1,89.1,84.7,Low,Good
103588,6.4,33.9,24.2,0.0,13.9,21.8,91.8,88.9,Low,Excellent
103589,37.2,28.3,30.8,0.0,17.1,14.6,93.7,89.4,Low,Excellent
103590,27.5,28.1,23.7,0.0,15.1,20.7,92.8,87.2,Low,Excellent
103591,36.3,39.6,40.2,20.6,30.7,21.1,90.7,81.5,Low,Good
103592,16.0,22.5,22.0,0.0,8.9,27.5,90.0,84.4,Low,Good
103593,51.2,51.6,53.7,17.0,37.0,19.6,83.7,79.3,Moderate,Good
103594,75.6,33.1,25.6,0.0,23.4,33.9,90.3,84.4,Low,Good
103595,28.5,37.5,34.4,0.0,14.5,19.0,89.9,89.5,Low,Excellent
103596,33.2,49.5,44.5,9.9,26.8,22.2,91.0,86.0,Low,Excellent
103597,20.9,26.1,,0.0,15.0,20.3,93.7,88.4,Low,Excellent
103598,21.5,45.1,38.7,0.0,18.0,26.7,84.9,90.2,Low,Excellent
103599,72.6,63.1,53.1,0.0,36.8,43.0,82.4,85.4,Moderate,Excellent
103600,29.9,32.8,29.8,0.0,22.6,26.1,92.4,90.4,Low,Excellent
103601,35.8,44.0,37.9,8.2,35.0,23.9,90.2,88.7,Moderate,Excellent
103602,25.5,46.1,37.7,4.8,30.5,28.7,90.0,89.4,Low,Excellent
103603,47.9,67.4,62.2,20.3,40.9,49.1,82.2,85.8,Moderate,Excellent
103604,30.0,29.2,28.0,4.7,21.2,33.5,93.9,90.6,Low,Excellent
103605,38.5,33.6,,2.3,20.0,29.2,88.9,87.6,Low,Excellent
103606,22.6,54.2,,0.6,35.5,37.7,83.3,89.3,Moderate,Excellent
103607,25.1,31.3,23.4,0.0,14.0,24.0,92.2,88.2,Low,Excellent
103608,26.6,41.0,37.6,6.4,20.4,31.5,92.4,91.8,Low,Excellent
103609,13.8,27.3,19.4,0.0,14.2,14.9,92.5,88.2,Low,Excellent
103610,26.9,29.5,26.9,0.0,21.3,11.9,91.3,86.3,Low,Excellent
103611,73.6,60.6,53.6,8.3,44.7,37.4,83.3,81.0,Moderate,Good
103612,20.0,27.1,23.9,0.0,12.2,10.8,93.8,85.8,Low,Excellent
103613,32.0,49.1,41.8,16.7,33.7,21.8,83.0,88.2,Low,Excellent
103614,33.8,43.3,40.7,4.2,31.1,22.9,86.4,81.0,Low,Good
103615,33.2,47.4,39.8,9.5,21.9,43.0,85.5,90.9,Low,Excellent
103616,26.4,55.2,47.8,2.9,30.4,29.3,84.4,87.6,Low,Excellent
103617,13.8,27.8,20.3,0.0,12.7,20.5,91.5,86.4,Low,Excellent
103618,16.8,38.0,30.1,0.0,17.6,10.8,92.4,86.2,Low,Excellent
103619,19.1,26.1,,0.0,11.5,2.2,93.8,89.3,Low,Excellent
103620,30.8,56.3,47.9,12.4,29.4,21.1,87.3,84.3,Low,Good
103621,54.7,40.2,33.0,1.0,31.8,40.6,89.7,79.6,Low,Good
103622,25.2,37.7,33.3,14.2,21.9,25.8,93.0,86.6,Low,Excellent
103623,8.7,24.0,15.5,0.0,14.6,23.6,89.7,86.2,Low,Excellent
103624,17.8,31.7,28.6,8.8,19.8,27.8,93.0,83.8,Low,Good
103625,38.5,37.6,39.4,13.7,22.8,18.9,92.3,82.6,Low,Good
103626,21.6,33.4,24.9,0.0,16.6,31.1,90.0,84.5,Low,Good
103627,17.1,43.0,34.0,12.7,27.7,21.5,85.5,84.9,Low,Good
103628,27.2,25.4,26.6,0.0,14.8,30.2,94.4,87.3,Low,Excellent
103629,14.9,41.3,27.3,2.9,18.5,24.6,85.4,92.1,Low,Excellent
103630,20.2,36.0,28.3,2.8,19.1,7.1,93.8,92.0,Low,Excellent
103631,29.1,34.7,31.6,0.0,17.0,14.2,89.9,83.3,Low,Good
103632,16.6,41.3,,0.0,20.5,8.0,84.4,85.6,Low,Excellent
103633,37.5,58.7,49.0,2.6,37.7,41.9,83.9,80.3,Moderate,Good
103634,30.0,48.0,42.4,1.0,25.7,25.2,85.4,87.2,Low,Excellent
103635,37.6,42.7,40.5,0.0,30.2,10.3,93.5,92.7,Low,Excellent
103636,85.8,50.9,44.2,0.0,30.6,31.4,87.7,85.8,Low,Excellent
103637,13.6,21.4,17.6,0.0,8.0,10.5,88.4,84.0,Low,Good
103638,16.3,24.0,23.3,0.0,12.2,5.5,89.1,82.6,Low,Good
103639,13.8,28.0,22.7,10.4,12.0,30.6,91.3,84.6,Low,Good
103640,28.1,50.0,42.1,1.5,25.3,26.1,91.8,88.0,Low,Excellent
103641,19.2,38.1,31.4,0.0,22.3,21.1,88.2,85.9,Low,Excellent
103642,49.4,72.6,60.9,,50.3,37.0,82.7,87.4,Moderate,Excellent
103643,28.0,36.3,29.1,15.8,25.7,13.3,92.3,82.7,Low,Good
103644,34.6,43.7,39.6,0.0,31.3,18.3,88.9,85.1,Low,Excellent
103645,13.6,50.6,35.0,5.6,19.6,32.1,83.4,86.2,Low,Excellent
103646,10.4,29.5,19.7,0.0,10.3,12.4,90.9,87.2,Low,Excellent
103647,31.6,28.0,24.6,0.0,11.6,17.1,92.9,88.1,Low,Excellent
103648,26.1,53.4,42.6,2.8,24.7,8.4,85.2,85.0,Low,Excellent
103649,17.1,39.4,33.7,1.3,15.1,8.5,89.9,85.2,Low,Excellent
103650,11.2,34.4,27.6,0.0,17.2,25.2,87.3,89.3,Low,Excellent
103651,34.4,41.2,39.0,0.0,28.8,30.3,90.0,88.0,Low,Excellent
103652,39.0,52.6,49.4,11.8,40.3,48.2,87.0,85.6,Moderate,Excellent
103653,23.3,40.9,34.9,0.0,19.1,32.2,86.5,83.4,Low,Good
103654,14.7,37.0,31.0,2.4,26.0,23.7,86.8,85.3,Low,Excellent
103655,20.9,32.6,28.0,0.0,15.0,22.8,91.7,88.9,Low,Excellent
103656,28.9,35.2,31.8,0.0,19.0,18.9,88.1,86.7,Low,Excellent
103657,17.6,26.5,24.3,0.0,14.8,35.3,92.8,87.1,Low,Excellent
103658,8.6,22.5,12.1,0.0,9.2,24.7,92.5,87.7,Low,Excellent
103659,25.6,48.3,38.6,0.5,21.5,24.3,86.2,85.2,Low,Excellent
103660,36.7,54.6,52.2,0.0,27.8,28.3,83.8,84.3,Low,Good
103661,91.6,41.4,37.5,15.9,34.1,42.0,93.6,88.9,Low,Excellent
103662,14.0,31.2,23.2,0.0,13.1,22.5,84.1,84.8,Low,Good
103663,28.9,47.5,38.9,9.0,22.7,36.1,83.7,80.5,Low,Good
103664,18.9,45.0,35.5,8.2,17.8,3.1,83.2,79.7,Low,Good
103665,33.5,42.6,45.1,4.2,35.2,34.8,90.4,89.0,Moderate,Excellent
103666,15.0,28.2,19.9,0.0,13.6,14.0,84.5,86.8,Low,Excellent
103667,31.0,51.7,44.3,0.2,25.9,39.6,86.5,81.9,Low,Good
103668,33.1,51.7,41.0,1.9,19.3,34.0,88.7,90.3,Low,Excellent
103669,20.1,30.5,25.8,0.0,15.1,19.3,89.9,85.6,Low,Excellent
103670,79.7,61.2,57.9,21.8,53.8,54.6,86.3,89.2,Moderate,Excellent
103671,81.0,54.1,50.9,9.7,37.5,46.7,93.6,88.7,Moderate,Excellent
103672,30.1,24.7,,0.0,13.7,18.8,92.8,84.6,Low,Good
103673,15.0,34.4,25.2,4.5,18.4,40.8,94.8,89.6,Low,Excellent
103674,64.7,61.2,54.2,0.0,37.4,32.2,84.6,89.6,Moderate,Excellent
103675,74.3,67.5,54.0,7.6,38.3,31.2,83.0,88.9,Moderate,Excellent
103676,28.8,32.5,30.0,0.0,20.7,29.4,87.1,87.7,Low,Excellent
103677,25.8,25.6,24.3,1.5,15.7,16.6,94.1,90.5,Low,Excellent
103678,25.0,48.7,42.8,0.0,33.9,31.0,89.8,87.6,Low,Excellent
103679,28.5,38.2,,0.0,14.7,30.1,90.3,83.9,Low,Good
103680,32.6,47.6,43.6,0.0,36.4,32.0,84.8,84.5,Moderate,Good
103681,8.7,26.7,19.5,0.0,13.2,4.4,93.9,88.2,Low,Excellent
103682,21.7,32.4,26.9,0.0,17.5,23.5,87.5,87.1,Low,Excellent
103683,17.5,16.3,17.5,0.0,9.4,10.1,94.6,84.8,Low,Good
103684,44.5,38.9,41.6,0.0,30.3,35.1,92.3,82.9,Low,Good
103685,25.0,42.1,35.9,8.2,19.8,27.5,88.2,91.6,Low,Excellent
103686,12.2,37.0,27.6,3.4,18.4,32.8,88.8,90.5,Low,Excellent
103687,30.2,44.2,,0.0,21.5,30.1,84.4,84.6,Low,Good
103688,83.6,67.1,57.5,14.3,45.1,45.8,83.0,87.0,Moderate,Excellent
103689,40.0,62.3,56.6,,40.5,28.9,81.8,84.5,Moderate,Good
103690,20.2,44.2,33.5,6.2,17.9,27.2,87.6,90.3,Low,Excellent
103691,19.1,35.8,30.4,0.0,13.5,33.8,87.4,83.7,Low,Good
103692,28.2,37.2,34.9,0.0,19.9,16.4,87.4,85.0,Low,Excellent
103693,29.4,38.9,35.2,0.2,15.0,33.4,85.9,80.8,Low,Good
103694,29.6,34.1,35.4,0.0,22.8,19.3,92.1,86.5,Low,Excellent
103695,69.4,74.7,64.9,1.1,46.1,30.9,82.5,87.6,Moderate,Excellent
103696,22.8,41.5,33.5,10.6,23.3,26.3,89.0,85.5,Low,Excellent
103697,20.4,27.4,22.5,5.8,15.6,25.1,90.6,83.2,Low,Good
103698,14.8,33.5,29.3,0.0,15.5,26.6,91.6,89.1,Low,Excellent
103699,25.2,48.4,42.6,1.6,24.1,16.8,84.7,90.4,Low,Excellent
103700,25.7,37.9,31.6,0.0,20.5,25.8,84.4,83.3,Low,Good
103701,36.7,39.1,35.1,8.6,17.2,14.8,93.6,84.3,Low,Good
103702,95.2,76.2,70.9,20.9,56.7,32.1,82.9,91.0,Moderate,Excellent
103703,19.0,36.5,30.6,0.0,26.3,18.4,86.1,88.2,Low,Excellent
103704,10.5,31.3,22.8,1.8,13.3,12.0,88.8,85.6,Low,Excellent
103705,21.5,39.0,33.4,,24.3,28.8,83.3,82.5,Low,Good
103706,31.9,43.7,37.4,11.4,24.5,33.9,89.9,82.6,Low,Good
103707,20.7,40.0,29.3,0.0,15.3,7.4,87.0,91.0,Low,Excellent
103708,32.7,32.6,33.2,0.0,16.7,22.9,88.4,81.0,Low,Good
103709,41.8,60.5,53.2,24.8,43.0,26.4,84.0,84.9,Moderate,Good
103710,17.2,54.6,44.6,3.2,29.8,32.9,84.1,90.4,Low,Excellent
103711,30.6,43.9,33.4,0.0,28.6,22.2,89.0,89.4,Low,Excellent
103712,19.3,39.6,29.5,8.2,24.5,16.3,93.1,86.3,Low,Excellent
103713,24.7,36.3,29.7,0.0,13.5,24.5,88.9,90.9,Low,Excellent
103714,10.7,46.8,32.9,7.0,31.2,24.0,84.1,86.9,Low,Excellent
103715,72.7,63.4,57.3,24.5,43.9,33.8,84.7,85.6,Moderate,Excellent
103716,19.6,25.9,21.2,0.0,9.6,0.0,89.9,87.4,Low,Excellent
103717,100.0,69.1,69.1,,44.1,44.0,85.2,89.8,Moderate,Excellent
103718,40.5,41.3,42.2,3.6,19.9,28.5,89.7,85.6,Low,Excellent
103719,28.4,40.2,35.6,16.1,29.5,27.7,90.1,86.2,Low,Excellent
103720,33.1,46.6,41.7,15.0,35.5,19.1,85.5,86.5,Moderate,Excellent
103721,26.8,33.3,32.3,0.0,16.8,29.7,93.8,89.6,Low,Excellent
103722,43.1,58.2,51.6,0.0,26.8,20.7,83.5,85.2,Low,Excellent
103723,39.8,41.4,30.4,7.2,27.2,22.7,92.1,87.5,Low,Excellent
103724,20.5,35.0,21.4,9.7,15.2,37.6,90.9,88.6,Low,Excellent
103725,58.8,60.6,48.9,5.7,39.1,27.8,83.1,85.5,Moderate,Excellent
103726,25.9,45.8,37.9,3.2,19.4,27.6,85.1,85.3,Low,Excellent
103727,21.7,30.5,26.8,17.5,14.3,23.1,95.2,88.9,Low,Excellent
103728,47.1,67.0,58.2,8.5,38.9,36.5,82.2,83.5,Moderate,Good
103729,14.8,18.4,14.1,0.4,11.3,19.0,93.3,83.3,Low,Good
103730,14.4,42.5,30.1,3.4,30.9,31.6,86.6,87.1,Low,Excellent
103731,36.6,50.8,47.1,0.0,32.4,31.6,91.9,84.9,Low,Good
103732,8.1,33.4,24.2,5.0,14.5,18.3,84.3,84.8,Low,Good
103733,18.5,44.1,27.6,0.0,19.7,33.9,85.1,86.7,Low,Excellent
103734,33.5,52.9,45.9,6.6,34.6,20.3,85.2,87.2,Low,Excellent
103735,21.4,37.9,34.0,0.0,17.3,28.5,90.0,90.2,Low,Excellent
103736,67.8,57.2,49.1,0.0,38.3,39.6,88.4,84.1,Moderate,Good
103737,16.3,46.4,34.6,0.0,19.5,27.3,85.6,85.0,Low,Excellent
103738,30.8,44.5,35.7,7.9,23.1,32.8,88.8,93.7,Low,Excellent
103739,11.6,22.4,18.5,0.0,9.3,14.8,90.7,83.0,Low,Good
103740,22.1,37.2,25.4,0.0,16.7,5.1,92.1,91.0,Low,Excellent
103741,20.2,27.6,22.1,0.0,14.7,18.3,89.0,85.6,Low,Excellent
103742,67.2,58.2,51.1,13.0,38.1,24.9,85.8,83.9,Moderate,Good
103743,24.4,34.1,35.3,0.0,29.1,21.6,91.5,83.4,Low,Good
103744,24.6,30.4,26.6,0.0,14.3,8.6,88.7,87.0,Low,Excellent
103745,13.1,19.0,14.2,0.0,8.7,11.4,93.1,86.5,Low,Excellent
103746,19.4,27.4,26.1,0.0,19.8,17.1,92.6,86.0,Low,Excellent
103747,9.2,18.8,8.5,0.0,6.0,0.0,88.8,83.8,Low,Good
103748,24.1,28.3,24.1,0.0,10.7,22.0,88.8,86.9,Low,Excellent
103749,29.5,29.2,30.5,0.0,13.7,36.0,93.8,92.6,Low,Excellent
103750,22.5,52.3,,0.0,28.6,32.0,85.9,89.7,Low,Excellent
103751,51.8,56.7,47.3,18.1,41.5,33.3,87.2,87.5,Moderate,Excellent
103752,36.9,52.6,45.3,0.0,30.8,28.0,86.6,90.3,Low,Excellent
103753,34.5,19.8,23.7,0.0,10.3,12.8,95.3,88.1,Low,Excellent
103754,73.7,62.5,52.0,14.0,44.0,37.1,85.1,87.6,Moderate,Excellent
103755,11.4,22.5,17.6,0.0,10.1,15.7,90.7,84.0,Low,Good
103756,18.4,23.2,20.6,8.2,29.0,20.7,92.4,83.4,Low,Good
103757,30.8,41.1,36.9,1.7,26.9,39.6,92.3,85.0,Low,Excellent
103758,30.4,37.2,37.7,4.8,16.6,8.0,91.6,84.7,Low,Good
103759,26.4,23.5,21.4,0.0,9.1,21.2,95.5,88.1,Low,Excellent
103760,14.4,26.9,24.0,2.4,14.3,17.8,96.5,91.8,Low,Excellent
103761,27.4,36.9,37.1,1.2,30.3,43.4,92.9,85.6,Low,Excellent
103762,27.1,29.7,27.1,0.0,17.8,23.4,90.8,84.8,Low,Good
103763,50.4,57.1,45.8,12.9,38.8,30.4,84.9,85.3,Moderate,Excellent
103764,29.8,47.3,39.8,6.2,20.5,20.3,84.2,87.1,Low,Excellent
103765,23.8,34.1,30.1,0.0,17.5,20.8,86.6,84.8,Low,Good
103766,22.5,39.5,33.5,0.0,21.2,13.6,84.9,86.6,Low,Excellent
103767,26.8,26.0,20.4,0.0,15.0,12.8,91.8,85.5,Low,Excellent
103768,41.8,46.3,42.3,11.0,24.1,10.2,87.7,88.5,Low,Excellent
103769,63.3,56.1,50.3,7.8,36.7,24.6,86.2,88.4,Moderate,Excellent
103770,11.6,34.8,26.6,9.7,16.8,20.9,88.1,84.8,Low,Good
103771,45.3,66.7,58.4,2.2,39.3,36.0,82.8,87.3,Moderate,Excellent
103772,30.4,47.1,36.4,16.1,26.0,9.7,87.4,87.5,Low,Excellent
103773,15.6,30.8,24.3,0.0,16.7,18.9,85.3,79.9,Low,Good
103774,26.0,32.5,27.5,3.5,22.7,28.1,90.0,91.0,Low,Excellent
103775,8.6,12.9,7.1,0.0,6.1,12.3,94.8,87.6,Low,Excellent
103776,30.6,45.0,36.5,1.3,17.8,15.6,91.6,85.1,Low,Excellent
103777,13.8,23.8,17.2,0.0,17.5,17.2,91.9,87.9,Low,Excellent
103778,9.8,27.1,20.5,3.0,16.6,15.6,85.5,83.6,Low,Good
103779,23.1,46.7,33.9,19.2,34.9,25.9,83.7,83.1,Low,Good
103780,31.9,42.4,34.2,7.4,21.4,24.2,93.4,84.1,Low,Good
103781,19.6,43.1,34.8,5.3,22.2,41.8,85.9,90.8,Low,Excellent
103782,23.7,39.9,31.2,0.0,18.3,15.0,89.5,90.3,Low,Excellent
103783,10.8,39.4,26.5,12.5,15.7,16.9,84.1,86.5,Low,Excellent
103784,12.0,22.7,16.7,0.0,11.8,16.6,91.6,85.2,Low,Excellent
103785,34.1,34.6,30.5,0.1,15.9,14.1,88.3,83.2,Low,Good
103786,25.5,40.7,38.1,22.5,39.1,42.2,89.1,86.9,Moderate,Excellent
103787,26.1,37.3,32.1,0.0,17.7,1.7,90.5,92.2,Low,Excellent
103788,21.0,32.0,23.8,0.0,15.2,14.9,86.6,86.5,Low,Excellent
103789,66.7,71.0,60.9,16.0,49.5,46.3,81.3,78.7,Moderate,Good
103790,33.6,41.6,39.6,3.2,22.2,21.0,91.9,84.4,Low,Good
103791,23.1,51.0,45.3,0.0,30.3,21.6,83.1,85.1,Low,Excellent
103792,33.0,46.1,43.7,2.8,41.9,38.7,87.9,82.3,Moderate,Good
103793,81.7,78.7,71.4,26.1,66.2,57.0,82.7,87.3,High,Excellent
103794,100.0,65.0,55.7,,47.6,40.2,83.3,91.7,Moderate,Excellent
103795,84.2,64.0,53.2,11.1,40.5,27.9,87.1,84.3,Moderate,Good
103796,72.5,59.8,49.2,1.1,37.3,36.1,82.3,83.3,Moderate,Good
103797,31.4,46.5,40.6,0.0,31.2,25.5,91.9,86.5,Low,Excellent
103798,25.5,42.0,34.8,14.4,21.5,28.9,86.6,91.4,Low,Excellent
103799,10.7,36.2,27.0,7.5,19.6,33.6,84.2,86.4,Low,Excellent
103800,24.2,40.4,32.0,11.4,27.4,5.6,89.4,88.4,Low,Excellent
103801,8.0,38.3,24.7,2.1,14.5,19.6,89.7,87.2,Low,Excellent
103802,12.1,42.0,28.3,0.0,20.1,8.2,83.2,84.3,Low,Good
103803,8.7,36.3,25.7,0.0,17.4,40.0,87.5,90.4,Low,Excellent
103804,25.2,25.0,24.3,0.0,15.3,15.4,91.7,81.0,Low,Good
103805,79.1,73.8,58.4,24.7,51.2,46.7,85.0,92.0,Moderate,Excellent
103806,32.2,48.6,,0.0,30.4,28.0,82.6,84.9,Low,Good
103807,19.6,46.5,36.2,0.0,18.9,14.9,84.5,85.6,Low,Excellent
103808,21.4,25.2,17.9,10.7,20.5,14.9,92.2,84.0,Low,Good
103809,78.8,72.1,64.7,14.6,52.9,54.4,82.7,88.3,Moderate,Excellent
103810,43.5,54.0,47.4,0.0,29.6,35.4,84.6,83.5,Low,Good
103811,29.3,31.2,28.5,2.1,28.6,42.7,93.8,87.6,Low,Excellent
103812,37.6,45.7,42.4,20.0,34.3,31.0,87.6,90.2,Low,Excellent
103813,16.8,37.5,27.6,0.1,17.1,22.6,89.9,90.2,Low,Excellent
103814,41.4,52.9,45.4,5.0,33.4,27.9,84.5,83.6,Low,Good
103815,11.4,32.0,21.5,7.5,14.1,16.2,90.2,82.6,Low,Good
103816,2.6,25.8,15.8,0.0,11.5,8.6,91.6,88.3,Low,Excellent
103817,57.3,42.1,38.2,0.9,33.0,30.5,90.0,86.4,Low,Excellent
103818,22.2,28.5,24.6,0.0,14.4,12.3,86.8,86.4,Low,Excellent
103819,23.4,45.4,35.7,8.5,24.3,28.1,86.3,85.5,Low,Excellent
103820,88.7,56.3,42.7,8.5,34.8,32.2,85.6,86.6,Low,Excellent
103821,17.4,32.2,26.3,0.0,16.5,22.2,91.1,87.4,Low,Excellent
103822,17.4,24.1,22.5,5.1,12.0,30.6,92.4,86.1,Low,Excellent
103823,23.9,14.5,14.2,0.0,5.8,13.2,95.8,90.5,Low,Excellent
103824,30.0,61.5,54.1,18.9,45.2,43.2,82.8,88.3,Moderate,Excellent
103825,20.4,30.9,24.0,0.0,14.9,35.4,85.8,86.4,Low,Excellent
103826,89.9,67.3,60.0,4.4,41.3,45.3,85.7,84.4,Moderate,Good
103827,19.0,37.3,24.9,0.0,14.0,27.6,90.1,87.9,Low,Excellent
103828,20.0,35.6,30.1,1.4,13.6,15.7,94.6,91.1,Low,Excellent
103829,22.0,26.4,28.5,0.0,14.5,20.5,94.4,87.8,Low,Excellent
103830,18.2,29.7,28.2,0.0,16.2,9.2,95.1,88.5,Low,Excellent
103831,28.1,54.6,41.3,8.3,24.7,28.8,85.1,85.6,Low,Excellent
103832,24.3,27.8,21.3,0.0,11.0,18.8,93.4,85.9,Low,Excellent
103833,39.7,43.3,44.1,11.2,34.4,30.8,92.5,86.1,Low,Excellent
103834,22.2,45.5,34.1,0.0,28.2,35.1,89.9,89.9,Low,Excellent
103835,56.0,45.2,40.7,9.9,41.8,25.4,90.9,85.7,Moderate,Excellent
103836,29.4,35.8,30.6,3.0,23.0,36.9,92.4,87.3,Low,Excellent
103837,30.6,41.1,39.5,0.0,22.5,30.7,86.8,84.4,Low,Good
103838,30.0,40.5,33.3,0.9,16.2,19.1,89.8,83.0,Low,Good
103839,27.5,45.7,33.6,15.9,25.1,23.9,86.5,85.0,Low,Excellent
103840,19.8,39.9,32.1,13.0,22.1,27.1,85.9,85.6,Low,Excellent
103841,16.1,45.8,35.1,0.0,23.0,36.0,86.1,87.1,Low,Excellent
103842,16.7,29.8,24.3,0.0,17.4,21.3,90.7,89.6,Low,Excellent
103843,39.2,23.0,25.4,0.0,13.2,19.0,94.5,85.6,Low,Excellent
103844,23.2,57.8,41.1,7.3,30.7,28.6,84.2,89.6,Low,Excellent
103845,41.0,39.9,43.0,0.0,29.0,41.7,93.9,87.6,Low,Excellent
103846,35.4,44.0,40.9,7.5,27.3,23.4,92.1,88.0,Low,Excellent
103847,38.8,57.3,53.0,7.6,37.8,32.5,87.7,87.2,Moderate,Excellent
103848,29.0,51.1,41.2,9.6,31.2,40.4,86.4,86.7,Low,Excellent
103849,19.5,26.7,22.9,0.0,12.8,18.9,94.1,89.1,Low,Excellent
103850,6.7,21.4,13.2,7.2,8.4,24.1,94.1,88.5,Low,Excellent
103851,16.5,27.4,23.1,0.0,15.7,12.1,92.4,86.9,Low,Excellent
103852,92.8,75.4,71.0,13.7,65.3,47.5,81.4,83.3,High,Good
103853,37.1,36.2,36.9,0.0,21.8,34.9,92.1,91.8,Low,Excellent
103854,21.2,18.5,12.6,0.0,6.5,8.5,93.7,82.0,Low,Good
103855,26.0,42.5,34.0,10.5,23.6,22.9,87.8,84.2,Low,Good
103856,22.6,27.8,22.8,0.0,11.3,18.8,92.1,85.2,Low,Excellent
103857,8.2,31.5,20.7,6.8,13.8,10.4,91.3,85.9,Low,Excellent
103858,18.9,41.4,36.2,0.1,20.3,18.9,85.1,89.6,Low,Excellent
103859,20.2,16.9,13.5,0.0,7.1,15.2,96.1,90.6,Low,Excellent
103860,30.1,38.0,33.7,0.0,25.4,25.6,92.1,91.7,Low,Excellent
103861,18.9,44.3,33.6,2.7,20.1,32.3,84.8,82.8,Low,Good
103862,19.8,26.0,21.5,4.0,16.6,32.3,90.9,83.1,Low,Good
103863,92.1,63.7,55.4,0.0,44.5,29.8,85.8,88.9,Moderate,Excellent
103864,35.5,58.7,48.9,2.6,37.2,33.2,94.0,89.9,Moderate,Excellent
103865,30.7,42.9,35.8,0.0,26.0,31.0,86.2,84.4,Low,Good
103866,22.0,43.4,32.7,10.1,22.7,35.7,86.3,85.3,Low,Excellent
103867,22.6,32.5,27.4,0.0,12.3,23.1,93.5,85.3,Low,Excellent
103868,35.2,61.2,55.4,3.0,33.0,32.2,83.3,85.5,Low,Excellent
103869,83.8,54.3,47.5,0.0,35.6,36.7,87.4,87.5,Moderate,Excellent
103870,27.4,28.8,29.7,0.0,16.2,25.1,89.6,86.8,Low,Excellent
103871,2.8,20.2,13.0,9.7,9.4,8.2,95.1,87.8,Low,Excellent
103872,70.7,70.4,63.2,12.3,55.5,44.8,84.5,86.9,Moderate,Excellent
103873,36.3,52.9,41.4,6.0,34.7,42.5,86.4,83.3,Low,Good
103874,18.3,36.2,24.6,0.0,17.3,18.7,86.1,81.8,Low,Good
103875,19.3,41.2,30.8,7.5,20.6,23.4,89.6,83.4,Low,Good
103876,36.9,40.7,38.6,0.0,21.4,20.9,86.8,85.0,Low,Excellent
103877,22.3,29.8,31.7,0.0,20.3,3.7,93.2,86.0,Low,Excellent
103878,19.7,29.0,25.6,1.7,13.1,18.1,89.4,84.2,Low,Good
103879,7.1,20.1,12.3,0.0,7.8,17.1,94.8,90.0,Low,Excellent
103880,16.3,22.7,21.0,0.0,13.3,13.9,93.0,84.1,Low,Good
103881,33.7,40.0,34.6,0.0,20.6,13.1,85.7,86.5,Low,Excellent
103882,26.5,33.2,27.3,3.4,12.9,10.7,90.2,86.6,Low,Excellent
103883,11.3,15.6,7.7,0.0,5.1,19.1,92.7,86.8,Low,Excellent
103884,19.8,36.8,27.8,5.0,19.5,37.5,91.5,85.8,Low,Excellent
103885,23.1,53.7,43.3,15.4,30.3,39.3,82.1,82.0,Low,Good
103886,33.4,35.8,35.2,0.0,25.0,14.3,91.5,90.3,Low,Excellent
103887,12.0,30.6,16.1,0.0,10.1,22.9,84.3,85.1,Low,Excellent
103888,23.1,37.9,35.0,0.0,28.2,21.6,86.9,87.1,Low,Excellent
103889,57.0,60.1,52.1,12.3,41.3,30.1,84.6,82.7,Moderate,Good
103890,38.5,45.3,41.9,1.8,26.9,22.4,86.0,90.3,Low,Excellent
103891,25.5,42.9,37.7,0.0,20.9,28.2,86.0,86.2,Low,Excellent
103892,78.4,59.6,53.9,14.0,42.6,43.3,91.4,86.5,Moderate,Excellent
103893,67.3,40.0,35.6,3.5,33.4,29.3,91.4,87.9,Low,Excellent
103894,8.5,19.2,12.3,0.0,12.0,16.6,93.6,89.4,Low,Excellent
103895,28.1,46.2,34.2,2.5,18.9,25.0,87.3,87.7,Low,Excellent
103896,35.7,45.0,44.7,24.9,36.1,36.2,91.4,85.4,Moderate,Excellent
103897,35.8,29.1,29.5,0.0,11.7,26.4,93.1,84.7,Low,Good
103898,25.0,47.2,40.9,11.9,25.1,14.8,84.9,87.6,Low,Excellent
103899,16.0,30.6,28.2,3.4,16.0,19.7,94.3,89.7,Low,Excellent
103900,19.9,24.5,24.4,0.0,14.3,10.0,89.6,82.4,Low,Good
103901,61.6,56.0,48.2,1.6,41.7,34.6,84.5,89.0,Moderate,Excellent
103902,24.4,45.4,36.0,4.5,21.9,21.3,85.3,86.1,Low,Excellent
103903,100.0,69.3,64.1,14.3,45.7,37.1,84.4,86.4,Moderate,Excellent
103904,79.0,59.4,51.6,24.6,52.8,35.3,86.7,85.1,Moderate,Excellent
103905,24.7,36.3,36.6,0.0,18.2,9.0,92.5,87.4,Low,Excellent
103906,23.3,34.8,27.9,0.0,16.5,3.1,89.3,85.2,Low,Excellent
103907,30.7,37.8,35.3,0.0,15.6,18.3,89.2,86.5,Low,Excellent
103908,9.3,27.7,19.8,0.0,15.3,15.7,92.8,89.1,Low,Excellent
103909,44.2,53.3,51.0,6.2,42.2,29.9,90.0,88.5,Moderate,Excellent
103910,18.3,33.8,29.3,10.8,26.2,36.3,91.2,87.2,Low,Excellent
103911,10.4,28.5,18.6,0.0,11.7,10.2,91.3,91.4,Low,Excellent
103912,21.3,42.6,36.3,0.0,22.4,34.8,82.6,84.5,Low,Good
103913,26.2,44.3,39.4,7.7,21.7,36.0,91.9,88.8,Low,Excellent
103914,15.8,26.6,21.7,0.0,16.2,4.1,91.1,88.2,Low,Excellent
103915,8.1,30.6,20.1,0.0,13.4,18.8,87.9,84.8,Low,Good
103916,100.0,55.1,53.4,21.4,54.2,39.4,89.1,85.4,Moderate,Excellent
103917,15.2,26.4,22.6,0.0,11.8,0.0,90.2,83.4,Low,Good
103918,16.8,37.9,33.4,0.3,18.1,9.3,91.0,93.5,Low,Excellent
103919,39.6,47.6,41.7,0.0,22.6,29.8,85.1,85.2,Low,Excellent
103920,15.4,35.4,29.4,2.5,17.2,36.5,88.7,85.6,Low,Excellent
103921,25.0,43.0,41.1,11.9,20.5,29.5,90.4,84.4,Low,Good
103922,31.4,42.3,37.8,0.0,26.1,28.3,82.2,83.1,Low,Good
103923,21.4,32.0,25.6,0.0,14.5,18.5,88.2,80.4,Low,Good
103924,95.1,66.2,53.4,13.5,53.1,55.3,82.0,88.8,Moderate,Excellent
103925,30.8,56.6,47.2,11.4,37.4,49.6,86.2,85.0,Moderate,Excellent
103926,27.3,29.4,22.7,0.0,10.8,11.8,85.6,85.6,Low,Excellent
103927,38.5,59.1,52.1,0.0,33.4,14.0,83.8,90.6,Low,Excellent
103928,34.7,33.9,32.9,2.7,22.8,6.9,93.0,90.2,Low,Excellent
103929,21.5,37.4,33.0,0.0,33.2,40.5,86.4,83.6,Low,Good
103930,30.6,46.8,40.9,7.7,29.8,27.5,87.7,86.1,Low,Excellent
103931,100.0,87.8,79.4,7.2,67.8,52.1,80.8,86.5,High,Excellent
103932,26.0,28.3,32.3,2.4,18.6,6.8,91.8,86.5,Low,Excellent
103933,23.2,33.5,32.3,3.9,18.3,15.0,92.6,86.1,Low,Excellent
103934,27.1,34.9,31.1,0.0,14.3,16.2,85.2,83.9,Low,Good
103935,54.7,46.2,40.7,18.2,32.5,31.2,92.7,86.5,Low,Excellent
103936,30.2,43.5,43.2,,36.3,28.6,87.8,89.4,Moderate,Excellent
103937,33.2,32.1,30.9,0.0,12.7,9.3,88.1,85.2,Low,Excellent
103938,9.1,39.9,28.4,11.1,22.2,17.1,88.1,86.6,Low,Excellent
103939,20.1,37.7,29.3,10.7,18.1,30.5,87.7,88.0,Low,Excellent
103940,30.1,51.1,41.1,1.4,32.7,31.6,83.9,88.5,Low,Excellent
103941,34.8,42.4,36.1,16.6,23.0,28.7,83.8,84.1,Low,Good
103942,42.1,46.6,46.6,20.1,36.1,24.5,91.0,86.7,Moderate,Excellent
103943,69.0,66.8,55.0,17.1,47.8,15.0,84.5,85.4,Moderate,Excellent
103944,43.9,66.1,45.8,21.1,43.2,31.7,82.8,89.5,Moderate,Excellent
103945,37.0,39.1,34.3,1.3,27.7,19.7,90.2,85.2,Low,Excellent
103946,44.7,63.4,59.8,,49.6,42.5,88.8,86.7,Moderate,Excellent
103947,47.9,65.3,60.4,14.6,51.9,67.4,83.7,80.8,Moderate,Good
103948,30.4,30.9,30.0,8.8,20.8,28.0,91.9,86.9,Low,Excellent
103949,21.2,29.0,23.5,0.0,12.6,39.4,88.7,85.5,Low,Excellent
103950,74.3,52.8,41.2,17.3,37.7,37.2,88.8,86.1,Moderate,Excellent
103951,59.8,69.2,57.8,11.6,40.8,29.4,83.7,83.6,Moderate,Good
103952,27.3,37.1,32.6,3.0,29.9,30.7,90.4,89.6,Low,Excellent
103953,44.6,52.7,52.0,0.0,30.0,42.2,84.0,88.8,Low,Excellent
103954,27.8,40.6,35.3,1.9,19.3,36.2,88.9,81.0,Low,Good
103955,25.7,16.7,13.5,0.0,6.2,9.1,93.7,86.5,Low,Excellent
103956,20.8,32.4,26.0,16.4,19.8,23.9,89.7,87.1,Low,Excellent
103957,27.0,42.0,32.3,0.0,16.3,8.3,83.2,80.6,Low,Good
103958,33.3,51.3,46.2,14.1,41.7,41.6,88.4,84.5,Moderate,Good
103959,35.2,30.5,30.9,0.0,15.9,31.9,90.4,87.5,Low,Excellent
103960,24.7,50.2,44.4,9.8,34.2,30.8,88.5,87.3,Low,Excellent
103961,16.4,46.0,32.8,0.0,18.2,15.6,84.2,83.3,Low,Good
103962,39.0,53.5,53.3,7.7,36.0,34.5,88.9,83.5,Moderate,Good
103963,30.9,25.8,,0.0,11.7,20.3,92.2,84.6,Low,Good
103964,26.0,36.6,34.6,10.9,22.3,24.0,92.4,90.1,Low,Excellent
103965,15.5,33.1,24.1,0.0,11.9,18.6,86.4,82.8,Low,Good
103966,18.6,44.0,37.9,3.6,23.5,22.7,86.7,90.3,Low,Excellent
103967,32.6,39.5,36.7,2.9,26.6,33.9,88.7,86.6,Low,Excellent
103968,13.5,19.0,10.6,0.0,8.1,20.8,95.4,88.1,Low,Excellent
103969,28.5,55.7,50.9,3.7,25.7,17.6,83.4,84.9,Low,Good
103970,34.7,43.8,40.2,9.4,22.0,15.1,83.0,85.0,Low,Excellent
103971,22.9,47.5,40.7,10.0,33.9,28.3,88.3,83.9,Low,Good
103972,29.2,41.8,33.8,0.0,29.0,33.3,84.5,85.3,Low,Excellent
103973,26.4,46.7,38.3,7.0,22.1,24.4,86.8,88.4,Low,Excellent
103974,15.1,37.7,30.6,5.8,16.7,14.9,88.5,91.5,Low,Excellent
103975,37.0,44.8,41.1,5.1,30.7,30.5,92.8,88.0,Low,Excellent
103976,28.8,41.2,36.1,0.0,23.8,21.6,89.6,86.0,Low,Excellent
103977,24.9,48.2,41.5,0.0,25.5,32.3,83.2,85.5,Low,Excellent
103978,30.7,37.4,36.3,0.0,17.5,23.2,89.0,84.4,Low,Good
103979,27.1,27.5,25.6,0.0,11.6,14.4,95.4,89.8,Low,Excellent
103980,15.7,51.4,38.2,10.6,29.2,29.4,84.2,87.4,Low,Excellent
103981,33.9,28.6,31.4,0.0,17.3,30.9,94.2,87.9,Low,Excellent
103982,46.3,64.4,57.8,15.5,37.0,27.6,80.6,82.0,Moderate,Good
103983,33.8,47.0,48.1,0.0,19.0,24.6,86.3,85.7,Low,Excellent
103984,18.7,20.8,15.6,0.0,11.2,16.1,94.4,86.6,Low,Excellent
103985,31.5,30.9,26.4,0.0,12.6,21.0,88.6,83.8,Low,Good
103986,13.4,26.7,16.4,16.8,17.0,15.0,90.6,85.6,Low,Excellent
103987,25.8,35.0,32.0,0.0,18.0,21.7,85.3,89.2,Low,Excellent
103988,19.5,31.1,25.5,0.0,17.0,29.1,89.3,91.1,Low,Excellent
103989,30.9,52.2,47.8,0.0,22.9,16.3,85.4,85.8,Low,Excellent
103990,15.1,31.3,22.6,0.0,12.1,6.6,84.1,83.7,Low,Good
103991,11.6,44.3,27.8,15.8,19.4,11.3,83.0,83.1,Low,Good
103992,36.0,49.0,40.9,20.4,34.9,21.6,90.4,85.2,Low,Excellent
103993,11.7,18.2,11.4,0.0,11.7,21.8,94.1,89.4,Low,Excellent
103994,37.7,41.8,36.8,0.0,19.6,10.5,85.3,85.5,Low,Excellent
103995,12.3,28.6,16.1,2.6,11.8,14.7,92.5,88.1,Low,Excellent
103996,24.8,45.3,34.5,0.0,16.5,24.8,83.0,84.3,Low,Good
103997,14.1,49.3,37.1,24.0,40.4,37.6,83.0,88.5,Moderate,Excellent
103998,22.1,41.9,36.2,3.8,28.2,23.8,88.0,91.0,Low,Excellent
103999,34.5,29.5,31.5,0.0,13.9,19.9,91.9,86.1,Low,Excellent
104000,18.0,34.7,30.6,0.0,16.9,21.0,82.2,82.0,Low,Good
100001,19.5,24.2,23.1,0.0,10.4,10.8,93.4,86.1,Low,Excellent
100002,14.3,15.1,15.5,0.0,8.8,12.8,95.0,86.0,Low,Excellent
100003,29.4,47.1,42.2,0.0,27.1,21.5,89.5,87.2,Low,Excellent
100004,35.4,47.0,44.1,2.6,24.2,25.4,90.2,82.8,Low,Good
100005,11.3,34.2,26.7,0.0,13.4,27.6,85.9,91.3,Low,Excellent
100006,16.7,22.3,20.2,0.0,12.2,11.2,94.6,86.9,Low,Excellent
100007,38.3,53.8,51.5,11.7,34.6,38.8,85.0,86.0,Low,Excellent
100008,17.6,31.8,29.1,6.6,14.2,12.3,92.6,88.5,Low,Excellent
100009,21.8,32.6,25.5,0.0,14.7,12.0,86.1,85.0,Low,Excellent
100010,18.6,36.1,33.4,0.0,20.3,28.8,86.9,85.0,Low,Excellent
100011,17.6,30.6,23.8,14.5,15.2,26.5,94.3,87.4,Low,Excellent
100012,11.0,33.6,27.0,0.0,16.9,27.0,89.7,86.5,Low,Excellent
100013,23.3,44.9,39.9,1.5,28.2,16.4,87.7,86.4,Low,Excellent
100014,82.5,37.7,27.7,0.0,26.6,22.3,91.2,85.3,Low,Excellent
100015,12.1,34.2,24.3,8.7,22.5,30.1,85.7,86.7,Low,Excellent
100016,21.8,31.5,24.8,0.0,15.2,19.5,89.9,84.8,Low,Good
100017,10.0,25.5,19.5,0.0,13.8,9.7,93.4,85.0,Low,Excellent
100018,22.4,29.1,28.0,6.2,18.7,24.9,93.3,86.2,Low,Excellent
100019,88.2,55.2,42.6,0.4,32.4,23.7,84.8,86.6,Low,Excellent
100020,3.9,29.3,19.6,0.9,13.1,32.2,88.1,81.9,Low,Good
100021,43.6,54.1,52.4,7.2,36.9,44.5,85.8,83.9,Moderate,Good
100022,17.9,25.3,20.5,0.0,9.4,20.5,92.6,83.5,Low,Good
100023,13.8,43.2,34.9,0.0,19.6,32.7,84.5,87.7,Low,Excellent
100024,13.4,37.9,27.6,0.0,21.7,23.5,89.8,85.1,Low,Excellent
100025,20.7,32.5,25.6,2.4,15.9,25.7,88.5,82.6,Low,Good
100026,14.6,23.2,20.9,0.0,9.8,27.7,92.8,87.6,Low,Excellent
100027,67.3,59.6,50.9,18.1,51.8,43.0,91.0,85.2,Moderate,Excellent
100028,29.5,46.0,38.4,1.2,21.9,21.1,86.6,82.0,Low,Good
100029,16.8,20.4,16.7,0.0,9.4,2.0,89.6,84.7,Low,Good
100030,18.5,33.2,27.4,0.0,16.9,19.5,93.4,89.9,Low,Excellent
100031,26.8,46.5,37.6,0.0,28.1,33.4,89.2,85.2,Low,Excellent
100032,41.2,49.9,49.2,16.4,32.2,36.9,89.2,83.0,Low,Good
100033,19.9,34.5,28.6,7.6,16.8,24.1,86.5,87.2,Low,Excellent
100034,18.7,25.2,19.5,0.0,14.6,14.4,89.5,80.2,Low,Good
100035,29.9,30.2,29.1,8.8,16.0,3.8,92.9,92.2,Low,Excellent
100036,8.0,36.2,26.9,24.9,24.0,20.4,90.4,84.4,Low,Good
100037,25.5,40.3,33.6,21.0,21.9,20.7,86.4,84.3,Low,Good
100038,44.9,64.3,48.3,20.5,47.5,36.0,84.5,82.5,Moderate,Good
100039,86.1,77.5,61.8,32.6,60.1,51.0,80.5,85.4,Moderate,Excellent
100040,22.4,25.5,23.6,0.0,12.6,33.5,89.4,87.6,Low,Excellent
100041,34.1,40.4,,0.0,21.0,23.6,92.2,89.7,Low,Excellent
100042,26.4,27.3,25.0,0.0,14.2,16.8,91.9,86.0,Low,Excellent
100043,25.7,25.2,23.7,0.0,16.2,17.6,90.8,82.3,Low,Good
100044,19.7,35.0,29.4,0.0,19.5,22.7,92.0,86.8,Low,Excellent
100045,18.4,42.5,31.5,0.0,26.1,19.1,89.3,89.3,Low,Excellent
100046,26.6,27.6,22.9,10.5,18.2,21.9,94.1,90.2,Low,Excellent
100047,15.2,35.7,28.8,0.0,18.6,24.8,85.1,86.9,Low,Excellent
100048,26.0,33.0,31.5,0.0,14.8,20.5,87.3,83.2,Low,Good
100049,28.1,47.9,37.9,4.9,19.3,25.2,87.2,84.3,Low,Good
100050,17.7,41.4,26.0,8.6,18.2,24.4,89.5,84.2,Low,Good
100051,36.2,54.4,48.4,,37.7,18.4,83.0,88.4,Moderate,Excellent
100052,18.7,31.5,25.9,2.6,16.7,25.1,88.7,87.4,Low,Excellent
100053,86.0,66.0,54.2,2.8,45.3,31.8,87.2,86.2,Moderate,Excellent
100054,19.0,41.4,,0.0,22.2,14.6,88.9,90.0,Low,Excellent
100055,22.9,32.1,32.0,0.0,17.3,11.6,92.4,90.3,Low,Excellent
100056,34.7,45.7,40.5,1.8,22.3,26.8,90.4,86.2,Low,Excellent
100057,27.3,54.9,42.5,,34.5,28.9,86.2,83.7,Low,Good
100058,13.8,39.1,30.0,0.0,16.1,6.2,85.3,84.3,Low,Good
100059,85.2,52.0,45.5,0.0,32.0,33.0,83.5,88.0,Low,Excellent
100060,34.5,40.9,38.3,4.1,22.9,12.2,89.6,88.3,Low,Excellent
100061,27.7,41.9,38.3,1.4,34.4,31.8,88.5,86.9,Low,Excellent
100062,99.8,61.6,,9.3,46.9,40.1,86.2,87.7,Moderate,Excellent
100063,17.6,37.6,27.4,4.9,19.6,28.9,92.9,90.0,Low,Excellent
100064,11.2,19.9,14.4,0.0,9.8,30.2,94.9,90.9,Low,Excellent
100065,33.5,46.9,,13.4,26.3,14.8,84.9,85.0,Low,Excellent
100066,38.1,57.5,54.2,6.7,37.9,32.3,83.2,83.4,Moderate,Good
100067,15.9,38.8,30.4,6.2,16.1,17.4,90.5,87.6,Low,Excellent
100068,25.1,41.1,38.5,0.0,22.3,26.9,87.8,94.7,Low,Excellent
100069,25.7,25.6,23.9,0.0,11.8,18.8,93.7,83.6,Low,Good
100070,27.7,32.4,25.9,8.4,18.6,18.4,92.5,83.8,Low,Good
100071,20.9,39.4,32.1,0.0,14.7,15.3,88.0,85.2,Low,Excellent
100072,35.5,52.6,47.7,0.0,25.7,16.5,85.2,90.5,Low,Excellent
100073,22.7,25.1,22.8,8.3,14.5,26.6,93.2,87.4,Low,Excellent
100074,49.4,50.7,48.2,2.4,29.3,31.2,86.6,89.5,Low,Excellent
100075,13.0,37.6,23.8,2.6,24.2,31.8,86.1,84.6,Low,Good
100076,21.5,24.2,,0.0,12.5,15.0,90.4,83.7,Low,Good
100077,24.7,33.6,28.8,5.1,17.1,15.0,89.0,82.1,Low,Good
100078,25.9,50.5,42.6,17.6,35.1,22.5,83.5,83.4,Moderate,Good
100079,60.9,68.1,55.0,15.5,39.8,36.7,81.1,83.7,Moderate,Good
100080,9.8,30.5,19.7,10.8,18.5,12.8,93.6,88.8,Low,Excellent
100081,64.3,56.4,49.8,0.0,41.8,49.9,90.7,90.4,Moderate,Excellent
100082,16.8,29.0,25.3,0.0,11.0,6.2,91.8,84.5,Low,Good
100083,34.7,44.8,44.8,0.1,28.7,29.4,89.8,86.9,Low,Excellent
100084,22.7,27.7,21.4,0.0,11.0,29.2,87.7,85.8,Low,Excellent
100085,79.0,55.2,45.1,4.0,37.8,37.5,88.2,84.2,Moderate,Good
100086,29.2,43.9,37.2,8.0,30.4,29.6,90.4,87.8,Low,Excellent
100087,29.2,31.7,30.9,0.0,16.2,11.9,91.4,85.5,Low,Excellent
100088,25.0,34.0,30.0,,16.6,8.9,87.1,83.8,Low,Good
100089,37.5,45.2,37.9,4.9,30.3,34.4,86.0,85.6,Low,Excellent
100090,31.0,48.8,42.0,0.0,25.7,37.5,84.0,86.2,Low,Excellent
100091,30.6,36.2,31.7,0.0,20.1,18.6,91.6,85.1,Low,Excellent
100092,37.9,41.2,40.5,0.6,27.3,17.3,91.1,81.3,Low,Good
100093,7.7,38.8,28.2,0.0,15.7,0.0,82.9,81.8,Low,Good
100094,23.3,32.7,26.5,7.4,16.9,12.3,84.6,81.4,Low,Good
100095,18.1,28.3,21.8,0.0,10.4,15.3,94.4,84.5,Low,Good
100096,22.1,45.4,35.5,14.8,34.2,43.3,90.0,86.6,Low,Excellent
100097,29.6,41.4,35.5,0.0,21.1,28.0,88.0,87.8,Low,Excellent
100098,25.2,32.9,29.4,0.0,17.1,22.7,89.3,87.6,Low,Excellent
100099,20.0,35.9,31.9,0.0,21.9,19.9,87.7,85.2,Low,Excellent
100100,22.7,37.1,28.2,0.0,13.5,13.4,89.9,87.5,Low,Excellent
100101,10.4,37.9,27.1,16.6,23.2,35.2,91.4,91.6,Low,Excellent
100102,26.3,35.6,30.5,7.2,23.6,25.7,88.7,89.5,Low,Excellent
100103,41.6,51.2,42.9,2.6,33.1,13.1,81.6,81.8,Low,Good
100104,17.3,40.6,30.2,4.2,19.8,16.5,84.5,87.1,Low,Excellent
100105,22.5,28.8,25.1,12.4,17.3,13.5,94.5,89.6,Low,Excellent
100106,21.9,44.1,38.5,12.4,25.9,21.1,86.0,86.9,Low,Excellent
100107,37.8,64.6,57.3,7.2,32.1,33.8,83.4,88.3,Low,Excellent
100108,32.3,44.6,36.7,0.0,21.2,21.8,90.3,88.8,Low,Excellent
100109,24.0,30.3,26.9,,14.3,18.0,89.3,85.2,Low,Excellent
100110,24.3,21.1,18.8,0.0,9.0,25.9,94.5,89.9,Low,Excellent
100111,17.5,25.7,17.6,0.0,17.2,14.7,93.2,85.6,Low,Excellent
100112,27.4,41.7,34.0,2.1,20.3,37.1,88.4,90.0,Low,Excellent
100113,32.2,55.4,45.2,10.3,31.2,23.3,85.6,88.1,Low,Excellent
100114,34.3,52.3,51.7,0.0,27.1,27.0,85.4,88.6,Low,Excellent
100115,23.4,49.2,37.0,0.0,19.6,19.5,84.3,86.3,Low,Excellent
100116,26.6,37.6,33.4,0.6,20.8,23.5,95.2,91.8,Low,Excellent
100117,25.1,41.4,34.1,4.0,21.5,26.4,85.5,85.2,Low,Excellent
100118,11.4,32.7,,0.0,12.4,20.9,90.6,85.7,Low,Excellent
100119,24.2,31.2,30.7,0.0,14.2,12.5,88.7,83.1,Low,Good
100120,92.6,52.9,,10.9,34.2,21.5,89.2,84.5,Low,Good
100121,28.5,28.1,29.3,0.0,17.7,40.7,93.3,84.0,Low,Good
100122,67.2,38.8,33.2,3.1,30.0,24.1,88.9,82.7,Low,Good
100123,27.0,28.8,31.7,0.0,17.3,26.0,94.1,87.7,Low,Excellent
100124,85.1,42.1,,0.0,27.5,13.6,90.9,82.0,Low,Good
100125,28.9,37.4,32.8,5.1,17.7,18.4,90.5,86.4,Low,Excellent
100126,47.6,51.2,52.3,0.0,32.3,28.4,87.8,90.4,Low,Excellent
100127,13.1,46.9,33.9,9.9,23.7,28.0,87.5,85.9,Low,Excellent
100128,35.4,66.1,52.5,9.2,41.1,12.9,84.3,87.2,Moderate,Excellent
100129,18.2,35.4,31.2,4.1,20.5,23.6,92.5,89.4,Low,Excellent
100130,78.0,43.4,37.4,0.0,30.4,19.1,91.3,91.8,Low,Excellent
100131,10.6,20.1,13.8,0.0,11.6,19.6,92.9,90.6,Low,Excellent
100132,31.6,34.7,33.0,8.5,26.6,17.7,90.9,84.1,Low,Good
100133,19.1,39.2,29.4,13.6,23.5,17.2,88.6,89.3,Low,Excellent
100134,36.6,51.0,42.8,0.0,25.5,23.1,81.5,81.9,Low,Good
100135,21.4,38.0,27.2,0.0,16.3,11.4,88.4,85.4,Low,Excellent
100136,45.2,56.2,56.9,2.8,43.7,32.4,89.1,82.6,Moderate,Good
100137,11.4,34.9,26.6,8.0,18.4,11.5,92.4,88.1,Low,Excellent
100138,15.5,44.9,34.1,5.1,19.8,7.2,86.7,90.4,Low,Excellent
100139,82.8,47.3,47.2,0.0,37.4,40.6,89.5,84.4,Moderate,Good
100140,30.6,40.8,32.2,4.1,28.3,16.6,91.3,89.1,Low,Excellent
100141,17.8,46.4,38.9,9.7,25.2,23.7,82.8,84.4,Low,Good
100142,33.0,44.6,42.0,2.8,24.2,30.5,86.5,84.3,Low,Good
100143,49.6,54.8,43.2,9.7,41.9,30.2,90.5,85.0,Moderate,Excellent
100144,24.7,28.8,29.7,0.0,23.3,17.4,94.2,87.0,Low,Excellent
100145,33.0,33.5,32.2,19.9,26.1,27.5,91.8,84.5,Low,Good
100146,34.5,48.7,46.2,8.1,34.7,39.8,84.7,86.0,Low,Excellent
100147,19.3,31.7,23.4,0.0,17.7,11.3,86.6,84.4,Low,Good
100148,13.4,26.2,18.3,0.0,12.9,16.5,92.8,88.1,Low,Excellent
100149,27.4,42.9,39.0,17.5,28.2,13.1,91.4,86.1,Low,Excellent
100150,23.6,36.8,30.9,0.9,15.8,16.3,88.4,85.0,Low,Excellent
100151,16.7,36.0,31.4,0.0,18.2,21.2,89.2,82.0,Low,Good
100152,19.1,38.2,35.2,0.0,23.8,17.5,90.3,85.2,Low,Excellent
100153,24.1,36.9,30.7,16.7,26.2,22.1,88.5,83.6,Low,Good
100154,24.4,37.7,32.0,0.4,17.9,9.5,88.7,88.1,Low,Excellent
100155,17.0,36.5,31.1,0.0,16.5,20.5,84.5,85.6,Low,Excellent
100156,73.2,56.9,45.8,9.4,37.4,40.9,86.1,86.4,Moderate,Excellent
100157,41.8,44.5,43.4,0.0,22.1,14.5,90.9,90.3,Low,Excellent
100158,40.2,69.5,60.1,30.8,49.0,34.4,82.5,90.2,Moderate,Excellent
100159,18.9,27.2,19.9,0.0,14.3,22.6,93.7,84.8,Low,Good
100160,32.9,43.7,37.3,0.0,19.2,31.2,86.6,86.6,Low,Excellent
100161,7.8,35.9,25.6,0.0,15.5,7.4,87.3,86.9,Low,Excellent
100162,23.7,37.4,32.8,,15.2,17.8,84.9,88.0,Low,Excellent
100163,88.6,50.7,47.6,0.0,31.0,30.9,88.3,86.9,Low,Excellent
100164,37.4,44.8,36.0,0.0,28.3,26.2,87.9,84.9,Low,Good
100165,17.0,28.5,27.4,0.0,11.2,0.0,90.2,86.0,Low,Excellent
100166,33.9,47.8,44.5,20.3,37.0,36.2,87.5,82.9,Moderate,Good
100167,22.7,40.7,39.1,8.0,27.1,38.4,89.7,84.3,Low,Good
100168,40.3,48.0,48.6,0.0,30.1,29.0,88.9,83.1,Low,Good
100169,20.7,34.6,26.5,0.0,12.6,9.3,91.0,91.7,Low,Excellent
100170,16.4,33.3,26.4,0.4,18.7,17.1,94.1,86.9,Low,Excellent
100171,20.9,39.8,32.1,,25.6,39.5,87.2,85.0,Low,Excellent
100172,19.6,36.5,28.3,0.0,19.7,29.1,86.0,89.6,Low,Excellent
100173,24.3,25.3,21.5,0.0,10.5,21.4,88.7,89.6,Low,Excellent
100174,23.3,28.1,25.0,0.0,11.7,19.9,93.1,85.4,Low,Excellent
100175,40.1,63.3,53.6,13.8,40.3,28.9,84.7,90.1,Moderate,Excellent
100176,20.4,21.5,22.7,5.8,10.6,14.7,95.3,87.3,Low,Excellent
100177,21.1,48.0,37.8,0.0,21.3,22.1,85.4,83.1,Low,Good
100178,38.6,56.7,53.7,0.8,35.9,35.9,86.8,87.7,Moderate,Excellent
100179,17.5,28.1,23.4,0.0,13.2,30.0,91.6,88.0,Low,Excellent
100180,43.1,48.8,49.6,0.0,24.2,33.4,87.9,90.0,Low,Excellent
100181,25.1,43.8,37.9,5.4,21.9,11.8,89.2,86.5,Low,Excellent
100182,35.0,53.2,45.7,16.4,44.2,38.3,90.1,89.3,Moderate,Excellent
100183,16.6,35.2,23.6,0.0,12.3,23.3,92.7,92.3,Low,Excellent
100184,24.2,52.4,,0.0,24.1,29.4,84.2,89.7,Low,Excellent
100185,71.9,54.1,45.9,18.5,38.0,27.8,88.7,82.6,Moderate,Good
100186,32.9,41.4,37.6,0.0,22.3,46.7,90.1,81.1,Low,Good
100187,22.2,33.3,29.7,7.4,16.6,9.7,94.2,87.2,Low,Excellent
100188,27.1,37.7,29.6,0.0,14.8,10.2,83.0,82.8,Low,Good
100189,15.8,27.9,21.7,0.0,14.7,20.7,89.9,89.6,Low,Excellent
100190,12.8,39.6,27.5,19.9,23.3,40.9,89.8,89.6,Low,Excellent
100191,29.7,44.3,38.0,0.0,30.3,21.5,88.8,87.5,Low,Excellent
100192,36.1,41.9,,0.0,32.2,27.2,87.5,83.3,Low,Good
100193,20.7,30.3,25.5,0.0,11.4,25.5,86.0,82.0,Low,Good
100194,15.7,31.7,,0.0,12.0,17.0,90.5,84.1,Low,Good
100195,34.8,49.1,46.0,0.0,38.1,30.2,85.6,87.0,Moderate,Excellent
100196,21.2,33.5,29.5,0.0,15.5,23.8,87.0,86.4,Low,Excellent
100197,23.4,46.9,,21.2,31.2,30.9,83.9,90.2,Low,Excellent
100198,29.3,26.4,24.8,0.1,14.8,27.1,94.1,89.7,Low,Excellent
100199,20.1,31.2,26.3,0.0,13.6,28.5,89.2,86.2,Low,Excellent
100200,11.4,16.8,12.1,0.9,7.9,17.2,92.3,83.5,Low,Good
100201,73.2,66.5,55.4,5.9,38.9,35.7,86.0,85.9,Moderate,Excellent
100202,21.1,38.1,33.2,4.1,17.8,22.4,88.4,84.6,Low,Good
100203,45.2,48.7,49.8,1.1,39.6,37.7,92.6,91.3,Moderate,Excellent
100204,43.8,52.4,48.1,9.5,32.5,30.0,85.7,82.6,Low,Good
100205,24.3,48.2,36.8,12.0,32.9,29.7,85.9,87.5,Low,Excellent
100206,20.0,32.0,28.4,11.8,28.4,36.6,93.6,88.4,Low,Excellent
100207,32.7,36.7,30.9,0.8,13.9,30.5,93.5,86.6,Low,Excellent
100208,42.2,50.7,48.4,0.0,38.8,21.2,84.4,87.0,Moderate,Excellent
100209,23.2,39.6,37.2,0.0,25.4,25.3,92.0,90.9,Low,Excellent
100210,48.2,63.7,68.2,11.6,42.3,29.9,86.8,88.9,Moderate,Excellent
100211,43.2,31.5,33.7,0.0,26.4,23.4,93.1,86.7,Low,Excellent
100212,24.1,41.3,37.2,0.0,17.7,23.8,90.7,86.5,Low,Excellent
100213,29.0,34.3,33.5,0.0,19.0,26.8,91.2,90.3,Low,Excellent
100214,35.4,48.3,43.8,8.5,30.7,27.5,88.6,84.7,Low,Good
100215,21.4,35.5,29.2,0.0,18.6,5.9,86.6,84.4,Low,Good
100216,36.7,46.9,42.5,13.9,29.2,19.8,92.0,89.7,Low,Excellent
100217,21.7,52.5,42.8,2.1,35.2,38.3,84.6,91.0,Moderate,Excellent
100218,24.9,46.9,36.6,0.0,21.7,1.1,85.6,81.8,Low,Good
100219,21.7,36.4,27.9,0.0,16.0,29.1,83.3,84.1,Low,Good
100220,22.1,27.8,23.8,0.0,11.4,21.0,89.9,79.8,Low,Good
100221,45.2,61.6,60.3,15.2,40.2,44.7,84.2,89.6,Moderate,Excellent
100222,31.4,34.2,25.4,0.0,25.0,23.4,90.0,87.5,Low,Excellent
100223,17.7,33.7,30.4,0.0,14.8,2.4,91.8,89.0,Low,Excellent
100224,21.7,34.0,22.3,0.8,15.6,22.8,88.6,87.4,Low,Excellent
100225,25.4,44.1,34.6,1.7,22.8,33.9,83.0,84.8,Low,Good
100226,33.9,48.2,43.1,0.0,23.9,31.7,87.0,90.0,Low,Excellent
100227,73.3,62.4,54.0,0.0,42.2,30.0,85.9,88.8,Moderate,Excellent
100228,25.8,47.9,37.8,13.4,33.2,30.6,83.5,83.5,Low,Good
100229,24.3,39.3,28.9,0.0,16.9,15.9,88.9,91.4,Low,Excellent
100230,31.9,47.7,39.1,0.0,18.7,14.7,87.4,88.1,Low,Excellent
100231,10.0,22.2,18.1,0.0,11.9,24.8,93.9,88.1,Low,Excellent
100232,42.9,53.5,48.6,2.9,39.1,23.9,83.6,87.8,Moderate,Excellent
100233,23.2,39.9,31.9,0.0,16.6,12.8,85.5,84.1,Low,Good
100234,11.7,32.1,23.3,1.3,11.7,8.2,93.4,90.9,Low,Excellent
100235,53.7,68.5,64.5,20.6,44.3,24.7,81.1,81.8,Moderate,Good
100236,27.5,26.2,25.7,0.0,13.1,19.0,88.5,83.1,Low,Good
100237,6.6,33.8,23.7,0.0,22.8,33.0,85.4,83.9,Low,Good
100238,24.7,39.3,35.7,2.3,25.4,23.8,86.4,84.3,Low,Good
100239,11.0,33.0,25.8,0.0,16.6,7.9,93.9,87.6,Low,Excellent
100240,30.1,44.3,40.0,9.3,24.8,31.6,88.5,81.4,Low,Good
100241,15.5,42.3,30.9,,20.2,35.6,84.5,89.3,Low,Excellent
100242,25.8,35.5,28.4,0.0,14.9,13.8,88.7,88.9,Low,Excellent
100243,31.5,22.1,24.2,0.0,15.4,15.4,95.2,91.1,Low,Excellent
100244,100.0,61.3,54.9,5.4,39.2,37.7,87.5,85.5,Moderate,Excellent
100245,23.6,31.2,23.3,14.0,19.7,34.8,92.4,83.8,Low,Good
100246,26.7,45.1,35.0,0.1,21.0,18.5,83.7,84.7,Low,Good
100247,24.0,36.9,27.1,4.3,13.9,7.7,90.4,84.7,Low,Good
100248,23.0,37.7,30.9,0.0,23.0,28.9,91.6,90.4,Low,Excellent
100249,31.1,47.6,45.8,9.1,26.4,32.2,89.9,86.1,Low,Excellent
100250,33.9,56.9,52.0,0.2,40.9,34.6,83.2,82.2,Moderate,Good
100251,15.6,28.5,21.3,6.8,17.6,16.1,88.0,82.7,Low,Good
100252,21.5,33.9,33.1,0.0,18.8,29.3,91.8,91.4,Low,Excellent
100253,96.5,65.1,61.2,2.2,37.9,37.0,85.1,87.0,Moderate,Excellent
100254,36.1,28.9,30.7,0.0,18.1,14.7,90.5,86.8,Low,Excellent
100255,20.6,29.3,22.8,0.0,21.5,23.3,92.7,84.8,Low,Good
100256,80.5,66.7,56.2,0.0,47.1,27.5,87.2,89.2,Moderate,Excellent
100257,23.1,34.6,35.4,0.0,20.3,27.6,95.3,91.0,Low,Excellent
100258,16.1,28.4,21.5,5.7,13.0,15.7,91.7,87.8,Low,Excellent
100259,46.2,66.4,57.4,7.1,42.9,32.3,84.4,84.0,Moderate,Good
100260,21.2,31.6,31.4,17.6,21.6,22.7,91.1,85.1,Low,Excellent
100261,18.9,38.7,32.5,17.6,30.7,28.7,86.1,85.3,Low,Excellent
100262,26.2,40.6,35.1,0.0,24.4,31.8,91.1,83.7,Low,Good
100263,14.4,27.3,13.8,0.0,17.9,25.5,91.4,83.2,Low,Good
100264,17.0,46.6,,,22.1,22.0,87.4,90.6,Low,Excellent
100265,14.2,47.3,37.1,15.8,25.2,31.2,86.6,90.9,Low,Excellent
100266,9.7,17.3,11.7,0.0,7.0,17.4,92.3,83.7,Low,Good
100267,27.8,37.9,37.4,7.5,18.9,17.9,89.9,84.4,Low,Good
100268,82.5,66.9,54.1,15.1,52.8,40.7,84.8,87.0,Moderate,Excellent
100269,22.4,29.8,23.0,0.0,11.8,15.9,86.6,88.9,Low,Excellent
100270,24.2,44.3,35.9,,22.1,27.3,85.4,87.0,Low,Excellent
100271,47.0,53.2,51.0,2.7,33.9,27.4,82.7,86.9,Low,Excellent
100272,9.1,27.5,19.5,19.4,18.1,17.7,92.1,84.5,Low,Good
100273,31.5,35.0,35.6,0.0,21.3,38.5,93.2,84.9,Low,Good
100274,19.9,46.7,36.2,12.2,20.7,30.0,91.4,90.2,Low,Excellent
100275,18.6,30.6,22.2,,14.6,12.7,87.5,80.1,Low,Good
100276,43.1,57.5,53.5,4.4,43.8,40.8,84.6,90.6,Moderate,Excellent
100277,20.6,16.1,16.2,0.0,6.5,14.8,93.2,84.1,Low,Good
100278,21.6,39.4,34.2,8.2,29.7,31.0,93.6,90.3,Low,Excellent
100279,94.8,52.5,44.8,0.0,32.0,30.3,89.2,82.3,Low,Good
100280,10.9,26.0,20.4,0.0,9.6,25.2,89.9,89.4,Low,Excellent
100281,31.3,36.0,31.3,0.0,19.1,24.2,93.5,88.9,Low,Excellent
100282,32.5,36.9,33.7,2.9,19.2,21.0,88.5,81.9,Low,Good
100283,98.9,81.6,,23.4,60.9,54.9,80.4,83.3,Moderate,Good
100284,12.7,40.5,28.8,7.5,21.0,24.5,84.4,88.7,Low,Excellent
100285,41.6,55.1,51.7,12.9,28.9,28.3,87.1,86.0,Low,Excellent
100286,12.9,35.9,21.7,5.2,15.7,21.9,90.2,88.0,Low,Excellent
100287,21.9,49.6,39.5,6.6,25.6,24.6,85.9,82.5,Low,Good
100288,16.5,24.9,23.9,0.0,10.7,16.5,90.7,90.2,Low,Excellent
100289,23.5,31.9,27.6,0.0,13.9,13.7,87.6,87.2,Low,Excellent
100290,91.8,48.6,39.9,,32.0,23.2,84.0,88.3,Low,Excellent
100291,100.0,71.1,62.6,34.9,59.9,37.9,82.5,81.2,Moderate,Good
100292,22.2,25.7,22.1,0.0,15.1,8.0,91.0,84.8,Low,Good
100293,20.4,38.8,29.5,0.0,17.7,13.6,87.1,88.3,Low,Excellent
100294,26.4,35.4,32.2,0.0,15.5,17.9,91.5,84.6,Low,Good
100295,22.6,39.6,33.4,14.6,19.8,22.7,87.0,82.0,Low,Good
100296,19.8,31.1,22.5,5.2,11.9,15.0,89.3,88.4,Low,Excellent
100297,21.4,42.9,38.1,5.4,20.8,3.7,86.8,88.6,Low,Excellent
100298,23.7,33.7,29.0,0.0,14.6,31.3,91.1,89.8,Low,Excellent
100299,26.7,53.0,45.5,0.0,26.4,34.5,85.6,84.5,Low,Good
100300,20.9,32.7,32.0,0.0,20.2,25.7,90.2,86.5,Low,Excellent
100301,20.0,27.8,21.0,0.0,12.8,32.9,93.2,84.7,Low,Good
100302,19.9,41.1,29.5,0.0,14.7,11.0,86.5,81.5,Low,Good
100303,31.9,28.1,29.1,0.1,17.7,35.7,91.2,89.4,Low,Excellent
100304,16.0,21.1,21.2,0.0,8.5,7.3,93.3,83.1,Low,Good
100305,24.0,33.3,28.2,2.9,16.6,21.9,90.5,83.7,Low,Good
100306,43.9,64.7,55.5,23.3,46.0,27.4,83.7,86.1,Moderate,Excellent
100307,35.0,49.1,42.8,0.0,20.5,22.4,87.9,86.9,Low,Excellent
100308,19.8,26.5,21.0,4.6,13.2,21.0,94.0,85.8,Low,Excellent
100309,28.2,32.6,32.0,0.0,21.1,21.4,93.4,92.3,Low,Excellent
100310,28.3,46.5,,0.0,32.1,35.0,87.2,83.8,Low,Good
100311,21.6,33.3,27.4,0.0,16.0,20.4,93.1,84.2,Low,Good
100312,32.7,56.6,48.6,17.8,29.5,23.5,82.1,80.9,Low,Good
100313,26.2,33.1,29.8,0.0,12.7,13.1,85.7,85.6,Low,Excellent
100314,23.9,40.6,35.8,9.1,19.6,28.2,86.6,85.3,Low,Excellent
100315,28.8,38.9,37.9,0.0,20.8,17.3,90.2,85.2,Low,Excellent
100316,27.3,42.1,34.4,6.1,21.1,30.0,88.9,86.2,Low,Excellent
100317,40.9,36.9,37.7,0.0,28.4,36.8,91.9,88.4,Low,Excellent
100318,16.2,40.7,30.2,0.0,14.7,5.5,90.1,84.5,Low,Good
100319,29.8,40.1,38.8,17.5,32.9,38.8,91.9,84.3,Low,Good
100320,25.6,49.5,37.9,11.0,22.4,39.9,85.0,87.5,Low,Excellent
100321,25.8,55.3,44.1,9.5,28.2,28.9,86.3,84.6,Low,Good
100322,66.4,68.3,62.4,0.0,50.3,45.0,82.6,86.0,Moderate,Excellent
100323,24.4,49.0,41.6,16.8,39.0,41.7,88.5,80.7,Moderate,Good
100324,48.2,69.0,63.8,14.4,41.6,32.7,84.4,83.1,Moderate,Good
100325,15.4,28.0,19.9,0.0,11.8,18.5,95.3,88.1,Low,Excellent
100326,17.1,26.9,18.0,1.5,10.5,5.8,93.9,84.5,Low,Good
100327,30.7,30.3,29.3,0.0,12.0,18.3,89.3,88.4,Low,Excellent
100328,45.8,61.4,54.5,0.0,37.9,36.7,84.7,82.1,Moderate,Good
100329,35.1,39.2,35.0,4.3,20.2,26.2,94.5,87.8,Low,Excellent
100330,67.9,61.4,55.2,0.0,41.2,43.2,82.9,86.7,Moderate,Excellent
100331,48.8,54.1,45.9,0.0,33.5,23.9,82.1,80.5,Low,Good
100332,10.7,26.1,21.2,0.0,16.0,15.3,95.4,88.9,Low,Excellent
100333,28.2,60.1,51.2,10.9,39.6,49.0,83.5,86.0,Moderate,Excellent
100334,9.7,33.4,24.4,,14.0,17.2,91.0,82.3,Low,Good
100335,32.7,33.1,34.4,0.0,22.4,25.1,93.7,90.0,Low,Excellent
100336,16.5,30.2,24.1,4.3,11.8,16.5,91.5,83.8,Low,Good
100337,19.5,44.9,36.5,0.0,29.3,21.0,87.2,87.7,Low,Excellent
100338,16.6,40.0,29.7,0.0,14.5,31.7,84.5,80.4,Low,Good
100339,30.8,33.1,29.0,0.0,14.4,14.4,92.3,85.5,Low,Excellent
100340,26.5,54.0,43.4,,33.7,21.2,86.0,83.4,Low,Good
100341,8.2,20.7,15.1,0.0,7.4,10.9,92.0,88.0,Low,Excellent
100342,38.7,53.6,47.2,9.5,36.3,15.8,86.9,89.1,Moderate,Excellent
100343,19.7,49.1,40.3,0.0,23.7,19.0,85.5,87.2,Low,Excellent
100344,23.4,52.8,41.7,8.2,30.6,20.6,84.6,86.1,Low,Excellent
100345,20.0,27.8,22.0,0.0,12.0,22.2,88.7,87.2,Low,Excellent
100346,20.2,44.7,40.2,17.4,31.5,23.5,87.7,85.3,Low,Excellent
100347,17.3,14.4,9.0,0.0,5.8,20.6,93.7,86.3,Low,Excellent
100348,9.9,28.7,18.5,0.0,10.9,27.7,91.0,89.4,Low,Excellent
100349,73.8,63.8,52.6,3.1,44.6,43.0,85.5,88.7,Moderate,Excellent
100350,15.6,15.7,15.9,0.0,9.9,14.2,94.1,83.6,Low,Good
100351,49.4,67.4,60.8,21.0,53.4,43.2,81.9,87.0,Moderate,Excellent
100352,35.9,59.1,56.9,21.2,43.6,24.0,82.8,90.3,Moderate,Excellent
100353,23.5,25.9,27.6,0.0,16.0,18.5,94.4,86.2,Low,Excellent
100354,21.3,29.8,26.5,5.0,18.5,14.2,90.8,89.1,Low,Excellent
100355,24.0,28.4,23.4,0.0,10.6,21.9,89.4,87.0,Low,Excellent
100356,14.3,32.6,23.8,0.0,15.3,39.8,85.3,87.8,Low,Excellent
100357,40.7,57.2,48.5,1.7,36.2,35.7,82.3,83.8,Moderate,Good
100358,28.8,55.7,46.1,0.0,34.3,14.7,88.5,91.2,Low,Excellent
100359,28.6,63.2,52.2,4.8,35.2,28.2,81.1,82.6,Moderate,Good
100360,15.9,24.8,19.0,2.2,12.1,18.2,93.5,85.4,Low,Excellent
100361,23.2,45.0,38.3,9.6,22.9,24.5,86.1,89.4,Low,Excellent
100362,45.1,56.9,54.9,4.8,38.5,27.3,83.5,83.9,Moderate,Good
100363,18.6,31.6,25.1,0.0,11.7,19.0,90.6,89.3,Low,Excellent
100364,37.3,42.1,38.0,0.0,25.2,15.2,89.9,81.4,Low,Good
100365,22.9,38.3,34.2,0.0,18.3,13.4,86.8,83.3,Low,Good
100366,20.3,43.9,34.7,3.6,23.0,29.0,87.7,89.5,Low,Excellent
100367,44.8,72.1,60.2,24.5,47.4,30.3,87.7,87.4,Moderate,Excellent
100368,29.0,33.4,30.8,2.5,22.3,27.7,90.2,86.5,Low,Excellent
100369,30.6,37.0,29.8,0.0,14.6,7.8,93.7,89.3,Low,Excellent
100370,14.5,22.5,,16.1,12.4,31.6,93.3,90.3,Low,Excellent
100371,29.5,46.3,37.6,2.0,22.9,17.6,84.3,82.5,Low,Good
100372,16.5,39.2,33.3,0.0,16.6,18.2,88.2,87.8,Low,Excellent
100373,42.9,48.9,49.4,2.0,35.2,33.8,88.8,89.9,Moderate,Excellent
100374,39.2,38.6,40.7,5.3,31.8,24.6,91.2,87.2,Low,Excellent
100375,41.3,38.0,39.9,6.3,20.0,23.2,90.6,81.6,Low,Good
100376,9.7,33.9,24.7,7.9,15.2,23.7,88.7,90.2,Low,Excellent
100377,27.8,25.1,26.8,3.3,15.3,26.9,95.0,88.1,Low,Excellent
100378,33.7,50.9,45.6,0.0,34.9,37.2,89.9,85.3,Low,Excellent
100379,41.6,68.3,64.1,15.4,42.5,34.1,81.8,84.2,Moderate,Good
100380,17.9,37.7,30.3,3.4,23.5,22.9,94.8,91.8,Low,Excellent
100381,18.9,25.9,20.1,0.0,13.1,36.6,89.7,86.4,Low,Excellent
100382,13.8,31.2,26.5,0.0,19.9,29.5,85.9,86.0,Low,Excellent
100383,16.6,33.7,20.4,0.0,16.0,12.2,86.7,83.0,Low,Good
100384,21.9,45.5,32.9,6.7,18.2,21.7,84.8,84.2,Low,Good
100385,22.4,25.9,20.8,0.4,14.2,15.8,94.1,86.5,Low,Excellent
100386,30.9,41.0,36.7,14.7,27.9,25.6,89.5,83.3,Low,Good
100387,19.1,37.8,31.7,6.8,17.0,10.4,91.3,86.8,Low,Excellent
100388,31.8,39.8,38.8,0.0,16.7,16.7,89.9,88.7,Low,Excellent
100389,41.5,63.5,56.9,0.0,39.7,48.3,82.7,88.3,Moderate,Excellent
100390,16.9,37.2,26.8,0.0,13.3,22.6,89.5,85.9,Low,Excellent
100391,20.9,42.6,34.3,,27.9,6.8,82.9,83.5,Low,Good
100392,27.3,39.9,38.9,0.6,29.4,37.4,94.2,88.7,Low,Excellent
100393,11.0,19.1,12.1,,6.6,22.7,87.9,84.5,Low,Good
100394,46.5,53.6,54.8,5.3,39.5,30.8,89.7,88.4,Moderate,Excellent
100395,25.0,38.8,36.2,0.0,17.8,26.4,87.6,82.0,Low,Good
100396,22.4,26.5,22.0,0.0,13.5,11.2,91.5,90.5,Low,Excellent
100397,80.7,44.5,32.5,9.8,29.6,24.0,89.2,84.4,Low,Good
100398,28.5,29.3,31.5,0.0,16.5,31.9,94.1,87.5,Low,Excellent
100399,24.6,40.8,33.5,0.0,20.6,20.2,86.7,88.2,Low,Excellent
100400,33.8,62.3,56.9,11.2,40.2,19.2,84.3,86.1,Moderate,Excellent
100401,12.2,31.4,21.5,0.0,16.5,19.4,91.4,88.0,Low,Excellent
100402,10.2,36.1,26.5,0.0,13.9,17.7,90.2,87.6,Low,Excellent
100403,24.8,29.5,25.4,11.2,15.6,28.9,93.2,85.6,Low,Excellent
100404,24.4,35.3,28.9,8.4,16.2,19.8,92.1,86.2,Low,Excellent
100405,15.9,30.4,23.4,0.0,12.0,13.8,88.9,82.6,Low,Good
100406,25.7,43.0,39.4,6.4,26.6,34.3,88.9,86.4,Low,Excellent
100407,18.6,42.8,31.7,5.4,23.5,25.0,81.8,81.4,Low,Good
100408,28.0,59.5,48.3,22.7,37.2,26.3,85.5,86.4,Moderate,Excellent
100409,30.8,34.4,28.3,0.0,13.8,27.5,95.6,89.9,Low,Excellent
100410,33.3,41.9,38.7,9.2,27.6,28.1,90.3,84.9,Low,Good
100411,26.2,52.2,43.4,0.8,23.3,24.0,83.0,85.3,Low,Excellent
100412,19.5,17.4,13.4,0.0,9.9,17.4,95.9,90.0,Low,Excellent
100413,9.7,31.0,19.0,,10.6,7.8,89.7,83.6,Low,Good
100414,32.1,37.1,37.1,2.9,21.6,18.7,92.5,90.5,Low,Excellent
100415,31.5,39.2,37.0,0.1,27.1,26.3,91.1,87.3,Low,Excellent
100416,17.6,28.3,24.8,0.0,20.7,20.9,91.4,86.6,Low,Excellent
100417,31.5,33.5,33.8,0.0,15.2,29.3,93.3,87.4,Low,Excellent
100418,26.1,27.3,24.0,0.0,12.2,19.1,96.2,90.5,Low,Excellent
100419,32.6,44.9,40.1,5.4,20.7,29.3,91.5,86.0,Low,Excellent
100420,74.5,44.7,39.3,0.0,28.3,27.1,93.4,86.4,Low,Excellent
100421,41.3,49.2,49.7,0.0,29.7,36.2,83.9,86.9,Low,Excellent
100422,35.2,49.5,45.8,0.0,22.8,26.9,83.5,85.8,Low,Excellent
100423,11.8,28.2,23.9,0.0,14.2,18.6,92.0,82.2,Low,Good
100424,33.3,49.3,44.6,3.9,27.7,26.5,84.9,85.9,Low,Excellent
100425,34.7,26.6,25.7,2.6,12.7,10.0,92.9,81.4,Low,Good
100426,27.2,56.2,47.8,10.7,24.6,28.8,84.8,91.8,Low,Excellent
100427,6.1,33.0,22.6,2.9,12.1,16.9,87.3,85.3,Low,Excellent
100428,78.9,56.8,50.5,2.4,35.2,27.1,82.2,84.4,Moderate,Good
100429,35.5,42.3,37.1,0.0,17.0,29.1,84.4,88.4,Low,Excellent
100430,11.3,35.3,23.7,0.0,18.7,11.2,88.5,89.6,Low,Excellent
100431,16.7,30.3,21.6,0.0,14.4,15.3,87.2,90.2,Low,Excellent
100432,7.1,37.3,27.1,5.7,27.7,34.9,92.6,86.1,Low,Excellent
100433,24.7,22.6,19.8,0.0,11.3,19.3,93.8,83.9,Low,Good
100434,22.1,23.7,24.4,0.0,12.3,17.0,94.9,88.4,Low,Excellent
100435,50.2,45.7,44.7,4.9,27.9,28.7,86.6,83.0,Low,Good
100436,80.4,66.0,53.6,0.0,36.7,33.5,82.3,85.5,Moderate,Excellent
100437,56.3,72.0,68.5,3.4,51.8,28.9,85.3,85.0,Moderate,Excellent
100438,13.1,31.3,21.4,0.2,14.7,16.0,85.8,89.1,Low,Excellent
100439,20.6,31.2,23.7,6.7,24.1,37.4,87.2,87.8,Low,Excellent
100440,29.8,33.1,33.5,0.0,29.5,22.4,88.9,83.3,Low,Good
100441,36.0,50.4,42.9,0.0,27.1,23.7,84.0,86.2,Low,Excellent
100442,13.1,38.9,30.9,0.0,16.2,15.4,86.0,86.9,Low,Excellent
100443,15.3,26.0,18.1,0.0,19.1,20.8,93.4,85.5,Low,Excellent
100444,33.8,49.2,43.0,16.5,35.6,26.7,85.9,85.4,Moderate,Excellent
100445,9.9,44.6,30.4,9.4,20.7,26.3,89.1,90.9,Low,Excellent
100446,26.6,43.8,39.8,8.2,26.2,27.3,90.1,83.8,Low,Good
100447,17.5,35.2,31.3,0.0,18.0,27.0,88.3,79.5,Low,Good
100448,23.5,29.4,20.3,15.8,12.8,9.2,96.0,90.1,Low,Excellent
100449,18.4,41.2,32.5,7.3,22.6,20.8,89.4,81.5,Low,Good
100450,12.5,30.9,21.2,0.0,11.8,15.3,86.8,87.4,Low,Excellent
100451,18.2,31.0,25.7,0.0,13.4,21.7,95.6,91.5,Low,Excellent
100452,30.8,41.2,37.6,0.0,20.4,15.9,85.2,90.0,Low,Excellent
100453,22.8,42.2,34.9,16.4,32.6,36.9,86.9,84.9,Low,Good
100454,27.3,31.3,29.0,0.4,15.8,29.0,93.4,87.8,Low,Excellent
100455,23.2,29.0,24.1,3.8,16.8,12.2,91.0,89.1,Low,Excellent
100456,14.3,54.1,39.4,11.8,26.6,22.0,82.2,83.2,Low,Good
100457,25.9,31.0,27.1,0.0,17.2,16.1,92.3,85.2,Low,Excellent
100458,17.5,29.6,22.1,8.3,16.5,40.9,90.1,86.5,Low,Excellent
100459,27.1,39.4,33.2,0.0,25.6,21.9,86.0,84.1,Low,Good
100460,15.8,31.5,21.5,8.2,14.1,31.9,88.9,83.3,Low,Good
100461,40.0,44.3,43.6,1.4,22.3,13.3,92.2,90.4,Low,Excellent
100462,20.2,45.1,40.5,7.4,32.0,21.3,83.1,85.0,Low,Excellent
100463,20.8,39.6,30.7,0.0,20.8,17.0,84.9,88.9,Low,Excellent
100464,61.7,58.6,51.0,0.5,38.1,26.1,85.3,91.0,Moderate,Excellent
100465,32.4,57.3,47.4,2.0,34.3,28.5,83.0,83.4,Low,Good
100466,99.6,56.1,47.2,0.0,36.0,25.9,84.6,85.3,Moderate,Excellent
100467,57.6,61.7,52.6,0.0,34.6,24.2,83.4,86.6,Low,Excellent
100468,29.5,25.6,25.9,0.0,13.0,27.1,89.1,83.2,Low,Good
100469,20.7,22.8,18.1,0.0,9.3,25.4,94.4,87.5,Low,Excellent
100470,12.1,32.2,23.7,0.0,11.6,24.6,88.8,88.3,Low,Excellent
100471,27.2,49.2,40.7,14.4,31.4,33.0,86.8,84.7,Low,Good
100472,9.5,24.8,13.9,13.2,14.8,19.6,93.6,87.6,Low,Excellent
100473,12.2,49.0,36.4,13.1,32.3,25.4,85.7,86.5,Low,Excellent
100474,29.8,47.1,43.1,5.8,23.6,16.5,90.4,91.9,Low,Excellent
100475,37.4,47.4,44.0,0.4,22.1,26.2,87.1,87.6,Low,Excellent
100476,26.8,41.0,35.1,4.3,26.1,16.2,87.6,85.9,Low,Excellent
100477,37.8,36.1,35.2,0.0,24.2,16.6,91.9,84.3,Low,Good
100478,31.5,42.1,37.6,0.0,25.2,34.3,88.2,82.4,Low,Good
100479,38.6,46.5,51.5,0.0,28.4,42.2,91.4,87.0,Low,Excellent
100480,23.4,50.9,45.4,3.1,26.3,28.9,85.5,83.8,Low,Good
100481,21.5,46.1,38.8,22.8,30.7,37.3,88.2,86.2,Low,Excellent
100482,21.1,43.4,31.4,6.9,21.1,20.7,90.7,89.7,Low,Excellent
100483,63.8,53.1,40.1,20.3,38.1,22.1,92.9,89.8,Moderate,Excellent
100484,28.4,33.1,28.5,0.0,15.3,24.1,85.8,83.1,Low,Good
100485,36.6,42.6,36.5,0.0,31.4,33.4,90.8,83.7,Low,Good
100486,62.6,59.9,43.7,15.6,36.0,32.2,84.5,90.8,Moderate,Excellent
100487,23.7,37.8,33.0,4.6,28.6,25.2,88.3,86.0,Low,Excellent
100488,16.0,23.6,18.8,0.0,15.0,26.7,92.7,82.8,Low,Good
100489,28.0,42.6,39.4,0.0,16.6,12.0,91.9,85.6,Low,Excellent
100490,20.1,30.9,29.4,0.0,13.9,12.2,93.4,87.0,Low,Excellent
100491,27.6,31.0,27.1,7.1,17.4,12.4,92.9,82.2,Low,Good
100492,23.9,40.3,38.7,0.0,19.5,22.4,87.0,79.6,Low,Good
100493,29.4,41.4,34.6,7.4,22.1,14.5,89.3,84.5,Low,Good
100494,29.4,33.2,27.6,6.7,23.3,18.5,86.7,86.1,Low,Excellent
100495,31.8,39.7,36.9,0.0,15.5,13.6,90.4,88.1,Low,Excellent
100496,16.7,37.3,31.4,0.0,14.0,16.3,89.8,91.2,Low,Excellent
100497,12.2,31.4,23.2,0.0,15.8,7.6,91.3,87.8,Low,Excellent
100498,17.0,31.2,29.3,0.0,23.0,24.5,90.5,81.5,Low,Good
100499,23.9,37.3,27.4,0.0,17.0,30.2,86.3,90.8,Low,Excellent
100500,9.3,35.9,24.0,12.5,17.2,21.4,87.6,88.2,Low,Excellent
100501,31.0,26.3,26.2,0.0,11.4,29.2,93.5,84.8,Low,Good
100502,100.0,55.8,55.1,8.4,37.4,43.1,88.5,89.2,Moderate,Excellent
100503,14.7,22.8,17.0,0.0,14.5,24.9,91.8,86.2,Low,Excellent
100504,19.3,43.2,36.1,0.0,18.0,21.4,84.5,83.9,Low,Good
100505,19.9,35.9,27.7,2.2,18.0,21.0,89.5,86.1,Low,Excellent
100506,30.1,37.3,31.3,0.0,23.0,29.9,89.9,83.4,Low,Good
100507,20.3,49.7,36.1,3.0,21.0,19.5,84.6,89.7,Low,Excellent
100508,30.1,54.0,47.1,0.0,44.0,21.3,87.8,89.7,Moderate,Excellent
100509,25.7,43.8,34.5,0.0,17.9,24.7,87.7,86.9,Low,Excellent
100510,25.3,50.9,37.2,6.6,24.7,15.8,87.4,86.9,Low,Excellent
100511,28.9,40.7,35.3,0.0,21.8,15.4,87.7,86.9,Low,Excellent
100512,24.4,37.6,30.4,1.3,16.9,20.1,91.7,88.9,Low,Excellent
100513,26.8,51.2,41.4,0.0,28.0,26.0,83.5,87.7,Low,Excellent
100514,9.4,12.0,9.5,0.0,5.3,1.9,95.1,87.7,Low,Excellent
100515,25.2,31.8,25.4,6.1,17.2,21.6,94.8,90.6,Low,Excellent
100516,19.3,37.0,,0.0,14.1,26.2,89.0,89.5,Low,Excellent
100517,30.3,36.2,33.3,4.1,21.0,13.5,90.9,83.3,Low,Good
100518,7.8,23.3,16.7,0.0,9.2,25.7,89.6,82.9,Low,Good
100519,19.4,38.4,33.9,0.0,22.8,11.2,90.1,88.2,Low,Excellent
100520,34.1,51.3,43.7,2.2,25.1,42.0,82.9,83.3,Low,Good
100521,84.6,50.3,38.8,4.1,36.6,28.6,93.3,88.6,Moderate,Excellent
100522,31.6,37.5,31.6,0.0,14.1,19.6,85.9,88.2,Low,Excellent
100523,50.1,49.7,42.4,11.2,38.0,17.7,86.0,90.4,Moderate,Excellent
100524,26.0,40.7,34.1,0.0,16.2,19.2,85.0,84.7,Low,Good
100525,8.6,18.7,14.1,0.0,6.8,15.9,89.2,83.8,Low,Good
100526,23.6,48.3,34.4,8.6,30.2,27.4,85.1,84.9,Low,Good
100527,6.1,22.9,14.6,0.0,10.6,11.9,92.3,83.1,Low,Good
100528,22.7,31.0,25.7,0.0,12.5,9.9,86.6,85.0,Low,Excellent
100529,36.4,49.7,46.7,10.6,39.9,43.0,88.7,84.4,Moderate,Good
100530,17.2,28.3,20.6,0.0,12.0,17.4,84.5,87.1,Low,Excellent
100531,19.8,23.9,24.7,,13.3,30.3,92.7,81.5,Low,Good
100532,3.5,14.2,8.8,0.0,7.6,10.3,95.9,88.3,Low,Excellent
100533,25.5,47.2,38.2,17.1,26.4,22.4,89.4,85.2,Low,Excellent
100534,17.0,22.0,16.1,0.0,11.5,23.4,94.5,86.8,Low,Excellent
100535,30.9,59.7,50.4,0.0,43.2,22.9,86.3,90.1,Moderate,Excellent
100536,24.5,36.8,30.7,16.8,19.9,12.2,87.6,84.7,Low,Good
100537,22.9,41.5,34.5,12.7,30.9,37.3,92.2,88.3,Low,Excellent
100538,24.7,35.9,30.8,4.8,23.3,14.6,94.1,89.9,Low,Excellent
100539,36.3,39.5,35.1,0.4,16.1,5.1,92.9,86.0,Low,Excellent
100540,22.3,53.9,43.0,17.9,34.3,45.5,85.9,83.5,Low,Good
100541,85.9,66.8,62.0,20.3,52.0,30.0,84.2,81.5,Moderate,Good
100542,25.4,39.2,32.7,10.2,31.5,30.4,87.7,84.9,Low,Good
100543,33.9,51.8,44.8,11.2,30.4,28.8,87.3,85.6,Low,Excellent
100544,26.0,32.8,,0.0,20.7,0.0,91.0,92.1,Low,Excellent
100545,13.2,38.4,25.2,0.0,25.1,22.9,89.3,92.2,Low,Excellent
100546,27.4,42.2,35.2,9.1,30.7,32.0,86.1,85.2,Low,Excellent
100547,75.3,54.6,51.0,21.0,42.9,38.6,88.8,87.8,Moderate,Excellent
100548,12.7,27.7,23.4,9.0,14.5,25.9,93.8,88.3,Low,Excellent
100549,15.1,34.9,30.4,0.4,16.0,16.5,93.2,85.1,Low,Excellent
100550,8.3,32.8,24.7,,13.7,23.9,88.8,87.1,Low,Excellent
100551,18.1,25.5,23.1,2.5,12.9,12.2,91.4,82.8,Low,Good
100552,26.2,46.4,36.5,8.0,22.8,12.4,87.3,91.5,Low,Excellent
100553,45.1,46.5,45.9,2.2,32.3,19.0,92.9,87.7,Low,Excellent
100554,25.2,29.4,26.3,9.0,15.3,7.5,94.1,89.4,Low,Excellent
100555,35.7,36.8,33.9,0.0,22.4,31.5,93.2,87.1,Low,Excellent
100556,87.0,56.1,46.8,4.2,37.4,20.3,85.2,84.2,Moderate,Good
100557,27.1,34.1,29.2,0.0,21.9,25.3,87.7,86.7,Low,Excellent
100558,24.4,55.9,45.2,19.4,36.3,29.6,84.3,87.6,Moderate,Excellent
100559,14.6,31.9,27.3,0.5,12.1,16.5,94.3,85.9,Low,Excellent
100560,9.5,36.1,27.5,0.0,14.9,29.9,87.5,88.5,Low,Excellent
100561,30.0,37.0,32.6,0.0,19.6,18.2,92.7,90.2,Low,Excellent
100562,30.6,51.4,49.5,0.0,26.6,30.8,83.9,84.9,Low,Good
100563,32.5,43.8,39.4,0.3,22.3,23.7,85.9,88.2,Low,Excellent
100564,14.1,36.4,27.3,0.0,13.2,16.7,88.9,89.6,Low,Excellent
100565,24.5,31.1,,8.8,15.5,37.7,92.4,82.3,Low,Good
100566,28.6,30.2,23.4,10.4,13.5,6.6,93.8,88.3,Low,Excellent
100567,74.5,43.5,31.7,14.2,32.6,39.9,86.4,83.8,Low,Good
100568,20.8,36.9,27.7,0.0,19.7,27.1,90.2,83.9,Low,Good
100569,9.4,30.7,19.5,10.0,16.6,16.1,88.0,82.6,Low,Good
100570,11.7,25.0,21.9,1.3,14.2,31.6,93.0,87.1,Low,Excellent
100571,21.9,43.3,37.2,0.0,25.4,10.5,82.4,82.6,Low,Good
100572,37.1,39.7,39.1,0.0,19.4,17.5,84.2,80.4,Low,Good
100573,21.4,35.6,31.1,8.5,18.5,11.4,90.1,87.9,Low,Excellent
100574,24.6,29.7,26.2,0.0,17.7,23.9,93.5,85.9,Low,Excellent
100575,31.8,51.3,44.0,5.5,25.7,16.5,88.7,86.0,Low,Excellent
100576,11.4,30.7,18.5,1.9,16.1,23.1,85.7,87.8,Low,Excellent
100577,100.0,69.5,62.5,8.0,53.6,40.7,82.5,82.5,Moderate,Good
100578,28.3,57.9,46.5,9.5,24.7,21.0,84.4,86.5,Low,Excellent
100579,4.6,32.8,22.4,0.0,16.0,22.7,88.0,86.4,Low,Excellent
100580,21.2,43.9,40.1,0.0,21.5,20.7,87.2,88.5,Low,Excellent
100581,26.7,30.6,27.0,0.0,13.5,9.4,87.5,86.7,Low,Excellent
100582,29.8,36.0,28.8,2.2,18.2,43.3,85.8,82.0,Low,Good
100583,17.3,25.2,25.5,0.0,13.7,14.3,94.4,86.1,Low,Excellent
100584,43.4,40.5,42.0,0.0,20.0,4.3,90.7,89.2,Low,Excellent
100585,19.8,34.4,29.7,0.0,16.6,13.2,92.1,86.3,Low,Excellent
100586,32.8,42.8,35.8,0.0,20.6,12.2,89.1,80.9,Low,Good
100587,12.8,40.3,,4.3,20.9,29.1,87.3,91.4,Low,Excellent
100588,15.2,24.1,18.9,0.0,12.4,20.0,90.6,82.5,Low,Good
100589,25.6,38.8,34.0,9.6,17.1,23.5,88.4,81.0,Low,Good
100590,30.6,50.7,40.1,2.1,31.6,26.0,83.9,83.8,Low,Good
100591,27.6,31.2,,0.0,18.4,18.8,92.6,84.2,Low,Good
100592,25.9,47.8,40.9,0.0,33.4,27.1,84.0,89.1,Low,Excellent
100593,42.0,58.7,55.1,4.6,46.1,37.0,82.9,85.2,Moderate,Excellent
100594,22.6,26.2,25.7,3.7,16.4,26.5,92.7,82.7,Low,Good
100595,25.9,33.0,,10.3,25.9,28.2,93.4,88.8,Low,Excellent
100596,20.9,23.8,20.0,,12.6,21.5,90.9,83.4,Low,Good
100597,32.5,38.3,31.2,0.0,19.7,25.8,85.4,83.1,Low,Good
100598,76.9,58.6,50.6,7.8,49.1,46.5,83.3,85.6,Moderate,Excellent
100599,27.4,44.8,35.5,8.0,24.9,27.3,83.7,87.1,Low,Excellent
100600,31.3,38.1,,0.0,20.0,24.9,85.7,85.1,Low,Excellent
100601,33.1,43.9,39.4,1.5,23.4,33.6,88.6,81.6,Low,Good
100602,46.1,49.6,40.6,0.0,34.2,25.2,89.2,83.5,Low,Good
100603,27.7,32.1,30.9,8.3,17.5,13.7,93.4,90.1,Low,Excellent
100604,43.5,51.9,49.3,6.7,33.1,20.4,81.8,83.8,Low,Good
100605,23.0,38.6,33.7,0.0,19.2,23.0,90.4,86.9,Low,Excellent
100606,37.2,40.4,39.6,2.8,18.3,6.1,88.9,82.8,Low,Good
100607,71.0,44.7,36.4,0.0,28.8,31.0,85.9,88.2,Low,Excellent
100608,10.3,32.4,23.5,7.1,18.1,20.0,93.7,88.7,Low,Excellent
100609,23.2,50.3,36.2,12.9,32.6,38.6,84.6,86.1,Low,Excellent
100610,24.0,32.4,32.8,1.3,15.0,13.6,92.4,82.6,Low,Good
100611,30.5,43.3,37.8,8.5,22.3,21.7,92.5,89.8,Low,Excellent
100612,69.0,69.5,60.2,19.0,52.2,50.3,82.7,83.8,Moderate,Good
100613,29.4,38.5,33.2,11.1,20.8,33.5,86.7,85.4,Low,Excellent
100614,20.0,24.2,19.0,0.0,15.2,13.7,90.9,84.7,Low,Good
100615,42.6,43.9,45.3,2.6,22.7,25.1,93.2,86.7,Low,Excellent
100616,19.0,45.8,37.7,0.0,22.5,25.9,85.4,89.8,Low,Excellent
100617,37.4,50.7,44.0,5.3,32.7,32.6,85.4,87.6,Low,Excellent
100618,28.7,25.3,25.2,0.0,11.9,15.0,95.2,90.9,Low,Excellent
100619,24.6,41.7,34.4,0.0,16.5,30.1,85.0,90.2,Low,Excellent
100620,22.5,34.2,29.3,0.0,15.7,4.3,89.6,85.4,Low,Excellent
100621,15.6,31.3,24.6,0.0,16.9,16.8,91.0,86.9,Low,Excellent
100622,26.5,52.2,46.4,0.0,32.6,33.2,84.7,86.0,Low,Excellent
100623,30.6,32.8,38.3,0.0,23.8,28.0,91.9,88.0,Low,Excellent
100624,42.7,52.6,53.0,12.7,41.9,46.0,88.9,87.7,Moderate,Excellent
100625,100.0,76.5,71.3,10.8,54.4,52.2,83.3,88.3,Moderate,Excellent
100626,10.7,41.0,30.8,7.6,18.7,18.9,84.9,90.0,Low,Excellent
100627,18.4,34.8,24.4,0.0,14.2,28.9,93.4,90.2,Low,Excellent
100628,22.1,26.1,26.3,0.0,21.3,17.1,92.4,88.5,Low,Excellent
100629,76.2,59.5,50.9,0.0,38.3,40.4,85.5,85.8,Moderate,Excellent
100630,32.8,43.0,38.5,0.0,19.2,36.0,86.6,88.0,Low,Excellent
100631,30.7,41.1,31.7,10.6,31.9,38.9,91.6,89.8,Low,Excellent
100632,34.4,36.1,35.8,0.0,17.1,21.1,87.9,83.7,Low,Good
100633,25.0,31.4,26.8,0.0,16.4,17.2,88.4,84.5,Low,Good
100634,100.0,75.1,63.1,28.6,57.3,32.1,83.5,86.1,Moderate,Excellent
100635,71.9,49.7,39.5,0.0,32.3,31.9,84.8,85.3,Low,Excellent
100636,24.4,38.0,26.7,0.0,21.6,14.0,91.5,86.1,Low,Excellent
100637,43.0,43.1,42.7,10.9,33.2,23.6,89.0,86.3,Low,Excellent
100638,27.0,28.9,26.5,0.0,16.6,10.4,92.1,90.9,Low,Excellent
100639,29.8,52.3,40.2,11.0,35.2,27.4,82.7,87.0,Moderate,Excellent
100640,20.8,29.0,22.6,14.9,21.9,22.9,92.3,84.6,Low,Good
100641,25.6,46.4,37.8,12.6,28.2,29.1,85.5,89.6,Low,Excellent
100642,24.4,35.4,36.7,1.3,19.0,16.6,90.9,87.7,Low,Excellent
100643,18.2,29.9,25.0,0.0,14.8,27.5,94.5,87.8,Low,Excellent
100644,24.1,27.0,18.5,12.0,15.8,17.8,94.1,88.2,Low,Excellent
100645,13.0,28.2,23.9,0.0,14.2,12.2,92.3,83.1,Low,Good
100646,38.5,42.8,38.5,0.0,31.8,30.9,87.0,89.6,Low,Excellent
100647,11.4,30.8,17.0,0.0,16.6,35.6,83.3,84.1,Low,Good
100648,23.1,43.6,35.5,1.3,21.8,25.8,85.5,83.9,Low,Good
100649,23.1,22.4,19.4,0.0,10.3,13.3,91.5,86.2,Low,Excellent
100650,27.3,43.1,35.8,5.0,16.9,7.9,88.6,89.3,Low,Excellent
100651,45.4,51.5,51.9,0.0,34.2,28.7,84.4,84.4,Low,Good
100652,35.5,59.2,52.4,6.0,33.4,31.9,84.5,89.2,Low,Excellent
100653,28.5,35.8,31.2,0.0,22.6,20.5,82.6,81.6,Low,Good
100654,24.4,43.6,35.3,11.5,32.3,16.1,85.5,84.3,Low,Good
100655,77.9,65.5,64.9,0.0,41.9,28.3,83.8,89.5,Moderate,Excellent
100656,27.5,40.9,35.4,0.0,23.6,35.8,83.9,86.2,Low,Excellent
100657,26.1,41.2,36.2,13.6,27.7,38.1,93.2,90.1,Low,Excellent
100658,12.6,27.6,23.2,5.4,12.1,10.2,95.1,90.3,Low,Excellent
100659,24.2,40.2,31.9,1.6,15.1,24.4,86.0,90.8,Low,Excellent
100660,31.5,40.4,34.7,1.2,24.5,15.3,88.4,85.7,Low,Excellent
100661,23.4,42.2,31.8,6.9,20.0,33.2,86.8,91.6,Low,Excellent
100662,17.0,31.2,25.9,0.0,18.0,22.8,90.8,88.6,Low,Excellent
100663,100.0,61.5,53.8,1.1,43.9,43.9,85.7,82.7,Moderate,Good
100664,15.9,30.9,23.7,0.0,13.1,4.1,87.2,86.4,Low,Excellent
100665,87.0,49.7,45.1,5.4,43.9,41.7,91.7,85.4,Moderate,Excellent
100666,14.0,39.1,30.8,0.5,14.5,18.6,89.5,87.8,Low,Excellent
100667,23.7,24.6,20.0,0.0,9.1,22.3,90.9,88.8,Low,Excellent
100668,24.6,38.0,37.7,2.3,20.0,29.3,87.5,86.9,Low,Excellent
100669,9.1,27.1,13.6,0.0,12.4,18.0,94.2,85.8,Low,Excellent
100670,91.2,62.2,57.6,24.9,45.5,32.5,91.7,86.6,Moderate,Excellent
100671,31.4,40.0,36.4,0.8,16.5,26.1,83.6,86.0,Low,Excellent
100672,3.3,20.8,11.4,0.0,9.6,15.3,93.0,84.3,Low,Good
100673,34.4,51.2,45.3,0.0,38.5,26.1,85.2,87.6,Moderate,Excellent
100674,94.0,58.5,48.6,28.4,41.9,27.8,89.0,86.9,Moderate,Excellent
100675,24.7,34.5,26.2,3.2,22.9,11.9,91.8,87.5,Low,Excellent
100676,27.0,36.8,31.8,17.5,30.1,24.0,92.5,88.1,Low,Excellent
100677,13.5,29.0,21.8,0.0,15.9,28.4,92.4,88.6,Low,Excellent
100678,100.0,76.6,68.0,2.9,43.7,37.7,82.4,87.0,Moderate,Excellent
100679,31.7,53.6,46.8,12.5,29.5,23.5,89.1,91.9,Low,Excellent
100680,68.3,69.8,62.4,14.9,44.8,43.3,80.9,84.8,Moderate,Good
100681,35.7,41.0,,0.0,20.2,15.5,93.1,86.2,Low,Excellent
100682,19.9,27.7,22.5,0.0,19.3,22.3,92.4,86.7,Low,Excellent
100683,24.3,29.4,24.8,0.0,17.4,19.0,92.3,89.3,Low,Excellent
100684,36.2,36.5,35.9,2.6,26.6,32.2,89.4,85.9,Low,Excellent
100685,81.4,52.4,39.6,9.9,32.7,17.0,85.8,86.6,Low,Excellent
100686,30.9,39.7,38.9,0.0,27.5,19.7,93.8,87.0,Low,Excellent
100687,22.0,52.4,38.5,6.9,20.8,9.4,83.2,85.4,Low,Excellent
100688,22.4,33.8,28.3,0.0,19.0,19.3,87.7,86.2,Low,Excellent
100689,37.5,30.0,29.7,0.0,17.4,30.1,91.1,79.8,Low,Good
100690,20.3,28.9,28.4,0.0,17.8,16.6,93.6,91.7,Low,Excellent
100691,16.5,18.2,15.8,0.0,7.8,10.6,95.1,87.8,Low,Excellent
100692,34.9,36.4,35.3,0.6,19.0,28.4,92.7,81.4,Low,Good
100693,12.5,39.0,27.6,2.4,17.9,29.3,92.7,88.9,Low,Excellent
100694,38.8,61.4,58.2,11.0,50.0,39.3,88.6,86.9,Moderate,Excellent
100695,91.6,65.9,61.6,12.4,53.2,47.4,82.2,86.6,Moderate,Excellent
100696,20.4,28.0,24.0,0.0,15.1,10.4,93.1,93.1,Low,Excellent
100697,22.0,42.2,36.5,0.0,22.3,34.4,89.5,83.5,Low,Good
100698,6.7,36.5,24.5,0.0,14.6,35.9,89.6,89.8,Low,Excellent
100699,19.8,28.4,28.4,0.0,14.1,22.6,91.7,86.9,Low,Excellent
100700,28.8,45.3,38.1,4.0,27.5,9.9,87.4,84.8,Low,Good
100701,19.7,20.0,16.7,0.0,9.3,11.1,93.3,85.9,Low,Excellent
100702,32.0,43.3,39.8,0.0,22.2,28.2,83.1,83.2,Low,Good
100703,22.1,22.4,18.3,0.0,11.9,13.8,90.8,90.3,Low,Excellent
100704,17.1,25.4,18.7,9.5,16.9,30.3,92.7,91.9,Low,Excellent
100705,4.1,20.2,12.3,0.0,7.8,19.4,92.2,91.3,Low,Excellent
100706,37.4,35.0,32.2,0.0,18.1,15.2,92.2,83.7,Low,Good
100707,4.7,34.4,23.4,5.4,15.6,19.6,90.3,86.4,Low,Excellent
100708,37.6,34.2,37.5,0.0,21.4,15.7,92.5,88.7,Low,Excellent
100709,6.8,17.5,8.5,,6.5,12.5,94.3,84.2,Low,Good
100710,100.0,72.1,66.4,28.6,49.8,35.5,84.5,83.6,Moderate,Good
100711,27.1,34.2,29.7,0.0,16.6,29.4,88.4,83.3,Low,Good
100712,33.8,49.4,43.5,0.0,34.2,47.4,82.6,87.1,Low,Excellent
100713,7.5,31.9,23.5,0.0,11.5,5.4,83.9,81.0,Low,Good
100714,19.5,43.0,34.6,0.0,15.9,4.2,89.0,89.4,Low,Excellent
100715,37.1,53.7,44.9,14.9,34.1,28.5,85.6,85.4,Low,Excellent
100716,34.1,44.6,42.8,0.0,27.5,14.3,84.5,86.0,Low,Excellent
100717,22.9,48.3,39.3,,23.4,24.4,88.8,90.6,Low,Excellent
100718,23.9,40.3,33.4,0.0,18.7,27.2,91.4,90.5,Low,Excellent
100719,89.2,63.3,50.9,21.3,40.6,46.3,82.1,86.3,Moderate,Excellent
100720,29.0,35.6,27.9,0.0,13.1,19.5,92.9,86.6,Low,Excellent
100721,90.4,68.9,61.2,17.2,51.9,39.6,83.0,89.7,Moderate,Excellent
100722,24.2,31.3,27.3,9.7,33.2,14.1,89.7,88.5,Low,Excellent
100723,25.2,33.3,27.7,8.5,28.2,27.1,93.3,88.8,Low,Excellent
100724,41.4,53.9,49.4,0.0,35.3,31.8,86.5,87.6,Moderate,Excellent
100725,34.2,50.3,46.8,6.8,39.5,38.8,84.6,88.1,Moderate,Excellent
100726,32.4,53.4,45.0,,33.6,24.5,84.6,90.0,Low,Excellent
100727,17.7,41.5,32.5,0.0,16.2,16.2,85.2,90.9,Low,Excellent
100728,16.2,23.0,23.3,0.0,13.7,6.4,90.4,81.8,Low,Good
100729,26.6,53.0,42.9,12.7,34.2,12.2,83.9,86.7,Low,Excellent
100730,15.7,42.3,33.4,0.0,24.6,15.9,85.6,87.4,Low,Excellent
100731,27.0,53.3,42.1,2.0,23.5,11.6,84.0,88.4,Low,Excellent
100732,21.6,33.2,24.3,0.0,15.5,22.0,84.6,86.6,Low,Excellent
100733,27.3,44.0,37.2,15.9,23.5,19.9,88.6,84.1,Low,Good
100734,12.2,26.5,16.2,0.0,10.9,12.2,90.4,86.7,Low,Excellent
100735,31.1,34.4,32.2,0.0,15.2,11.3,89.7,84.7,Low,Good
100736,52.5,50.9,46.2,0.0,33.6,4.3,88.3,85.3,Low,Excellent
100737,34.2,41.3,37.7,9.6,28.2,39.0,88.7,85.3,Low,Excellent
100738,21.9,43.6,39.7,0.0,22.3,15.3,86.2,84.8,Low,Good
100739,80.9,71.2,69.4,2.8,54.3,39.3,82.3,90.8,Moderate,Excellent
100740,31.2,46.8,41.5,2.5,22.8,12.0,89.5,90.8,Low,Excellent
100741,22.6,47.4,30.8,6.5,22.8,31.5,83.2,85.4,Low,Excellent
100742,16.5,25.7,18.2,0.0,12.7,18.8,85.9,80.1,Low,Good
100743,32.7,39.2,34.4,6.7,30.4,21.6,92.6,87.6,Low,Excellent
100744,25.4,47.0,36.8,0.0,20.0,18.8,83.3,84.7,Low,Good
100745,81.0,59.1,52.1,9.1,38.8,46.7,89.5,83.9,Moderate,Good
100746,33.8,43.9,38.6,18.6,37.6,32.0,92.3,87.5,Moderate,Excellent
100747,37.3,53.5,49.4,5.8,41.5,33.4,86.4,90.2,Moderate,Excellent
100748,30.0,48.2,37.7,12.6,29.5,20.2,87.3,85.8,Low,Excellent
100749,11.9,27.7,21.4,0.0,11.9,2.0,87.6,84.8,Low,Good
100750,12.3,26.1,19.2,0.0,15.7,18.1,89.8,84.2,Low,Good
100751,70.7,41.5,33.3,0.0,26.6,28.6,87.1,87.8,Low,Excellent
100752,18.0,36.3,26.4,2.2,20.6,31.1,87.7,88.0,Low,Excellent
100753,18.6,50.1,35.7,17.2,25.0,7.0,84.8,85.9,Low,Excellent
100754,27.8,44.8,38.7,1.6,18.1,11.9,83.1,83.9,Low,Good
100755,88.5,50.1,39.5,7.5,32.6,24.9,92.6,87.8,Low,Excellent
100756,42.2,47.0,50.1,0.0,28.3,26.9,90.0,83.6,Low,Good
100757,24.3,31.4,29.4,0.0,16.7,18.9,89.4,83.3,Low,Good
100758,87.3,76.4,67.2,2.7,56.1,42.7,80.4,83.3,Moderate,Good
100759,22.8,37.5,,0.0,19.0,24.7,84.7,86.4,Low,Excellent
100760,88.6,72.8,60.9,15.0,42.6,28.4,87.4,89.3,Moderate,Excellent
100761,29.4,40.1,30.4,0.0,18.2,28.4,87.2,88.3,Low,Excellent
100762,27.3,40.0,33.9,6.0,21.4,26.3,84.6,87.6,Low,Excellent
100763,35.5,38.9,42.9,0.0,21.6,20.4,93.8,87.7,Low,Excellent
100764,23.0,38.3,32.3,4.3,21.4,35.6,93.8,91.9,Low,Excellent
100765,43.8,47.5,44.4,0.0,27.5,39.0,85.6,90.4,Low,Excellent
100766,26.8,41.6,34.0,3.8,26.9,33.6,90.5,87.1,Low,Excellent
100767,30.5,36.2,34.8,6.5,29.6,3.6,91.9,85.3,Low,Excellent
100768,35.9,40.2,42.6,0.0,26.3,38.4,87.8,82.6,Low,Good
100769,19.6,20.2,17.6,0.0,12.2,23.7,92.3,80.0,Low,Good
100770,30.8,37.3,38.1,0.0,18.7,37.2,86.5,81.6,Low,Good
100771,36.2,42.6,40.3,13.1,29.5,37.6,90.7,85.3,Low,Excellent
100772,13.4,28.0,22.5,0.0,14.0,31.0,93.1,87.5,Low,Excellent
100773,26.2,36.0,30.9,7.9,14.8,25.9,92.9,82.9,Low,Good
100774,79.6,69.2,65.7,18.5,56.5,54.7,90.4,87.3,Moderate,Excellent
100775,93.0,48.5,45.2,1.5,33.1,45.8,90.9,90.4,Low,Excellent
100776,7.0,29.3,17.7,0.0,10.0,17.7,92.9,89.9,Low,Excellent
100777,15.4,34.9,25.2,7.4,14.5,6.1,88.6,90.4,Low,Excellent
100778,27.4,54.2,46.1,8.0,37.0,29.7,86.9,86.5,Moderate,Excellent
100779,11.7,22.2,19.1,0.0,8.4,18.2,90.6,81.6,Low,Good
100780,31.1,31.7,30.1,0.0,16.9,20.8,94.3,86.2,Low,Excellent
100781,22.9,37.2,,0.0,15.7,9.4,92.9,91.2,Low,Excellent
100782,11.5,30.6,21.5,0.0,15.4,6.2,85.9,86.5,Low,Excellent
100783,53.7,42.9,39.4,0.0,27.9,20.8,88.1,84.7,Low,Good
100784,24.2,28.5,27.2,4.6,14.6,25.2,95.7,92.6,Low,Excellent
100785,85.4,63.7,55.6,0.0,40.0,46.6,83.5,84.7,Moderate,Good
100786,34.0,32.1,32.2,11.6,19.1,28.8,95.7,91.6,Low,Excellent
100787,45.4,55.9,52.6,18.4,42.6,44.0,86.6,88.3,Moderate,Excellent
100788,24.5,42.8,35.9,3.3,19.3,20.9,86.5,86.0,Low,Excellent
100789,27.3,44.4,38.4,0.0,27.6,12.7,85.7,84.0,Low,Good
100790,5.9,21.6,14.4,0.0,12.1,13.6,91.7,88.1,Low,Excellent
100791,32.7,37.9,31.8,0.0,15.1,17.0,94.1,90.2,Low,Excellent
100792,29.0,40.1,33.5,0.0,18.7,17.2,85.4,83.4,Low,Good
100793,35.5,59.4,49.9,12.5,35.9,32.0,85.9,83.9,Moderate,Good
100794,24.9,45.3,33.8,0.0,26.3,29.3,86.3,86.9,Low,Excellent
100795,20.3,26.7,19.2,0.0,12.3,24.2,91.4,84.4,Low,Good
100796,34.2,35.8,33.7,0.0,16.7,17.8,93.8,89.8,Low,Excellent
100797,79.7,68.0,60.8,,56.6,28.8,87.6,89.1,Moderate,Excellent
100798,21.3,26.1,26.3,0.0,14.1,14.6,93.1,83.8,Low,Good
100799,24.3,25.7,22.6,0.0,11.6,17.3,95.8,89.6,Low,Excellent
100800,41.6,38.9,37.2,0.0,30.6,38.2,88.3,83.6,Low,Good
100801,34.3,46.6,41.8,11.0,25.9,21.0,85.1,87.0,Low,Excellent
100802,17.9,32.5,24.5,0.0,12.7,21.7,84.7,83.3,Low,Good
100803,26.5,17.6,18.0,,9.8,18.2,94.0,86.2,Low,Excellent
100804,23.6,48.8,41.2,27.6,36.9,32.5,90.2,81.7,Moderate,Good
100805,29.7,41.0,35.1,13.3,29.2,35.0,89.2,83.7,Low,Good
100806,16.6,25.0,20.0,0.0,9.3,10.3,90.7,83.6,Low,Good
100807,20.2,28.5,26.4,0.0,15.6,14.8,93.4,82.6,Low,Good
100808,69.1,60.8,48.4,11.5,37.2,32.2,84.6,87.7,Moderate,Excellent
100809,35.1,45.7,43.3,18.1,28.7,22.1,92.2,90.5,Low,Excellent
100810,17.8,29.5,23.0,0.0,16.2,23.8,93.6,85.9,Low,Excellent
100811,28.8,26.0,21.6,0.0,10.6,10.7,89.6,88.7,Low,Excellent
100812,74.3,75.5,64.5,24.1,59.6,47.6,80.8,83.3,Moderate,Good
100813,34.3,47.2,43.5,0.0,22.8,22.9,86.4,85.2,Low,Excellent
100814,23.6,20.7,19.7,0.0,9.0,17.1,94.4,84.3,Low,Good
100815,32.5,55.5,48.0,0.0,27.4,22.8,82.9,85.7,Low,Excellent
100816,16.0,50.2,37.3,7.4,31.8,26.4,83.3,84.1,Low,Good
100817,19.1,40.2,33.0,0.0,16.8,20.9,82.4,82.4,Low,Good
100818,31.4,36.4,32.2,0.0,13.9,20.0,85.4,90.8,Low,Excellent
100819,24.1,40.0,34.1,0.0,21.4,22.8,88.0,87.9,Low,Excellent
100820,24.9,28.0,28.2,0.0,13.0,31.5,92.9,87.1,Low,Excellent
100821,26.3,40.7,36.2,17.7,33.5,22.2,90.4,87.9,Low,Excellent
100822,24.6,35.6,33.8,4.1,14.6,18.2,89.1,82.6,Low,Good
100823,27.2,47.9,45.7,0.0,19.7,9.2,85.5,88.8,Low,Excellent
100824,12.3,18.0,16.1,1.9,9.0,18.4,92.1,85.8,Low,Excellent
100825,26.0,43.4,34.3,0.0,22.3,14.5,85.0,83.5,Low,Good
100826,30.3,53.1,48.2,3.6,27.4,24.2,85.4,82.6,Low,Good
100827,100.0,57.8,54.7,12.2,37.5,29.6,85.8,85.9,Moderate,Excellent
100828,28.1,42.7,36.3,0.0,28.7,29.5,87.9,87.8,Low,Excellent
100829,14.9,27.5,21.6,0.0,11.0,12.2,89.5,87.2,Low,Excellent
100830,25.2,31.7,26.9,10.9,19.0,16.6,92.2,91.0,Low,Excellent
100831,9.7,22.3,14.1,0.0,7.7,26.1,85.0,82.1,Low,Good
100832,17.6,27.1,19.8,7.5,12.7,19.9,90.2,84.9,Low,Good
100833,17.2,31.9,22.1,3.0,12.7,13.1,85.1,86.9,Low,Excellent
100834,20.5,53.8,39.3,10.4,26.3,23.8,83.3,85.8,Low,Excellent
100835,93.7,63.5,59.2,5.4,54.8,56.1,84.2,86.7,Moderate,Excellent
100836,31.0,37.7,34.0,0.0,22.6,21.7,91.6,90.3,Low,Excellent
100837,36.3,34.7,35.4,0.0,17.6,15.0,93.7,85.4,Low,Excellent
100838,10.0,28.2,21.4,13.3,16.8,14.6,92.2,84.4,Low,Good
100839,27.8,23.6,,0.0,10.5,11.9,92.4,84.4,Low,Good
100840,22.2,36.9,32.1,0.0,23.0,19.1,93.2,90.9,Low,Excellent
100841,14.8,36.6,29.0,0.0,14.4,8.4,87.9,89.4,Low,Excellent
100842,39.2,35.1,34.9,0.0,23.9,15.4,88.9,87.1,Low,Excellent
100843,67.6,45.0,36.0,10.7,32.2,22.7,92.8,86.7,Low,Excellent
100844,25.4,36.3,32.5,0.0,19.3,26.3,89.0,82.6,Low,Good
100845,25.6,35.9,30.6,7.7,18.3,18.0,90.9,86.2,Low,Excellent
100846,25.3,32.5,28.1,2.8,12.8,16.0,92.1,86.0,Low,Excellent
100847,24.8,42.0,36.7,7.0,24.2,34.7,87.8,88.7,Low,Excellent
100848,42.0,60.0,57.8,,32.7,40.0,84.2,84.8,Low,Good
100849,19.5,38.2,27.7,0.0,14.6,16.5,83.3,82.9,Low,Good
100850,21.4,34.6,27.4,0.0,17.3,15.3,86.3,90.3,Low,Excellent
100851,15.4,30.9,24.2,0.0,15.0,12.1,83.9,86.1,Low,Excellent
100852,31.4,53.5,42.7,11.1,33.2,35.4,84.8,85.9,Low,Excellent
100853,18.9,29.7,24.2,1.4,16.7,18.4,88.4,83.3,Low,Good
100854,33.4,52.0,44.8,0.0,22.4,20.4,85.7,88.5,Low,Excellent
100855,37.2,40.8,37.2,0.0,15.8,13.0,89.0,86.7,Low,Excellent
100856,19.3,30.4,24.8,0.0,16.7,13.9,89.5,90.5,Low,Excellent
100857,17.1,17.2,13.2,0.0,7.2,16.9,93.7,84.9,Low,Good
100858,21.7,40.2,35.8,6.0,22.6,13.0,85.2,86.1,Low,Excellent
100859,15.3,39.6,31.3,0.0,20.9,30.5,86.8,87.6,Low,Excellent
100860,29.9,36.2,33.1,3.3,19.0,17.1,92.7,90.6,Low,Excellent
100861,92.2,68.4,60.4,13.2,51.1,39.5,86.3,90.3,Moderate,Excellent
100862,54.2,69.0,51.2,23.3,45.1,26.4,82.1,87.5,Moderate,Excellent
100863,100.0,71.1,67.6,19.7,53.8,42.2,84.5,89.9,Moderate,Excellent
100864,34.7,35.0,34.9,0.0,14.0,15.8,87.9,80.6,Low,Good
100865,19.1,23.8,23.2,0.0,21.1,22.3,94.5,87.5,Low,Excellent
100866,21.0,20.3,19.1,0.0,13.3,29.8,93.9,85.2,Low,Excellent
100867,22.3,31.6,27.5,0.0,13.8,19.7,83.7,83.2,Low,Good
100868,19.0,45.3,37.4,0.0,20.5,16.0,92.0,89.8,Low,Excellent
100869,80.1,47.1,43.6,0.0,30.5,22.6,88.9,83.7,Low,Good
100870,34.9,48.8,46.4,5.8,23.6,28.9,91.4,89.6,Low,Excellent
100871,23.0,38.0,31.4,6.3,20.6,32.7,88.2,87.9,Low,Excellent
100872,21.5,51.7,41.8,12.7,35.5,33.5,85.2,86.0,Moderate,Excellent
100873,14.9,21.5,14.7,0.0,10.3,21.7,91.0,86.5,Low,Excellent
100874,24.9,36.0,28.3,0.0,19.5,26.6,85.5,89.2,Low,Excellent
100875,22.7,51.7,40.9,13.5,26.5,37.2,82.8,83.7,Low,Good
100876,30.7,46.9,42.7,0.2,18.2,5.3,82.3,82.0,Low,Good
100877,22.7,34.1,27.9,0.0,19.0,26.7,89.8,85.4,Low,Excellent
100878,18.8,27.8,23.9,0.0,10.5,24.2,95.9,89.6,Low,Excellent
100879,26.3,36.0,29.5,0.0,16.1,9.0,86.0,85.4,Low,Excellent
100880,23.8,43.9,38.7,5.6,18.5,14.0,85.9,89.8,Low,Excellent
100881,33.5,32.6,37.5,0.0,16.5,13.1,93.2,85.9,Low,Excellent
100882,19.4,28.9,22.1,0.0,11.4,11.0,94.6,91.8,Low,Excellent
100883,29.5,36.4,31.9,10.6,27.2,22.5,92.1,84.9,Low,Good
100884,31.3,53.0,46.4,,26.5,27.8,84.4,84.9,Low,Good
100885,30.3,38.8,34.2,0.0,17.5,27.4,90.8,83.6,Low,Good
100886,31.6,40.4,39.8,12.2,20.6,31.0,90.6,87.2,Low,Excellent
100887,21.2,42.6,37.8,4.2,23.3,17.2,92.1,90.7,Low,Excellent
100888,23.1,29.3,22.6,0.0,10.7,9.7,89.8,83.8,Low,Good
100889,20.1,36.1,31.2,0.0,14.6,29.3,88.9,87.1,Low,Excellent
100890,37.0,45.9,41.3,4.2,22.8,28.9,92.0,90.2,Low,Excellent
100891,22.7,41.1,36.2,6.3,19.3,22.3,83.6,85.7,Low,Excellent
100892,78.5,57.5,51.0,13.2,38.8,37.1,84.4,85.6,Moderate,Excellent
100893,34.5,28.6,29.5,0.0,15.2,18.9,92.1,83.2,Low,Good
100894,54.4,75.7,72.3,1.7,60.2,50.3,80.6,86.6,Moderate,Excellent
100895,40.7,54.0,52.0,0.8,35.8,28.8,85.0,90.4,Moderate,Excellent
100896,31.2,48.5,43.1,0.0,27.6,28.7,85.3,84.3,Low,Good
100897,11.1,23.4,20.4,0.0,10.7,4.3,92.0,86.3,Low,Excellent
100898,24.5,43.1,35.6,0.0,20.6,16.9,84.9,86.9,Low,Excellent
100899,25.7,42.0,37.1,6.0,17.0,14.8,84.7,83.6,Low,Good
100900,53.4,41.5,34.5,13.3,30.6,25.4,92.9,90.7,Low,Excellent
100901,34.3,45.7,40.2,0.0,26.4,18.5,81.5,80.7,Low,Good
100902,25.9,34.3,30.1,0.0,23.0,19.5,85.6,87.2,Low,Excellent
100903,25.5,44.0,35.3,9.7,21.3,10.7,82.5,83.8,Low,Good
100904,27.2,44.3,40.1,0.6,19.9,26.3,86.6,83.5,Low,Good
100905,22.2,40.3,34.4,7.6,21.8,22.4,92.5,85.6,Low,Excellent
100906,32.1,37.7,32.1,2.7,20.0,8.4,95.6,90.4,Low,Excellent
100907,19.6,28.1,21.0,0.0,17.4,13.8,89.2,81.7,Low,Good
100908,24.5,34.3,31.9,0.0,16.9,22.9,92.9,84.7,Low,Good
100909,27.0,32.9,33.8,12.2,25.9,21.2,89.3,87.7,Low,Excellent
100910,82.1,50.5,53.9,1.7,37.6,27.0,92.1,91.9,Moderate,Excellent
100911,26.4,34.9,29.3,8.9,20.8,21.9,91.2,87.5,Low,Excellent
100912,73.1,65.3,54.1,,39.2,36.3,83.2,82.2,Moderate,Good
100913,29.2,46.8,40.0,15.0,28.1,15.3,84.4,81.8,Low,Good
100914,39.9,48.2,43.0,4.3,20.0,26.4,88.2,85.4,Low,Excellent
100915,29.6,46.4,40.0,6.2,30.2,21.7,86.7,82.7,Low,Good
100916,25.9,42.1,35.1,0.0,19.4,21.5,86.5,90.0,Low,Excellent
100917,100.0,52.9,47.6,18.4,36.2,31.4,89.1,86.9,Moderate,Excellent
100918,22.3,46.5,38.8,0.0,23.7,20.0,83.1,85.3,Low,Excellent
100919,100.0,69.5,59.0,5.5,50.9,32.3,79.2,79.7,Moderate,Good
100920,32.6,54.4,49.9,8.4,42.1,33.0,90.0,91.3,Moderate,Excellent
100921,29.1,35.4,33.5,0.0,16.6,32.9,92.1,89.7,Low,Excellent
100922,34.5,58.0,48.6,0.0,44.3,25.7,82.0,85.0,Moderate,Excellent
100923,45.2,57.8,51.9,5.4,42.8,49.2,84.1,90.2,Moderate,Excellent
100924,22.1,51.0,42.1,0.0,34.4,28.5,86.4,89.7,Low,Excellent
100925,21.5,38.5,36.8,0.0,19.6,22.1,86.5,87.0,Low,Excellent
100926,14.0,32.6,22.1,0.0,16.0,10.9,89.3,90.6,Low,Excellent
100927,24.2,36.6,29.0,3.9,19.5,15.5,88.0,86.9,Low,Excellent
100928,25.9,30.8,28.5,0.0,16.5,15.9,95.1,88.7,Low,Excellent
100929,34.5,39.9,37.2,0.0,15.6,11.0,89.1,84.3,Low,Good
100930,35.7,38.6,35.0,15.0,28.9,25.6,89.8,88.1,Low,Excellent
100931,13.4,37.9,29.8,4.3,20.0,18.7,91.6,89.0,Low,Excellent
100932,96.2,66.6,61.2,0.0,38.0,47.6,84.6,90.2,Moderate,Excellent
100933,10.8,43.2,30.1,10.7,23.2,14.6,90.9,90.7,Low,Excellent
100934,5.5,21.5,11.8,0.0,10.7,17.3,88.7,83.7,Low,Good
100935,25.1,32.7,,0.0,15.2,21.1,92.9,90.6,Low,Excellent
100936,20.2,47.3,37.7,10.5,28.1,18.3,86.2,91.6,Low,Excellent
100937,18.9,36.9,29.7,20.4,27.6,32.0,88.8,85.8,Low,Excellent
100938,33.4,33.4,32.0,0.0,18.6,17.9,93.4,88.1,Low,Excellent
100939,33.3,39.7,32.6,,16.6,0.0,90.9,83.9,Low,Good
100940,29.0,35.7,32.0,5.0,28.0,32.1,90.8,88.9,Low,Excellent
100941,21.4,39.7,29.7,0.0,23.4,15.1,86.0,92.4,Low,Excellent
100942,67.0,52.2,48.6,4.9,35.0,22.6,87.3,85.4,Moderate,Excellent
100943,30.0,33.3,32.0,0.0,19.4,27.2,89.4,83.3,Low,Good
100944,80.1,45.5,41.2,0.0,33.3,27.2,93.3,90.8,Low,Excellent
100945,26.8,41.9,41.6,,21.3,30.1,88.3,91.9,Low,Excellent
100946,21.0,44.8,36.7,9.8,33.5,39.8,87.9,87.8,Low,Excellent
100947,9.6,32.1,21.0,0.0,13.9,13.2,89.8,87.7,Low,Excellent
100948,19.2,46.1,33.4,0.0,19.2,27.9,83.5,85.5,Low,Excellent
100949,23.9,26.1,,0.0,15.6,13.3,88.8,84.8,Low,Good
100950,18.5,37.6,30.4,0.2,14.0,36.2,84.9,81.6,Low,Good
100951,20.2,38.1,28.8,0.0,13.8,12.8,89.2,87.4,Low,Excellent
100952,37.2,49.4,44.5,3.5,33.1,38.0,82.5,84.7,Low,Good
100953,34.7,51.3,41.7,0.0,38.0,39.5,84.1,87.7,Moderate,Excellent
100954,37.3,43.4,42.2,0.0,24.4,27.2,85.5,82.3,Low,Good
100955,58.6,47.9,42.0,10.0,33.7,24.9,87.6,84.2,Low,Good
100956,29.4,36.0,34.9,2.3,19.1,20.2,92.2,88.1,Low,Excellent
100957,82.3,53.6,48.6,0.0,37.3,15.2,90.3,85.1,Moderate,Excellent
100958,27.0,23.3,22.8,0.0,11.1,18.4,92.4,83.1,Low,Good
100959,30.2,28.9,27.6,0.0,15.0,21.8,91.1,87.0,Low,Excellent
100960,21.0,38.3,33.3,0.0,18.2,22.0,83.8,84.7,Low,Good
100961,77.6,64.7,57.5,16.5,44.8,13.1,85.7,79.3,Moderate,Good
100962,36.7,45.9,42.2,0.0,22.3,13.3,86.0,87.9,Low,Excellent
100963,23.4,45.1,37.5,11.7,24.0,18.4,90.2,88.3,Low,Excellent
100964,29.8,56.3,51.2,3.7,37.6,34.9,87.3,84.9,Moderate,Good
100965,26.4,28.8,25.0,,14.8,21.2,92.6,90.1,Low,Excellent
100966,30.7,45.3,42.2,0.0,22.2,21.9,86.9,83.0,Low,Good
100967,18.7,26.8,22.1,0.6,15.5,24.4,94.1,86.1,Low,Excellent
100968,26.5,39.2,40.5,7.5,23.3,15.8,86.3,81.3,Low,Good
100969,16.7,38.5,32.3,0.0,19.9,26.8,86.4,82.2,Low,Good
100970,23.5,27.8,22.1,0.0,21.1,26.4,87.3,85.2,Low,Excellent
100971,21.8,39.2,31.0,0.1,14.5,21.7,87.9,89.2,Low,Excellent
100972,19.2,36.5,30.4,0.0,23.6,22.7,93.2,84.9,Low,Good
100973,26.9,27.5,28.2,0.0,15.6,34.0,91.9,86.4,Low,Excellent
100974,16.9,40.3,28.6,0.0,14.4,22.6,89.9,91.0,Low,Excellent
100975,23.6,41.6,32.2,10.3,21.3,15.0,84.3,89.2,Low,Excellent
100976,8.0,27.3,17.2,3.8,14.5,20.7,87.4,85.1,Low,Excellent
100977,23.6,31.7,26.6,7.8,19.4,27.6,93.7,86.4,Low,Excellent
100978,11.9,36.5,25.4,0.0,27.3,21.7,84.1,80.9,Low,Good
100979,17.6,23.3,15.0,0.0,10.8,25.2,86.9,81.8,Low,Good
100980,28.9,45.5,38.4,9.7,20.4,25.3,90.3,85.0,Low,Excellent
100981,25.9,39.1,34.4,0.0,16.7,1.3,93.8,85.0,Low,Excellent
100982,29.1,40.3,34.9,2.7,20.2,24.5,88.9,85.8,Low,Excellent
100983,19.3,36.6,,19.0,27.3,23.1,86.0,84.9,Low,Good
100984,31.0,41.4,36.5,14.4,28.8,31.6,86.4,89.2,Low,Excellent
100985,16.9,53.3,41.2,8.5,24.4,32.2,85.3,88.0,Low,Excellent
100986,8.4,38.8,28.0,5.4,20.1,23.6,88.5,85.3,Low,Excellent
100987,36.0,32.0,33.4,0.0,16.6,33.3,87.2,83.6,Low,Good
100988,32.1,30.8,31.7,0.0,19.7,20.4,91.6,85.2,Low,Excellent
100989,16.1,29.6,23.7,0.0,11.9,22.1,89.6,90.5,Low,Excellent
100990,21.2,51.5,41.0,0.3,24.5,31.1,87.0,92.4,Low,Excellent
100991,23.1,26.7,23.2,10.3,11.7,16.2,94.1,85.4,Low,Excellent
100992,3.5,38.9,24.9,10.3,21.3,29.0,83.7,87.4,Low,Excellent
100993,26.8,33.2,28.4,0.0,18.8,16.5,92.3,89.3,Low,Excellent
100994,22.1,29.8,24.4,0.0,17.4,17.1,89.1,81.6,Low,Good
100995,9.4,32.4,22.0,3.1,11.9,6.6,87.1,86.2,Low,Excellent
100996,31.2,29.6,24.7,0.0,14.7,20.8,91.5,86.9,Low,Excellent
100997,34.9,40.4,40.5,0.0,20.7,25.0,84.8,90.4,Low,Excellent
100998,24.0,51.8,44.0,0.0,25.8,34.9,84.9,86.9,Low,Excellent
100999,17.5,18.3,15.8,0.0,9.7,22.1,94.0,83.5,Low,Good
101000,16.4,26.1,24.7,0.0,11.1,14.4,91.6,84.1,Low,Good
