DIGITAL_ID,INDOOR_TEMPERATURE_C,INDOOR_HUMIDITY_PERCENT,INDOOR_AQI,INDOOR_CO2_PPM,BEDROOM_NOISE_DB,BEDROOM_LIGHT_LUX,SMART_LIGHTING_HOURS,HVAC_USAGE_HOURS,WATER_CONSUMPTION_LITERS,ENERGY_CONSUMPTION_KWH,SMARTWATCH_CONNECTED,SMART_SCALE_WEIGHT_KG,AIR_PURIFIER,SLEEP_ENVIRONMENT_SCORE,SMART_HOME_STATUS
103001,17.3,39,39,1263.0,62.0,7,6.4,3.3,173.2,22.3,Yes,65.5,No,70.9,Good
103002,20.4,33,40,1289.0,31.0,51,6.2,16.8,155.0,8.3,Yes,78.6,No,82.6,Good
103003,21.8,31,29,821.0,31.0,115,7.6,9.5,87.2,13.4,Yes,96.1,No,75.3,Good
103004,28.7,32,63,1275.0,69.0,68,9.7,5.0,60.6,7.2,Yes,60.2,No,45.5,Poor
103005,24.7,36,135,1101.0,23.0,20,11.0,16.8,139.2,21.6,Yes,55.1,No,91.2,Excellent
103006,19.0,45,24,737.0,47.0,26,5.9,11.3,332.1,26.2,Yes,74.8,No,77.2,Good
103007,24.5,60,66,665.0,28.0,37,9.0,8.7,337.6,26.6,No,88.7,No,84.3,Good
103008,18.4,39,88,1202.0,,4,6.7,10.4,293.8,20.8,No,69.0,Yes,71.6,Good
103009,26.2,48,23,759.0,51.0,84,10.6,13.5,155.2,11.7,Yes,63.7,Yes,58.7,Fair
103010,21.6,57,100,1413.0,32.0,60,4.0,2.8,93.1,20.5,Yes,64.5,Yes,85.9,Excellent
103011,22.7,46,23,616.0,53.0,7,5.1,15.6,228.7,26.2,Yes,87.3,Yes,82.6,Good
103012,27.0,57,108,720.0,38.0,85,7.1,17.3,244.0,19.5,No,66.4,No,62.1,Fair
103013,19.1,48,42,1249.0,33.0,17,12.7,10.2,177.4,13.6,Yes,59.1,Yes,88.8,Excellent
103014,18.8,66,10,1118.0,24.0,3,8.9,12.3,257.5,27.8,Yes,71.2,No,95.6,Excellent
103015,21.2,52,43,1391.0,46.0,3,13.6,15.5,274.0,25.4,No,40.9,No,94.9,Excellent
103016,26.1,49,28,1352.0,47.0,36,3.2,6.7,284.9,26.7,No,62.2,No,73.4,Good
103017,18.4,42,13,1116.0,45.0,14,7.5,17.9,200.7,27.3,Yes,97.4,No,76.3,Good
103018,16.0,42,86,1384.0,29.0,37,7.0,12.2,287.5,13.0,Yes,89.8,Yes,76.4,Good
103019,21.6,40,67,1295.0,43.0,26,9.2,7.6,57.6,26.1,No,59.6,No,84.4,Good
103020,24.7,44,146,686.0,36.0,84,11.7,12.2,254.1,18.0,No,89.1,No,72.9,Good
103021,26.6,46,112,1156.0,35.0,47,12.1,9.4,120.7,3.1,Yes,63.8,No,74.6,Good
103022,21.6,57,76,895.0,36.0,45,10.0,2.0,131.2,19.8,No,54.5,No,89.0,Excellent
103023,21.8,48,125,941.0,20.0,45,9.7,14.3,77.4,15.2,Yes,64.1,Yes,95.9,Excellent
103024,26.5,33,129,1034.0,40.0,47,13.4,10.2,107.7,9.7,Yes,76.8,Yes,70.5,Good
103025,17.4,51,31,1338.0,66.0,58,6.6,14.3,347.6,29.2,Yes,111.1,No,51.5,Fair
103026,21.8,51,121,1452.0,68.0,117,12.0,2.8,174.6,3.5,Yes,63.2,No,53.0,Fair
103027,23.6,66,84,1097.0,62.0,119,13.1,9.7,328.3,28.5,Yes,72.8,Yes,50.0,Fair
103028,24.3,68,145,474.0,41.0,3,7.9,13.8,98.9,6.5,Yes,95.3,No,91.1,Excellent
103029,21.5,63,41,897.0,24.0,74,10.7,17.8,111.2,12.6,Yes,81.7,Yes,82.3,Good
103030,23.1,62,76,1121.0,55.0,18,6.5,15.9,217.3,13.7,No,55.5,No,80.6,Good
103031,16.0,69,13,707.0,40.0,56,3.9,15.6,154.9,22.5,Yes,75.2,No,64.3,Fair
103032,21.0,62,39,1103.0,28.0,18,9.0,4.5,243.2,8.0,Yes,61.0,Yes,94.2,Excellent
103033,24.4,41,22,1283.0,46.0,90,4.4,15.1,176.6,29.6,No,59.1,No,58.9,Fair
103034,20.1,31,30,652.0,67.0,103,7.5,3.0,293.5,23.0,Yes,63.1,Yes,49.7,Poor
103035,23.2,57,50,1335.0,31.0,41,12.5,3.6,179.5,24.1,Yes,75.3,No,90.0,Excellent
103036,24.3,39,130,796.0,37.0,91,3.0,2.0,221.7,5.0,Yes,67.0,Yes,68.3,Fair
103037,22.0,51,28,1385.0,54.0,4,2.4,15.4,146.3,15.3,No,41.5,Yes,83.0,Good
103038,23.5,46,57,1452.0,34.0,47,9.3,1.9,261.2,28.5,Yes,65.8,Yes,86.2,Excellent
103039,20.1,55,95,893.0,69.0,24,6.0,2.5,246.4,9.6,Yes,57.1,Yes,71.0,Good
103040,22.4,32,72,1358.0,63.0,66,7.0,4.4,169.1,6.1,No,62.2,No,64.6,Fair
103041,24.8,36,46,1391.0,49.0,25,6.9,10.3,132.8,15.6,Yes,72.3,Yes,74.1,Good
103042,23.5,37,40,501.0,64.0,73,3.0,15.8,234.2,28.1,No,68.6,Yes,61.4,Fair
103043,21.2,49,83,1226.0,52.0,87,2.0,7.5,332.9,15.6,Yes,82.6,No,63.0,Fair
103044,23.7,41,116,576.0,55.0,61,12.8,9.8,89.8,13.3,Yes,87.4,No,70.9,Good
103045,25.1,64,112,1383.0,59.0,92,4.6,3.0,289.7,20.2,Yes,66.5,No,55.6,Fair
103046,16.9,46,119,1326.0,49.0,108,7.1,4.8,212.9,28.2,Yes,40.3,No,49.0,Poor
103047,26.5,57,29,631.0,45.0,6,13.7,2.4,207.7,3.4,Yes,72.3,No,78.2,Good
103048,22.0,70,148,,,43,11.9,7.4,338.5,6.3,Yes,79.6,Yes,83.7,Good
103049,24.3,39,95,1160.0,56.0,86,3.3,10.6,231.8,5.7,Yes,62.1,Yes,62.2,Fair
103050,26.6,51,53,1331.0,,109,8.1,5.1,299.2,4.4,No,69.4,Yes,46.2,Poor
103051,18.9,67,91,665.0,50.0,26,10.8,15.2,204.3,10.5,Yes,64.0,Yes,72.4,Good
103052,20.9,62,73,1156.0,36.0,41,10.4,17.7,125.0,8.4,Yes,57.3,Yes,86.8,Excellent
103053,22.1,51,131,1454.0,36.0,72,11.1,2.2,258.3,17.4,Yes,63.3,No,83.9,Good
103054,20.6,66,96,855.0,53.0,107,7.5,0.3,327.0,11.2,Yes,71.9,Yes,61.0,Fair
103055,28.2,42,74,658.0,43.0,55,4.1,14.2,302.4,13.3,Yes,68.9,No,66.9,Fair
103056,20.4,56,64,830.0,52.0,2,7.6,3.4,109.5,28.4,Yes,61.8,No,85.7,Excellent
103057,21.3,44,83,868.0,23.0,12,9.8,6.4,145.1,6.4,No,55.1,No,100.0,Excellent
103058,23.6,51,126,1046.0,28.0,69,9.3,7.1,205.1,12.9,Yes,55.6,No,80.2,Good
103059,19.4,59,138,846.0,21.0,58,2.8,16.5,221.5,9.2,Yes,55.3,Yes,85.2,Excellent
103060,21.8,69,146,1182.0,54.0,37,2.8,11.9,108.1,17.4,Yes,83.1,Yes,79.5,Good
103061,24.0,66,104,,57.0,84,13.6,0.7,119.0,22.6,Yes,45.2,No,66.5,Fair
103062,22.0,63,108,861.0,64.0,82,3.8,0.3,277.6,24.9,Yes,66.1,Yes,64.9,Fair
103063,22.7,63,121,595.0,34.0,88,5.5,3.6,269.1,16.4,Yes,72.4,Yes,72.3,Good
103064,21.4,64,61,435.0,62.0,102,11.2,5.7,301.8,25.9,Yes,75.5,Yes,50.6,Fair
103065,18.5,48,42,466.0,61.0,67,6.9,8.7,329.9,24.0,Yes,58.4,No,58.9,Fair
103066,24.0,37,13,1044.0,22.0,85,4.2,15.1,142.5,6.4,Yes,46.5,Yes,79.6,Good
103067,28.3,68,96,1434.0,,68,7.6,5.7,307.9,8.9,Yes,39.2,No,57.8,Fair
103068,23.1,62,84,721.0,60.0,0,8.8,6.8,249.8,20.8,Yes,61.0,Yes,83.8,Good
103069,23.7,57,18,639.0,61.0,49,7.4,5.9,337.3,29.3,Yes,70.2,No,67.0,Fair
103070,25.1,66,73,1416.0,42.0,80,13.0,0.2,131.6,12.5,Yes,84.5,No,63.1,Fair
103071,19.2,54,39,1483.0,31.0,72,5.4,17.2,130.9,8.4,Yes,93.8,No,77.7,Good
103072,28.1,65,145,1049.0,27.0,8,9.9,2.5,261.3,26.3,Yes,39.9,No,86.6,Excellent
103073,23.6,46,142,961.0,40.0,52,3.3,5.2,328.5,7.6,Yes,84.5,Yes,81.7,Good
103074,27.9,53,85,564.0,40.0,87,6.7,2.3,297.4,21.5,Yes,64.2,No,64.8,Fair
103075,20.8,50,138,1230.0,51.0,9,10.9,8.8,268.1,3.0,No,80.9,No,82.1,Good
103076,28.5,31,24,588.0,36.0,83,4.7,16.8,166.2,2.5,Yes,91.6,Yes,63.4,Fair
103077,25.3,60,98,491.0,56.0,80,9.1,1.8,265.3,14.6,Yes,88.3,No,60.3,Fair
103078,24.7,62,137,688.0,43.0,76,3.8,7.9,290.3,20.4,Yes,72.3,Yes,68.7,Fair
103079,23.7,59,35,1498.0,27.0,28,3.2,0.4,276.0,6.0,Yes,72.0,No,98.5,Excellent
103080,22.3,41,70,1476.0,37.0,35,8.3,13.9,253.0,23.4,Yes,79.1,Yes,90.0,Excellent
103081,26.6,41,132,574.0,30.0,86,10.1,11.5,64.1,5.6,Yes,68.2,No,66.4,Fair
103082,23.4,53,76,873.0,29.0,26,3.4,12.6,247.9,16.9,Yes,78.0,No,95.7,Excellent
103083,17.1,53,35,669.0,45.0,17,13.0,8.5,193.5,10.6,Yes,56.7,Yes,74.9,Good
103084,19.6,40,92,806.0,66.0,17,4.7,16.3,338.5,23.1,No,51.0,No,74.3,Good
103085,22.4,42,117,1093.0,25.0,117,3.4,7.4,232.2,24.5,Yes,73.7,No,76.4,Good
103086,23.9,56,120,775.0,36.0,8,4.4,9.3,232.5,,Yes,53.4,No,88.9,Excellent
103087,22.8,37,69,581.0,42.0,66,4.0,12.5,348.2,7.4,Yes,91.8,No,80.8,Good
103088,26.7,39,48,435.0,61.0,6,3.1,9.4,78.1,27.0,Yes,54.5,No,66.4,Fair
103089,17.1,37,132,533.0,56.0,57,11.6,3.4,132.9,13.6,No,60.8,No,62.1,Fair
103090,23.4,49,45,1264.0,47.0,78,7.9,5.7,246.8,15.3,Yes,94.0,Yes,72.4,Good
103091,17.5,37,30,1323.0,35.0,29,6.7,1.7,144.6,6.7,Yes,89.1,No,79.8,Good
103092,25.3,38,127,1089.0,31.0,72,13.4,7.8,153.8,29.9,Yes,85.0,No,74.2,Good
103093,22.7,36,57,890.0,40.0,60,6.5,11.0,317.8,27.8,Yes,75.4,No,81.5,Good
103094,24.3,43,35,1240.0,43.0,104,4.0,2.1,223.8,2.1,Yes,63.1,No,65.1,Fair
103095,20.4,57,45,1387.0,47.0,90,5.3,11.4,80.9,17.4,Yes,60.2,No,66.5,Fair
103096,26.8,31,137,1238.0,56.0,99,4.9,16.1,143.3,26.4,Yes,82.8,Yes,47.6,Poor
103097,26.1,37,24,1469.0,,81,8.0,6.1,72.8,14.1,Yes,80.7,Yes,63.4,Fair
103098,24.8,42,88,1067.0,52.0,94,5.5,4.0,216.8,14.2,Yes,58.4,No,61.4,Fair
103099,22.6,50,143,1419.0,21.0,16,8.2,16.1,102.0,12.6,No,71.4,Yes,100.0,Excellent
103100,24.7,57,37,831.0,56.0,117,10.0,12.5,307.1,2.8,No,88.4,Yes,51.0,Fair
103101,20.9,64,145,1147.0,38.0,52,11.3,1.9,223.2,24.1,Yes,78.9,No,78.3,Good
103102,25.6,52,129,,47.0,5,10.5,7.3,67.8,14.8,Yes,98.3,No,77.9,Good
103103,27.9,44,97,916.0,34.0,38,4.5,12.1,140.3,16.9,Yes,42.4,No,75.1,Good
103104,26.2,31,40,861.0,20.0,24,3.4,10.3,234.9,9.2,Yes,60.2,No,90.2,Excellent
103105,20.8,41,56,1365.0,62.0,41,8.5,11.1,150.6,24.0,Yes,64.6,Yes,71.4,Good
103106,24.1,65,43,580.0,47.0,41,4.4,10.2,204.0,24.2,Yes,64.3,No,74.5,Good
103107,19.1,32,11,544.0,69.0,58,3.0,14.4,322.8,17.5,Yes,75.7,No,57.7,Fair
103108,24.7,34,115,1134.0,54.0,101,8.3,5.8,155.0,27.3,Yes,83.3,Yes,60.0,Fair
103109,24.4,32,103,805.0,51.0,37,5.9,12.8,150.8,5.2,Yes,80.9,No,70.9,Good
103110,17.4,48,81,1212.0,47.0,30,11.1,17.8,295.9,,Yes,77.6,Yes,67.2,Fair
103111,19.5,31,61,1368.0,28.0,114,5.8,7.0,145.6,17.6,Yes,81.3,Yes,72.0,Good
103112,22.2,66,144,1354.0,43.0,28,13.7,14.2,73.4,8.5,Yes,90.3,Yes,87.9,Excellent
103113,22.1,46,99,883.0,23.0,103,11.1,4.4,104.3,5.7,Yes,45.4,Yes,86.6,Excellent
103114,19.4,43,101,881.0,64.0,8,2.7,5.1,334.6,10.4,No,72.0,No,73.6,Good
103115,24.2,57,87,738.0,60.0,0,8.1,16.8,330.0,26.0,Yes,65.6,Yes,82.4,Good
103116,23.8,56,134,667.0,22.0,79,8.8,0.5,117.4,24.1,Yes,53.8,Yes,86.2,Excellent
103117,22.4,39,140,665.0,67.0,101,10.3,3.9,216.1,20.1,Yes,85.1,Yes,55.6,Fair
103118,20.7,32,59,927.0,41.0,86,8.0,8.7,91.2,4.5,Yes,76.9,No,74.3,Good
103119,26.1,65,102,1442.0,59.0,71,7.8,7.2,252.4,28.7,Yes,81.8,Yes,61.7,Fair
103120,28.0,67,133,1271.0,58.0,46,6.4,11.3,105.6,10.6,Yes,61.1,Yes,58.5,Fair
103121,21.5,54,63,1325.0,68.0,75,5.3,3.5,64.9,19.0,Yes,74.0,No,58.6,Fair
103122,21.2,51,143,829.0,44.0,9,13.4,1.3,297.5,24.5,No,71.7,No,90.3,Excellent
103123,24.5,68,87,1194.0,67.0,15,5.8,6.6,147.6,5.7,Yes,87.1,No,68.2,Fair
103124,21.9,59,87,1340.0,41.0,46,2.8,9.4,82.6,20.3,No,48.9,No,88.3,Excellent
103125,22.6,50,29,1460.0,69.0,42,4.0,10.1,300.2,2.9,Yes,86.7,Yes,69.4,Fair
103126,25.2,59,100,702.0,67.0,23,12.3,10.8,278.7,4.9,No,89.5,No,68.4,Fair
103127,17.3,57,108,800.0,66.0,102,9.0,9.9,255.1,22.2,Yes,72.3,No,37.6,Poor
103128,27.0,60,65,1222.0,53.0,7,11.3,4.4,323.4,6.3,Yes,68.6,Yes,70.3,Good
103129,23.2,55,11,743.0,39.0,74,11.7,13.8,196.8,14.4,Yes,52.0,Yes,75.8,Good
103130,21.8,51,114,1262.0,55.0,104,11.9,1.6,88.4,9.0,Yes,76.1,Yes,60.4,Fair
103131,22.7,50,121,917.0,56.0,25,8.6,3.6,68.4,13.8,Yes,58.2,Yes,81.5,Good
103132,22.9,30,33,564.0,58.0,6,4.1,13.3,145.5,,Yes,50.3,Yes,80.5,Good
103133,17.8,66,118,1436.0,46.0,78,3.8,5.0,76.0,23.1,Yes,94.8,No,65.0,Fair
103134,27.5,42,77,424.0,66.0,14,8.9,8.9,210.7,4.2,Yes,71.4,No,63.5,Fair
103135,23.1,50,123,528.0,68.0,47,6.4,5.9,54.3,25.5,Yes,68.5,Yes,70.9,Good
103136,24.3,38,93,1216.0,51.0,2,8.7,9.1,183.1,20.6,Yes,83.3,Yes,86.5,Excellent
103137,25.9,46,58,1417.0,61.0,15,8.0,6.2,103.5,13.7,Yes,51.0,Yes,70.4,Good
103138,19.9,50,41,994.0,48.0,78,9.2,17.9,160.5,26.3,No,71.9,Yes,64.6,Fair
103139,24.4,60,70,835.0,60.0,88,2.4,6.4,252.5,7.2,Yes,88.3,No,59.7,Fair
103140,22.2,68,138,581.0,67.0,96,2.4,11.3,155.3,9.4,Yes,85.5,No,58.8,Fair
103141,25.5,51,111,1015.0,51.0,13,10.7,16.0,152.4,5.8,Yes,72.3,Yes,75.7,Good
103142,16.6,41,44,1143.0,43.0,87,4.3,11.5,347.2,12.7,Yes,63.0,Yes,62.4,Fair
103143,22.7,35,60,442.0,22.0,117,9.8,10.2,265.6,29.6,Yes,61.1,No,72.2,Good
103144,21.2,45,54,803.0,46.0,74,8.6,10.2,204.2,6.5,Yes,66.0,Yes,73.4,Good
103145,24.3,55,86,1004.0,,2,13.8,8.9,223.8,25.3,Yes,106.7,Yes,98.6,Excellent
103146,24.4,34,122,1055.0,59.0,72,12.0,14.5,236.1,,Yes,76.6,Yes,54.2,Fair
103147,20.9,38,74,662.0,42.0,69,7.0,0.9,57.4,2.4,Yes,71.0,Yes,76.5,Good
103148,20.9,69,23,469.0,26.0,30,9.4,15.9,74.1,28.5,Yes,69.5,No,87.5,Excellent
103149,22.7,43,102,1060.0,36.0,118,3.4,10.6,244.8,29.2,Yes,75.7,No,65.9,Fair
103150,20.3,59,140,1271.0,56.0,79,6.6,15.3,159.3,27.9,Yes,94.3,Yes,67.8,Fair
103151,25.5,55,33,1221.0,26.0,74,10.8,0.2,66.6,16.0,Yes,86.3,Yes,80.9,Good
103152,21.9,58,74,546.0,49.0,113,9.5,15.6,139.3,8.2,Yes,66.7,No,60.8,Fair
103153,16.0,48,147,424.0,32.0,16,7.8,2.2,89.1,13.0,Yes,94.2,Yes,78.6,Good
103154,21.9,37,22,1092.0,37.0,48,4.1,13.0,324.9,19.2,Yes,73.3,Yes,84.6,Good
103155,19.9,52,109,650.0,50.0,2,11.6,7.5,110.9,12.6,Yes,76.7,No,83.4,Good
103156,18.1,64,147,881.0,41.0,82,5.3,12.3,93.1,21.8,Yes,56.4,No,66.5,Fair
103157,19.3,60,108,1114.0,33.0,87,11.8,11.3,237.9,24.3,No,76.8,No,75.1,Good
103158,23.3,64,64,1215.0,37.0,54,9.3,2.9,206.6,7.9,Yes,90.3,No,83.5,Good
103159,27.0,61,72,1081.0,54.0,110,6.5,9.3,222.8,13.3,Yes,47.3,Yes,51.4,Fair
103160,23.9,34,80,574.0,36.0,105,2.5,5.0,180.8,28.8,Yes,96.2,No,64.0,Fair
103161,21.2,45,108,401.0,38.0,71,4.8,10.1,190.2,9.0,Yes,68.3,No,73.9,Good
103162,24.4,46,75,1038.0,50.0,112,12.7,13.3,283.6,11.7,Yes,87.2,Yes,57.8,Fair
103163,21.6,61,88,,58.0,99,11.8,1.5,116.0,3.0,Yes,51.3,Yes,64.4,Fair
103164,20.9,67,82,761.0,55.0,39,8.9,9.3,169.0,11.3,Yes,40.5,Yes,73.4,Good
103165,19.5,61,56,969.0,34.0,65,7.6,11.1,337.3,12.4,Yes,75.1,Yes,75.9,Good
103166,17.7,49,90,989.0,48.0,86,9.8,5.3,107.0,4.8,No,50.6,Yes,57.4,Fair
103167,21.8,31,135,601.0,59.0,39,7.6,17.2,138.1,2.0,Yes,59.9,Yes,73.3,Good
103168,23.5,49,61,1404.0,35.0,29,9.7,9.4,107.5,18.1,No,72.8,Yes,86.9,Excellent
103169,22.7,47,32,1485.0,52.0,24,5.7,3.3,56.1,10.4,Yes,86.8,Yes,78.0,Good
103170,21.8,30,149,525.0,44.0,6,12.1,1.9,130.9,2.5,Yes,40.9,Yes,91.2,Excellent
103171,20.2,58,30,1391.0,35.0,91,10.4,9.7,63.9,26.1,Yes,52.9,Yes,70.5,Good
103172,24.8,58,73,448.0,49.0,104,6.0,6.8,96.4,18.4,Yes,54.0,Yes,53.7,Fair
103173,19.0,48,81,1245.0,53.0,49,12.0,3.5,158.8,6.8,Yes,71.5,Yes,69.3,Fair
103174,25.3,69,139,578.0,21.0,80,7.8,0.6,56.2,26.2,Yes,88.1,Yes,78.0,Good
103175,20.0,35,78,892.0,59.0,95,4.1,10.2,275.9,9.1,Yes,75.4,No,55.8,Fair
103176,20.7,68,77,971.0,63.0,0,2.9,10.8,288.7,8.4,Yes,72.8,Yes,79.7,Good
103177,18.6,37,137,701.0,62.0,90,10.4,2.6,173.4,27.0,Yes,66.4,Yes,51.0,Fair
103178,21.5,53,116,1363.0,57.0,43,12.4,10.8,345.4,7.0,No,65.4,No,76.8,Good
103179,25.9,49,118,1389.0,37.0,99,11.7,17.1,253.7,26.6,Yes,41.8,No,60.1,Fair
103180,24.5,43,81,1376.0,24.0,48,9.9,17.6,273.1,24.5,Yes,40.8,No,83.3,Good
103181,25.9,34,112,668.0,66.0,6,3.7,16.0,107.7,10.7,Yes,59.1,No,64.4,Fair
103182,24.6,70,74,,59.0,119,3.1,14.5,301.2,3.0,No,70.6,Yes,51.2,Fair
103183,19.7,69,143,499.0,25.0,2,6.1,3.8,333.5,4.3,Yes,74.2,No,93.6,Excellent
103184,22.0,63,121,614.0,31.0,93,12.3,2.8,120.9,5.1,Yes,86.5,No,83.9,Good
103185,20.7,45,88,1024.0,31.0,0,13.5,8.0,255.9,26.9,Yes,93.0,Yes,98.5,Excellent
103186,27.0,36,135,496.0,31.0,50,4.9,11.2,274.1,13.3,Yes,64.7,No,78.6,Good
103187,19.4,45,130,1218.0,28.0,97,11.1,15.3,141.6,2.9,No,83.3,No,68.4,Fair
103188,25.7,36,96,1029.0,61.0,37,8.9,4.2,192.5,17.6,Yes,69.9,Yes,64.3,Fair
103189,25.7,56,57,,41.0,42,2.4,8.6,79.3,7.8,Yes,58.6,Yes,70.3,Good
103190,28.5,43,97,736.0,68.0,54,8.5,11.7,101.9,8.6,Yes,92.5,Yes,52.4,Fair
103191,21.8,43,77,758.0,69.0,56,11.7,8.0,68.5,6.5,Yes,69.9,Yes,65.5,Fair
103192,25.1,62,110,1215.0,35.0,52,5.3,8.2,218.0,23.3,No,82.6,Yes,76.4,Good
103193,29.8,62,26,759.0,23.0,99,12.8,4.1,237.6,2.0,Yes,89.6,Yes,58.0,Fair
103194,21.1,49,47,1414.0,69.0,32,4.8,17.8,324.8,14.3,Yes,80.0,Yes,71.1,Good
103195,18.4,65,147,746.0,22.0,106,2.9,8.6,212.7,4.4,Yes,65.8,No,74.1,Good
103196,17.4,36,63,951.0,35.0,79,3.9,9.6,128.2,17.5,Yes,84.2,No,70.4,Good
103197,25.1,61,143,937.0,33.0,61,12.0,3.9,67.8,11.7,Yes,48.1,No,78.8,Good
103198,17.4,32,143,1053.0,60.0,101,7.0,9.3,315.5,2.8,No,48.7,Yes,46.3,Poor
103199,21.9,68,61,821.0,57.0,10,11.6,4.6,193.7,14.9,No,77.6,Yes,84.1,Good
103200,24.3,58,24,735.0,23.0,71,8.4,3.6,271.2,18.0,Yes,49.2,No,89.2,Excellent
103201,23.6,53,77,456.0,21.0,51,7.8,5.0,54.4,8.9,Yes,80.2,Yes,93.2,Excellent
103202,24.3,51,121,1416.0,29.0,0,11.7,0.0,196.4,23.4,No,95.4,Yes,98.1,Excellent
103203,23.7,35,113,1311.0,30.0,13,7.1,10.3,147.7,12.4,Yes,38.9,No,95.1,Excellent
103204,26.8,53,16,1116.0,58.0,93,11.6,7.0,59.1,23.0,Yes,75.3,Yes,46.4,Poor
103205,20.1,69,60,1499.0,45.0,84,3.2,16.2,282.7,18.2,Yes,59.3,Yes,66.9,Fair
103206,21.0,52,67,684.0,56.0,20,9.6,0.7,203.9,26.3,Yes,53.6,No,79.2,Good
103207,20.7,67,118,1121.0,45.0,33,10.4,0.8,150.0,17.3,Yes,70.1,Yes,81.7,Good
103208,25.5,39,120,785.0,23.0,101,12.8,15.9,291.7,7.2,Yes,69.3,No,71.7,Good
103209,25.7,45,40,1349.0,45.0,89,4.7,2.3,184.1,,Yes,63.9,No,56.6,Fair
103210,24.4,40,101,1169.0,57.0,104,9.3,0.0,51.0,23.9,Yes,62.7,Yes,58.0,Fair
103211,26.6,61,115,1239.0,47.0,13,7.2,3.2,333.3,29.2,Yes,72.2,No,74.7,Good
103212,19.5,35,22,410.0,21.0,117,6.6,14.8,126.7,4.6,No,90.5,Yes,77.2,Good
103213,28.0,53,128,1371.0,21.0,39,3.3,14.4,299.2,18.6,Yes,93.4,No,84.2,Good
103214,27.6,62,124,1071.0,35.0,34,3.6,6.1,294.9,15.8,No,80.6,Yes,74.9,Good
103215,25.2,41,66,659.0,42.0,41,12.0,12.0,98.7,20.8,Yes,46.6,No,75.1,Good
103216,28.3,56,135,792.0,42.0,81,11.0,9.1,192.2,29.4,No,81.2,No,53.7,Fair
103217,18.0,67,63,999.0,32.0,19,6.6,16.3,62.1,16.9,Yes,89.4,No,84.5,Good
103218,21.4,47,142,1439.0,40.0,59,11.9,1.0,156.4,,No,46.1,No,80.9,Good
103219,20.8,68,28,1155.0,58.0,8,3.0,14.6,269.3,11.7,Yes,66.6,Yes,79.8,Good
103220,25.2,42,86,1110.0,44.0,104,9.5,3.1,121.1,10.4,Yes,69.5,Yes,59.4,Fair
103221,19.8,69,78,1433.0,56.0,114,12.4,7.0,85.1,11.4,No,80.2,Yes,52.3,Fair
103222,25.3,59,53,876.0,68.0,108,12.1,3.5,202.1,,Yes,79.4,Yes,41.6,Poor
103223,27.1,70,47,423.0,32.0,32,6.5,12.6,211.1,10.0,Yes,51.9,No,79.4,Good
103224,25.1,42,71,711.0,34.0,48,10.9,12.2,252.7,6.8,Yes,73.6,No,79.7,Good
103225,23.9,63,31,861.0,47.0,67,7.1,9.9,277.7,14.8,Yes,65.5,No,70.5,Good
103226,20.0,65,82,421.0,,3,12.1,12.6,258.7,14.9,Yes,63.1,Yes,100.0,Excellent
103227,20.5,59,134,579.0,42.0,47,8.4,11.5,303.6,,Yes,58.7,No,81.0,Good
103228,26.7,54,14,1190.0,23.0,15,11.2,14.0,116.9,16.1,Yes,88.2,Yes,90.5,Excellent
103229,25.3,31,63,1129.0,66.0,46,2.9,4.3,220.9,15.0,Yes,88.9,No,57.2,Fair
103230,22.9,65,95,1148.0,69.0,25,9.1,7.7,158.0,8.5,Yes,65.1,Yes,74.8,Good
103231,21.7,47,12,1115.0,22.0,69,8.6,2.7,338.6,,Yes,69.3,Yes,85.8,Excellent
103232,16.9,34,47,738.0,58.0,36,9.3,7.7,182.1,4.5,Yes,94.5,No,56.8,Fair
103233,19.8,48,82,930.0,27.0,21,10.3,12.6,337.9,29.5,No,45.0,Yes,93.1,Excellent
103234,28.7,47,47,1091.0,62.0,105,13.0,12.4,280.7,15.3,No,71.7,Yes,41.4,Poor
103235,19.2,61,134,561.0,44.0,102,11.4,12.8,265.5,7.2,Yes,71.7,No,57.5,Fair
103236,23.6,50,79,1484.0,60.0,6,4.6,5.6,197.5,11.9,Yes,79.8,Yes,77.9,Good
103237,26.0,39,74,889.0,31.0,41,11.9,11.9,183.0,2.4,Yes,91.8,No,85.9,Excellent
103238,19.2,66,34,404.0,24.0,29,3.5,6.6,208.0,,Yes,78.8,No,90.4,Excellent
103239,23.6,51,25,475.0,52.0,73,9.5,17.0,138.1,11.4,No,86.8,No,63.0,Fair
103240,25.8,42,24,406.0,65.0,78,12.6,6.2,321.4,17.5,Yes,95.2,No,48.0,Poor
103241,23.0,46,140,1080.0,44.0,5,3.2,10.9,288.3,5.6,Yes,72.1,Yes,90.9,Excellent
103242,31.6,38,46,872.0,44.0,23,12.2,13.5,290.4,20.9,Yes,78.2,No,63.1,Fair
103243,18.0,53,134,1211.0,54.0,65,11.6,16.3,179.9,25.6,Yes,79.9,Yes,60.6,Fair
103244,26.2,43,122,1237.0,34.0,39,8.0,7.9,71.3,18.0,Yes,76.7,No,80.1,Good
103245,22.5,37,10,1002.0,61.0,115,5.7,6.5,254.9,10.3,Yes,56.2,Yes,56.8,Fair
103246,25.3,66,80,717.0,,14,6.9,7.7,162.3,5.4,Yes,71.7,Yes,76.5,Good
103247,24.3,48,112,631.0,29.0,52,13.6,5.8,311.1,2.4,Yes,74.6,No,78.4,Good
103248,20.8,57,28,727.0,43.0,84,4.4,11.8,284.1,22.5,No,88.1,No,73.0,Good
103249,23.7,70,61,637.0,54.0,81,9.0,16.8,93.6,19.6,Yes,62.6,Yes,66.8,Fair
103250,17.4,59,127,1349.0,48.0,4,3.0,2.3,230.5,15.3,No,71.3,Yes,81.0,Good
103251,24.8,36,116,1294.0,57.0,88,4.6,10.1,257.7,4.9,Yes,63.1,No,58.1,Fair
103252,23.9,55,64,1018.0,24.0,35,11.2,16.2,220.4,7.8,Yes,70.0,No,90.2,Excellent
103253,24.9,69,23,649.0,43.0,73,5.6,1.8,204.2,24.8,Yes,117.4,Yes,71.2,Good
103254,26.2,40,22,597.0,38.0,114,13.8,8.9,118.4,15.4,Yes,68.6,Yes,58.5,Fair
103255,24.1,43,93,815.0,65.0,45,8.0,15.6,120.8,29.0,Yes,58.6,Yes,70.6,Good
103256,23.4,50,99,1131.0,68.0,22,8.2,16.2,280.4,30.0,Yes,72.7,Yes,72.2,Good
103257,20.4,37,36,1337.0,63.0,87,2.4,9.3,55.6,24.4,Yes,75.6,No,56.8,Fair
103258,20.9,32,98,615.0,28.0,44,13.5,0.4,283.7,9.2,Yes,72.2,Yes,90.8,Excellent
103259,26.6,57,146,1214.0,45.0,9,4.1,1.9,208.0,8.5,Yes,68.2,No,80.1,Good
103260,27.3,58,50,1009.0,44.0,53,8.5,10.6,330.9,9.1,Yes,50.5,No,63.3,Fair
103261,22.3,52,57,910.0,54.0,69,6.7,2.2,349.2,29.6,Yes,93.5,No,73.6,Good
103262,23.1,47,21,1317.0,69.0,76,7.0,2.7,249.0,11.4,Yes,79.0,No,57.1,Fair
103263,20.3,64,147,556.0,55.0,84,9.7,13.9,173.7,21.8,No,53.9,No,58.2,Fair
103264,26.5,42,15,561.0,33.0,31,9.9,13.5,192.5,28.9,Yes,56.5,No,79.8,Good
103265,25.0,41,50,441.0,25.0,42,3.9,15.2,111.3,24.9,Yes,62.9,Yes,90.8,Excellent
103266,28.8,34,15,702.0,51.0,117,8.0,1.9,79.8,18.7,Yes,48.4,Yes,46.3,Poor
103267,20.4,68,139,1413.0,45.0,14,11.5,3.6,223.6,6.7,Yes,45.2,No,87.6,Excellent
103268,21.9,40,24,1163.0,34.0,65,7.3,15.0,291.6,6.9,Yes,84.5,No,86.7,Excellent
103269,23.7,40,25,519.0,68.0,14,4.0,13.0,128.5,15.8,Yes,62.4,Yes,73.6,Good
103270,24.9,60,94,1498.0,50.0,114,5.8,14.5,175.9,28.7,Yes,84.7,Yes,53.9,Fair
103271,22.4,60,19,1073.0,56.0,80,4.5,17.8,216.4,27.3,Yes,79.2,No,68.0,Fair
103272,20.4,42,147,1060.0,57.0,19,3.5,15.6,322.4,6.7,No,90.3,Yes,76.1,Good
103273,25.6,43,147,522.0,56.0,49,6.5,9.4,91.6,10.1,Yes,74.2,Yes,69.7,Fair
103274,25.2,54,28,1052.0,38.0,5,8.5,5.6,121.1,18.5,No,66.5,Yes,89.1,Excellent
103275,20.3,62,77,1320.0,33.0,78,2.9,10.3,325.6,15.4,Yes,49.0,No,76.7,Good
103276,27.1,62,51,1413.0,55.0,16,9.2,11.5,61.9,5.3,Yes,80.0,No,71.6,Good
103277,26.5,44,149,1188.0,56.0,119,13.9,6.0,246.8,12.3,Yes,57.3,Yes,45.2,Poor
103278,23.4,45,93,656.0,30.0,25,13.6,13.9,241.9,28.7,No,67.1,No,88.8,Excellent
103279,23.2,67,143,1156.0,46.0,21,12.0,1.7,165.0,28.6,Yes,64.9,Yes,87.9,Excellent
103280,24.7,35,62,997.0,21.0,72,5.2,14.0,190.4,17.7,Yes,77.6,No,84.9,Good
103281,20.4,54,107,1190.0,41.0,63,2.3,0.6,306.5,19.8,Yes,42.5,Yes,72.1,Good
103282,23.1,44,51,1079.0,21.0,75,12.0,9.0,99.5,8.2,Yes,80.2,Yes,86.6,Excellent
103283,16.5,33,39,1432.0,39.0,85,2.7,15.5,119.5,22.8,Yes,77.2,No,61.4,Fair
103284,25.6,33,18,1195.0,63.0,57,4.5,1.6,203.7,3.5,Yes,68.2,Yes,62.9,Fair
103285,18.3,59,43,1007.0,67.0,86,8.5,9.3,172.9,8.2,Yes,74.4,No,45.3,Poor
103286,27.5,63,97,730.0,36.0,36,4.1,2.9,222.3,2.2,Yes,73.4,No,76.9,Good
103287,22.0,56,59,455.0,23.0,77,12.0,16.1,326.3,12.8,Yes,58.0,Yes,86.9,Excellent
103288,22.4,60,85,504.0,33.0,87,11.3,15.0,325.1,25.8,Yes,82.6,Yes,79.2,Good
103289,21.1,61,55,946.0,26.0,71,11.1,16.8,119.0,29.5,Yes,43.9,Yes,89.1,Excellent
103290,22.1,68,55,1192.0,34.0,89,11.8,15.7,140.6,20.7,Yes,63.7,Yes,78.6,Good
103291,27.3,38,135,888.0,49.0,95,4.6,13.3,98.6,22.9,Yes,61.4,No,50.3,Fair
103292,16.0,70,26,1473.0,35.0,27,10.7,3.3,328.3,9.4,Yes,76.1,Yes,77.2,Good
103293,26.8,37,75,702.0,59.0,95,6.3,5.4,169.4,16.6,Yes,79.2,No,47.6,Poor
103294,24.0,43,113,1424.0,21.0,85,10.0,8.9,184.9,22.6,Yes,46.8,No,80.0,Good
103295,19.4,62,14,1049.0,38.0,48,3.5,10.6,290.8,15.9,No,80.1,No,76.7,Good
103296,19.8,52,132,1047.0,20.0,72,10.5,14.1,203.9,4.5,No,60.1,Yes,87.5,Excellent
103297,28.0,50,134,780.0,50.0,66,13.7,4.1,85.9,22.7,Yes,66.6,Yes,52.2,Fair
103298,20.2,41,121,561.0,23.0,88,2.5,2.3,181.4,8.1,Yes,75.2,Yes,82.5,Good
103299,19.5,31,25,418.0,46.0,102,3.1,8.7,239.2,4.7,Yes,91.4,No,62.9,Fair
103300,26.4,42,90,1373.0,44.0,75,3.5,2.8,265.8,15.4,Yes,43.1,Yes,60.8,Fair
103301,24.0,33,100,642.0,41.0,92,7.2,12.5,243.6,4.1,No,71.4,No,70.0,Good
103302,20.2,49,144,528.0,62.0,66,5.5,10.4,85.8,19.6,Yes,65.5,No,66.5,Fair
103303,23.6,43,145,808.0,29.0,40,11.7,13.3,141.3,19.9,Yes,55.4,No,89.3,Excellent
103304,19.9,59,81,1191.0,69.0,45,7.7,1.1,270.1,9.2,Yes,40.4,No,61.0,Fair
103305,26.3,58,105,1342.0,52.0,86,7.8,17.4,314.1,29.0,Yes,56.2,No,51.0,Fair
103306,26.2,37,120,621.0,68.0,86,10.6,0.0,64.2,25.1,No,84.8,Yes,42.7,Poor
103307,24.6,41,91,844.0,67.0,54,6.3,5.9,62.7,5.1,Yes,58.9,Yes,59.5,Fair
103308,24.1,70,47,1017.0,63.0,81,6.2,12.2,243.0,23.0,Yes,95.1,No,55.0,Fair
103309,28.3,67,63,922.0,49.0,10,11.1,0.8,214.4,11.9,No,78.9,No,67.6,Fair
103310,23.0,55,85,565.0,49.0,99,11.4,1.5,96.6,23.0,Yes,94.9,Yes,64.5,Fair
103311,19.5,31,24,1107.0,35.0,25,2.2,1.4,214.5,24.4,Yes,71.4,No,84.7,Good
103312,24.3,69,125,1142.0,28.0,71,3.7,10.5,342.3,6.2,Yes,65.4,No,80.8,Good
103313,29.3,43,18,1408.0,36.0,91,4.6,16.1,239.3,20.5,Yes,49.0,Yes,50.9,Fair
103314,20.0,35,17,1312.0,54.0,81,6.2,10.0,184.7,26.2,Yes,68.1,No,63.1,Fair
103315,21.9,69,119,1436.0,69.0,12,5.5,10.9,298.3,11.1,No,77.4,Yes,76.9,Good
103316,24.2,60,60,764.0,66.0,35,10.0,6.2,113.8,4.2,Yes,85.4,Yes,67.2,Fair
103317,22.8,46,40,624.0,34.0,105,11.9,0.3,174.3,2.8,Yes,88.4,No,74.6,Good
103318,20.1,54,111,1395.0,67.0,103,4.3,0.4,208.3,5.1,Yes,69.5,No,54.6,Fair
103319,26.4,61,12,593.0,47.0,107,8.8,16.0,201.4,2.1,Yes,67.8,No,54.2,Fair
103320,30.0,41,108,,39.0,63,6.4,1.8,326.3,11.2,Yes,63.5,No,62.1,Fair
103321,23.6,42,92,612.0,52.0,50,8.1,18.0,137.8,10.4,Yes,71.9,No,71.6,Good
103322,20.3,48,52,516.0,52.0,75,9.4,3.0,67.0,5.1,Yes,73.8,No,68.8,Fair
103323,18.4,54,38,998.0,55.0,21,12.7,12.1,324.9,20.2,Yes,72.2,No,77.2,Good
103324,23.8,60,19,809.0,32.0,59,4.3,17.1,115.1,29.8,Yes,84.6,Yes,81.6,Good
103325,26.3,66,149,1211.0,23.0,1,3.0,6.5,163.7,27.2,Yes,92.5,Yes,95.8,Excellent
103326,24.4,54,55,1328.0,42.0,55,9.5,13.2,209.3,9.1,Yes,46.0,Yes,75.6,Good
103327,23.0,45,39,403.0,27.0,39,6.7,6.3,342.8,23.6,Yes,65.9,No,95.9,Excellent
103328,21.2,67,103,422.0,32.0,27,4.0,5.5,210.6,28.2,Yes,72.2,No,92.9,Excellent
103329,19.7,52,41,1320.0,43.0,76,3.4,3.6,184.3,27.4,No,79.0,No,65.1,Fair
103330,25.5,43,56,1144.0,59.0,96,8.7,14.8,225.1,26.8,Yes,72.6,Yes,54.1,Fair
103331,25.7,35,97,1001.0,65.0,2,5.6,4.6,341.2,24.0,Yes,72.3,Yes,71.3,Good
103332,18.4,54,72,1387.0,49.0,62,14.0,5.1,295.4,10.2,Yes,80.9,Yes,69.5,Fair
103333,27.8,52,140,868.0,49.0,97,6.9,18.0,100.7,4.3,Yes,58.4,Yes,47.9,Poor
103334,24.7,41,32,1369.0,44.0,22,4.5,5.9,291.0,15.7,Yes,85.3,No,79.2,Good
103335,27.2,42,83,1026.0,52.0,54,9.5,7.6,302.3,3.5,Yes,77.9,No,66.5,Fair
103336,19.0,65,59,606.0,28.0,31,4.9,17.8,257.2,30.0,Yes,75.5,Yes,82.7,Good
103337,18.9,68,133,1413.0,45.0,83,7.9,6.6,247.2,12.0,Yes,81.5,No,68.3,Fair
103338,22.6,63,22,480.0,43.0,27,7.8,6.6,182.3,28.8,No,56.8,No,88.2,Excellent
103339,24.5,35,135,1014.0,52.0,7,7.4,14.9,242.5,23.6,Yes,86.4,No,80.6,Good
103340,28.4,67,38,882.0,58.0,2,11.6,5.6,271.3,13.5,Yes,51.3,No,70.9,Good
103341,25.1,69,130,991.0,44.0,93,4.6,4.2,86.8,5.3,Yes,42.2,No,62.6,Fair
103342,22.3,37,99,432.0,64.0,88,12.9,7.6,127.2,8.6,Yes,82.7,No,56.2,Fair
103343,19.9,37,142,434.0,34.0,52,11.5,12.6,108.2,20.8,Yes,78.9,No,81.7,Good
103344,26.7,69,87,1399.0,60.0,93,6.0,0.8,302.4,25.2,Yes,87.3,Yes,44.2,Poor
103345,20.1,62,118,1473.0,67.0,28,4.2,6.7,254.0,29.4,Yes,41.0,Yes,67.5,Fair
103346,27.9,63,23,679.0,68.0,110,5.4,6.2,185.2,5.7,Yes,79.9,Yes,37.3,Poor
103347,22.1,44,145,551.0,60.0,93,6.0,4.4,297.8,6.4,Yes,61.9,No,59.4,Fair
103348,27.8,65,57,1100.0,25.0,97,8.7,11.8,265.0,3.2,Yes,76.0,No,58.2,Fair
103349,25.0,64,33,1134.0,,88,2.6,5.2,324.1,9.3,No,64.5,No,70.4,Good
103350,22.6,51,88,1418.0,63.0,80,13.0,10.9,73.0,25.0,Yes,46.5,Yes,68.0,Fair
103351,21.4,52,60,1064.0,35.0,58,3.2,9.1,202.7,7.6,Yes,48.0,No,88.2,Excellent
103352,22.0,69,12,1322.0,40.0,23,5.4,3.9,262.0,17.3,Yes,67.4,No,93.6,Excellent
103353,24.3,51,137,852.0,34.0,37,3.3,4.8,112.2,14.5,No,42.2,Yes,82.9,Good
103354,23.2,34,128,1019.0,58.0,27,5.1,3.1,148.1,11.1,Yes,80.9,Yes,77.2,Good
103355,21.2,60,67,1456.0,61.0,96,12.1,1.0,175.7,19.3,No,40.0,No,60.2,Fair
103356,22.5,42,134,415.0,23.0,61,9.4,11.1,288.3,16.1,No,90.6,No,88.9,Excellent
103357,23.2,57,122,1138.0,43.0,99,4.7,12.1,198.1,11.4,Yes,38.5,No,67.0,Fair
103358,16.6,49,64,1114.0,22.0,50,12.5,3.0,197.9,21.3,Yes,66.0,Yes,86.0,Excellent
103359,24.4,62,128,1113.0,69.0,6,11.6,11.1,179.3,9.8,Yes,76.7,Yes,70.7,Good
103360,20.1,45,129,497.0,20.0,22,11.0,17.7,118.6,20.0,Yes,67.2,No,98.2,Excellent
103361,19.5,58,89,515.0,49.0,117,12.2,1.3,326.9,28.8,Yes,65.1,No,55.7,Fair
103362,17.9,52,51,1364.0,32.0,45,9.4,8.8,145.3,22.4,Yes,76.3,No,74.0,Good
103363,17.6,53,30,748.0,37.0,89,8.0,13.2,220.2,13.7,Yes,74.1,No,67.4,Fair
103364,18.9,63,19,631.0,59.0,77,6.5,0.8,94.6,22.9,Yes,67.1,No,58.1,Fair
103365,20.9,36,66,1435.0,30.0,105,4.7,14.0,180.3,24.7,Yes,68.7,Yes,75.4,Good
103366,28.9,67,65,1383.0,61.0,27,8.7,17.6,321.1,11.1,Yes,53.7,No,59.2,Fair
103367,21.4,66,47,1038.0,48.0,23,12.7,1.6,348.6,21.7,Yes,44.3,No,88.6,Excellent
103368,23.5,33,95,684.0,23.0,6,9.1,14.8,158.5,14.2,Yes,100.1,No,100.0,Excellent
103369,24.2,63,122,1035.0,44.0,111,13.0,6.8,96.2,24.9,Yes,87.4,Yes,60.0,Fair
103370,23.4,51,121,944.0,55.0,99,6.3,2.6,144.3,10.3,Yes,58.8,No,62.9,Fair
103371,22.8,34,63,791.0,55.0,102,10.3,8.9,148.2,28.3,No,77.0,No,61.7,Fair
103372,19.4,52,55,476.0,63.0,78,9.8,1.3,243.4,18.1,No,77.7,Yes,57.8,Fair
103373,27.4,44,13,696.0,,48,10.0,9.4,198.8,11.9,Yes,55.3,Yes,56.0,Fair
103374,28.4,60,71,729.0,47.0,2,9.7,0.3,280.5,13.7,Yes,68.4,Yes,74.9,Good
103375,18.0,38,133,1486.0,64.0,111,4.7,13.1,260.4,11.7,Yes,74.4,Yes,38.1,Poor
103376,19.9,54,137,669.0,27.0,1,3.7,8.8,125.4,6.1,Yes,84.6,Yes,96.4,Excellent
103377,22.2,54,121,615.0,40.0,6,13.7,8.3,285.3,3.9,Yes,66.8,No,95.2,Excellent
103378,20.1,50,94,1498.0,54.0,79,2.5,3.5,304.2,,Yes,66.5,No,59.1,Fair
103379,24.5,38,13,909.0,63.0,20,7.6,6.5,229.5,14.8,Yes,86.5,No,71.4,Good
103380,20.8,67,74,978.0,37.0,8,7.1,3.3,328.3,12.1,Yes,69.5,Yes,96.4,Excellent
103381,29.5,51,71,1476.0,66.0,11,6.3,13.2,284.9,2.4,Yes,66.0,Yes,57.0,Fair
103382,26.6,52,99,895.0,44.0,92,11.4,3.6,228.6,18.2,Yes,80.9,Yes,62.7,Fair
103383,23.6,33,129,1347.0,65.0,23,10.9,11.1,321.8,6.1,No,74.5,Yes,75.6,Good
103384,26.1,58,139,493.0,60.0,32,12.9,5.0,230.1,7.9,Yes,70.3,No,69.1,Fair
103385,26.3,44,146,1024.0,24.0,77,6.7,11.8,206.4,5.4,Yes,43.8,No,70.3,Good
103386,21.3,30,54,628.0,66.0,42,8.8,9.7,156.9,16.6,No,92.5,No,73.0,Good
103387,20.6,59,121,,27.0,81,12.7,7.6,314.9,4.7,Yes,54.5,Yes,85.9,Excellent
103388,23.2,58,51,1120.0,,117,13.9,12.1,86.8,,No,73.2,No,62.4,Fair
103389,25.6,49,50,1379.0,22.0,4,13.6,7.5,192.1,14.6,No,96.5,No,93.4,Excellent
103390,23.4,62,98,581.0,63.0,78,10.6,14.8,211.2,6.7,Yes,62.0,No,59.1,Fair
103391,18.3,70,51,666.0,56.0,70,3.7,13.1,216.4,14.5,Yes,102.6,No,58.0,Fair
103392,20.6,65,44,1403.0,50.0,88,2.3,9.7,245.6,11.6,No,82.7,Yes,66.1,Fair
103393,22.8,51,76,680.0,48.0,13,11.9,15.8,201.7,26.1,Yes,80.5,Yes,81.2,Good
103394,22.8,42,50,1361.0,60.0,115,12.1,14.9,127.0,24.3,Yes,56.9,No,58.5,Fair
103395,28.9,36,108,1066.0,39.0,103,11.0,9.6,307.1,29.8,No,56.7,No,53.7,Fair
103396,18.8,37,59,930.0,22.0,35,5.4,1.2,247.3,16.8,Yes,53.6,Yes,85.0,Excellent
103397,24.5,57,113,822.0,42.0,34,9.7,10.2,307.5,,Yes,98.1,Yes,85.0,Excellent
103398,27.5,38,95,1380.0,,107,5.8,6.4,132.8,28.5,No,55.0,No,46.8,Poor
103399,29.8,54,88,853.0,40.0,49,7.4,9.7,241.1,13.2,Yes,49.6,No,59.3,Fair
103400,21.8,45,54,666.0,32.0,87,6.6,11.6,264.3,17.6,Yes,72.8,No,83.0,Good
103401,24.5,39,115,906.0,27.0,78,13.0,11.6,165.0,12.6,Yes,47.9,Yes,73.3,Good
103402,24.7,40,131,715.0,24.0,10,4.8,12.1,293.7,17.3,Yes,69.8,No,100.0,Excellent
103403,23.6,60,86,1163.0,44.0,23,8.9,12.2,50.8,4.3,Yes,66.3,No,86.6,Excellent
103404,22.7,41,65,1297.0,58.0,74,6.3,2.0,228.5,23.9,Yes,50.6,No,62.6,Fair
103405,24.3,60,121,1352.0,56.0,43,10.0,3.5,234.1,29.6,Yes,72.1,No,67.4,Fair
103406,16.0,43,102,1274.0,60.0,50,8.8,11.3,210.2,3.8,Yes,41.9,No,59.5,Fair
103407,25.0,61,50,,24.0,16,13.1,7.3,239.0,,Yes,97.5,Yes,96.8,Excellent
103408,23.4,46,15,421.0,27.0,69,3.2,13.7,100.2,8.8,Yes,64.5,No,82.3,Good
103409,22.3,64,107,783.0,63.0,84,4.6,2.2,255.4,7.5,No,66.5,Yes,59.7,Fair
103410,29.1,30,82,502.0,,7,11.2,3.4,150.7,21.4,Yes,74.8,Yes,83.4,Good
103411,21.0,58,50,1299.0,60.0,78,6.4,10.1,185.6,3.2,Yes,43.6,Yes,63.2,Fair
103412,21.8,33,18,1132.0,41.0,117,4.0,9.0,149.9,15.0,Yes,75.3,Yes,67.6,Fair
103413,29.0,52,17,509.0,33.0,115,8.0,4.8,192.2,2.0,No,47.9,No,55.9,Fair
103414,20.5,57,113,1488.0,38.0,95,9.8,7.4,236.5,17.5,Yes,54.9,Yes,67.0,Fair
103415,21.3,45,22,1069.0,32.0,73,2.5,0.6,301.5,14.9,Yes,59.8,Yes,79.2,Good
103416,22.6,41,28,1499.0,54.0,27,5.5,0.7,195.0,27.6,Yes,98.5,No,79.8,Good
103417,25.5,50,107,1442.0,23.0,78,11.7,1.7,147.0,22.2,Yes,66.7,Yes,80.4,Good
103418,23.6,46,105,,52.0,11,8.2,10.4,196.4,5.5,Yes,71.9,Yes,83.8,Good
103419,19.1,69,58,589.0,41.0,42,2.4,15.5,256.6,11.9,Yes,81.5,No,74.7,Good
103420,21.4,42,109,1161.0,20.0,81,5.4,4.7,154.0,28.1,Yes,82.1,Yes,87.8,Excellent
103421,21.2,61,91,759.0,30.0,119,9.7,0.6,174.3,22.3,Yes,84.2,No,72.2,Good
103422,22.8,66,75,1274.0,35.0,36,4.4,12.8,218.9,18.6,Yes,103.9,Yes,90.4,Excellent
103423,24.3,44,100,1285.0,23.0,107,11.9,15.4,138.2,17.7,Yes,74.7,Yes,72.2,Good
103424,24.3,41,68,478.0,48.0,87,10.1,2.5,112.7,13.1,Yes,60.5,No,63.8,Fair
103425,17.7,44,62,995.0,58.0,62,7.7,6.9,92.1,18.4,Yes,76.9,Yes,60.4,Fair
103426,26.2,63,61,1285.0,63.0,100,13.0,2.9,155.8,23.6,Yes,86.2,Yes,51.0,Fair
103427,23.8,35,90,1414.0,57.0,117,6.7,1.9,64.5,5.6,Yes,77.1,Yes,50.2,Fair
103428,27.2,46,24,548.0,43.0,92,4.8,11.7,225.0,29.2,Yes,41.3,Yes,57.4,Fair
103429,24.3,49,130,409.0,28.0,62,9.9,17.4,102.8,8.7,Yes,59.3,Yes,82.2,Good
103430,26.3,38,14,1191.0,27.0,9,8.9,12.2,163.2,14.5,Yes,68.2,Yes,94.3,Excellent
103431,24.4,34,144,1478.0,,77,6.0,17.7,130.8,2.6,Yes,87.3,No,72.2,Good
103432,27.0,52,27,1271.0,34.0,79,6.1,7.8,239.1,17.4,Yes,87.8,No,68.5,Fair
103433,24.6,62,65,579.0,41.0,36,6.8,16.2,305.1,12.7,Yes,55.2,No,75.2,Good
103434,22.7,67,84,1143.0,56.0,10,5.5,3.7,240.0,9.0,Yes,67.8,No,83.2,Good
103435,29.8,43,105,780.0,34.0,114,10.5,2.1,212.8,29.6,Yes,76.6,No,48.6,Poor
103436,25.7,46,123,850.0,25.0,89,9.8,12.6,250.7,14.0,Yes,70.5,No,70.2,Good
103437,24.7,48,110,793.0,20.0,103,7.3,6.7,59.0,13.6,Yes,76.7,No,82.0,Good
103438,19.2,62,37,1364.0,39.0,18,6.8,5.7,86.9,15.0,Yes,64.2,No,85.4,Excellent
103439,19.1,30,59,832.0,60.0,51,6.4,12.1,78.5,5.3,Yes,75.8,No,70.0,Good
103440,23.9,42,11,1353.0,55.0,117,5.4,6.0,79.5,13.0,Yes,68.8,No,49.1,Poor
103441,23.4,56,77,1345.0,21.0,17,3.0,10.3,128.1,11.4,Yes,69.7,No,100.0,Excellent
103442,21.2,35,137,1463.0,25.0,93,5.2,5.4,209.6,15.0,Yes,92.5,No,81.7,Good
103443,23.4,35,86,1165.0,21.0,31,5.9,14.1,84.4,26.0,Yes,82.7,Yes,93.7,Excellent
103444,27.8,62,33,1307.0,22.0,22,8.6,5.6,330.5,7.4,Yes,89.9,No,81.5,Good
103445,25.1,59,121,484.0,26.0,116,11.3,9.6,306.3,19.0,Yes,41.8,No,65.2,Fair
103446,19.6,64,128,1183.0,39.0,11,6.7,0.4,341.5,3.1,Yes,62.2,No,91.6,Excellent
103447,22.7,52,45,1215.0,68.0,57,13.3,14.3,62.8,10.9,Yes,50.9,No,64.4,Fair
103448,20.6,39,11,1106.0,60.0,76,11.9,11.2,305.4,15.2,Yes,88.9,Yes,64.4,Fair
103449,21.8,48,136,669.0,60.0,20,13.8,3.5,291.1,4.1,Yes,72.9,No,77.7,Good
103450,21.8,57,114,1240.0,24.0,20,12.5,3.9,320.6,17.2,Yes,69.8,Yes,100.0,Excellent
103451,21.6,52,27,1442.0,44.0,92,9.4,4.7,208.4,10.7,No,58.9,Yes,70.0,Good
103452,19.2,33,17,1463.0,57.0,92,9.2,10.4,286.4,29.8,Yes,86.0,No,56.6,Fair
103453,22.6,49,24,915.0,37.0,113,3.6,9.9,65.4,19.7,Yes,90.0,No,68.1,Fair
103454,21.3,48,32,1456.0,20.0,90,10.7,4.9,72.8,8.8,Yes,83.5,Yes,86.6,Excellent
103455,16.0,56,102,849.0,44.0,28,9.2,12.5,85.6,4.9,Yes,62.8,No,70.7,Good
103456,29.2,63,58,1084.0,36.0,78,8.1,16.0,324.4,3.1,No,67.9,No,56.6,Fair
103457,26.3,33,73,1024.0,65.0,46,10.3,0.8,68.4,4.5,Yes,65.4,Yes,57.2,Fair
103458,21.9,67,43,1284.0,34.0,11,7.3,7.5,80.0,21.0,Yes,80.1,Yes,99.0,Excellent
103459,23.1,36,27,718.0,24.0,57,8.3,10.7,329.1,25.9,Yes,65.0,No,91.3,Excellent
103460,19.5,36,73,887.0,36.0,40,6.8,10.6,82.2,6.4,Yes,75.5,Yes,82.2,Good
103461,28.1,55,115,850.0,40.0,18,10.6,0.4,310.9,13.3,Yes,67.3,Yes,81.9,Good
103462,28.7,55,83,752.0,42.0,11,12.5,3.8,286.8,11.9,No,58.1,Yes,69.0,Fair
103463,23.5,48,111,1354.0,62.0,22,12.1,1.1,62.1,20.0,Yes,87.6,No,73.9,Good
103464,26.1,38,26,1436.0,29.0,4,11.4,10.2,56.6,7.1,Yes,71.0,Yes,95.0,Excellent
103465,23.5,49,61,719.0,36.0,25,2.2,11.6,210.3,28.7,Yes,61.1,No,88.9,Excellent
103466,19.0,45,73,484.0,20.0,116,12.9,2.9,349.2,22.4,Yes,76.1,No,72.6,Good
103467,21.8,46,43,647.0,56.0,62,5.3,6.0,313.6,28.7,Yes,82.4,Yes,68.4,Fair
103468,23.4,51,104,967.0,67.0,51,12.7,5.9,143.0,9.8,Yes,50.9,No,68.6,Fair
103469,21.6,42,96,,26.0,9,4.4,14.8,165.9,18.5,Yes,59.1,Yes,96.9,Excellent
103470,22.3,41,111,1043.0,31.0,85,7.3,3.5,166.4,22.5,No,89.8,No,78.8,Good
103471,22.7,39,149,878.0,59.0,38,11.0,9.9,270.3,21.9,Yes,58.2,No,75.2,Good
103472,22.8,30,85,1112.0,69.0,22,9.7,14.1,152.3,2.6,Yes,73.9,Yes,71.8,Good
103473,23.2,61,28,767.0,20.0,10,7.0,14.9,94.3,30.0,Yes,61.9,No,100.0,Excellent
103474,19.8,59,146,756.0,39.0,91,10.1,12.0,274.1,28.0,Yes,66.1,Yes,69.7,Fair
103475,20.8,37,83,807.0,63.0,94,8.6,5.4,187.4,5.4,Yes,68.2,Yes,62.5,Fair
103476,19.1,50,59,578.0,50.0,71,5.3,14.8,73.0,17.2,Yes,73.4,Yes,66.4,Fair
103477,25.9,51,48,766.0,23.0,116,9.8,13.4,287.0,10.8,Yes,46.6,No,68.0,Fair
103478,16.7,47,147,1459.0,45.0,102,4.5,12.7,225.6,26.6,Yes,57.0,Yes,50.0,Fair
103479,26.5,31,21,862.0,31.0,47,10.3,1.2,196.8,21.5,Yes,98.7,No,77.4,Good
103480,27.2,38,88,1227.0,41.0,91,2.0,0.8,252.0,8.3,Yes,80.5,No,55.7,Fair
103481,22.1,32,24,545.0,20.0,15,8.6,12.5,201.6,2.9,Yes,56.8,No,100.0,Excellent
103482,16.0,55,37,779.0,,45,6.8,17.0,244.5,10.2,Yes,81.4,No,77.2,Good
103483,21.9,50,141,567.0,22.0,46,5.6,13.9,310.2,3.1,Yes,43.5,Yes,97.4,Excellent
103484,22.8,59,45,486.0,31.0,115,8.2,15.0,234.1,6.0,Yes,66.1,No,70.3,Good
103485,20.0,57,128,553.0,40.0,94,9.7,9.8,247.9,19.8,Yes,61.4,No,64.7,Fair
103486,21.5,65,74,896.0,32.0,104,13.6,5.5,234.2,22.9,Yes,57.2,Yes,75.8,Good
103487,27.6,55,107,714.0,32.0,47,12.0,12.2,209.4,15.1,No,72.1,No,75.8,Good
103488,25.0,63,56,1122.0,60.0,79,10.6,12.8,101.6,18.8,Yes,59.7,Yes,60.4,Fair
103489,20.2,37,90,1163.0,37.0,68,7.7,12.2,150.7,6.4,Yes,61.2,No,80.9,Good
103490,18.2,39,48,661.0,,98,6.7,17.0,257.9,10.9,Yes,59.7,No,55.5,Fair
103491,22.0,43,47,886.0,25.0,116,2.4,6.6,177.6,22.0,Yes,79.7,No,83.9,Good
103492,22.4,69,53,853.0,44.0,24,6.3,0.7,171.8,12.2,Yes,76.2,No,84.7,Good
103493,24.5,44,106,842.0,42.0,76,12.2,16.4,277.8,11.8,Yes,84.6,No,69.5,Fair
103494,21.4,46,133,942.0,43.0,92,6.6,2.9,51.7,7.4,Yes,73.1,Yes,70.3,Good
103495,24.5,47,35,749.0,56.0,90,7.5,12.6,253.7,18.7,Yes,51.4,Yes,62.8,Fair
103496,28.8,61,106,1223.0,45.0,103,5.3,15.7,196.8,24.7,Yes,69.1,Yes,43.2,Poor
103497,25.4,67,10,837.0,,80,5.3,5.6,163.0,15.1,Yes,74.3,No,78.5,Good
103498,22.9,52,62,568.0,57.0,36,2.7,14.9,152.2,5.2,Yes,53.0,No,72.2,Good
103499,22.5,52,15,422.0,54.0,101,9.4,6.0,101.9,25.5,Yes,55.5,No,66.9,Fair
103500,21.9,64,46,1387.0,68.0,62,7.4,14.3,150.3,4.0,No,57.7,Yes,60.9,Fair
103501,26.5,68,11,1075.0,30.0,28,9.3,1.3,167.4,15.2,Yes,70.0,Yes,84.8,Good
103502,21.1,44,132,680.0,55.0,57,8.6,11.8,181.2,9.3,Yes,63.1,No,71.1,Good
103503,23.1,53,78,1121.0,44.0,97,11.6,12.2,251.7,28.2,Yes,71.6,Yes,70.8,Good
103504,23.2,57,22,652.0,39.0,93,11.0,8.8,186.1,22.7,Yes,81.4,No,74.4,Good
103505,21.5,45,78,803.0,20.0,30,11.3,12.4,288.9,17.9,Yes,78.6,Yes,100.0,Excellent
103506,18.9,45,75,532.0,49.0,85,8.0,16.6,241.9,20.7,Yes,70.9,Yes,60.9,Fair
103507,24.0,69,68,1017.0,23.0,109,6.2,13.2,106.9,16.9,Yes,85.0,Yes,74.1,Good
103508,22.8,68,77,631.0,42.0,88,13.2,17.3,133.2,6.1,Yes,83.9,Yes,73.0,Good
103509,24.5,35,68,944.0,54.0,67,2.7,8.1,73.8,21.9,Yes,68.5,No,67.2,Fair
103510,21.4,31,126,478.0,,98,3.8,9.5,333.7,15.8,Yes,54.7,No,61.0,Fair
103511,26.7,42,19,1458.0,41.0,40,7.0,4.7,316.0,19.8,Yes,61.0,No,70.6,Good
103512,20.4,38,139,894.0,50.0,49,9.4,17.7,75.4,3.3,Yes,64.3,Yes,73.2,Good
103513,28.1,63,24,727.0,20.0,43,2.1,1.0,222.2,6.0,Yes,71.8,Yes,81.0,Good
103514,17.8,46,55,1366.0,23.0,8,10.6,6.5,338.1,18.5,Yes,58.5,No,95.6,Excellent
103515,24.3,56,147,1089.0,38.0,58,8.7,5.4,274.1,14.9,Yes,86.2,Yes,73.6,Good
103516,24.4,58,98,783.0,49.0,89,7.8,7.0,197.5,8.4,Yes,83.7,No,60.6,Fair
103517,20.6,66,86,946.0,20.0,90,7.1,16.5,122.3,8.7,Yes,80.8,No,86.7,Excellent
103518,24.3,51,145,791.0,67.0,26,8.2,6.6,133.7,19.7,No,60.5,No,69.0,Fair
103519,26.8,53,119,1308.0,38.0,81,3.9,16.5,270.9,3.7,Yes,72.8,Yes,62.2,Fair
103520,16.3,36,106,1084.0,40.0,93,3.3,7.6,284.2,14.2,Yes,64.7,Yes,57.4,Fair
103521,24.5,63,54,940.0,41.0,108,5.5,15.4,208.6,16.6,Yes,67.5,Yes,59.0,Fair
103522,16.0,41,100,696.0,69.0,58,10.5,9.4,86.3,10.6,Yes,60.9,Yes,46.4,Poor
103523,20.1,52,123,455.0,21.0,109,9.1,5.6,330.2,25.0,Yes,52.2,No,79.1,Good
103524,27.9,44,82,1439.0,25.0,94,7.8,8.1,303.4,3.6,No,91.3,No,62.9,Fair
103525,21.3,62,44,465.0,40.0,105,8.9,7.6,92.2,26.2,No,91.3,Yes,64.2,Fair
103526,19.5,42,51,1357.0,52.0,2,8.7,4.7,67.0,22.3,Yes,76.4,Yes,83.1,Good
103527,22.4,52,142,1446.0,38.0,92,5.7,5.2,210.8,14.5,Yes,73.2,Yes,68.1,Fair
103528,29.2,67,36,1101.0,46.0,6,3.2,3.4,135.2,,Yes,90.6,No,73.6,Good
103529,17.5,61,41,1159.0,56.0,81,12.8,6.0,135.0,21.7,Yes,75.9,No,52.3,Fair
103530,19.8,64,145,885.0,48.0,15,9.2,11.2,76.2,28.1,Yes,42.8,No,82.8,Good
103531,27.5,30,112,1220.0,47.0,48,10.4,7.0,336.0,15.2,No,65.3,No,62.6,Fair
103532,28.6,34,94,1287.0,53.0,31,7.6,12.8,299.0,14.7,Yes,94.2,No,63.0,Fair
103533,22.7,42,87,576.0,20.0,101,11.1,17.8,84.2,16.9,Yes,48.9,No,83.2,Good
103534,19.3,34,53,594.0,67.0,88,9.0,6.8,313.0,3.8,Yes,91.0,No,56.2,Fair
103535,29.3,61,41,1436.0,44.0,43,2.6,8.3,254.9,27.4,Yes,66.0,Yes,56.4,Fair
103536,27.8,50,37,1275.0,40.0,95,12.7,3.0,147.6,20.7,Yes,52.7,Yes,54.3,Fair
103537,25.0,53,86,565.0,53.0,18,5.7,7.1,311.4,19.3,Yes,66.8,Yes,74.4,Good
103538,20.6,47,27,956.0,45.0,2,3.7,13.1,229.4,27.9,Yes,59.1,Yes,88.1,Excellent
103539,22.9,50,112,566.0,55.0,59,3.1,3.9,304.6,29.8,Yes,69.1,Yes,73.7,Good
103540,22.5,39,79,1108.0,54.0,34,10.6,3.3,190.8,6.6,Yes,83.5,Yes,78.1,Good
103541,24.0,53,128,1117.0,42.0,113,10.4,6.8,200.2,23.0,Yes,76.7,Yes,64.4,Fair
103542,27.4,69,148,496.0,36.0,28,10.4,14.7,137.3,18.2,Yes,80.2,No,79.6,Good
103543,25.6,50,106,1078.0,66.0,74,13.0,11.2,166.3,14.9,Yes,82.1,No,54.8,Fair
103544,19.8,54,145,803.0,61.0,69,6.2,17.2,220.3,29.4,Yes,69.3,Yes,60.6,Fair
103545,27.1,52,44,690.0,31.0,82,8.7,16.3,334.1,25.8,Yes,47.4,No,67.1,Fair
103546,23.9,51,78,535.0,63.0,100,9.4,2.7,230.0,21.5,Yes,55.5,No,55.8,Fair
103547,25.1,33,135,1288.0,39.0,44,13.8,0.8,94.2,,Yes,73.4,Yes,76.3,Good
103548,27.4,63,108,1280.0,58.0,26,5.7,7.2,52.1,20.6,Yes,70.4,No,64.4,Fair
103549,19.7,35,87,766.0,46.0,68,13.5,9.4,305.3,16.9,Yes,57.3,Yes,65.5,Fair
103550,22.9,57,120,947.0,61.0,89,3.8,9.3,159.3,9.0,Yes,76.0,No,57.3,Fair
103551,21.4,60,26,1301.0,56.0,34,11.2,2.4,144.5,14.6,Yes,68.2,No,79.5,Good
103552,18.3,64,149,,39.0,18,9.6,2.2,290.2,7.9,No,76.8,No,76.6,Good
103553,24.0,68,13,1165.0,30.0,16,11.8,0.8,333.6,16.0,Yes,80.5,No,92.1,Excellent
103554,30.5,52,101,469.0,47.0,117,2.3,15.3,274.4,22.2,Yes,85.3,No,35.3,Poor
103555,17.5,35,84,1145.0,21.0,34,2.9,17.1,102.2,3.0,Yes,54.4,Yes,89.2,Excellent
103556,22.9,45,112,1395.0,43.0,110,2.8,2.1,167.4,23.4,Yes,60.5,Yes,63.4,Fair
103557,24.9,31,33,728.0,35.0,112,9.1,3.8,277.8,2.6,Yes,60.3,No,61.5,Fair
103558,23.4,53,74,1439.0,31.0,76,9.2,1.6,322.1,16.5,Yes,77.9,No,81.2,Good
103559,22.7,46,126,,35.0,77,12.9,15.8,349.6,18.1,Yes,92.2,No,79.1,Good
103560,19.1,30,91,1205.0,,29,7.6,17.3,203.5,23.3,Yes,57.6,No,71.2,Good
103561,23.7,35,15,673.0,21.0,47,2.8,4.7,296.8,23.3,Yes,52.2,Yes,98.7,Excellent
103562,20.7,34,75,923.0,44.0,56,4.5,5.5,64.0,13.7,Yes,64.7,No,80.1,Good
103563,16.4,58,76,618.0,48.0,106,2.1,6.5,135.7,3.9,Yes,107.2,No,46.0,Poor
103564,26.6,41,81,1423.0,47.0,16,11.3,9.0,161.5,21.4,Yes,55.7,Yes,80.4,Good
103565,25.9,68,104,912.0,29.0,100,11.8,12.3,342.7,16.3,No,105.6,No,68.2,Fair
103566,23.2,32,57,863.0,64.0,116,14.0,9.1,51.0,11.3,No,47.1,Yes,48.4,Poor
103567,23.7,30,79,850.0,42.0,14,6.9,17.1,142.4,8.6,Yes,66.3,No,90.5,Excellent
103568,26.2,56,87,1323.0,51.0,81,2.2,1.8,329.1,5.4,No,67.3,No,58.2,Fair
103569,23.7,53,76,1332.0,50.0,111,4.8,14.4,142.0,10.3,Yes,83.2,Yes,60.4,Fair
103570,25.7,48,74,878.0,38.0,13,9.1,6.0,117.5,14.8,Yes,86.9,No,90.0,Excellent
103571,22.1,37,72,715.0,34.0,13,13.5,6.8,269.0,15.4,Yes,77.5,No,95.9,Excellent
103572,26.9,31,55,1070.0,52.0,44,3.2,12.8,273.6,18.3,Yes,85.0,Yes,69.0,Fair
103573,24.0,59,82,1097.0,36.0,96,3.5,16.7,191.7,12.1,Yes,55.0,Yes,69.8,Fair
103574,23.6,59,80,1392.0,55.0,37,10.4,12.9,334.1,27.8,Yes,86.1,Yes,75.6,Good
103575,19.2,68,119,1167.0,39.0,62,10.0,14.0,110.8,15.9,Yes,92.6,No,72.0,Good
103576,23.9,61,72,1306.0,28.0,118,5.0,13.5,324.0,13.9,No,59.3,No,67.8,Fair
103577,20.5,30,50,1277.0,57.0,74,11.8,5.8,276.7,3.3,Yes,62.6,No,67.5,Fair
103578,21.1,67,16,1452.0,22.0,10,3.5,13.6,160.5,18.8,Yes,67.1,Yes,100.0,Excellent
103579,20.6,42,146,488.0,21.0,47,13.1,14.1,292.1,18.9,Yes,62.2,No,92.3,Excellent
103580,19.8,40,13,774.0,37.0,119,4.4,9.6,90.0,18.3,No,63.2,Yes,65.0,Fair
103581,29.4,39,98,763.0,42.0,25,3.0,9.7,89.3,26.9,No,69.7,No,65.0,Fair
103582,27.0,55,143,546.0,,66,6.1,13.7,329.0,23.4,Yes,57.5,No,71.3,Good
103583,28.8,49,91,713.0,,24,4.3,14.7,78.4,26.3,Yes,69.4,Yes,74.8,Good
103584,19.3,46,30,947.0,54.0,80,8.3,6.1,51.2,3.7,Yes,79.5,Yes,62.1,Fair
103585,23.2,46,137,1195.0,69.0,60,10.2,14.4,166.7,10.9,Yes,86.2,No,58.8,Fair
103586,19.1,33,114,1298.0,39.0,85,7.9,14.7,81.2,10.9,Yes,53.5,Yes,70.3,Good
103587,20.9,34,113,500.0,39.0,92,9.9,4.2,308.9,20.4,Yes,69.2,Yes,69.4,Fair
103588,20.2,52,77,506.0,38.0,109,6.4,12.9,326.8,14.6,Yes,90.4,Yes,65.4,Fair
103589,26.7,39,119,1256.0,60.0,25,2.3,3.4,194.7,23.8,No,55.2,Yes,64.5,Fair
103590,21.8,57,75,1336.0,35.0,33,13.7,1.7,177.6,12.8,Yes,74.4,No,95.1,Excellent
103591,26.2,62,36,690.0,57.0,89,11.8,10.3,211.7,8.2,Yes,78.3,No,49.6,Poor
103592,24.8,55,69,1016.0,40.0,8,2.9,16.4,117.9,10.1,Yes,88.1,No,88.1,Excellent
103593,29.9,58,127,987.0,48.0,39,7.4,0.6,139.4,7.1,Yes,60.3,Yes,55.7,Fair
103594,18.6,56,53,995.0,63.0,74,9.6,14.9,80.3,7.5,Yes,53.7,Yes,56.8,Fair
103595,26.8,47,45,1376.0,57.0,6,4.3,9.1,183.9,8.1,Yes,77.8,No,71.3,Good
103596,26.4,69,28,1473.0,64.0,29,8.9,15.5,233.5,2.5,Yes,93.8,No,65.7,Fair
103597,20.1,39,100,1267.0,43.0,117,8.4,15.2,329.1,,No,70.1,Yes,60.1,Fair
103598,26.0,34,54,1369.0,56.0,65,4.5,15.8,271.7,13.2,Yes,80.6,No,60.9,Fair
103599,24.0,39,107,1121.0,48.0,29,3.7,13.8,266.9,2.6,No,69.5,No,78.9,Good
103600,22.3,50,28,557.0,50.0,67,11.1,15.2,142.4,12.4,Yes,71.8,Yes,71.9,Good
103601,20.5,53,50,727.0,64.0,57,5.9,3.2,316.5,27.4,Yes,57.2,No,68.6,Fair
103602,20.8,67,35,1134.0,58.0,54,4.9,5.5,334.1,16.3,Yes,81.1,No,73.7,Good
103603,29.1,32,37,1032.0,,13,10.9,4.4,329.7,29.6,Yes,62.4,Yes,77.1,Good
103604,23.0,69,73,726.0,49.0,76,10.8,13.4,61.6,17.1,Yes,68.2,Yes,67.0,Fair
103605,25.3,60,77,907.0,23.0,117,5.3,2.8,231.3,29.0,Yes,82.2,Yes,70.3,Good
103606,20.6,70,89,1269.0,49.0,88,12.5,3.3,243.0,7.7,Yes,74.1,No,67.7,Fair
103607,20.7,66,60,640.0,24.0,76,10.3,15.8,138.5,10.1,No,51.6,No,85.0,Excellent
103608,26.2,31,111,834.0,35.0,76,6.1,12.7,347.7,21.6,No,82.6,Yes,70.2,Good
103609,19.0,31,19,1451.0,46.0,36,7.1,15.8,137.4,29.6,Yes,56.4,No,80.4,Good
103610,21.8,68,109,1103.0,23.0,43,10.7,2.5,115.0,25.1,No,61.3,Yes,90.0,Excellent
103611,23.1,63,131,988.0,27.0,5,4.5,7.2,195.2,17.5,Yes,76.2,No,100.0,Excellent
103612,23.3,49,73,812.0,67.0,25,7.6,5.1,146.9,4.4,Yes,91.1,No,73.8,Good
103613,22.5,62,133,968.0,27.0,117,9.8,0.2,327.2,12.2,Yes,94.3,No,71.0,Good
103614,24.2,33,28,1388.0,36.0,13,8.5,5.1,182.0,4.4,Yes,84.4,Yes,88.1,Excellent
103615,25.1,40,85,1471.0,65.0,7,9.3,6.8,173.0,10.7,Yes,60.2,Yes,72.2,Good
103616,25.2,34,71,883.0,63.0,23,8.6,1.7,237.8,9.2,Yes,64.1,No,67.8,Fair
103617,20.0,54,34,1067.0,22.0,85,4.4,10.2,74.3,12.9,Yes,39.9,No,83.1,Good
103618,22.1,66,98,550.0,46.0,103,6.9,6.9,277.0,25.4,Yes,112.5,No,70.6,Good
103619,26.6,63,101,624.0,53.0,38,8.4,0.8,280.5,6.2,Yes,54.1,No,69.5,Fair
103620,25.7,38,51,655.0,64.0,48,11.4,12.7,192.2,10.6,Yes,59.4,No,64.3,Fair
103621,18.9,35,126,460.0,40.0,84,9.8,13.1,336.7,9.3,Yes,76.9,No,66.6,Fair
103622,24.1,47,48,795.0,62.0,106,7.1,15.0,223.8,10.3,Yes,77.6,No,53.6,Fair
103623,17.1,43,142,779.0,43.0,62,13.7,8.7,258.6,12.1,Yes,65.5,Yes,65.8,Fair
103624,23.1,48,90,748.0,63.0,25,3.3,17.4,327.3,8.8,No,53.5,No,76.3,Good
103625,28.7,43,116,430.0,69.0,9,4.5,16.5,249.9,28.4,Yes,55.1,Yes,57.9,Fair
103626,20.2,69,120,,60.0,76,6.1,9.9,179.5,13.8,Yes,48.9,No,62.0,Fair
103627,20.5,46,30,796.0,48.0,105,4.7,8.0,57.4,5.2,Yes,64.2,No,59.6,Fair
103628,25.3,64,59,,58.0,116,9.5,0.1,268.5,15.1,Yes,47.2,Yes,47.5,Poor
103629,18.4,58,130,1328.0,25.0,57,2.5,12.8,339.5,7.2,Yes,87.8,No,83.4,Good
103630,21.1,46,143,961.0,33.0,13,4.1,10.2,191.1,8.1,Yes,62.7,Yes,95.7,Excellent
103631,24.8,37,59,545.0,69.0,72,5.5,16.9,151.9,10.0,Yes,86.9,No,51.1,Fair
103632,21.1,30,124,578.0,33.0,70,10.2,10.7,205.8,5.5,Yes,68.9,No,77.1,Good
103633,22.3,65,10,,56.0,38,12.5,17.9,268.5,22.2,Yes,86.8,Yes,78.1,Good
103634,25.2,36,39,603.0,43.0,30,11.6,15.4,50.2,24.2,Yes,59.5,No,75.9,Good
103635,24.3,34,116,1098.0,32.0,49,4.2,17.2,316.2,13.0,Yes,78.4,No,80.3,Good
103636,23.8,53,57,1453.0,20.0,15,8.8,5.9,315.9,21.3,Yes,96.4,No,96.5,Excellent
103637,22.0,57,96,458.0,31.0,71,2.4,2.7,212.4,12.9,Yes,60.1,No,79.9,Good
103638,24.1,46,138,1432.0,,111,5.7,14.3,86.7,6.6,Yes,67.6,No,49.9,Poor
103639,22.6,66,28,1387.0,43.0,50,11.7,14.2,251.5,13.1,Yes,80.5,Yes,87.6,Excellent
103640,24.4,49,55,,56.0,14,7.5,3.8,91.4,17.6,Yes,46.1,No,81.8,Good
103641,21.5,32,139,1306.0,39.0,88,3.8,13.8,202.3,3.1,Yes,85.6,Yes,75.5,Good
103642,22.5,66,65,1297.0,25.0,110,7.3,10.5,78.1,20.3,No,84.0,No,81.7,Good
103643,20.0,55,101,1190.0,31.0,37,4.4,2.0,226.7,22.8,Yes,78.2,Yes,83.4,Good
103644,22.9,44,91,641.0,40.0,104,6.7,9.0,145.4,26.1,Yes,62.4,Yes,74.4,Good
103645,20.6,37,88,1307.0,22.0,78,7.9,16.8,299.3,4.9,Yes,55.6,Yes,78.8,Good
103646,19.7,42,114,1176.0,46.0,88,6.2,9.1,290.0,2.0,Yes,72.5,No,68.3,Fair
103647,23.8,32,36,,65.0,70,13.2,14.2,349.5,4.1,Yes,66.8,No,57.1,Fair
103648,23.6,30,64,1456.0,55.0,89,8.8,0.5,127.3,27.9,Yes,64.9,No,63.5,Fair
103649,25.3,38,69,807.0,36.0,71,12.1,13.1,68.5,23.4,Yes,52.9,No,73.1,Good
103650,21.7,60,118,620.0,68.0,81,11.1,17.0,182.9,25.4,Yes,63.4,No,57.0,Fair
103651,24.2,70,129,1492.0,65.0,20,9.9,9.0,75.0,16.5,Yes,65.7,Yes,74.8,Good
103652,24.7,55,94,1239.0,34.0,15,8.0,6.1,103.5,16.7,Yes,94.3,No,86.6,Excellent
103653,24.3,46,95,1187.0,58.0,110,2.0,11.6,229.2,10.4,Yes,80.0,No,47.1,Poor
103654,20.5,63,126,953.0,23.0,66,9.4,16.5,227.6,25.6,Yes,68.3,Yes,80.0,Good
103655,23.4,38,117,,36.0,64,6.3,3.2,63.0,,Yes,83.2,No,78.8,Good
103656,24.1,42,84,932.0,57.0,12,3.4,7.3,182.9,13.0,Yes,65.8,No,76.4,Good
103657,23.0,34,128,734.0,30.0,117,7.3,2.8,209.1,11.2,Yes,65.0,Yes,68.9,Fair
103658,16.7,70,16,1420.0,31.0,63,10.8,8.9,130.4,22.7,Yes,73.8,No,72.5,Good
103659,23.5,42,84,645.0,66.0,60,13.5,9.7,311.6,2.7,Yes,52.6,Yes,61.8,Fair
103660,29.6,30,67,1010.0,51.0,31,6.5,17.0,98.3,26.1,Yes,53.0,Yes,60.1,Fair
103661,21.9,54,25,728.0,46.0,11,8.5,7.4,126.2,14.5,Yes,90.9,No,87.3,Excellent
103662,20.8,33,36,946.0,63.0,94,12.2,10.2,97.1,14.4,Yes,72.1,No,53.9,Fair
103663,24.1,65,60,738.0,62.0,40,6.0,15.9,85.0,20.7,Yes,85.9,Yes,61.1,Fair
103664,23.9,39,84,1393.0,46.0,65,3.7,5.8,313.7,20.1,Yes,83.0,Yes,69.0,Fair
103665,26.6,57,96,1206.0,68.0,104,5.4,12.1,133.4,9.4,No,93.4,No,40.7,Poor
103666,19.2,35,132,1433.0,59.0,7,12.8,13.6,266.8,28.4,Yes,69.9,Yes,80.4,Good
103667,25.2,56,85,1092.0,63.0,58,3.9,5.9,178.4,29.6,Yes,71.0,No,54.8,Fair
103668,24.8,41,49,829.0,48.0,24,6.0,3.0,240.8,16.7,Yes,69.2,Yes,78.5,Good
103669,22.6,32,76,1489.0,28.0,4,7.6,9.1,328.5,17.7,Yes,70.4,No,98.9,Excellent
103670,24.0,62,139,1205.0,62.0,44,12.2,6.4,303.4,17.5,Yes,61.3,No,62.8,Fair
103671,26.1,39,111,1011.0,22.0,1,13.3,4.8,70.7,15.6,Yes,75.0,No,97.7,Excellent
103672,25.6,60,102,434.0,58.0,41,7.1,17.5,303.6,28.5,Yes,72.4,No,70.8,Good
103673,19.6,44,119,956.0,48.0,37,13.2,9.0,185.5,8.9,Yes,48.7,No,79.3,Good
103674,25.5,36,91,890.0,40.0,102,3.9,15.4,155.0,5.0,Yes,83.5,No,61.2,Fair
103675,22.8,65,87,653.0,54.0,2,3.9,3.5,251.7,28.0,Yes,75.7,No,88.6,Excellent
103676,23.2,43,11,416.0,67.0,45,13.4,16.9,335.1,8.0,Yes,61.2,No,70.3,Good
103677,23.2,43,74,660.0,29.0,111,8.1,14.3,78.2,23.0,Yes,53.6,Yes,75.0,Good
103678,22.5,32,29,1127.0,42.0,101,4.2,14.6,280.4,7.7,Yes,73.9,Yes,71.2,Good
103679,26.6,32,43,900.0,58.0,21,7.9,7.0,111.1,28.9,Yes,91.8,No,67.0,Fair
103680,22.7,51,50,1415.0,44.0,103,11.4,8.7,164.0,24.2,No,64.7,No,67.0,Fair
103681,19.6,48,32,685.0,43.0,32,11.9,10.7,312.1,27.7,Yes,75.2,No,82.5,Good
103682,21.8,64,47,406.0,39.0,115,12.4,14.2,213.7,28.6,Yes,76.1,Yes,71.4,Good
103683,23.5,41,76,1058.0,34.0,31,8.8,15.3,70.2,4.4,Yes,58.2,No,84.0,Good
103684,26.7,34,71,1336.0,40.0,110,12.4,1.4,202.4,14.1,Yes,77.3,No,53.0,Fair
103685,24.8,39,149,451.0,61.0,16,8.1,16.3,286.9,20.1,Yes,66.0,No,74.3,Good
103686,20.4,70,39,642.0,31.0,119,9.3,16.9,208.7,24.5,Yes,86.5,Yes,70.4,Good
103687,30.5,62,96,917.0,37.0,81,11.1,10.7,100.1,8.8,Yes,73.3,No,56.4,Fair
103688,23.8,42,127,1369.0,42.0,55,7.1,3.4,183.5,27.6,Yes,67.3,Yes,73.7,Good
103689,26.8,64,15,508.0,60.0,2,2.9,14.7,327.3,8.2,No,60.5,No,68.3,Fair
103690,22.5,61,84,1320.0,48.0,119,6.2,9.9,247.5,26.3,Yes,77.4,No,64.7,Fair
103691,24.6,40,141,465.0,60.0,69,9.5,14.7,269.0,16.4,Yes,68.1,Yes,59.9,Fair
103692,25.5,67,102,1433.0,55.0,48,4.3,14.7,285.8,16.4,Yes,61.8,No,63.0,Fair
103693,26.7,53,19,601.0,24.0,54,3.8,1.6,77.2,12.5,Yes,48.9,No,76.5,Good
103694,26.2,64,60,1300.0,58.0,76,5.5,10.9,224.5,4.9,No,50.7,Yes,56.5,Fair
103695,25.6,48,102,613.0,45.0,118,2.4,8.7,162.8,11.7,Yes,86.3,No,56.2,Fair
103696,22.1,35,47,467.0,58.0,117,10.9,17.0,91.7,13.9,No,60.4,Yes,54.4,Fair
103697,21.3,69,138,1158.0,30.0,30,5.1,5.3,110.8,15.4,Yes,81.2,No,96.6,Excellent
103698,24.0,64,145,1265.0,61.0,80,3.5,3.7,284.3,22.7,Yes,69.8,Yes,57.4,Fair
103699,25.8,33,111,726.0,30.0,20,10.4,16.1,98.4,11.9,Yes,39.6,Yes,85.0,Excellent
103700,22.3,62,90,1473.0,37.0,15,12.1,2.7,143.7,13.4,Yes,74.8,No,90.9,Excellent
103701,26.2,42,92,1440.0,31.0,16,2.2,12.4,135.5,27.4,Yes,69.4,No,88.2,Excellent
103702,27.4,65,40,922.0,35.0,95,4.8,5.4,64.6,23.1,Yes,72.1,Yes,59.7,Fair
103703,20.3,48,30,1387.0,46.0,0,13.3,10.2,188.6,2.6,Yes,75.4,No,89.1,Excellent
103704,20.5,41,140,1403.0,55.0,111,6.6,11.1,279.8,24.7,Yes,65.7,No,59.4,Fair
103705,22.6,40,135,903.0,36.0,101,13.3,7.5,56.6,29.7,Yes,106.6,No,73.1,Good
103706,23.9,35,44,1155.0,68.0,71,5.3,17.5,83.8,28.3,Yes,59.0,No,57.4,Fair
103707,21.4,41,54,872.0,40.0,64,4.6,2.4,266.1,25.4,Yes,67.3,No,82.1,Good
103708,27.1,56,68,1257.0,56.0,65,4.6,7.0,228.1,19.6,Yes,87.6,Yes,57.0,Fair
103709,24.3,70,21,940.0,50.0,110,3.0,7.7,264.6,9.8,Yes,79.2,Yes,58.1,Fair
103710,23.1,54,149,1268.0,64.0,36,12.8,11.4,119.0,20.3,Yes,77.9,Yes,71.1,Good
103711,18.7,32,42,1277.0,54.0,23,13.8,7.3,291.1,21.5,Yes,82.0,No,76.6,Good
103712,19.1,32,30,1339.0,46.0,90,13.5,1.7,194.0,9.9,Yes,76.8,Yes,60.6,Fair
103713,23.8,49,69,1276.0,42.0,83,12.2,17.1,233.1,9.1,Yes,52.2,No,69.9,Fair
103714,16.6,57,61,1196.0,51.0,110,12.2,7.5,77.6,13.1,Yes,68.2,Yes,50.2,Fair
103715,26.0,52,132,871.0,36.0,61,9.9,6.2,111.5,20.0,No,40.1,No,75.8,Good
103716,22.5,32,115,1237.0,30.0,20,11.9,8.0,282.0,10.2,Yes,75.0,No,100.0,Excellent
103717,32.0,53,109,483.0,20.0,105,4.5,3.9,117.2,17.6,No,85.7,Yes,53.2,Fair
103718,29.9,69,80,776.0,47.0,36,6.7,1.8,77.8,27.2,Yes,44.1,Yes,65.0,Fair
103719,22.5,35,144,603.0,37.0,34,9.7,2.7,229.2,10.3,Yes,47.8,No,91.9,Excellent
103720,22.7,49,71,1408.0,68.0,37,12.5,3.0,214.4,29.0,Yes,54.5,No,66.6,Fair
103721,26.0,40,97,903.0,60.0,52,9.9,3.6,232.4,15.3,Yes,78.9,No,62.2,Fair
103722,28.1,61,33,938.0,39.0,14,12.1,7.6,235.5,4.8,Yes,61.2,Yes,72.8,Good
103723,18.1,56,49,416.0,26.0,113,7.7,11.2,200.1,3.5,Yes,43.5,No,63.2,Fair
103724,17.6,50,85,974.0,56.0,109,10.6,11.3,198.1,11.5,No,107.3,No,49.2,Poor
103725,21.1,42,145,975.0,35.0,41,13.8,0.0,327.2,9.2,No,84.1,Yes,86.2,Excellent
103726,24.7,51,18,1414.0,58.0,93,3.8,16.6,210.2,25.6,Yes,41.5,No,56.9,Fair
103727,24.5,64,12,1462.0,64.0,3,13.1,14.8,235.2,22.7,Yes,67.0,No,76.9,Good
103728,26.2,51,30,529.0,64.0,106,8.3,17.4,130.1,26.8,Yes,69.6,Yes,46.0,Poor
103729,19.4,57,104,514.0,66.0,115,9.7,6.5,311.3,18.5,No,75.6,No,44.7,Poor
103730,16.1,50,25,1349.0,42.0,38,12.5,12.0,57.3,14.2,Yes,83.9,No,74.4,Good
103731,25.6,47,116,1468.0,51.0,78,6.9,3.0,217.2,9.6,Yes,83.7,Yes,62.1,Fair
103732,20.5,60,102,615.0,68.0,22,7.0,14.7,165.2,18.3,Yes,90.0,No,68.2,Fair
103733,16.9,66,142,1247.0,36.0,104,8.3,2.9,231.2,19.3,Yes,97.3,Yes,63.8,Fair
103734,23.4,50,148,1088.0,38.0,14,2.2,5.9,158.1,13.0,Yes,61.5,No,88.6,Excellent
103735,25.4,43,88,1402.0,61.0,89,8.0,8.8,265.3,28.2,No,67.7,No,49.7,Poor
103736,22.6,54,79,664.0,53.0,11,5.5,10.7,56.1,19.9,Yes,53.8,No,86.8,Excellent
103737,21.6,56,57,1016.0,33.0,81,13.1,10.1,171.8,25.4,No,61.7,Yes,80.5,Good
103738,22.5,69,24,700.0,22.0,69,3.1,1.8,299.4,19.4,No,93.8,Yes,91.1,Excellent
103739,21.9,52,43,1384.0,58.0,81,7.5,7.6,125.1,10.9,Yes,76.0,No,64.8,Fair
103740,19.0,60,69,805.0,44.0,113,13.4,16.6,65.8,22.6,Yes,63.3,No,57.6,Fair
103741,20.9,58,11,560.0,30.0,53,12.8,15.7,199.0,8.4,Yes,71.3,No,90.1,Excellent
103742,24.6,59,89,425.0,68.0,87,10.4,10.6,343.0,18.7,No,58.2,No,50.6,Fair
103743,24.0,55,28,482.0,34.0,37,9.1,10.3,69.2,13.3,Yes,70.0,No,84.3,Good
103744,23.5,49,58,572.0,38.0,27,5.4,2.0,71.0,6.2,Yes,46.4,No,89.7,Excellent
103745,20.0,67,87,,62.0,78,6.4,3.6,228.5,13.6,Yes,68.7,No,61.0,Fair
103746,22.5,48,37,1193.0,34.0,18,3.1,4.5,125.0,10.7,Yes,58.0,Yes,94.8,Excellent
103747,16.5,56,57,1493.0,34.0,68,11.4,8.8,173.1,5.1,Yes,62.5,Yes,65.8,Fair
103748,23.5,54,105,1234.0,57.0,63,5.9,13.2,299.2,25.1,Yes,81.6,No,63.4,Fair
103749,27.3,69,118,405.0,34.0,3,10.0,8.3,109.7,16.0,Yes,65.2,Yes,86.2,Excellent
103750,18.6,67,82,1195.0,28.0,80,6.3,2.3,265.8,11.7,Yes,85.5,Yes,74.7,Good
103751,21.2,52,109,924.0,24.0,116,7.6,7.9,201.3,16.1,Yes,83.4,Yes,74.2,Good
103752,24.0,58,38,462.0,38.0,9,8.7,2.9,321.5,23.1,Yes,76.8,Yes,90.3,Excellent
103753,26.8,44,67,1436.0,43.0,11,11.6,13.5,341.9,2.5,Yes,78.0,Yes,80.1,Good
103754,21.7,32,57,1160.0,48.0,68,4.5,3.0,195.5,17.3,Yes,70.5,Yes,75.3,Good
103755,20.9,39,32,604.0,24.0,6,6.8,8.7,225.4,15.4,No,83.7,Yes,98.0,Excellent
103756,17.1,44,36,1296.0,41.0,43,3.6,12.5,273.8,27.0,Yes,61.7,Yes,70.7,Good
103757,23.3,45,16,,32.0,22,2.9,4.1,145.6,17.6,Yes,82.2,Yes,90.1,Excellent
103758,29.1,46,58,1454.0,69.0,1,9.3,1.4,118.0,5.8,Yes,66.8,Yes,58.3,Fair
103759,23.8,48,118,1276.0,68.0,93,4.3,10.1,339.4,12.9,Yes,50.1,No,51.8,Fair
103760,22.9,40,77,1224.0,66.0,115,2.7,1.0,179.8,19.4,Yes,41.4,Yes,51.9,Fair
103761,24.0,34,82,1308.0,65.0,112,12.8,10.6,50.5,3.3,Yes,70.1,No,53.9,Fair
103762,23.0,34,110,797.0,,108,8.4,13.6,301.3,26.8,Yes,61.2,Yes,65.7,Fair
103763,20.6,43,17,1033.0,35.0,36,3.6,5.9,229.9,3.9,Yes,55.3,Yes,93.0,Excellent
103764,25.5,55,62,1238.0,55.0,68,2.6,8.8,100.6,2.9,Yes,78.3,No,60.6,Fair
103765,23.7,37,144,999.0,36.0,19,3.4,16.7,59.0,2.1,Yes,81.1,No,92.6,Excellent
103766,23.1,34,146,1024.0,39.0,89,7.7,8.5,137.4,21.1,Yes,74.3,Yes,71.0,Good
103767,20.1,36,12,1337.0,33.0,43,10.0,17.9,328.4,14.8,Yes,91.5,Yes,84.4,Good
103768,26.9,45,87,1283.0,69.0,107,9.7,2.8,330.0,4.9,Yes,62.7,Yes,43.5,Poor
103769,25.0,43,95,,25.0,102,3.7,12.8,143.3,26.0,Yes,81.3,No,74.1,Good
103770,21.3,66,55,786.0,41.0,69,9.6,11.7,300.8,7.7,Yes,83.4,Yes,75.5,Good
103771,26.0,70,99,1403.0,59.0,92,6.9,15.7,182.6,11.1,Yes,106.7,Yes,54.9,Fair
103772,21.5,33,18,1257.0,28.0,73,7.6,1.7,246.3,7.0,Yes,71.6,No,79.0,Good
103773,20.7,65,124,1022.0,51.0,50,11.6,5.0,150.3,27.9,Yes,87.7,Yes,70.4,Good
103774,20.7,46,139,489.0,43.0,79,6.0,2.4,204.8,,No,51.8,Yes,76.0,Good
103775,17.7,65,84,784.0,52.0,97,3.8,16.8,138.1,22.3,Yes,65.7,Yes,57.7,Fair
103776,24.4,35,90,1396.0,32.0,30,12.5,7.7,68.3,3.2,Yes,79.5,Yes,85.1,Excellent
103777,17.5,45,137,1046.0,54.0,99,4.5,16.4,91.8,16.6,Yes,66.0,Yes,50.8,Fair
103778,19.3,58,43,821.0,25.0,40,5.5,5.3,137.2,18.1,Yes,75.7,No,93.0,Excellent
103779,16.8,65,48,1273.0,68.0,57,10.5,2.3,342.9,12.7,Yes,68.5,No,48.0,Poor
103780,22.7,67,22,,59.0,4,10.2,5.3,339.7,11.0,Yes,58.4,Yes,83.6,Good
103781,22.5,66,142,1385.0,49.0,32,11.6,10.7,298.3,25.9,Yes,57.0,Yes,84.6,Good
103782,22.0,39,59,,57.0,42,4.2,15.2,119.8,2.6,Yes,57.2,No,75.6,Good
103783,19.9,70,32,1084.0,35.0,18,6.2,6.9,182.5,19.5,Yes,68.1,No,91.2,Excellent
103784,19.5,65,131,578.0,20.0,31,3.5,16.5,181.9,13.0,Yes,61.8,No,94.5,Excellent
103785,24.4,58,129,692.0,61.0,86,8.5,4.4,166.1,20.6,Yes,83.9,No,55.6,Fair
103786,21.3,43,97,774.0,,2,5.5,12.5,63.5,7.5,Yes,72.5,Yes,100.0,Excellent
103787,23.9,33,121,,41.0,0,10.3,13.2,210.4,8.7,Yes,63.4,Yes,92.1,Excellent
103788,20.3,65,120,1477.0,45.0,99,2.0,4.9,71.8,,Yes,51.7,No,65.2,Fair
103789,23.5,42,81,1195.0,33.0,40,2.7,0.5,290.6,29.4,Yes,75.8,Yes,84.8,Good
103790,26.9,47,66,415.0,56.0,91,7.2,6.6,257.4,29.3,Yes,52.6,No,50.2,Fair
103791,24.8,62,10,575.0,68.0,47,13.5,0.8,155.8,9.0,Yes,70.2,No,58.8,Fair
103792,21.8,50,122,528.0,33.0,38,12.7,16.2,244.1,4.9,Yes,59.2,Yes,95.1,Excellent
103793,23.8,45,71,1283.0,45.0,4,13.9,17.2,119.9,18.5,Yes,95.9,Yes,90.5,Excellent
103794,22.3,44,56,825.0,69.0,76,7.0,13.2,129.6,13.8,Yes,83.7,Yes,60.9,Fair
103795,23.0,34,87,,55.0,10,2.6,13.1,144.2,23.3,Yes,69.0,No,81.6,Good
103796,22.0,35,115,1149.0,42.0,109,5.7,4.3,289.1,16.8,Yes,96.0,No,68.9,Fair
103797,22.5,67,135,1143.0,21.0,21,10.1,1.3,113.2,16.3,No,56.5,No,100.0,Excellent
103798,23.6,32,14,1426.0,58.0,112,3.6,14.4,218.8,20.1,Yes,61.0,Yes,54.8,Fair
103799,20.0,41,40,878.0,26.0,86,5.6,10.1,110.1,5.5,Yes,60.9,Yes,80.5,Good
103800,20.0,65,46,1375.0,58.0,63,2.7,12.3,135.5,21.0,No,70.0,No,67.2,Fair
103801,18.8,62,88,443.0,64.0,11,7.7,14.0,120.6,15.7,Yes,70.8,No,71.9,Good
103802,18.2,65,61,554.0,41.0,52,4.5,7.4,243.5,25.0,Yes,93.2,No,66.8,Fair
103803,19.3,62,148,1346.0,47.0,54,3.1,2.6,208.0,5.9,Yes,73.9,No,75.3,Good
103804,23.5,60,52,1327.0,57.0,52,6.9,14.3,266.4,10.4,Yes,60.0,Yes,65.2,Fair
103805,20.3,50,49,498.0,39.0,20,6.2,8.2,116.0,28.6,Yes,72.2,Yes,92.2,Excellent
103806,24.5,56,72,570.0,68.0,18,8.5,14.9,52.7,17.5,Yes,63.6,Yes,66.2,Fair
103807,23.1,56,139,547.0,37.0,68,11.0,7.9,254.2,,Yes,48.0,No,83.9,Good
103808,17.1,37,96,522.0,,87,3.4,3.9,84.5,21.3,Yes,91.1,No,62.5,Fair
103809,25.0,66,82,511.0,52.0,93,11.5,3.1,123.9,27.9,Yes,82.7,No,53.8,Fair
103810,25.4,61,113,1422.0,64.0,71,2.3,13.4,141.7,10.9,No,39.8,No,50.6,Fair
103811,20.0,55,25,1411.0,45.0,65,7.3,10.3,274.0,4.5,Yes,70.4,Yes,75.0,Good
103812,24.3,31,68,467.0,38.0,58,9.0,7.3,237.8,24.5,No,63.8,No,78.3,Good
103813,20.4,41,56,1227.0,67.0,48,13.5,8.9,105.3,24.5,Yes,78.8,Yes,61.5,Fair
103814,23.3,51,125,1291.0,61.0,97,8.9,9.9,229.4,19.3,Yes,97.5,Yes,55.6,Fair
103815,19.2,46,118,1428.0,32.0,58,3.9,4.3,262.4,18.2,Yes,53.0,No,78.1,Good
103816,17.6,36,18,629.0,29.0,22,8.2,6.8,166.7,,Yes,92.1,No,85.7,Excellent
103817,21.9,33,74,559.0,33.0,2,6.7,5.3,123.8,6.9,No,61.7,No,95.1,Excellent
103818,22.6,66,68,585.0,28.0,55,7.8,7.0,253.7,19.3,Yes,82.4,No,93.0,Excellent
103819,21.8,67,111,1413.0,30.0,115,4.4,9.0,233.3,3.4,Yes,41.0,No,76.7,Good
103820,19.4,61,145,1276.0,22.0,57,8.0,3.1,73.4,5.9,Yes,55.8,No,90.4,Excellent
103821,21.8,40,132,951.0,59.0,87,3.8,7.1,250.0,14.2,Yes,56.2,No,66.9,Fair
103822,23.8,30,100,546.0,31.0,61,10.9,6.9,196.6,25.0,Yes,40.1,Yes,84.1,Good
103823,22.9,54,105,835.0,54.0,17,9.1,5.1,276.0,22.5,Yes,60.6,Yes,84.9,Good
103824,23.5,53,67,1131.0,58.0,60,2.9,18.0,107.2,29.3,No,65.6,No,65.5,Fair
103825,21.0,46,41,459.0,65.0,110,12.7,1.3,127.5,3.3,Yes,62.3,No,54.1,Fair
103826,26.5,37,57,1242.0,58.0,36,9.4,11.6,213.0,12.7,Yes,67.1,Yes,61.8,Fair
103827,19.5,56,54,803.0,51.0,53,5.8,3.1,194.5,6.4,Yes,69.2,Yes,67.9,Fair
103828,24.5,47,109,1280.0,58.0,112,2.5,15.1,165.9,3.0,Yes,81.5,No,51.0,Fair
103829,26.5,56,109,1014.0,33.0,94,9.6,16.5,273.8,9.4,No,79.9,No,69.6,Fair
103830,24.4,51,55,735.0,63.0,77,6.5,7.2,219.4,,Yes,70.1,No,54.2,Fair
103831,22.4,45,135,1230.0,20.0,64,12.9,14.8,263.1,13.8,Yes,58.1,No,88.6,Excellent
103832,21.4,31,55,684.0,46.0,13,2.4,4.5,96.0,5.9,Yes,91.7,No,90.1,Excellent
103833,26.1,34,130,528.0,56.0,104,2.5,2.5,268.7,15.7,Yes,95.6,Yes,46.2,Poor
103834,18.7,47,97,714.0,62.0,4,13.4,5.7,188.5,27.8,Yes,86.9,Yes,75.1,Good
103835,20.1,32,70,1359.0,20.0,94,13.6,6.2,60.1,22.9,Yes,91.8,Yes,78.2,Good
103836,21.8,56,55,470.0,64.0,94,2.3,7.2,120.3,25.6,No,60.0,No,59.4,Fair
103837,26.7,46,90,744.0,48.0,93,10.6,6.7,57.7,24.5,Yes,57.2,Yes,54.9,Fair
103838,24.1,45,54,575.0,43.0,99,4.7,7.4,187.1,12.9,Yes,74.8,No,63.1,Fair
103839,20.1,35,127,1283.0,36.0,61,10.4,12.8,147.8,21.9,Yes,72.5,No,79.3,Good
103840,22.1,36,56,1498.0,54.0,0,12.4,4.4,346.2,23.1,No,68.1,Yes,89.5,Excellent
103841,21.2,43,32,542.0,50.0,62,3.2,0.3,310.6,7.8,Yes,80.7,No,71.0,Good
103842,20.9,67,70,1330.0,61.0,66,4.9,8.8,297.7,26.1,Yes,66.1,Yes,63.4,Fair
103843,25.9,69,22,1446.0,51.0,19,2.3,8.1,200.3,14.8,Yes,84.6,Yes,77.4,Good
103844,18.9,44,16,580.0,38.0,42,2.5,1.1,292.1,2.5,Yes,86.9,Yes,81.2,Good
103845,27.8,62,37,1468.0,50.0,111,2.4,2.4,130.1,20.0,Yes,56.8,Yes,48.5,Poor
103846,25.5,56,105,491.0,58.0,106,11.6,9.2,218.2,20.9,Yes,72.0,No,50.4,Fair
103847,26.3,58,116,433.0,39.0,84,5.6,4.2,167.9,17.4,Yes,75.7,No,66.1,Fair
103848,21.6,66,107,,47.0,93,7.9,15.8,101.4,7.9,Yes,83.3,No,67.3,Fair
103849,22.6,34,121,1158.0,22.0,41,11.5,3.1,71.8,15.5,Yes,75.2,No,92.7,Excellent
103850,18.7,58,10,781.0,51.0,107,7.9,0.4,217.5,13.2,Yes,88.3,No,56.7,Fair
103851,21.4,61,52,1365.0,41.0,93,7.2,8.1,79.3,29.3,Yes,66.8,No,69.7,Fair
103852,24.5,35,51,786.0,63.0,68,2.1,17.8,265.4,25.1,Yes,88.1,No,56.2,Fair
103853,26.9,31,104,934.0,61.0,73,8.8,11.4,326.4,23.3,Yes,53.0,Yes,54.0,Fair
103854,19.7,35,138,599.0,63.0,87,3.5,6.4,98.6,7.1,Yes,93.2,No,52.6,Fair
103855,21.9,33,60,674.0,34.0,108,11.2,0.3,191.3,11.3,Yes,86.3,No,71.8,Good
103856,22.5,58,24,900.0,57.0,114,5.1,8.7,271.6,12.6,Yes,76.3,Yes,59.9,Fair
103857,18.8,54,134,858.0,38.0,38,10.1,3.7,136.1,15.8,Yes,85.1,No,76.5,Good
103858,24.8,38,96,449.0,,61,9.8,11.7,326.2,2.8,Yes,76.0,No,65.5,Fair
103859,20.8,32,62,1369.0,45.0,47,9.4,10.5,316.5,18.6,Yes,84.7,No,84.6,Good
103860,22.4,55,98,1387.0,24.0,5,5.2,4.8,81.1,12.0,Yes,65.7,Yes,100.0,Excellent
103861,21.6,56,115,931.0,39.0,73,5.2,1.2,58.2,17.7,Yes,71.2,Yes,81.3,Good
103862,20.6,65,15,1403.0,21.0,41,12.4,13.6,342.9,2.3,Yes,92.5,Yes,95.8,Excellent
103863,23.0,61,40,1027.0,40.0,57,2.2,10.5,336.9,11.0,Yes,77.5,Yes,76.8,Good
103864,22.4,30,49,738.0,55.0,42,4.2,15.2,176.7,23.5,Yes,70.7,Yes,76.5,Good
103865,21.9,45,78,1476.0,47.0,117,9.3,4.7,65.2,16.0,Yes,72.8,Yes,65.3,Fair
103866,20.8,40,144,403.0,39.0,9,11.8,11.8,235.7,24.1,No,53.4,Yes,91.2,Excellent
103867,24.0,55,22,680.0,56.0,88,6.3,2.1,138.0,21.6,Yes,83.3,Yes,62.9,Fair
103868,28.0,69,13,472.0,58.0,77,9.8,5.3,331.0,25.9,Yes,59.8,No,50.2,Fair
103869,23.4,30,12,1167.0,55.0,110,8.7,11.8,288.4,2.2,Yes,52.8,Yes,61.5,Fair
103870,26.0,55,149,1370.0,30.0,38,2.8,14.9,244.9,9.3,Yes,81.1,No,84.6,Good
103871,18.8,57,74,1397.0,22.0,12,9.5,5.8,135.4,17.4,Yes,58.2,No,98.1,Excellent
103872,23.5,38,36,607.0,56.0,74,11.8,14.4,260.4,28.3,Yes,82.5,No,66.1,Fair
103873,19.7,51,116,659.0,39.0,38,13.9,12.2,136.8,21.0,Yes,72.8,Yes,83.1,Good
103874,18.6,37,59,1329.0,51.0,10,2.4,6.3,61.3,14.8,Yes,68.8,Yes,77.9,Good
103875,20.8,56,26,,66.0,109,9.9,15.8,202.5,5.6,Yes,78.3,No,54.7,Fair
103876,26.6,68,41,1182.0,44.0,112,7.0,9.2,196.6,15.8,Yes,80.0,No,52.6,Fair
103877,25.9,48,26,904.0,40.0,15,2.1,11.7,278.9,14.4,Yes,82.0,No,81.5,Good
103878,23.7,54,43,602.0,69.0,32,9.4,8.9,309.7,23.8,Yes,56.7,Yes,64.6,Fair
103879,18.4,67,44,451.0,35.0,104,3.5,8.1,156.3,13.6,Yes,40.1,Yes,62.2,Fair
103880,22.4,50,59,762.0,67.0,104,6.5,15.3,184.8,10.9,Yes,66.8,Yes,50.3,Fair
103881,23.9,53,112,444.0,61.0,59,5.1,5.3,191.1,4.5,Yes,51.3,Yes,62.5,Fair
103882,23.5,53,42,1226.0,20.0,95,6.3,0.7,147.3,3.3,Yes,82.3,Yes,83.0,Good
103883,17.5,48,98,1188.0,42.0,58,7.9,15.8,273.0,14.3,Yes,68.7,Yes,69.5,Fair
103884,20.3,31,138,1170.0,62.0,73,6.3,14.9,206.6,11.7,Yes,57.0,Yes,64.4,Fair
103885,22.8,43,94,541.0,68.0,50,8.6,6.6,324.2,17.5,Yes,63.8,No,60.7,Fair
103886,24.6,61,68,1196.0,43.0,14,4.9,3.3,245.1,21.9,Yes,55.0,No,88.1,Excellent
103887,16.4,61,19,436.0,66.0,79,9.6,12.2,113.6,3.1,Yes,64.8,Yes,49.9,Poor
103888,22.5,57,66,444.0,44.0,42,12.2,1.4,99.4,15.9,Yes,67.2,No,84.4,Good
103889,23.4,68,75,1319.0,26.0,26,4.7,7.6,161.7,26.1,Yes,57.7,No,91.3,Excellent
103890,25.5,69,128,1469.0,57.0,55,8.1,1.5,154.1,14.7,Yes,83.9,Yes,67.3,Fair
103891,25.1,69,121,964.0,66.0,112,9.8,10.8,172.1,16.6,Yes,77.7,Yes,46.2,Poor
103892,24.7,42,24,700.0,66.0,59,8.8,0.5,105.1,15.6,Yes,90.8,Yes,55.7,Fair
103893,20.6,41,22,687.0,58.0,114,6.4,11.3,343.5,12.9,Yes,67.9,No,55.6,Fair
103894,17.3,37,123,1185.0,54.0,108,9.7,12.1,93.7,5.1,No,76.7,Yes,53.0,Fair
103895,21.8,44,127,668.0,33.0,95,2.3,8.8,245.8,5.5,Yes,93.0,Yes,76.4,Good
103896,26.0,55,123,,28.0,69,6.4,3.2,53.9,7.0,Yes,87.6,Yes,76.0,Good
103897,27.2,41,43,1485.0,22.0,46,8.4,1.8,172.1,24.2,Yes,78.2,No,83.0,Good
103898,25.1,56,110,980.0,57.0,111,2.2,5.6,142.8,9.7,Yes,66.3,Yes,50.1,Fair
103899,24.3,47,34,1335.0,39.0,99,8.1,8.4,164.6,28.5,No,81.2,No,68.4,Fair
103900,24.1,65,121,753.0,60.0,7,9.9,11.6,199.4,24.7,Yes,63.6,Yes,79.4,Good
103901,21.3,56,63,1367.0,52.0,62,11.1,0.0,230.1,21.2,Yes,67.4,Yes,69.4,Fair
103902,22.6,38,21,470.0,60.0,88,3.4,12.8,225.1,22.2,Yes,59.5,Yes,61.9,Fair
103903,28.0,68,135,1234.0,63.0,6,13.9,12.8,239.2,3.3,No,67.5,Yes,60.4,Fair
103904,20.2,30,146,812.0,51.0,80,9.3,8.0,303.4,17.9,Yes,70.9,No,65.6,Fair
103905,27.8,36,40,1011.0,55.0,111,6.4,6.2,316.0,28.3,Yes,56.1,Yes,39.6,Poor
103906,22.0,55,87,1484.0,45.0,93,5.0,15.2,271.2,3.1,No,90.9,Yes,70.6,Good
103907,27.0,36,62,1014.0,67.0,1,8.9,14.1,73.7,,No,52.1,Yes,65.2,Fair
103908,18.8,36,121,928.0,24.0,16,12.6,17.7,338.4,3.4,Yes,63.3,Yes,90.1,Excellent
103909,24.8,37,52,590.0,68.0,3,8.2,6.7,334.2,18.0,Yes,41.2,Yes,69.6,Fair
103910,20.8,45,51,477.0,49.0,25,9.9,16.3,263.5,5.3,Yes,75.4,Yes,80.1,Good
103911,18.8,32,133,1288.0,36.0,77,6.3,1.6,205.2,15.4,No,65.4,Yes,71.1,Good
103912,23.7,39,76,1348.0,25.0,71,6.7,7.4,125.2,22.2,Yes,56.2,Yes,84.9,Good
103913,26.0,36,75,416.0,34.0,68,5.4,8.4,276.9,6.6,Yes,42.2,No,73.7,Good
103914,20.5,50,92,1214.0,20.0,4,10.5,7.9,313.4,23.2,Yes,64.5,No,100.0,Excellent
103915,18.5,66,103,833.0,32.0,4,6.3,11.3,249.6,3.7,Yes,58.5,Yes,87.5,Excellent
103916,22.7,60,114,1466.0,,90,4.3,3.1,238.7,6.2,Yes,51.3,No,57.7,Fair
103917,22.7,52,40,1491.0,53.0,68,6.4,15.6,107.9,9.8,Yes,84.4,No,73.6,Good
103918,24.6,56,127,611.0,49.0,2,12.2,9.9,157.3,24.3,Yes,68.3,No,87.7,Excellent
103919,25.8,51,37,602.0,38.0,37,10.9,16.3,266.9,25.8,No,73.2,No,80.7,Good
103920,22.8,68,13,1125.0,21.0,93,6.0,0.0,55.1,8.2,Yes,58.6,No,81.8,Good
103921,28.6,56,147,508.0,63.0,0,12.9,11.3,242.4,4.7,Yes,45.3,No,63.7,Fair
103922,23.7,33,27,1367.0,31.0,7,2.9,7.4,280.0,25.7,Yes,55.8,Yes,96.6,Excellent
103923,22.0,53,56,683.0,59.0,12,2.6,9.1,150.4,20.2,Yes,82.3,Yes,83.9,Good
103924,18.2,52,18,1340.0,63.0,83,3.5,13.4,72.9,6.4,Yes,87.6,Yes,49.1,Poor
103925,22.2,48,38,1136.0,43.0,69,3.4,4.1,295.7,17.6,Yes,79.3,No,76.8,Good
103926,22.0,32,101,1331.0,30.0,113,3.1,3.7,92.6,26.4,Yes,74.2,No,73.6,Good
103927,25.9,56,73,1002.0,21.0,49,9.9,12.7,161.2,3.9,No,96.5,Yes,84.7,Good
103928,24.4,32,120,890.0,20.0,111,9.2,9.4,262.2,4.3,Yes,62.7,Yes,72.0,Good
103929,19.5,57,133,418.0,47.0,7,9.8,4.2,295.1,9.7,No,72.5,No,82.3,Good
103930,23.5,46,119,1200.0,23.0,29,10.3,8.7,308.7,20.3,Yes,81.5,Yes,98.0,Excellent
103931,25.0,60,127,1159.0,60.0,112,11.1,8.3,209.1,7.0,Yes,113.6,No,49.1,Poor
103932,27.6,39,109,1328.0,49.0,39,4.5,12.4,192.8,24.9,Yes,73.6,No,67.7,Fair
103933,25.7,51,40,697.0,26.0,78,9.5,0.0,304.5,23.0,Yes,75.4,Yes,72.6,Good
103934,25.3,59,90,1104.0,41.0,73,9.0,10.6,218.9,17.7,Yes,66.5,Yes,66.7,Fair
103935,23.2,50,55,,45.0,32,13.3,10.9,223.6,5.2,Yes,75.6,No,85.1,Excellent
103936,24.2,65,58,1202.0,48.0,72,4.8,13.4,180.2,29.7,Yes,94.6,Yes,65.8,Fair
103937,26.7,52,51,772.0,44.0,112,2.7,16.0,161.8,15.7,Yes,72.6,No,47.7,Poor
103938,19.0,67,121,1327.0,29.0,51,9.8,7.9,194.2,14.7,Yes,88.3,No,79.2,Good
103939,22.0,41,36,1350.0,39.0,32,10.9,6.2,159.5,29.9,Yes,79.9,No,88.2,Excellent
103940,20.7,54,97,1243.0,33.0,72,5.4,1.8,153.1,26.2,Yes,85.3,No,75.6,Good
103941,24.1,49,130,1346.0,52.0,77,8.9,6.1,348.1,14.8,Yes,46.7,Yes,63.0,Fair
103942,26.7,36,12,842.0,24.0,119,2.7,1.2,150.9,13.7,Yes,79.5,No,64.1,Fair
103943,21.2,58,69,541.0,64.0,95,13.5,14.5,126.9,4.7,Yes,80.0,Yes,59.3,Fair
103944,16.0,58,88,801.0,25.0,36,3.3,14.5,156.2,27.9,Yes,87.7,No,75.4,Good
103945,21.8,42,41,1222.0,41.0,69,2.8,7.5,227.2,25.6,Yes,89.7,Yes,81.7,Good
103946,25.7,32,16,621.0,36.0,68,2.5,4.7,323.3,10.7,Yes,103.5,No,75.7,Good
103947,24.6,31,80,1136.0,34.0,3,7.1,2.1,286.4,23.1,Yes,88.5,No,86.9,Excellent
103948,24.3,45,137,1393.0,58.0,59,3.2,15.3,302.7,23.4,Yes,61.5,No,68.1,Fair
103949,22.2,59,67,512.0,59.0,111,10.9,15.8,307.7,8.4,Yes,60.1,Yes,52.5,Fair
103950,19.2,67,121,1493.0,47.0,79,12.8,4.8,326.2,19.2,Yes,62.1,Yes,62.9,Fair
103951,24.5,35,57,997.0,21.0,73,5.1,11.2,120.5,9.1,Yes,76.4,No,84.2,Good
103952,20.5,36,120,1303.0,37.0,30,9.5,4.7,187.5,24.1,Yes,66.8,No,89.2,Excellent
103953,29.6,34,80,884.0,46.0,94,2.5,4.1,165.6,6.3,Yes,83.1,No,40.3,Poor
103954,24.7,36,84,950.0,40.0,13,6.6,0.4,164.6,20.7,Yes,93.5,No,82.5,Good
103955,21.3,63,83,1433.0,42.0,76,5.5,10.4,245.7,11.1,No,64.6,No,76.9,Good
103956,21.2,61,130,402.0,26.0,59,4.7,2.7,170.5,3.0,No,87.5,Yes,89.1,Excellent
103957,22.7,42,64,1061.0,67.0,67,9.7,0.2,234.9,5.5,No,56.7,No,60.2,Fair
103958,22.3,59,50,466.0,38.0,109,3.6,1.9,164.7,20.3,Yes,58.9,Yes,68.9,Fair
103959,26.4,54,106,1104.0,28.0,25,12.3,5.6,143.3,8.7,Yes,64.3,Yes,81.6,Good
103960,23.6,50,42,497.0,31.0,23,10.0,12.0,155.9,19.7,Yes,78.4,No,92.4,Excellent
103961,20.8,50,43,1480.0,65.0,55,10.5,3.6,291.1,13.6,Yes,61.2,No,66.2,Fair
103962,28.7,57,71,487.0,49.0,8,13.2,16.0,230.3,21.4,Yes,56.7,No,72.0,Good
103963,23.1,49,28,1371.0,26.0,34,13.3,5.2,342.2,15.8,Yes,68.9,No,92.7,Excellent
103964,25.3,63,19,1052.0,21.0,105,8.6,6.0,299.8,10.6,Yes,50.2,No,77.0,Good
103965,21.2,34,129,1055.0,36.0,78,7.9,3.9,195.7,6.1,No,82.6,No,77.6,Good
103966,24.1,47,132,1311.0,30.0,23,6.0,4.6,122.7,11.6,Yes,72.5,No,91.0,Excellent
103967,23.9,68,113,770.0,69.0,30,10.6,1.3,252.2,19.8,Yes,95.4,Yes,67.0,Fair
103968,17.3,40,14,774.0,31.0,82,8.5,5.3,268.0,22.7,No,65.9,No,67.8,Fair
103969,29.0,46,67,451.0,22.0,65,13.2,15.5,189.3,6.5,Yes,60.7,No,70.8,Good
103970,26.9,51,68,440.0,40.0,65,4.9,12.4,119.0,,No,76.5,No,66.9,Fair
103971,21.8,66,137,1215.0,33.0,40,5.7,15.8,217.2,7.0,No,46.8,No,94.6,Excellent
103972,19.7,49,95,490.0,34.0,35,5.8,1.9,126.1,8.2,Yes,85.6,No,86.9,Excellent
103973,24.0,35,113,438.0,61.0,100,11.7,8.2,332.0,16.9,Yes,69.7,Yes,55.1,Fair
103974,23.3,63,138,1436.0,60.0,33,3.2,4.1,238.7,10.1,Yes,75.8,Yes,77.8,Good
103975,24.1,43,47,1299.0,29.0,38,7.5,13.0,137.6,20.5,Yes,71.9,Yes,92.3,Excellent
103976,23.6,52,116,1020.0,55.0,82,7.1,17.5,114.7,28.8,Yes,88.7,No,63.5,Fair
103977,24.5,49,118,503.0,29.0,101,2.9,14.7,265.0,6.2,Yes,52.5,Yes,70.2,Good
103978,27.3,42,62,1142.0,36.0,22,6.9,0.6,262.3,18.0,Yes,85.8,No,77.9,Good
103979,24.7,70,61,442.0,63.0,79,8.2,5.7,229.1,27.9,Yes,66.7,Yes,54.5,Fair
103980,19.9,61,10,608.0,44.0,109,2.8,0.5,234.3,6.9,Yes,72.1,Yes,66.0,Fair
103981,27.1,55,20,999.0,46.0,43,8.1,0.7,231.2,12.3,Yes,69.5,No,72.1,Good
103982,27.9,43,67,1004.0,52.0,69,13.5,1.4,158.0,5.5,Yes,58.4,No,54.6,Fair
103983,32.0,65,137,875.0,30.0,57,13.7,5.0,331.2,20.0,Yes,88.4,Yes,59.1,Fair
103984,19.6,37,53,508.0,32.0,58,8.4,5.5,193.8,20.7,Yes,45.4,No,80.6,Good
103985,23.7,69,15,613.0,20.0,25,8.2,7.2,56.1,20.6,Yes,75.2,No,97.4,Excellent
103986,16.8,51,17,808.0,50.0,21,5.4,7.3,154.5,17.2,Yes,53.4,No,65.6,Fair
103987,24.7,51,14,1170.0,52.0,108,14.0,13.9,89.1,22.9,Yes,61.6,No,57.9,Fair
103988,21.4,45,115,1032.0,40.0,110,5.3,2.5,159.0,3.0,Yes,53.1,Yes,66.9,Fair
103989,28.8,56,121,476.0,35.0,87,7.4,2.8,232.5,28.8,Yes,79.2,Yes,56.7,Fair
103990,20.7,39,26,494.0,58.0,109,2.0,11.3,56.8,8.2,Yes,63.5,No,57.5,Fair
103991,17.9,54,18,668.0,42.0,39,6.2,10.3,311.1,5.4,Yes,53.2,Yes,75.2,Good
103992,21.6,60,87,760.0,29.0,84,2.9,2.8,233.1,28.4,Yes,89.3,No,83.5,Good
103993,17.1,50,23,929.0,67.0,93,10.9,15.3,138.6,25.3,Yes,87.8,Yes,42.3,Poor
103994,25.3,56,122,1082.0,52.0,115,8.7,5.9,143.4,23.4,Yes,57.2,Yes,49.0,Poor
103995,16.8,46,100,561.0,41.0,10,8.9,6.6,189.7,,No,74.6,Yes,79.2,Good
103996,23.1,62,34,864.0,60.0,116,5.4,7.6,124.4,24.6,Yes,74.3,No,56.7,Fair
103997,16.8,60,107,1222.0,25.0,8,11.8,5.8,51.3,19.1,Yes,79.1,Yes,87.6,Excellent
103998,22.0,55,12,947.0,66.0,11,2.0,10.0,58.0,,No,76.9,Yes,81.8,Good
103999,27.9,50,148,451.0,55.0,25,6.0,7.0,157.3,29.4,Yes,54.8,No,70.1,Good
104000,24.1,65,121,887.0,66.0,37,9.9,4.7,87.3,7.4,Yes,83.4,No,61.8,Fair
101001,27.2,46,31,791.0,32.0,31,5.1,12.4,247.9,9.8,Yes,69.9,No,75.0,Good
101002,25.8,60,40,978.0,21.0,79,5.0,9.5,156.6,6.0,Yes,80.0,Yes,77.6,Good
101003,23.2,39,144,819.0,51.0,101,9.4,15.8,93.8,,No,44.2,No,60.1,Fair
101004,21.1,66,114,563.0,45.0,9,11.8,9.0,339.2,5.4,Yes,49.1,No,92.9,Excellent
101005,25.1,58,25,1178.0,22.0,16,7.4,4.0,54.2,20.9,Yes,79.1,No,93.0,Excellent
101006,24.2,47,29,1037.0,60.0,112,6.6,14.5,254.4,27.0,Yes,71.6,No,54.7,Fair
101007,25.7,67,52,416.0,61.0,39,13.7,5.3,314.0,6.6,Yes,86.1,No,63.2,Fair
101008,24.9,68,56,845.0,32.0,67,3.4,16.8,57.5,8.0,Yes,63.9,Yes,73.2,Good
101009,26.1,35,123,569.0,40.0,62,7.8,4.5,267.6,18.1,Yes,106.8,No,70.2,Good
101010,21.4,69,28,739.0,64.0,14,6.9,3.0,349.7,16.2,Yes,71.6,Yes,79.0,Good
101011,27.0,41,57,1125.0,56.0,96,3.2,8.9,241.9,16.6,Yes,88.2,No,49.6,Poor
101012,23.6,43,148,1434.0,42.0,38,5.2,0.9,174.4,17.5,Yes,84.9,Yes,82.8,Good
101013,29.2,39,54,532.0,26.0,56,2.3,0.7,312.3,28.6,Yes,63.1,No,73.0,Good
101014,20.9,49,96,1300.0,36.0,9,12.5,8.9,216.3,3.5,No,74.6,No,96.2,Excellent
101015,28.2,44,24,1039.0,47.0,70,9.3,3.9,274.8,23.3,Yes,50.3,Yes,60.2,Fair
101016,23.6,60,119,1222.0,66.0,96,11.8,0.2,226.3,8.5,Yes,61.7,No,53.1,Fair
101017,21.0,36,105,1353.0,49.0,16,8.3,5.3,61.5,12.5,No,79.0,Yes,81.7,Good
101018,21.5,70,111,478.0,24.0,75,9.2,8.6,113.9,4.5,Yes,62.9,Yes,87.0,Excellent
101019,22.0,39,95,745.0,43.0,16,10.4,7.1,73.6,14.5,Yes,75.1,No,92.2,Excellent
101020,24.3,39,90,1008.0,26.0,110,12.9,2.4,82.0,24.5,Yes,45.8,No,69.5,Fair
101021,24.6,68,60,1038.0,53.0,119,3.1,10.4,54.6,4.8,No,54.8,Yes,56.5,Fair
101022,21.3,57,121,1447.0,69.0,15,6.0,12.8,176.3,9.7,Yes,94.4,No,78.2,Good
101023,22.9,59,24,530.0,61.0,118,10.5,12.2,103.6,12.4,Yes,87.3,No,53.9,Fair
101024,29.4,66,74,755.0,52.0,77,13.5,7.1,306.7,4.9,Yes,103.9,Yes,52.4,Fair
101025,28.2,32,97,1343.0,46.0,2,13.8,2.5,275.0,23.3,Yes,60.6,No,78.5,Good
101026,24.3,44,85,549.0,33.0,114,9.7,9.0,222.0,24.0,Yes,73.3,No,70.3,Good
101027,23.1,50,19,449.0,38.0,107,4.3,16.0,196.7,25.4,Yes,75.9,Yes,72.2,Good
101028,23.4,66,51,863.0,67.0,50,3.4,8.4,126.8,18.3,Yes,72.8,No,63.3,Fair
101029,24.8,41,104,854.0,57.0,113,13.4,3.5,192.5,16.2,Yes,77.9,No,49.0,Poor
101030,19.9,33,20,734.0,31.0,93,7.2,1.7,242.4,9.4,Yes,87.0,No,69.8,Fair
101031,22.2,38,127,1067.0,22.0,45,4.3,17.0,284.7,20.3,Yes,85.7,No,98.9,Excellent
101032,18.0,68,134,726.0,26.0,115,13.2,13.4,74.5,14.4,Yes,51.6,No,63.7,Fair
101033,24.2,57,87,1415.0,54.0,54,3.3,5.6,262.5,29.2,No,51.8,Yes,72.2,Good
101034,24.9,52,99,735.0,44.0,104,10.8,5.3,272.8,29.1,Yes,83.4,No,63.4,Fair
101035,21.6,69,17,1065.0,68.0,98,9.5,16.1,217.7,27.3,Yes,77.8,Yes,52.3,Fair
101036,27.7,51,145,1394.0,34.0,25,3.1,3.2,114.3,12.1,Yes,74.3,Yes,75.2,Good
101037,19.3,53,120,480.0,38.0,118,6.1,9.6,211.8,12.3,Yes,61.3,No,59.2,Fair
101038,18.6,55,67,486.0,38.0,75,3.8,12.8,200.8,25.9,No,60.3,No,69.4,Fair
101039,23.7,59,95,,,30,9.3,7.1,192.7,22.4,Yes,66.0,Yes,82.9,Good
101040,26.1,62,64,1390.0,30.0,115,7.7,0.7,188.2,21.7,Yes,77.4,No,62.1,Fair
101041,28.1,45,131,584.0,40.0,80,2.1,4.1,83.2,9.8,Yes,71.5,No,56.2,Fair
101042,21.6,51,117,1097.0,53.0,100,13.7,16.2,104.9,25.3,Yes,68.0,Yes,65.9,Fair
101043,26.2,47,57,522.0,58.0,71,6.2,9.4,79.2,18.2,No,81.7,No,52.2,Fair
101044,22.9,36,141,1004.0,26.0,18,5.1,14.7,122.7,14.5,Yes,58.7,No,98.7,Excellent
101045,22.5,55,145,914.0,61.0,89,4.7,10.0,129.0,26.2,Yes,72.0,No,63.4,Fair
101046,25.7,37,138,1303.0,63.0,67,3.9,17.0,123.5,13.0,Yes,85.6,No,58.1,Fair
101047,25.0,35,56,704.0,46.0,14,14.0,16.4,113.3,20.3,Yes,49.7,Yes,80.3,Good
101048,18.3,59,14,1056.0,69.0,114,5.5,8.7,270.6,15.0,Yes,66.1,No,38.0,Poor
101049,27.4,68,33,661.0,42.0,110,6.9,5.7,295.6,,Yes,102.8,Yes,53.8,Fair
101050,27.1,52,27,890.0,,57,12.5,10.8,148.1,3.1,Yes,79.9,Yes,55.2,Fair
101051,21.1,61,93,1137.0,39.0,77,9.7,12.1,141.5,14.9,Yes,72.4,No,79.1,Good
101052,24.2,51,14,1454.0,46.0,29,6.4,9.0,303.2,17.6,Yes,106.5,No,77.8,Good
101053,24.5,38,39,1101.0,27.0,47,12.8,14.8,237.2,15.8,No,72.1,No,86.2,Excellent
101054,23.8,60,10,1286.0,56.0,55,11.0,3.3,138.0,25.7,Yes,62.7,Yes,63.3,Fair
101055,21.3,36,95,411.0,22.0,41,4.7,6.0,264.1,10.7,Yes,74.9,Yes,100.0,Excellent
101056,21.0,38,91,490.0,21.0,23,9.7,12.4,153.4,26.8,Yes,55.1,No,100.0,Excellent
101057,22.9,42,78,999.0,41.0,109,13.1,4.4,226.0,13.3,No,68.0,No,62.7,Fair
101058,26.5,32,40,700.0,25.0,51,8.0,7.9,347.8,,No,89.8,No,81.4,Good
101059,24.6,64,100,479.0,58.0,42,10.8,17.3,140.5,,Yes,93.5,No,67.4,Fair
101060,21.9,62,102,1235.0,59.0,33,13.7,11.3,329.2,7.6,Yes,94.4,No,79.3,Good
101061,25.3,50,136,1051.0,55.0,59,10.3,17.1,146.2,23.3,Yes,83.7,No,63.6,Fair
101062,16.0,60,25,832.0,63.0,82,3.2,13.0,212.1,2.3,Yes,77.0,No,51.7,Fair
101063,26.4,63,63,816.0,43.0,2,4.9,13.0,188.0,29.1,Yes,68.1,No,79.4,Good
101064,17.8,61,149,417.0,31.0,67,9.1,10.7,284.9,7.3,Yes,46.2,No,69.0,Fair
101065,21.9,64,29,1477.0,36.0,10,5.3,2.6,68.3,27.2,No,65.1,No,100.0,Excellent
101066,19.6,44,91,1145.0,41.0,12,13.5,9.4,238.1,16.4,Yes,73.1,Yes,81.8,Good
101067,19.1,61,118,639.0,38.0,49,6.9,4.5,278.2,17.8,Yes,67.9,No,78.4,Good
101068,26.5,35,122,1245.0,28.0,81,7.5,18.0,191.6,4.4,Yes,75.2,Yes,72.4,Good
101069,21.6,50,26,817.0,31.0,18,10.4,4.8,81.6,12.2,Yes,68.2,No,93.8,Excellent
101070,24.0,62,135,1255.0,51.0,43,8.3,4.2,123.4,6.4,Yes,87.6,No,80.0,Good
101071,22.9,61,12,998.0,50.0,32,6.6,11.2,253.9,16.7,Yes,71.8,No,79.0,Good
101072,24.4,48,26,819.0,36.0,119,2.9,9.2,318.6,,Yes,95.7,Yes,61.5,Fair
101073,23.2,62,59,615.0,42.0,37,9.2,0.4,176.5,21.9,Yes,57.9,Yes,89.6,Excellent
101074,19.2,57,131,1108.0,29.0,2,12.4,2.3,218.1,26.6,Yes,80.7,Yes,93.1,Excellent
101075,26.0,60,99,950.0,49.0,112,10.2,14.6,118.5,15.1,No,73.7,No,53.8,Fair
101076,21.5,50,96,1365.0,38.0,98,6.6,8.7,173.7,8.5,Yes,67.7,Yes,69.9,Fair
101077,18.3,63,15,1232.0,45.0,64,3.5,2.6,151.0,11.3,Yes,55.9,No,67.4,Fair
101078,21.7,44,64,1079.0,45.0,34,11.8,8.4,246.7,25.7,Yes,93.0,No,83.2,Good
101079,27.5,43,111,886.0,30.0,35,13.3,4.6,345.4,6.1,Yes,59.4,Yes,80.0,Good
101080,25.6,48,38,1022.0,39.0,37,6.7,4.0,294.0,19.6,Yes,39.1,No,75.8,Good
101081,22.0,44,120,618.0,64.0,38,10.7,17.2,107.6,2.4,Yes,58.9,No,74.6,Good
101082,22.0,35,19,1120.0,23.0,118,6.9,6.5,223.3,8.9,Yes,47.6,Yes,77.6,Good
101083,22.0,38,100,780.0,66.0,24,8.0,0.8,69.9,18.6,Yes,82.0,No,80.5,Good
101084,29.2,66,38,486.0,31.0,63,12.0,17.5,124.1,14.8,Yes,90.4,No,63.2,Fair
101085,24.1,49,54,1214.0,,103,3.0,14.3,101.7,15.8,Yes,52.0,Yes,61.1,Fair
101086,24.3,63,60,810.0,29.0,12,8.4,4.6,150.7,20.5,Yes,81.1,No,95.0,Excellent
101087,26.1,67,110,1090.0,41.0,67,4.6,7.4,253.6,8.6,Yes,45.2,No,67.3,Fair
101088,23.7,55,137,1412.0,26.0,69,6.1,15.5,199.8,9.9,No,85.2,Yes,82.9,Good
101089,22.2,47,20,924.0,43.0,74,9.7,6.4,329.9,21.2,Yes,51.0,Yes,75.9,Good
101090,22.4,57,91,846.0,21.0,0,2.3,10.2,113.8,17.1,Yes,70.1,No,100.0,Excellent
101091,22.8,38,137,699.0,51.0,71,9.1,9.6,159.3,2.4,Yes,84.9,No,74.9,Good
101092,22.9,61,15,807.0,40.0,53,5.4,7.2,149.0,,Yes,75.5,No,86.0,Excellent
101093,25.2,35,76,774.0,26.0,97,10.0,11.5,120.8,19.4,Yes,76.1,Yes,72.0,Good
101094,23.2,43,71,632.0,27.0,103,3.7,8.5,348.0,4.2,Yes,67.9,No,78.4,Good
101095,25.2,57,142,1037.0,57.0,115,10.8,0.4,166.2,22.9,Yes,78.9,No,49.6,Poor
101096,22.8,53,146,1049.0,40.0,8,9.7,14.7,332.2,16.6,Yes,69.1,Yes,91.4,Excellent
101097,23.2,42,37,1360.0,27.0,35,13.7,2.0,167.1,7.7,No,76.2,No,92.4,Excellent
101098,17.0,41,47,1472.0,,112,12.9,8.4,111.2,17.7,Yes,50.2,No,55.5,Fair
101099,25.7,48,52,585.0,47.0,102,5.4,10.4,85.8,18.7,Yes,65.4,No,53.2,Fair
101100,24.0,50,126,477.0,47.0,105,2.3,12.7,306.7,27.8,Yes,69.2,Yes,56.6,Fair
101101,26.0,56,55,593.0,50.0,36,9.9,7.4,59.6,22.8,Yes,63.4,Yes,69.4,Fair
101102,16.0,48,58,686.0,55.0,105,9.2,13.2,339.3,10.5,Yes,71.6,No,39.2,Poor
101103,29.3,53,48,649.0,44.0,58,2.3,2.4,175.5,5.3,No,63.9,No,59.4,Fair
101104,22.6,55,80,935.0,60.0,107,3.5,11.8,124.2,25.9,Yes,64.5,No,56.4,Fair
101105,26.3,57,136,699.0,56.0,20,9.0,14.9,235.2,25.7,Yes,60.7,Yes,72.3,Good
101106,19.9,47,10,1208.0,57.0,19,12.9,16.0,89.9,6.9,Yes,88.4,Yes,77.4,Good
101107,24.8,65,145,857.0,31.0,101,12.9,10.4,71.6,3.7,No,102.0,No,68.4,Fair
101108,19.8,58,78,,56.0,0,3.8,5.6,298.3,21.9,Yes,77.8,No,83.1,Good
101109,21.1,46,39,1117.0,,98,6.6,2.9,177.4,22.2,Yes,86.3,No,64.1,Fair
101110,28.7,33,124,439.0,50.0,58,2.5,6.2,205.5,7.0,Yes,79.5,No,59.5,Fair
101111,22.4,58,17,507.0,37.0,27,7.6,9.7,103.0,20.7,Yes,86.9,No,90.0,Excellent
101112,23.7,33,122,660.0,45.0,70,11.0,3.5,68.4,9.8,Yes,55.3,Yes,76.3,Good
101113,25.6,39,28,925.0,25.0,106,11.5,17.1,160.3,9.3,Yes,58.3,No,68.2,Fair
101114,24.5,54,68,1109.0,28.0,55,8.0,16.1,201.8,11.1,Yes,85.7,Yes,78.5,Good
101115,23.5,60,88,525.0,30.0,107,3.2,0.6,279.6,16.6,No,94.1,No,69.5,Fair
101116,24.1,32,45,1485.0,50.0,8,6.6,10.1,200.3,24.5,Yes,117.4,No,78.7,Good
101117,30.2,31,64,453.0,65.0,64,13.2,14.2,284.8,16.0,Yes,79.7,Yes,44.1,Poor
101118,22.8,54,53,,21.0,35,4.8,4.4,84.6,10.3,Yes,52.0,Yes,99.6,Excellent
101119,23.6,35,86,535.0,48.0,97,5.8,9.4,69.2,26.8,Yes,74.0,Yes,66.0,Fair
101120,26.2,55,87,729.0,65.0,33,11.0,7.3,97.7,3.5,Yes,84.3,Yes,63.5,Fair
101121,26.3,37,110,535.0,61.0,80,10.8,3.5,281.6,24.3,Yes,78.2,Yes,55.2,Fair
101122,26.6,64,39,1212.0,24.0,116,12.9,11.1,277.8,24.0,Yes,55.4,No,61.0,Fair
101123,24.9,56,48,1251.0,42.0,31,6.7,17.9,92.4,9.1,No,58.0,Yes,82.4,Good
101124,19.6,54,22,1270.0,55.0,65,8.2,6.6,59.3,7.6,No,49.4,No,69.6,Fair
101125,27.9,47,131,1291.0,26.0,99,7.6,9.9,255.6,26.5,Yes,79.7,Yes,63.2,Fair
101126,19.6,30,121,1034.0,,24,13.1,5.9,306.6,17.6,Yes,58.1,No,88.9,Excellent
101127,23.9,68,54,1068.0,61.0,106,11.2,15.8,276.2,3.3,No,88.9,No,53.7,Fair
101128,20.7,32,128,1440.0,29.0,50,12.0,15.6,110.8,26.9,Yes,79.4,Yes,87.2,Excellent
101129,22.8,33,44,668.0,55.0,62,3.6,3.2,225.1,11.8,Yes,77.8,No,66.1,Fair
101130,24.0,70,16,1260.0,35.0,119,11.5,16.2,277.2,,Yes,67.7,No,64.0,Fair
101131,24.0,66,119,881.0,34.0,89,7.2,2.7,126.7,20.0,No,65.8,No,72.9,Good
101132,24.3,44,123,684.0,62.0,44,2.3,1.7,208.3,20.5,Yes,79.2,Yes,72.6,Good
101133,27.8,37,60,1460.0,38.0,117,2.7,11.8,144.3,11.9,Yes,77.6,No,52.5,Fair
101134,24.4,67,55,502.0,40.0,25,10.1,6.9,117.7,6.0,Yes,50.0,No,82.8,Good
101135,22.3,48,29,1191.0,54.0,20,6.5,9.6,340.9,17.5,Yes,95.9,No,79.2,Good
101136,25.9,55,105,638.0,34.0,81,12.4,11.7,323.8,19.5,Yes,68.4,No,72.0,Good
101137,26.6,68,47,1140.0,67.0,92,10.8,1.0,183.7,26.1,Yes,68.8,No,39.7,Poor
101138,19.3,39,113,1044.0,33.0,50,2.3,5.3,91.0,15.6,No,83.8,No,80.8,Good
101139,24.8,67,41,1281.0,48.0,23,10.2,8.3,268.4,20.1,No,77.0,No,76.6,Good
101140,25.1,43,67,1006.0,24.0,110,4.3,4.8,126.7,3.5,No,57.1,Yes,73.1,Good
101141,22.1,70,91,587.0,68.0,91,7.1,0.9,100.6,,Yes,89.7,No,58.0,Fair
101142,27.1,48,59,1287.0,37.0,11,9.5,1.6,164.5,11.2,Yes,64.6,No,80.9,Good
101143,22.5,59,61,1386.0,20.0,10,12.5,14.4,209.0,19.7,Yes,102.8,Yes,100.0,Excellent
101144,23.4,34,95,1323.0,46.0,26,7.5,16.4,79.2,27.6,No,66.7,Yes,82.5,Good
101145,22.5,60,124,1193.0,46.0,22,11.7,2.7,221.5,24.7,Yes,62.7,Yes,80.0,Good
101146,23.0,36,62,929.0,44.0,32,11.4,4.5,54.6,19.9,Yes,88.0,No,84.5,Good
101147,19.7,48,75,1075.0,60.0,79,7.0,11.7,317.6,21.7,Yes,80.3,No,54.9,Fair
101148,18.7,60,126,791.0,40.0,91,8.0,17.2,326.2,27.8,Yes,61.5,No,64.9,Fair
101149,27.8,68,52,1071.0,33.0,91,10.4,5.4,269.9,24.7,Yes,83.4,No,59.0,Fair
101150,20.5,53,91,1260.0,39.0,108,2.4,15.4,190.0,19.1,Yes,57.6,No,66.3,Fair
101151,20.0,63,73,865.0,47.0,37,12.7,9.1,126.5,20.4,Yes,71.1,No,78.7,Good
101152,16.5,52,146,1238.0,40.0,54,11.2,17.2,273.2,6.1,Yes,86.4,Yes,71.6,Good
101153,21.1,69,122,1387.0,42.0,69,5.0,2.5,329.5,15.2,Yes,80.2,No,76.8,Good
101154,19.0,35,144,1473.0,30.0,41,13.8,17.5,97.6,10.4,Yes,94.3,Yes,89.8,Excellent
101155,27.9,67,63,403.0,21.0,28,4.2,7.9,189.7,14.1,Yes,77.1,Yes,86.6,Excellent
101156,26.0,70,74,1251.0,39.0,33,13.0,17.2,144.6,20.5,No,65.9,Yes,80.1,Good
101157,20.9,65,11,934.0,43.0,56,5.9,8.3,157.0,6.2,Yes,64.7,No,77.6,Good
101158,29.8,56,141,1302.0,44.0,2,11.2,9.5,171.7,2.5,Yes,100.3,No,65.9,Fair
101159,25.9,40,87,1484.0,56.0,5,7.5,14.5,335.5,13.1,Yes,73.1,No,77.9,Good
101160,22.0,34,41,1045.0,41.0,47,10.8,13.0,127.6,11.0,Yes,86.2,Yes,81.3,Good
101161,16.0,46,109,423.0,43.0,101,3.9,11.2,197.8,13.8,Yes,61.1,No,55.4,Fair
101162,29.9,36,139,956.0,34.0,63,5.2,7.5,335.4,28.1,No,95.5,Yes,57.2,Fair
101163,18.8,56,113,1090.0,31.0,119,3.2,14.3,192.8,21.8,Yes,71.4,No,65.7,Fair
101164,18.1,44,98,755.0,,12,12.4,17.1,309.1,11.2,Yes,78.4,No,72.7,Good
101165,26.1,42,58,1269.0,50.0,35,5.6,0.2,67.6,7.0,Yes,62.2,No,69.5,Fair
101166,30.3,40,145,1340.0,62.0,78,10.3,10.6,335.9,19.3,No,89.5,Yes,41.1,Poor
101167,27.2,55,96,974.0,50.0,69,11.8,15.6,106.3,20.4,Yes,47.1,No,60.0,Fair
101168,24.7,51,17,428.0,49.0,32,12.8,11.8,344.0,15.5,Yes,82.2,No,76.1,Good
101169,24.8,57,110,756.0,60.0,104,3.3,14.4,102.7,8.0,No,47.6,Yes,51.0,Fair
101170,25.6,53,25,764.0,39.0,75,12.7,16.1,183.3,2.8,Yes,66.9,Yes,65.7,Fair
101171,25.3,58,49,1007.0,27.0,56,4.4,13.5,142.6,9.4,Yes,91.8,No,80.5,Good
101172,23.8,38,115,808.0,,54,10.8,12.9,180.0,14.8,Yes,74.6,No,61.2,Fair
101173,23.3,33,36,966.0,49.0,106,10.7,17.4,125.2,24.1,Yes,79.7,Yes,60.5,Fair
101174,22.8,47,113,618.0,54.0,12,2.1,15.5,339.6,25.9,Yes,54.8,No,81.7,Good
101175,20.7,45,114,572.0,40.0,96,4.6,14.7,141.7,13.6,Yes,68.7,No,70.1,Good
101176,22.2,62,44,1007.0,66.0,50,7.9,1.6,246.0,24.3,Yes,53.7,Yes,71.7,Good
101177,17.9,58,122,1435.0,59.0,91,7.0,4.3,91.2,29.8,Yes,74.2,Yes,48.2,Poor
101178,22.7,68,61,1257.0,47.0,52,13.0,10.0,297.3,22.1,Yes,39.7,No,79.8,Good
101179,20.0,39,62,1056.0,58.0,35,6.3,12.8,212.8,22.4,Yes,78.5,Yes,69.9,Fair
101180,19.7,38,100,1368.0,36.0,4,13.2,5.5,343.8,27.5,No,63.6,Yes,91.8,Excellent
101181,23.5,60,90,840.0,31.0,118,7.5,1.7,177.0,11.5,Yes,46.6,No,71.3,Good
101182,27.2,57,113,1016.0,69.0,24,13.6,5.6,108.6,2.3,Yes,75.8,No,58.7,Fair
101183,25.8,32,75,625.0,37.0,80,10.8,13.9,153.8,29.6,Yes,63.3,Yes,66.5,Fair
101184,18.3,43,122,,66.0,36,12.0,15.8,271.1,15.7,Yes,79.6,No,56.9,Fair
101185,20.0,54,40,427.0,47.0,18,3.3,16.4,247.7,24.0,No,67.5,Yes,83.9,Good
101186,25.8,44,70,1407.0,22.0,34,9.0,6.8,283.5,24.7,Yes,64.1,Yes,88.7,Excellent
101187,20.1,31,110,1394.0,34.0,106,3.7,6.7,72.0,13.1,Yes,72.6,Yes,70.6,Good
101188,22.3,53,114,415.0,35.0,33,5.6,7.3,224.1,17.2,Yes,59.9,Yes,91.1,Excellent
101189,24.7,43,107,732.0,41.0,53,9.5,6.8,329.7,17.1,Yes,50.4,No,77.5,Good
101190,20.1,36,43,882.0,68.0,45,10.7,12.0,82.4,8.2,Yes,60.8,No,60.8,Fair
101191,23.3,65,68,965.0,50.0,5,2.5,6.4,78.3,5.3,Yes,84.4,No,86.0,Excellent
101192,19.0,53,12,513.0,,82,8.4,0.4,265.0,17.2,Yes,91.8,No,66.0,Fair
101193,21.2,56,26,437.0,20.0,0,8.8,7.9,144.6,5.4,Yes,72.3,Yes,100.0,Excellent
101194,24.0,66,87,853.0,30.0,70,2.9,4.0,247.6,11.7,Yes,76.6,No,82.0,Good
101195,18.2,67,55,1141.0,25.0,33,8.0,0.5,213.6,7.2,Yes,72.9,Yes,88.3,Excellent
101196,24.3,59,44,565.0,42.0,55,10.6,8.5,345.8,21.8,Yes,82.0,Yes,79.7,Good
101197,22.9,56,138,1093.0,28.0,82,2.6,3.7,316.7,26.4,Yes,94.8,Yes,84.1,Good
101198,24.7,68,121,604.0,35.0,96,11.1,8.1,253.4,18.2,Yes,56.3,Yes,72.9,Good
101199,23.7,44,141,1277.0,57.0,25,8.9,5.0,128.5,13.5,Yes,93.7,Yes,73.7,Good
101200,27.1,55,70,644.0,,104,12.0,10.9,128.6,29.9,Yes,85.1,Yes,40.3,Poor
101201,23.4,30,106,1342.0,38.0,116,4.6,17.8,314.7,2.6,Yes,67.6,No,67.2,Fair
101202,21.7,33,99,1220.0,,112,12.0,9.9,225.6,10.5,No,38.7,No,53.3,Fair
101203,23.4,58,145,906.0,32.0,41,3.1,11.6,286.8,9.8,Yes,40.8,Yes,89.7,Excellent
101204,24.6,30,68,1323.0,51.0,90,6.8,16.5,185.0,12.0,Yes,72.5,No,58.6,Fair
101205,23.1,51,27,809.0,55.0,37,4.4,6.7,80.9,8.5,Yes,51.7,No,72.0,Good
101206,23.1,40,104,709.0,28.0,25,12.5,3.0,149.8,9.4,Yes,65.9,No,96.2,Excellent
101207,20.9,39,25,467.0,65.0,98,10.5,5.1,98.3,9.2,No,80.0,Yes,58.4,Fair
101208,21.0,46,19,513.0,65.0,58,2.3,7.3,284.5,16.2,Yes,63.3,No,65.9,Fair
101209,18.8,65,113,619.0,68.0,83,2.1,11.6,260.2,12.9,Yes,57.2,Yes,50.9,Fair
101210,28.2,55,85,619.0,56.0,23,5.5,0.1,76.5,19.9,Yes,63.6,No,60.1,Fair
101211,19.3,50,25,1129.0,50.0,110,3.7,15.4,236.4,16.4,Yes,90.1,Yes,57.5,Fair
101212,20.9,42,21,1148.0,50.0,20,9.6,1.4,312.2,7.1,Yes,83.7,Yes,81.9,Good
101213,20.8,38,84,1342.0,38.0,59,10.0,16.2,259.2,24.7,Yes,58.4,Yes,80.0,Good
101214,25.7,40,138,785.0,21.0,117,13.3,17.1,203.3,15.2,No,55.3,Yes,66.0,Fair
101215,22.1,40,36,1329.0,64.0,89,13.4,17.8,143.6,6.3,Yes,59.2,Yes,57.2,Fair
101216,26.7,35,21,804.0,51.0,19,9.9,14.6,316.1,6.7,Yes,64.4,No,71.3,Good
101217,21.0,30,39,891.0,62.0,5,2.1,2.6,176.8,24.3,Yes,96.0,No,77.8,Good
101218,23.8,35,18,756.0,53.0,66,6.3,12.7,306.6,21.7,Yes,101.8,No,69.8,Fair
101219,20.5,42,62,614.0,20.0,9,8.2,3.7,284.9,16.2,Yes,59.7,Yes,100.0,Excellent
101220,29.4,51,63,,40.0,11,8.0,16.1,294.9,10.6,Yes,103.9,Yes,71.8,Good
101221,19.4,60,58,1226.0,22.0,96,9.2,5.7,346.9,14.9,Yes,62.6,No,73.0,Good
101222,23.9,51,13,927.0,46.0,21,13.5,5.9,274.6,19.8,Yes,58.6,Yes,88.9,Excellent
101223,24.9,66,88,1315.0,63.0,61,12.6,16.5,60.2,26.6,Yes,66.9,No,61.9,Fair
101224,24.2,56,100,1065.0,26.0,60,3.3,0.2,111.6,17.6,No,90.4,No,84.3,Good
101225,22.4,43,88,1109.0,52.0,79,5.2,3.5,60.6,9.7,Yes,81.6,Yes,69.2,Fair
101226,22.6,34,112,934.0,28.0,16,12.0,7.6,107.0,3.2,Yes,85.4,No,94.4,Excellent
101227,23.1,65,120,953.0,49.0,9,11.9,12.6,68.4,6.9,Yes,75.3,No,90.8,Excellent
101228,22.6,61,67,727.0,37.0,11,5.3,11.7,200.5,20.2,Yes,72.0,No,90.0,Excellent
101229,25.9,63,91,1301.0,,82,10.8,12.0,58.5,6.5,Yes,64.5,No,63.5,Fair
101230,29.6,36,141,549.0,39.0,39,10.1,15.8,191.8,15.5,Yes,42.1,Yes,70.8,Good
101231,21.3,39,31,,57.0,22,7.7,2.2,319.7,21.6,Yes,62.8,No,75.8,Good
101232,18.9,46,140,1056.0,60.0,39,4.4,9.4,274.6,10.6,Yes,74.9,No,66.6,Fair
101233,22.7,59,88,1205.0,50.0,73,12.7,13.1,333.2,20.7,Yes,61.3,No,72.3,Good
101234,30.7,50,108,692.0,27.0,73,10.1,11.5,118.0,18.3,Yes,52.7,No,62.2,Fair
101235,20.6,42,47,1318.0,42.0,49,4.0,8.1,209.3,14.3,Yes,72.4,Yes,79.5,Good
101236,27.9,30,126,1088.0,69.0,9,10.5,0.3,145.6,27.1,Yes,59.7,Yes,61.6,Fair
101237,28.0,30,35,1356.0,44.0,102,10.9,1.1,198.1,21.4,Yes,43.4,No,47.4,Poor
101238,21.3,62,145,1484.0,66.0,93,12.6,2.1,217.1,12.1,Yes,87.6,Yes,63.3,Fair
101239,24.7,67,59,815.0,20.0,3,4.7,6.2,60.9,24.5,Yes,49.3,No,97.5,Excellent
101240,27.9,54,47,997.0,65.0,0,13.9,2.1,120.0,22.7,Yes,59.0,Yes,59.3,Fair
101241,21.9,55,147,406.0,37.0,42,3.8,7.7,261.4,24.2,Yes,96.5,Yes,89.3,Excellent
101242,22.4,42,51,1317.0,38.0,82,9.2,3.2,281.9,19.9,Yes,52.4,Yes,75.4,Good
101243,21.3,57,46,484.0,61.0,4,9.9,14.0,220.8,12.6,Yes,59.3,Yes,82.2,Good
101244,20.0,62,149,1173.0,25.0,93,7.0,15.7,131.2,11.8,Yes,57.7,No,76.7,Good
101245,21.1,66,58,1356.0,,89,7.7,7.0,171.5,20.3,Yes,63.1,No,75.4,Good
101246,19.3,70,55,1470.0,65.0,103,12.7,9.2,78.8,5.7,Yes,92.8,No,47.4,Poor
101247,23.1,59,38,1005.0,64.0,33,9.7,17.2,336.0,25.0,Yes,68.6,No,69.2,Fair
101248,20.7,37,21,825.0,27.0,65,8.0,9.6,310.6,12.4,No,77.9,Yes,83.9,Good
101249,23.7,30,125,825.0,61.0,23,3.5,17.9,69.7,19.7,No,74.0,No,70.2,Good
101250,18.3,41,91,1135.0,28.0,13,2.1,2.6,99.9,16.0,Yes,78.7,No,87.7,Excellent
101251,24.0,34,53,1190.0,56.0,40,3.5,15.5,224.3,,Yes,71.7,Yes,70.5,Good
101252,25.5,53,11,914.0,46.0,41,13.5,8.9,119.7,22.7,Yes,58.9,No,75.4,Good
101253,17.0,35,26,1140.0,55.0,12,11.2,0.4,330.3,19.5,Yes,66.0,No,70.3,Good
101254,24.1,54,147,530.0,25.0,28,13.6,17.5,276.7,9.0,Yes,88.8,No,90.8,Excellent
101255,26.7,30,27,722.0,25.0,64,2.4,17.4,132.0,4.1,Yes,79.7,No,76.6,Good
101256,19.4,54,31,1222.0,64.0,45,10.2,6.9,51.8,25.5,Yes,60.0,Yes,63.4,Fair
101257,28.0,30,92,942.0,23.0,33,2.5,17.2,289.8,26.8,Yes,83.6,No,85.6,Excellent
101258,24.3,61,67,465.0,41.0,62,11.4,2.5,177.2,6.6,Yes,61.0,Yes,73.8,Good
101259,20.9,32,62,1117.0,,3,6.6,12.2,242.7,10.7,Yes,72.1,Yes,86.1,Excellent
101260,22.8,48,10,430.0,46.0,27,3.1,3.5,136.1,9.9,Yes,83.7,No,88.2,Excellent
101261,24.7,58,70,1284.0,56.0,82,8.8,4.4,92.9,28.2,Yes,51.0,Yes,55.9,Fair
101262,23.2,31,40,590.0,21.0,0,5.4,14.0,252.6,7.7,Yes,73.7,No,100.0,Excellent
101263,24.6,38,75,814.0,28.0,35,9.9,6.8,185.1,6.7,Yes,61.9,No,90.8,Excellent
101264,20.2,46,62,1146.0,30.0,106,9.9,0.1,120.6,7.1,Yes,75.8,No,72.5,Good
101265,23.5,65,104,1469.0,39.0,12,10.5,7.5,91.3,22.4,Yes,54.4,No,92.7,Excellent
101266,18.8,46,32,774.0,62.0,113,13.9,4.1,224.1,26.9,No,77.9,No,47.3,Poor
101267,22.7,41,140,957.0,58.0,105,6.6,12.3,267.7,13.0,Yes,98.5,No,58.5,Fair
101268,20.3,49,96,977.0,33.0,4,7.6,3.5,135.2,5.8,Yes,89.9,No,92.4,Excellent
101269,20.8,32,134,431.0,45.0,96,11.7,15.2,270.5,18.4,Yes,58.3,No,69.1,Fair
101270,26.7,33,118,457.0,57.0,13,8.9,4.8,104.9,7.9,Yes,79.0,No,66.1,Fair
101271,26.3,46,49,711.0,49.0,79,2.4,7.1,151.5,3.8,No,60.5,Yes,61.9,Fair
101272,24.8,66,130,1490.0,55.0,119,12.1,5.4,273.5,26.8,Yes,73.8,Yes,54.0,Fair
101273,19.7,44,48,1089.0,57.0,31,2.6,11.6,248.0,26.4,Yes,71.0,Yes,76.5,Good
101274,22.1,62,129,634.0,54.0,49,4.0,1.8,131.2,29.3,Yes,56.7,No,80.4,Good
101275,26.6,45,27,1042.0,25.0,26,3.2,8.6,86.6,15.3,Yes,61.4,No,84.4,Good
101276,23.4,40,46,1477.0,22.0,34,2.9,6.0,62.7,10.2,No,64.4,No,92.1,Excellent
101277,30.0,49,14,,20.0,2,2.3,15.9,301.4,23.6,Yes,78.8,Yes,88.1,Excellent
101278,24.2,67,82,638.0,37.0,3,2.7,1.3,72.5,7.1,Yes,55.6,Yes,97.7,Excellent
101279,23.6,53,144,511.0,42.0,6,7.3,14.9,84.5,8.8,Yes,87.8,No,87.5,Excellent
101280,22.1,45,50,875.0,51.0,76,5.0,3.0,121.3,9.2,Yes,75.7,Yes,72.2,Good
101281,23.4,59,19,703.0,48.0,104,3.5,1.6,183.7,28.6,Yes,69.3,No,58.9,Fair
101282,22.5,63,77,689.0,42.0,2,9.9,3.6,286.9,22.4,Yes,64.6,No,90.6,Excellent
101283,25.1,30,33,607.0,55.0,80,4.7,1.8,124.2,5.7,Yes,95.5,No,61.7,Fair
101284,25.9,53,87,1267.0,25.0,110,2.2,9.4,213.1,4.6,Yes,66.2,No,65.7,Fair
101285,20.6,53,118,981.0,36.0,58,7.0,17.8,77.1,25.6,Yes,71.3,No,85.1,Excellent
101286,19.0,38,33,769.0,37.0,73,5.7,0.6,189.4,24.5,Yes,68.7,No,68.8,Fair
101287,17.5,51,16,619.0,50.0,110,5.8,8.3,103.3,20.8,Yes,71.9,Yes,54.4,Fair
101288,24.5,41,82,1201.0,25.0,0,7.3,6.9,113.4,7.5,Yes,81.0,No,100.0,Excellent
101289,19.7,46,116,1218.0,53.0,27,10.0,6.1,160.0,15.4,Yes,59.5,Yes,77.5,Good
101290,16.5,54,108,748.0,63.0,58,9.4,6.0,278.4,18.9,No,80.9,No,56.6,Fair
101291,24.2,57,131,654.0,63.0,117,13.2,16.1,273.2,28.1,Yes,65.3,No,49.6,Poor
101292,30.5,44,21,851.0,46.0,52,8.2,0.3,174.5,6.7,No,56.2,No,55.9,Fair
101293,23.0,59,94,541.0,55.0,9,7.7,13.9,85.6,16.4,No,80.1,Yes,87.8,Excellent
101294,25.5,56,12,1492.0,67.0,70,4.6,4.6,134.2,6.4,No,74.6,No,55.6,Fair
101295,23.2,51,88,488.0,61.0,102,11.1,6.9,201.6,14.4,Yes,40.1,Yes,57.2,Fair
101296,22.7,39,94,1270.0,44.0,2,3.7,7.6,310.8,7.6,Yes,85.3,Yes,94.9,Excellent
101297,25.8,60,19,922.0,29.0,6,7.9,5.5,340.5,25.4,No,88.3,No,90.2,Excellent
101298,22.1,56,42,1059.0,58.0,8,7.1,1.7,241.2,9.1,Yes,47.8,No,91.7,Excellent
101299,23.8,41,55,1350.0,65.0,103,9.9,2.1,155.2,13.7,Yes,69.7,Yes,55.0,Fair
101300,24.0,60,68,1309.0,58.0,98,13.0,5.4,258.0,13.4,Yes,93.8,Yes,59.4,Fair
101301,21.0,61,61,841.0,31.0,89,13.4,14.8,150.9,26.3,Yes,56.5,No,79.0,Good
101302,26.0,61,15,437.0,30.0,68,4.0,2.4,237.6,23.2,No,98.2,Yes,78.4,Good
101303,22.5,70,139,609.0,68.0,12,5.1,13.4,123.1,3.6,Yes,73.0,Yes,74.7,Good
101304,20.7,64,38,912.0,62.0,108,11.7,5.2,130.1,3.9,Yes,66.4,No,49.3,Poor
101305,24.6,50,128,1424.0,22.0,93,8.2,15.9,72.6,17.4,Yes,80.9,No,77.2,Good
101306,20.3,39,106,1380.0,41.0,39,7.4,7.7,176.0,14.0,Yes,43.0,No,81.3,Good
101307,23.1,45,77,,23.0,113,10.5,3.1,235.5,9.7,Yes,56.9,Yes,71.7,Good
101308,23.0,36,69,1227.0,27.0,61,9.2,17.7,286.6,24.2,No,41.7,Yes,87.7,Excellent
101309,26.3,33,133,1258.0,33.0,61,13.6,3.2,293.1,5.6,No,75.0,Yes,72.1,Good
101310,24.4,56,93,793.0,39.0,102,9.0,10.2,347.7,29.3,Yes,77.3,Yes,65.1,Fair
101311,22.9,54,50,1473.0,43.0,9,7.6,10.2,76.3,2.7,Yes,86.8,Yes,95.3,Excellent
101312,25.5,60,122,795.0,33.0,105,8.5,6.7,197.9,5.3,Yes,90.0,No,62.8,Fair
101313,27.2,40,74,431.0,47.0,86,11.7,17.1,206.4,10.7,Yes,60.2,Yes,57.7,Fair
101314,24.7,49,88,944.0,35.0,10,9.4,15.2,291.4,16.3,Yes,66.7,Yes,92.2,Excellent
101315,23.0,65,72,1111.0,51.0,75,9.8,14.9,129.9,8.1,Yes,73.1,Yes,75.7,Good
101316,19.1,46,127,1449.0,66.0,61,13.7,17.5,70.8,22.6,Yes,51.2,Yes,59.0,Fair
101317,19.8,40,46,1484.0,31.0,76,9.4,8.2,144.1,12.0,Yes,71.7,Yes,77.0,Good
101318,22.1,59,73,952.0,35.0,103,6.6,1.7,345.2,3.1,Yes,87.2,Yes,70.6,Good
101319,21.2,64,95,597.0,38.0,112,10.3,13.8,319.8,26.6,Yes,73.7,Yes,64.6,Fair
101320,22.4,70,142,1198.0,24.0,55,9.9,6.9,168.6,28.4,Yes,55.8,No,94.7,Excellent
101321,23.2,67,43,1093.0,31.0,109,2.2,3.4,312.9,19.3,Yes,77.0,No,72.3,Good
101322,24.6,51,48,546.0,48.0,48,7.6,8.7,59.8,24.6,Yes,74.0,No,71.5,Good
101323,22.8,56,76,897.0,24.0,114,10.9,16.7,144.3,5.4,Yes,71.0,Yes,76.4,Good
101324,24.5,66,71,447.0,61.0,15,8.0,3.1,268.0,9.5,No,72.2,Yes,76.2,Good
101325,23.2,64,97,1169.0,,72,11.4,15.3,116.4,11.1,Yes,52.7,No,78.7,Good
101326,17.1,33,140,1050.0,66.0,115,7.4,7.5,109.5,28.9,No,40.8,Yes,37.8,Poor
101327,20.2,45,118,1012.0,27.0,73,13.8,2.5,308.5,16.3,Yes,88.3,No,86.4,Excellent
101328,22.6,45,98,1098.0,,92,5.5,15.3,234.8,2.2,Yes,87.0,No,60.9,Fair
101329,19.4,50,76,775.0,59.0,8,3.1,17.5,346.7,12.6,Yes,81.1,No,78.1,Good
101330,24.8,55,88,1205.0,49.0,32,7.2,5.2,90.4,2.2,No,91.3,Yes,73.0,Good
101331,27.6,65,38,1320.0,29.0,87,8.5,5.5,156.8,8.7,Yes,88.7,Yes,67.4,Fair
101332,26.7,48,83,1274.0,39.0,34,6.2,7.0,143.4,14.7,Yes,80.4,No,78.8,Good
101333,22.4,46,41,1209.0,64.0,74,4.9,14.7,314.0,11.1,No,57.4,No,64.5,Fair
101334,27.5,55,96,1304.0,35.0,38,10.1,0.2,126.6,2.9,Yes,60.2,No,72.0,Good
101335,23.4,51,48,1405.0,60.0,113,6.5,4.0,156.0,,Yes,86.4,Yes,46.8,Poor
101336,22.0,57,146,432.0,35.0,76,9.6,12.7,92.9,17.4,No,70.7,No,77.8,Good
101337,21.2,30,110,468.0,61.0,118,11.3,7.3,282.6,21.5,Yes,83.3,No,57.1,Fair
101338,22.1,65,77,991.0,22.0,86,11.1,5.9,121.3,13.3,Yes,39.2,No,84.4,Good
101339,21.8,66,37,500.0,,24,6.5,15.7,70.5,22.5,Yes,107.9,Yes,92.4,Excellent
101340,23.5,31,23,1313.0,41.0,113,8.8,16.5,180.5,6.6,Yes,59.7,No,60.0,Fair
101341,23.5,46,86,1132.0,47.0,79,7.4,17.1,167.4,5.4,Yes,61.5,No,72.7,Good
101342,23.0,69,125,789.0,65.0,55,12.4,4.9,103.3,25.5,Yes,67.2,No,68.8,Fair
101343,24.3,67,37,559.0,64.0,47,12.5,16.4,90.1,11.5,Yes,73.7,No,63.5,Fair
101344,26.6,50,98,1291.0,55.0,84,6.1,13.3,319.0,14.1,Yes,77.4,No,53.9,Fair
101345,25.8,38,41,1470.0,23.0,9,3.1,2.8,70.4,28.5,Yes,60.4,No,96.6,Excellent
101346,18.5,42,146,1095.0,57.0,40,4.0,11.0,79.8,13.9,Yes,64.0,Yes,73.1,Good
101347,16.0,40,104,1157.0,43.0,103,6.4,0.5,123.5,2.1,Yes,82.2,No,52.1,Fair
101348,25.8,45,26,922.0,38.0,82,8.8,12.8,335.9,28.3,Yes,61.7,Yes,66.2,Fair
101349,18.9,45,126,1131.0,30.0,98,9.9,13.2,75.6,2.4,Yes,93.8,Yes,67.4,Fair
101350,22.3,31,86,554.0,59.0,58,6.0,14.2,294.8,20.5,Yes,74.8,No,70.7,Good
101351,19.5,37,64,738.0,65.0,27,10.0,3.1,317.6,11.0,Yes,70.8,Yes,65.6,Fair
101352,17.6,42,19,1194.0,59.0,119,13.3,11.3,163.4,15.2,Yes,69.2,Yes,41.4,Poor
101353,24.6,46,89,1298.0,65.0,40,9.8,3.2,138.2,17.3,Yes,60.5,Yes,62.4,Fair
101354,25.3,68,143,502.0,58.0,65,3.9,17.0,253.2,13.4,Yes,79.1,Yes,58.2,Fair
101355,21.3,53,125,1211.0,37.0,50,9.0,12.2,260.8,23.7,Yes,76.6,No,82.0,Good
101356,16.0,32,88,492.0,31.0,61,8.5,1.7,284.0,28.1,Yes,48.1,No,66.8,Fair
101357,21.4,59,69,1374.0,33.0,29,12.4,3.4,299.2,4.4,Yes,73.3,No,85.9,Excellent
101358,24.2,42,51,518.0,66.0,39,6.2,11.9,130.5,24.4,No,84.0,Yes,66.4,Fair
101359,18.6,48,125,428.0,37.0,113,7.1,8.6,256.1,5.6,Yes,81.4,Yes,56.9,Fair
101360,23.6,36,118,1412.0,63.0,39,9.2,13.3,90.5,4.2,Yes,81.8,No,70.4,Good
101361,23.0,38,80,1453.0,61.0,68,8.3,5.1,203.2,28.8,No,51.4,Yes,68.6,Fair
101362,24.7,48,111,1271.0,31.0,101,10.6,11.8,233.9,15.7,Yes,81.8,No,72.6,Good
101363,23.4,69,22,1199.0,59.0,61,2.5,3.2,98.5,6.3,Yes,59.2,No,70.7,Good
101364,20.1,51,24,874.0,46.0,105,8.8,9.8,73.0,18.0,Yes,64.6,Yes,63.7,Fair
101365,26.6,47,45,962.0,25.0,14,3.5,17.2,108.4,9.4,Yes,92.0,No,88.6,Excellent
101366,22.5,52,24,834.0,43.0,99,5.8,11.3,176.2,15.0,Yes,71.2,Yes,67.7,Fair
101367,22.9,31,126,1203.0,52.0,2,9.9,0.9,316.4,19.5,Yes,93.3,No,82.2,Good
101368,20.2,40,84,454.0,64.0,23,3.9,17.8,209.6,26.3,Yes,59.0,Yes,71.7,Good
101369,21.7,60,65,1330.0,35.0,40,5.7,2.8,274.5,2.1,Yes,50.7,Yes,90.4,Excellent
101370,20.3,62,104,1151.0,69.0,62,10.4,12.9,102.2,8.0,Yes,104.7,No,62.4,Fair
101371,22.5,43,141,711.0,31.0,47,9.8,9.6,81.8,4.7,Yes,86.2,Yes,92.9,Excellent
101372,28.1,45,61,1356.0,50.0,60,3.1,5.3,121.9,4.7,Yes,60.1,No,54.2,Fair
101373,18.9,40,147,717.0,56.0,47,8.9,3.2,144.2,28.5,Yes,66.9,No,68.5,Fair
101374,18.2,62,93,1156.0,32.0,46,3.8,3.2,214.4,28.2,No,48.9,Yes,77.3,Good
101375,27.4,36,38,864.0,27.0,55,5.0,15.5,314.4,23.0,Yes,83.3,Yes,75.9,Good
101376,22.4,60,62,,57.0,104,7.5,15.7,177.8,20.0,No,79.6,Yes,59.0,Fair
101377,21.0,43,30,1480.0,22.0,112,3.3,8.4,205.6,25.7,Yes,57.4,Yes,75.1,Good
101378,26.1,57,121,1134.0,39.0,116,13.9,1.9,51.4,3.6,Yes,70.2,Yes,54.8,Fair
101379,21.2,45,147,1493.0,23.0,75,4.0,15.9,60.0,5.3,Yes,88.2,No,84.5,Good
101380,28.5,48,85,1138.0,63.0,118,11.4,8.8,75.1,10.9,Yes,57.4,Yes,37.0,Poor
101381,25.0,46,39,1167.0,64.0,7,12.0,7.9,259.7,25.3,Yes,72.6,Yes,75.8,Good
101382,21.5,55,134,1143.0,21.0,77,13.9,7.3,195.9,15.2,No,74.4,Yes,90.1,Excellent
101383,29.5,35,60,675.0,55.0,17,7.1,6.6,107.9,16.1,Yes,71.7,No,63.7,Fair
101384,21.2,38,87,632.0,42.0,107,12.5,9.5,227.8,8.4,Yes,60.6,No,67.3,Fair
101385,25.2,46,31,453.0,64.0,109,13.5,10.9,213.4,20.2,Yes,72.1,No,45.6,Poor
101386,23.9,60,73,656.0,38.0,83,4.1,8.4,76.6,26.9,Yes,50.1,Yes,69.9,Fair
101387,26.9,41,30,489.0,59.0,22,7.8,16.1,242.1,11.2,Yes,86.5,Yes,62.3,Fair
101388,27.7,52,138,807.0,27.0,68,2.7,5.7,280.1,19.3,Yes,64.1,Yes,72.1,Good
101389,23.1,34,116,765.0,35.0,64,9.4,10.4,136.0,11.3,Yes,45.2,Yes,81.4,Good
101390,20.7,65,125,750.0,62.0,108,9.0,5.4,256.2,24.2,Yes,58.2,No,50.3,Fair
101391,24.4,65,133,886.0,37.0,45,4.4,13.6,109.9,15.3,Yes,82.8,No,83.0,Good
101392,21.0,32,45,1241.0,55.0,65,11.6,1.8,277.0,11.5,Yes,75.1,Yes,69.7,Fair
101393,29.0,53,56,1383.0,43.0,79,2.4,3.4,323.5,13.8,Yes,76.9,No,49.2,Poor
101394,23.4,46,41,1020.0,20.0,68,11.7,14.4,182.6,4.6,Yes,86.8,No,87.5,Excellent
101395,21.9,68,63,1329.0,20.0,21,2.3,3.3,123.4,26.3,Yes,88.1,No,100.0,Excellent
101396,23.6,55,32,800.0,65.0,64,9.9,11.3,169.8,28.8,Yes,89.1,Yes,62.5,Fair
101397,19.0,33,11,969.0,55.0,11,2.9,17.5,125.0,15.4,Yes,95.6,Yes,72.8,Good
101398,20.1,41,119,1374.0,30.0,18,5.0,9.4,50.4,8.2,Yes,85.3,Yes,95.8,Excellent
101399,26.6,30,133,791.0,37.0,117,10.7,3.4,245.1,20.6,Yes,86.7,Yes,59.7,Fair
101400,21.0,50,76,751.0,35.0,21,5.4,5.8,62.8,14.7,No,101.0,Yes,88.5,Excellent
101401,19.9,48,80,1205.0,36.0,54,8.1,14.8,113.1,9.1,Yes,77.2,No,82.8,Good
101402,24.6,50,38,975.0,43.0,105,13.0,6.3,266.7,3.1,Yes,69.3,Yes,61.9,Fair
101403,26.6,47,128,1176.0,53.0,107,2.6,13.0,249.7,26.9,Yes,63.7,No,44.5,Poor
101404,25.2,32,122,1032.0,23.0,61,11.7,14.0,72.0,24.3,Yes,81.9,No,84.9,Good
101405,26.0,61,54,922.0,54.0,50,2.8,9.0,248.0,25.2,Yes,76.7,Yes,63.1,Fair
101406,20.7,39,25,1125.0,34.0,47,3.5,14.1,329.2,14.3,Yes,90.1,Yes,88.3,Excellent
101407,18.7,69,40,561.0,21.0,16,3.4,5.7,72.4,23.1,No,68.5,No,96.8,Excellent
101408,27.5,44,59,1058.0,50.0,12,13.9,9.3,174.7,,Yes,52.0,No,65.2,Fair
101409,22.0,34,131,1249.0,28.0,102,4.2,12.4,268.8,12.5,Yes,95.9,No,79.4,Good
101410,22.2,33,24,481.0,29.0,27,12.8,3.0,250.3,25.6,Yes,76.1,No,92.0,Excellent
101411,27.0,57,58,923.0,44.0,66,13.9,4.9,118.0,30.0,Yes,62.1,No,66.2,Fair
101412,24.7,33,19,403.0,24.0,4,6.6,11.7,98.9,27.2,Yes,64.9,No,100.0,Excellent
101413,24.4,44,29,894.0,33.0,99,9.6,11.8,285.3,23.7,Yes,78.4,Yes,71.5,Good
101414,29.5,46,79,1474.0,61.0,59,11.3,8.9,336.9,22.9,Yes,86.5,No,48.9,Poor
101415,21.1,32,17,967.0,67.0,14,6.7,14.3,280.3,20.2,Yes,97.5,No,72.6,Good
101416,25.8,39,43,1277.0,57.0,80,3.9,8.7,339.0,25.9,Yes,73.6,Yes,53.7,Fair
101417,23.2,52,13,1491.0,59.0,43,7.2,15.9,231.5,15.8,Yes,88.1,Yes,73.9,Good
101418,23.8,47,117,1411.0,21.0,118,11.3,13.2,328.7,7.1,Yes,64.0,No,75.2,Good
101419,27.6,30,33,1414.0,37.0,45,11.4,5.7,257.1,23.5,Yes,93.4,No,69.3,Fair
101420,24.5,64,64,1263.0,48.0,28,4.8,7.1,322.7,27.7,Yes,80.7,Yes,82.0,Good
101421,24.6,60,35,1178.0,39.0,67,4.1,12.0,98.5,11.6,Yes,66.3,No,75.9,Good
101422,26.2,30,34,1404.0,27.0,95,13.0,16.1,294.7,23.9,Yes,81.6,No,70.0,Good
101423,21.9,32,45,713.0,56.0,48,2.5,3.2,109.0,9.7,No,69.9,No,74.2,Good
101424,20.5,32,80,1129.0,68.0,42,10.8,9.3,58.2,28.4,Yes,55.3,No,66.9,Fair
101425,19.9,66,21,783.0,67.0,101,2.6,2.1,205.3,21.1,Yes,94.4,No,56.9,Fair
101426,17.1,48,138,676.0,45.0,67,12.1,5.0,145.5,17.9,Yes,70.2,Yes,60.6,Fair
101427,29.2,58,125,1495.0,56.0,76,12.9,12.3,63.1,23.8,No,73.3,Yes,46.9,Poor
101428,19.7,54,142,1097.0,68.0,19,5.6,1.4,344.1,24.8,Yes,77.4,Yes,69.6,Fair
101429,22.3,62,92,1429.0,23.0,110,2.9,11.9,249.9,27.0,Yes,58.3,Yes,78.0,Good
101430,22.2,65,15,1150.0,52.0,17,7.8,16.2,320.5,27.2,Yes,65.3,Yes,90.7,Excellent
101431,23.9,58,35,1382.0,,63,5.6,17.4,349.7,3.5,Yes,85.5,Yes,76.9,Good
101432,25.4,55,122,1023.0,25.0,48,7.0,3.9,167.6,5.4,Yes,77.9,No,83.2,Good
101433,25.6,33,112,627.0,52.0,114,10.0,13.5,126.4,25.1,Yes,78.8,Yes,48.6,Poor
101434,21.3,43,129,416.0,47.0,41,4.5,16.7,105.2,,Yes,56.7,No,85.2,Excellent
101435,22.5,56,18,411.0,43.0,100,6.3,1.6,204.6,10.6,Yes,40.0,Yes,72.0,Good
101436,23.8,62,54,1091.0,23.0,11,11.4,7.5,231.8,2.2,Yes,54.6,Yes,100.0,Excellent
101437,22.3,51,23,469.0,21.0,88,9.7,16.5,191.7,11.0,Yes,52.5,Yes,83.9,Good
101438,27.8,32,121,507.0,32.0,93,5.9,3.7,166.2,,Yes,56.6,Yes,62.1,Fair
101439,24.5,52,64,600.0,65.0,78,10.0,16.8,100.5,23.3,No,111.4,Yes,59.9,Fair
101440,25.2,50,146,1475.0,68.0,118,11.2,9.5,182.6,3.3,Yes,55.3,Yes,43.0,Poor
101441,25.0,70,24,1028.0,30.0,35,9.1,1.8,75.6,8.0,Yes,61.0,No,82.6,Good
101442,26.5,52,46,1305.0,54.0,7,4.9,8.1,309.5,27.0,No,53.9,Yes,75.1,Good
101443,23.5,33,136,702.0,58.0,27,2.0,5.9,64.1,6.3,Yes,56.7,Yes,76.4,Good
101444,19.1,50,126,1336.0,29.0,115,11.6,5.1,164.2,23.3,No,84.2,Yes,68.1,Fair
101445,24.2,66,93,975.0,62.0,85,11.9,9.7,80.0,12.1,Yes,52.1,No,55.3,Fair
101446,21.0,60,81,954.0,29.0,59,10.4,8.7,282.5,20.6,Yes,83.1,Yes,88.8,Excellent
101447,21.4,50,105,524.0,27.0,48,2.9,8.7,143.8,4.1,Yes,48.9,Yes,89.3,Excellent
101448,24.8,55,120,1258.0,24.0,37,9.0,1.6,83.9,10.0,Yes,77.3,Yes,93.4,Excellent
101449,26.7,70,114,1144.0,42.0,79,11.9,14.4,209.4,13.9,Yes,86.4,No,63.9,Fair
101450,23.1,64,67,879.0,53.0,57,6.7,8.7,324.9,26.0,Yes,78.6,No,77.7,Good
101451,23.9,67,104,531.0,66.0,4,4.4,14.8,322.6,17.8,Yes,87.3,Yes,75.7,Good
101452,28.1,53,127,1425.0,51.0,45,9.1,14.8,124.9,3.3,No,72.4,No,57.4,Fair
101453,23.7,40,15,514.0,35.0,97,11.9,5.7,265.9,,Yes,75.2,No,70.7,Good
101454,30.8,70,13,880.0,23.0,112,2.6,0.1,59.1,3.5,Yes,97.1,Yes,53.2,Fair
101455,24.7,58,52,1380.0,47.0,101,9.2,16.4,89.6,28.2,Yes,55.8,Yes,58.8,Fair
101456,17.7,32,102,1424.0,67.0,74,9.7,13.7,199.8,7.9,Yes,76.0,No,46.6,Poor
101457,25.3,30,51,730.0,63.0,1,9.2,1.9,118.6,15.7,Yes,55.7,No,74.2,Good
101458,24.1,48,12,1341.0,33.0,88,9.8,12.6,289.5,4.0,Yes,89.4,Yes,74.0,Good
101459,26.9,51,138,1354.0,31.0,24,9.6,0.4,329.3,17.7,Yes,72.2,Yes,83.9,Good
101460,25.0,43,24,1167.0,40.0,0,3.6,0.5,51.3,15.9,No,51.9,No,88.8,Excellent
101461,22.6,43,56,790.0,67.0,94,4.8,9.5,119.9,13.5,Yes,72.0,Yes,51.4,Fair
101462,19.3,45,94,1233.0,35.0,68,9.4,1.7,181.9,3.0,Yes,80.2,Yes,78.6,Good
101463,22.4,62,67,542.0,63.0,39,2.2,17.4,218.9,26.6,Yes,68.8,Yes,69.6,Fair
101464,20.4,42,48,727.0,21.0,67,9.6,16.1,324.8,24.5,Yes,64.4,Yes,85.7,Excellent
101465,21.3,67,140,1027.0,42.0,114,10.0,11.7,317.6,19.7,Yes,84.2,No,65.8,Fair
101466,24.8,41,44,776.0,48.0,68,4.9,1.1,241.2,18.0,No,45.2,Yes,69.0,Fair
101467,28.0,67,61,489.0,65.0,68,9.2,5.8,127.2,21.5,Yes,81.3,No,47.9,Poor
101468,24.2,68,127,1207.0,62.0,119,8.4,6.7,285.0,6.0,Yes,63.3,Yes,49.9,Poor
101469,19.4,62,23,1420.0,28.0,15,5.1,8.7,110.8,28.1,No,46.3,No,92.0,Excellent
101470,24.3,62,39,1465.0,26.0,53,7.6,3.0,339.6,10.0,Yes,76.5,Yes,85.8,Excellent
101471,26.6,58,99,1458.0,48.0,62,12.9,10.4,51.8,20.4,Yes,58.9,No,59.7,Fair
101472,21.2,34,144,,63.0,17,7.1,7.8,220.9,19.0,Yes,74.0,Yes,76.1,Good
101473,22.6,35,104,952.0,36.0,106,9.6,17.1,76.5,19.8,Yes,81.4,No,71.9,Good
101474,23.0,60,78,523.0,28.0,16,2.4,16.9,172.3,26.6,Yes,79.8,No,98.9,Excellent
101475,20.6,45,136,456.0,25.0,98,2.9,10.2,240.5,10.3,Yes,98.1,Yes,78.1,Good
101476,24.9,60,61,1205.0,63.0,81,3.0,11.6,256.9,23.0,No,72.9,No,57.9,Fair
101477,22.6,54,72,634.0,39.0,3,11.3,2.5,285.7,18.8,Yes,100.9,Yes,92.9,Excellent
101478,24.3,62,45,1007.0,29.0,114,6.2,4.0,228.0,4.1,No,69.7,No,66.5,Fair
101479,20.3,42,100,791.0,28.0,94,4.7,16.2,125.4,13.6,Yes,41.0,No,74.2,Good
101480,21.7,39,62,1369.0,31.0,94,11.0,12.6,316.8,25.5,Yes,82.5,No,77.6,Good
101481,25.2,53,118,451.0,52.0,8,4.0,3.4,293.3,10.8,No,76.7,Yes,79.1,Good
101482,21.9,39,81,888.0,51.0,30,5.0,10.3,98.0,15.5,No,47.4,Yes,79.3,Good
101483,28.2,70,24,404.0,53.0,4,7.2,16.8,298.0,15.7,Yes,88.2,Yes,72.1,Good
101484,21.8,60,122,1031.0,38.0,99,6.0,6.2,341.8,19.3,Yes,56.6,Yes,73.0,Good
101485,23.7,42,78,616.0,52.0,15,9.0,3.3,241.2,26.8,Yes,73.4,Yes,80.8,Good
101486,25.8,32,125,935.0,67.0,41,6.1,17.0,134.5,6.9,Yes,70.1,Yes,62.9,Fair
101487,18.7,63,13,1137.0,35.0,40,6.7,8.3,232.0,16.1,No,62.6,No,83.8,Good
101488,17.7,57,84,1129.0,69.0,79,12.4,7.5,152.8,,Yes,70.2,No,47.2,Poor
101489,18.4,48,51,1449.0,69.0,83,12.6,4.8,252.8,10.3,Yes,67.2,No,44.9,Poor
101490,26.8,52,39,402.0,42.0,117,11.9,16.0,213.4,27.7,Yes,54.7,No,56.4,Fair
101491,21.3,61,79,1425.0,45.0,29,12.4,15.2,328.8,2.2,Yes,76.3,Yes,87.3,Excellent
101492,30.7,42,25,1425.0,64.0,25,8.8,7.3,235.4,5.4,Yes,67.6,No,47.9,Poor
101493,21.3,62,120,549.0,63.0,48,9.8,0.6,114.2,22.5,Yes,56.8,No,64.1,Fair
101494,23.6,63,113,,60.0,30,8.7,8.0,267.5,9.4,No,82.6,Yes,74.6,Good
101495,27.6,62,116,867.0,56.0,49,11.4,3.3,140.3,22.2,Yes,80.4,No,57.3,Fair
101496,29.0,34,132,469.0,28.0,14,8.6,2.6,131.7,25.3,Yes,72.5,No,80.6,Good
101497,29.2,32,36,600.0,,51,3.3,7.1,167.5,9.1,Yes,66.3,No,60.2,Fair
101498,26.6,36,22,707.0,32.0,104,11.7,1.8,53.6,7.4,Yes,49.7,No,65.5,Fair
101499,26.1,53,82,1321.0,67.0,37,11.1,17.2,340.7,6.1,Yes,80.9,No,62.9,Fair
101500,24.8,51,95,691.0,61.0,37,11.8,0.9,209.7,7.6,Yes,76.8,No,65.2,Fair
101501,25.3,52,40,1323.0,35.0,106,4.3,7.2,282.0,9.5,No,61.9,Yes,66.0,Fair
101502,21.3,59,12,1282.0,65.0,59,5.3,2.9,127.4,26.3,Yes,93.4,No,65.9,Fair
101503,20.5,47,39,985.0,21.0,19,5.5,12.4,274.0,23.6,Yes,69.3,Yes,94.4,Excellent
101504,23.0,61,108,908.0,50.0,98,8.1,1.4,220.2,2.1,Yes,82.5,No,67.6,Fair
101505,22.5,36,143,404.0,,86,3.6,9.8,177.2,26.5,Yes,80.4,Yes,63.6,Fair
101506,21.6,62,108,692.0,38.0,43,6.6,13.9,341.2,4.2,Yes,81.5,No,84.0,Good
101507,25.1,34,95,759.0,30.0,110,4.2,17.1,198.2,20.3,Yes,75.3,No,65.8,Fair
101508,25.9,57,73,613.0,33.0,102,5.2,12.6,247.2,6.2,Yes,77.3,No,64.3,Fair
101509,23.3,37,127,1438.0,66.0,88,10.5,1.8,54.6,3.7,Yes,70.6,No,59.3,Fair
101510,27.4,44,123,962.0,44.0,62,12.3,1.6,140.4,23.3,Yes,65.7,Yes,65.1,Fair
101511,19.6,33,96,,26.0,117,2.3,13.2,316.6,15.1,Yes,47.5,Yes,67.1,Fair
101512,22.4,63,49,444.0,34.0,49,8.8,3.9,277.7,18.8,Yes,71.8,No,87.5,Excellent
101513,20.8,34,34,1102.0,49.0,21,2.4,8.1,211.0,,Yes,75.9,No,84.6,Good
101514,17.4,62,104,1033.0,,110,3.0,17.6,320.0,3.9,Yes,83.7,No,53.8,Fair
101515,22.8,34,55,,43.0,71,10.5,14.8,195.9,22.7,Yes,71.2,No,73.6,Good
101516,22.6,67,147,1120.0,44.0,53,10.8,15.2,220.0,25.0,Yes,93.3,No,82.7,Good
101517,27.5,63,41,993.0,27.0,8,11.8,15.5,164.6,3.2,Yes,82.3,No,87.1,Excellent
101518,24.9,55,106,645.0,49.0,14,7.7,11.2,236.0,12.5,Yes,84.7,No,80.9,Good
101519,19.9,30,25,1256.0,55.0,47,12.3,13.4,145.7,17.6,Yes,78.6,Yes,66.5,Fair
101520,28.6,33,27,951.0,69.0,19,4.0,6.5,165.6,18.9,Yes,87.0,No,53.6,Fair
101521,26.7,68,145,442.0,33.0,34,5.0,18.0,339.9,18.2,Yes,73.8,Yes,80.9,Good
101522,24.7,55,84,1240.0,48.0,100,3.6,5.0,83.4,21.4,Yes,58.7,Yes,60.8,Fair
101523,22.3,62,10,578.0,46.0,66,11.6,10.6,81.6,29.1,Yes,84.3,No,78.4,Good
101524,20.1,62,134,934.0,69.0,59,4.7,5.1,63.0,12.9,Yes,38.6,No,58.9,Fair
101525,21.9,37,47,1006.0,55.0,97,3.9,2.0,146.0,17.6,Yes,63.1,No,64.0,Fair
101526,26.3,49,54,1071.0,53.0,33,9.5,10.2,169.5,21.6,Yes,58.3,Yes,68.4,Fair
101527,28.7,45,90,1326.0,40.0,99,2.9,6.4,78.4,18.6,Yes,75.0,No,50.3,Fair
101528,27.6,50,138,416.0,57.0,98,2.5,10.5,214.7,12.8,Yes,69.0,No,44.4,Poor
101529,21.5,55,41,1225.0,30.0,72,3.3,10.1,225.0,19.5,Yes,83.1,No,81.7,Good
101530,19.6,52,145,946.0,52.0,93,2.0,9.8,275.3,20.2,Yes,48.5,Yes,58.0,Fair
101531,23.4,47,127,1453.0,34.0,118,10.4,2.2,342.8,18.4,Yes,53.9,No,73.7,Good
101532,17.7,60,49,836.0,31.0,53,8.7,7.9,235.8,7.7,Yes,72.4,No,76.6,Good
101533,24.0,41,83,,43.0,89,4.5,14.6,83.5,16.2,Yes,44.3,No,67.4,Fair
101534,22.6,30,120,1015.0,69.0,11,4.8,5.7,76.6,26.8,Yes,69.2,Yes,77.9,Good
101535,21.6,38,112,1076.0,56.0,87,11.7,8.0,283.3,26.3,Yes,68.9,Yes,60.7,Fair
101536,18.2,32,112,1033.0,30.0,104,8.0,8.9,245.1,23.0,Yes,71.6,Yes,69.0,Fair
101537,24.5,55,83,1201.0,38.0,18,10.4,15.5,98.6,21.5,Yes,70.6,No,92.6,Excellent
101538,21.4,38,123,711.0,20.0,107,7.4,11.8,126.0,6.3,Yes,58.1,Yes,78.8,Good
101539,19.5,45,132,424.0,36.0,79,4.9,1.8,275.1,14.9,Yes,72.0,No,71.8,Good
101540,16.0,53,66,770.0,59.0,25,13.6,15.6,219.8,5.1,Yes,53.9,No,58.7,Fair
101541,22.9,43,83,924.0,35.0,22,8.8,15.0,225.5,24.9,No,65.2,Yes,85.7,Excellent
101542,28.3,32,92,629.0,45.0,32,3.6,13.6,113.0,10.1,Yes,61.8,Yes,69.2,Fair
101543,28.0,63,88,777.0,62.0,105,6.9,8.4,238.7,23.5,Yes,72.9,Yes,45.5,Poor
101544,21.6,62,139,1287.0,62.0,56,6.0,13.6,281.2,24.8,No,65.8,Yes,68.9,Fair
101545,21.2,53,102,861.0,34.0,29,4.6,8.6,315.6,27.0,Yes,62.2,No,92.8,Excellent
101546,24.4,38,59,764.0,27.0,22,13.2,13.3,271.0,23.1,Yes,94.1,Yes,93.5,Excellent
101547,20.0,42,38,503.0,49.0,73,12.6,15.8,222.9,17.8,Yes,58.1,No,71.0,Good
101548,23.9,31,90,827.0,33.0,35,4.4,16.0,252.0,18.7,Yes,49.2,Yes,90.4,Excellent
101549,25.3,36,19,868.0,52.0,94,6.2,8.2,195.5,,Yes,73.4,No,52.5,Fair
101550,26.7,50,126,1414.0,61.0,106,11.1,15.5,118.1,7.0,Yes,73.1,No,46.6,Poor
101551,22.7,48,69,1269.0,26.0,85,4.5,1.8,314.7,5.7,Yes,66.8,Yes,83.2,Good
101552,22.4,54,69,1169.0,37.0,42,9.1,1.8,209.8,7.1,Yes,67.5,No,82.9,Good
101553,20.4,51,67,1079.0,31.0,106,10.4,9.9,228.3,28.2,Yes,76.3,Yes,69.3,Fair
101554,20.5,40,54,1204.0,21.0,117,9.8,11.7,347.0,6.6,Yes,69.9,No,79.6,Good
101555,22.3,62,133,1285.0,69.0,101,10.5,2.8,345.5,22.3,Yes,47.6,No,53.8,Fair
101556,24.1,61,35,960.0,48.0,110,10.5,8.5,225.9,7.2,Yes,87.6,No,60.4,Fair
101557,25.7,50,111,730.0,40.0,65,13.6,1.7,60.2,29.3,Yes,48.3,No,70.4,Good
101558,20.6,68,60,986.0,26.0,52,6.2,10.8,168.8,12.3,Yes,78.7,Yes,87.0,Excellent
101559,27.5,49,61,600.0,46.0,86,12.5,15.4,331.2,13.5,Yes,58.1,Yes,59.3,Fair
101560,22.2,37,60,853.0,31.0,117,2.3,13.3,136.5,13.3,No,50.9,Yes,78.3,Good
101561,22.9,66,140,1225.0,39.0,98,5.5,6.8,349.8,24.9,Yes,78.1,Yes,73.9,Good
101562,20.8,38,23,510.0,33.0,59,2.6,17.9,75.3,8.1,Yes,73.6,Yes,83.8,Good
101563,16.0,54,10,1263.0,29.0,36,9.8,11.9,220.4,25.3,No,71.3,No,79.1,Good
101564,25.7,54,23,1307.0,60.0,60,3.2,14.7,204.6,20.4,No,53.9,No,59.2,Fair
101565,25.2,62,90,432.0,42.0,95,12.1,12.1,126.6,8.2,Yes,59.5,No,66.4,Fair
101566,22.2,31,12,954.0,,119,9.8,17.8,334.6,3.8,Yes,71.3,No,62.5,Fair
101567,23.2,48,107,,66.0,106,2.3,14.8,235.8,23.7,Yes,53.0,No,56.3,Fair
101568,24.5,49,49,625.0,,52,10.6,9.3,119.1,8.1,Yes,78.3,Yes,70.6,Good
101569,18.3,70,98,,29.0,11,12.3,6.6,165.2,26.9,Yes,63.7,Yes,91.6,Excellent
101570,21.4,58,134,578.0,38.0,34,9.9,12.3,266.4,5.6,Yes,83.1,Yes,91.7,Excellent
101571,25.4,35,104,1036.0,38.0,104,2.4,10.6,139.3,19.3,Yes,98.0,No,60.2,Fair
101572,19.2,46,18,1187.0,63.0,66,12.3,11.3,313.9,21.4,Yes,49.5,No,53.8,Fair
101573,23.9,54,103,566.0,42.0,97,10.8,6.2,99.7,20.4,Yes,74.8,No,68.2,Fair
101574,18.9,67,93,1062.0,63.0,37,6.5,7.7,129.4,10.8,No,59.9,Yes,67.7,Fair
101575,24.4,33,30,699.0,60.0,23,5.9,10.0,93.5,26.5,Yes,75.8,No,74.4,Good
101576,22.9,59,34,434.0,51.0,101,7.8,15.1,81.3,23.6,Yes,48.5,Yes,66.2,Fair
101577,18.2,49,111,806.0,39.0,80,12.4,13.7,140.1,,Yes,67.9,No,67.0,Fair
101578,26.5,32,131,713.0,23.0,39,5.0,2.1,349.8,18.9,Yes,91.8,No,85.6,Excellent
101579,20.8,52,34,1215.0,52.0,64,3.2,4.4,78.3,17.9,Yes,42.4,Yes,70.1,Good
101580,20.6,47,146,1142.0,67.0,56,12.4,0.5,113.9,28.5,Yes,50.8,Yes,61.6,Fair
101581,23.6,55,112,1126.0,,71,2.3,0.1,131.5,27.1,Yes,64.7,No,79.6,Good
101582,26.4,65,66,1225.0,32.0,117,12.9,4.0,235.7,8.6,Yes,68.6,No,58.8,Fair
101583,20.0,37,46,968.0,22.0,78,5.7,14.4,273.6,9.4,Yes,62.3,Yes,80.3,Good
101584,23.2,46,25,975.0,31.0,113,8.1,16.3,275.6,29.5,Yes,73.4,No,70.8,Good
101585,24.3,60,46,461.0,48.0,44,3.6,7.1,52.6,8.6,Yes,85.6,No,74.8,Good
101586,25.1,66,85,768.0,50.0,88,12.8,10.1,245.6,28.7,Yes,77.0,Yes,62.5,Fair
101587,23.5,62,35,493.0,60.0,71,11.0,12.7,239.2,20.2,Yes,60.0,Yes,61.0,Fair
101588,21.9,56,29,1383.0,55.0,115,13.1,17.2,205.3,3.4,Yes,61.1,Yes,59.9,Fair
101589,20.5,33,146,1449.0,21.0,95,10.2,16.4,163.8,11.4,Yes,43.7,Yes,83.1,Good
101590,23.3,51,112,449.0,41.0,113,4.2,1.0,289.2,15.3,Yes,98.3,Yes,64.9,Fair
101591,19.8,55,38,1282.0,41.0,12,5.7,4.5,153.2,25.3,Yes,54.3,Yes,91.3,Excellent
101592,16.0,61,40,1163.0,60.0,109,7.8,0.9,119.0,11.2,Yes,58.1,Yes,38.4,Poor
101593,24.3,53,28,435.0,,78,9.3,11.1,143.0,10.7,Yes,81.4,Yes,61.3,Fair
101594,25.7,64,36,499.0,64.0,5,13.1,12.8,181.9,27.8,Yes,84.2,No,76.0,Good
101595,16.0,66,103,728.0,33.0,96,6.6,5.5,114.2,4.2,No,78.2,No,63.7,Fair
101596,20.0,61,94,,48.0,70,10.4,15.4,232.3,17.4,Yes,72.0,Yes,65.1,Fair
101597,24.9,36,53,620.0,54.0,96,13.5,8.2,315.3,16.1,Yes,60.5,No,56.7,Fair
101598,29.2,62,122,966.0,69.0,46,3.8,18.0,228.6,3.6,Yes,90.9,Yes,50.3,Fair
101599,23.1,60,83,1395.0,28.0,92,12.4,0.0,184.0,4.5,No,61.0,No,75.1,Good
101600,20.8,41,96,1421.0,66.0,101,7.0,2.0,289.1,12.7,Yes,95.8,No,45.9,Poor
101601,22.5,40,103,509.0,51.0,100,10.8,5.4,274.4,5.8,Yes,72.2,No,60.5,Fair
101602,27.1,53,107,548.0,46.0,43,5.5,0.5,160.1,15.4,Yes,64.1,No,65.9,Fair
101603,21.1,37,141,805.0,29.0,31,6.0,14.1,231.2,19.0,Yes,63.1,No,92.4,Excellent
101604,20.6,61,65,1098.0,44.0,2,2.3,0.9,269.0,21.4,Yes,59.0,Yes,89.9,Excellent
101605,21.6,67,106,1416.0,,53,13.7,13.5,123.6,17.3,Yes,63.8,No,63.8,Fair
101606,20.1,51,107,507.0,64.0,83,11.8,0.9,159.9,12.6,Yes,76.8,No,57.6,Fair
101607,23.4,63,43,788.0,52.0,77,3.1,4.5,81.7,5.6,Yes,71.7,No,65.3,Fair
101608,27.9,48,109,824.0,30.0,91,14.0,15.1,346.3,8.9,Yes,77.6,Yes,63.8,Fair
101609,24.0,49,23,846.0,56.0,37,9.3,17.1,75.8,13.7,No,72.2,No,71.9,Good
101610,22.2,43,121,1317.0,28.0,3,12.2,7.5,100.6,27.9,Yes,90.3,No,100.0,Excellent
101611,22.1,62,84,1491.0,,78,2.8,17.5,193.9,7.7,Yes,87.9,No,83.9,Good
101612,18.3,39,106,1489.0,26.0,16,6.7,11.3,309.6,13.6,Yes,49.5,Yes,88.8,Excellent
101613,25.6,45,130,1055.0,53.0,36,10.0,7.5,156.8,22.5,Yes,63.9,Yes,74.6,Good
101614,22.8,33,64,720.0,38.0,87,3.3,14.5,280.6,21.7,Yes,74.1,Yes,74.6,Good
101615,22.5,56,126,1118.0,39.0,101,7.9,5.3,252.8,29.0,Yes,59.9,Yes,74.1,Good
101616,32.0,57,102,1127.0,69.0,105,7.3,4.8,241.6,7.3,Yes,57.6,Yes,25.1,Poor
101617,23.9,45,46,979.0,61.0,104,4.6,11.8,303.5,2.5,Yes,70.7,Yes,44.8,Poor
101618,20.7,62,35,,,35,5.6,7.0,54.3,11.0,Yes,76.2,No,84.2,Good
101619,21.7,48,76,609.0,24.0,57,13.6,2.4,328.7,6.2,Yes,59.9,No,85.7,Excellent
101620,26.4,50,93,1248.0,67.0,40,5.5,1.2,298.8,17.4,Yes,54.8,No,56.0,Fair
101621,23.3,51,27,769.0,48.0,7,4.6,14.2,331.4,27.2,Yes,71.2,No,86.2,Excellent
101622,18.7,38,36,976.0,46.0,66,8.4,12.2,288.1,21.3,Yes,85.9,No,65.2,Fair
101623,25.8,38,40,1088.0,44.0,29,10.1,7.4,313.6,5.8,Yes,43.1,Yes,82.4,Good
101624,21.0,38,115,1189.0,56.0,85,10.7,16.1,110.9,5.3,No,57.6,No,66.3,Fair
101625,28.6,56,138,1391.0,34.0,51,11.1,7.4,145.8,27.5,Yes,54.6,No,67.7,Fair
101626,26.2,46,15,562.0,67.0,96,2.4,12.8,144.6,15.7,Yes,79.6,Yes,51.2,Fair
101627,21.7,37,20,1376.0,23.0,24,6.7,16.4,82.8,27.9,Yes,76.9,Yes,97.9,Excellent
101628,26.8,45,27,749.0,33.0,51,11.3,15.1,268.9,22.6,No,52.8,Yes,68.7,Fair
101629,23.2,47,30,1069.0,68.0,58,12.9,9.2,90.9,29.8,Yes,50.5,No,59.9,Fair
101630,25.6,62,28,825.0,36.0,29,9.2,12.3,65.8,26.4,Yes,88.0,Yes,88.6,Excellent
101631,24.5,30,13,726.0,40.0,100,2.6,7.4,282.6,13.6,Yes,54.1,No,64.7,Fair
101632,20.5,41,86,654.0,35.0,66,6.8,11.6,321.4,23.2,Yes,79.6,Yes,79.6,Good
101633,21.1,35,125,757.0,45.0,3,2.9,4.6,279.2,15.2,Yes,90.2,No,96.1,Excellent
101634,26.1,70,34,843.0,28.0,92,11.0,7.8,297.6,,Yes,58.4,No,74.4,Good
101635,22.0,34,86,512.0,21.0,56,2.8,3.8,228.7,8.7,Yes,64.3,No,96.4,Excellent
101636,21.8,45,58,1453.0,62.0,62,4.2,0.7,316.3,13.1,Yes,41.7,No,70.6,Good
101637,20.1,47,74,923.0,34.0,31,7.0,10.6,199.0,5.1,Yes,62.0,Yes,87.6,Excellent
101638,24.3,47,92,1088.0,54.0,86,7.6,15.6,346.5,7.0,Yes,70.9,No,60.8,Fair
101639,29.2,30,10,1390.0,43.0,119,6.9,0.5,81.0,16.0,Yes,44.3,No,40.7,Poor
101640,19.8,48,90,445.0,67.0,82,7.6,3.5,292.8,28.7,Yes,95.6,No,54.3,Fair
101641,23.1,37,30,1156.0,57.0,78,10.6,8.3,242.4,18.2,Yes,61.7,No,63.7,Fair
101642,27.2,32,95,1458.0,33.0,50,6.4,12.0,224.2,13.4,Yes,40.3,Yes,74.2,Good
101643,22.8,54,24,963.0,56.0,62,8.6,3.1,267.7,8.8,Yes,45.5,No,65.3,Fair
101644,24.4,34,59,560.0,56.0,79,5.6,1.0,302.1,7.5,Yes,85.7,Yes,65.7,Fair
101645,19.8,69,57,1239.0,25.0,86,6.2,9.3,308.9,20.4,Yes,84.5,Yes,80.3,Good
101646,24.3,48,58,937.0,37.0,103,9.4,14.7,102.6,25.8,Yes,59.9,No,69.9,Fair
101647,22.4,47,117,624.0,41.0,109,7.9,0.6,109.1,13.2,Yes,75.9,Yes,65.1,Fair
101648,26.0,60,54,494.0,37.0,100,10.7,6.3,54.8,17.4,Yes,41.2,No,58.5,Fair
101649,26.6,62,41,1348.0,21.0,0,8.7,11.9,89.6,21.8,Yes,78.5,No,94.2,Excellent
101650,30.8,47,141,952.0,51.0,18,11.6,2.4,129.2,3.6,Yes,84.4,No,63.8,Fair
101651,24.7,68,106,1044.0,36.0,100,7.3,4.2,266.3,11.8,Yes,57.6,No,66.5,Fair
101652,24.0,45,89,465.0,20.0,34,7.9,9.6,192.7,22.4,Yes,52.8,No,99.2,Excellent
101653,23.6,45,63,,28.0,62,10.0,17.2,277.4,21.2,Yes,72.1,No,83.3,Good
101654,21.9,67,136,1083.0,32.0,93,4.7,5.2,196.0,3.5,Yes,52.7,No,84.9,Good
101655,24.0,70,143,1309.0,55.0,80,6.6,8.8,216.7,8.7,No,99.0,No,64.4,Fair
101656,22.1,36,75,1236.0,56.0,102,9.5,7.2,83.3,21.0,Yes,77.5,Yes,58.1,Fair
101657,23.5,43,146,970.0,49.0,112,2.3,16.2,283.0,9.6,No,58.7,No,59.2,Fair
101658,27.0,54,118,1095.0,50.0,25,7.2,1.3,277.4,24.8,No,81.6,No,67.1,Fair
101659,20.0,61,32,579.0,42.0,12,9.2,10.2,142.3,2.8,Yes,73.7,No,87.8,Excellent
101660,26.4,67,116,1233.0,69.0,117,13.6,15.2,148.6,7.3,Yes,64.9,No,34.9,Poor
101661,27.0,51,60,1491.0,,85,12.5,17.8,115.9,9.9,Yes,66.4,No,60.5,Fair
101662,22.6,45,81,601.0,29.0,109,5.4,12.6,294.2,27.9,Yes,46.9,Yes,80.8,Good
101663,16.6,58,112,1438.0,44.0,22,8.1,6.8,274.1,24.3,No,69.5,No,72.9,Good
101664,21.2,45,89,1465.0,55.0,107,2.7,7.4,232.7,26.8,Yes,85.0,No,55.8,Fair
101665,26.9,41,27,942.0,45.0,106,4.9,6.3,121.6,14.3,Yes,69.0,Yes,55.9,Fair
101666,22.9,46,90,1381.0,45.0,96,11.3,10.9,101.6,25.0,Yes,46.8,No,68.7,Fair
101667,20.0,66,116,1173.0,64.0,90,3.5,13.3,65.1,25.9,Yes,81.8,No,53.2,Fair
101668,21.5,56,78,1093.0,32.0,34,5.1,14.8,63.7,13.2,Yes,70.2,Yes,93.1,Excellent
101669,25.5,54,89,1011.0,36.0,11,13.3,7.5,106.1,29.8,Yes,56.3,Yes,85.5,Excellent
101670,24.6,42,51,643.0,59.0,8,11.9,12.9,80.2,25.8,Yes,80.7,No,77.9,Good
101671,22.3,37,43,459.0,23.0,97,11.4,16.5,216.8,29.3,Yes,86.3,Yes,83.1,Good
101672,21.9,34,57,503.0,,77,12.4,16.6,157.4,26.3,Yes,84.2,No,78.7,Good
101673,21.8,41,145,1050.0,54.0,100,11.0,12.7,183.5,23.7,Yes,114.0,Yes,62.1,Fair
101674,20.2,70,147,1410.0,30.0,66,3.4,11.5,228.2,28.4,Yes,96.7,No,80.8,Good
101675,27.8,32,14,476.0,,107,8.2,9.6,247.7,13.8,Yes,66.4,No,60.9,Fair
101676,22.0,64,125,1441.0,28.0,43,7.3,3.3,244.5,23.9,Yes,86.3,Yes,94.4,Excellent
101677,26.7,62,126,1097.0,34.0,60,5.7,2.2,128.3,,Yes,68.5,No,73.8,Good
101678,27.6,51,117,1345.0,64.0,20,12.0,8.7,292.9,22.5,Yes,68.3,No,59.1,Fair
101679,26.0,38,32,666.0,56.0,6,7.6,2.9,325.3,24.0,Yes,59.9,No,71.6,Good
101680,21.7,70,71,1180.0,24.0,96,2.7,10.4,144.8,22.1,No,74.6,Yes,78.9,Good
101681,24.2,47,22,,38.0,98,5.3,11.6,55.1,25.8,Yes,71.5,No,64.8,Fair
101682,22.9,58,146,1345.0,30.0,10,4.7,9.5,319.7,13.6,Yes,67.8,Yes,95.5,Excellent
101683,20.3,68,29,1424.0,,44,12.6,0.7,327.1,17.3,Yes,73.1,No,84.1,Good
101684,24.0,56,101,1450.0,54.0,31,9.8,1.0,65.3,2.3,Yes,75.6,Yes,81.8,Good
101685,19.5,65,117,947.0,69.0,85,8.7,2.0,51.5,6.1,Yes,57.8,No,47.7,Poor
101686,26.6,46,117,559.0,46.0,118,8.1,2.8,294.9,20.0,Yes,75.6,Yes,48.2,Poor
101687,21.6,63,42,1336.0,32.0,105,9.8,17.8,140.4,17.7,Yes,67.1,No,73.2,Good
101688,23.6,32,73,,31.0,82,11.1,6.2,324.4,7.5,Yes,62.6,Yes,79.3,Good
101689,23.8,34,39,942.0,28.0,35,8.7,5.3,115.0,8.8,Yes,60.4,No,92.6,Excellent
101690,22.2,43,117,526.0,61.0,117,13.3,0.9,308.3,11.6,Yes,53.3,No,56.8,Fair
101691,24.8,32,82,1408.0,47.0,36,13.7,11.4,70.6,22.1,Yes,56.1,Yes,70.5,Good
101692,21.6,52,118,1347.0,32.0,74,13.9,11.7,128.2,19.1,Yes,80.3,No,80.4,Good
101693,25.6,68,109,,39.0,40,10.0,3.2,341.9,3.9,Yes,78.4,Yes,77.9,Good
101694,19.0,59,23,549.0,32.0,76,13.2,16.5,119.4,,Yes,50.5,No,71.5,Good
101695,23.4,52,28,430.0,46.0,91,6.9,14.4,89.9,9.4,Yes,60.2,No,70.5,Good
101696,28.8,56,80,1011.0,45.0,48,12.3,4.1,307.1,20.8,Yes,65.1,No,61.1,Fair
101697,20.0,39,68,701.0,48.0,14,12.9,8.7,85.3,5.5,Yes,81.2,Yes,82.0,Good
101698,21.0,54,106,1362.0,48.0,12,12.8,8.3,79.2,29.9,Yes,70.3,Yes,83.1,Good
101699,24.5,42,53,1264.0,41.0,52,12.0,6.3,147.0,4.2,Yes,48.3,Yes,79.8,Good
101700,23.5,45,120,1164.0,,106,6.9,14.7,240.6,22.8,Yes,71.0,No,79.3,Good
101701,24.1,70,20,1082.0,43.0,32,3.9,2.0,263.2,17.2,Yes,58.0,No,83.0,Good
101702,24.5,63,115,656.0,61.0,71,6.0,7.5,314.4,4.4,Yes,54.1,No,63.8,Fair
101703,24.9,66,11,1339.0,38.0,118,11.2,7.7,212.3,,Yes,98.9,No,63.4,Fair
101704,26.3,51,134,1480.0,57.0,31,4.8,8.4,168.0,12.2,Yes,80.3,No,67.5,Fair
101705,24.2,46,103,408.0,50.0,100,7.7,15.5,157.7,24.5,Yes,75.2,No,54.8,Fair
101706,22.3,52,102,1428.0,58.0,117,8.8,3.9,304.1,3.2,Yes,62.4,Yes,54.7,Fair
101707,25.0,65,13,1246.0,34.0,47,9.2,1.9,267.1,21.7,No,82.7,No,73.3,Good
101708,28.7,38,72,1176.0,51.0,67,13.2,11.1,321.6,20.4,Yes,71.6,Yes,54.3,Fair
101709,22.6,31,38,1084.0,65.0,56,9.9,3.1,339.2,9.4,No,89.5,No,65.9,Fair
101710,20.1,61,28,1131.0,67.0,61,11.4,1.3,140.0,4.2,Yes,98.4,No,63.4,Fair
101711,26.3,51,100,423.0,65.0,114,9.0,7.7,208.9,27.6,Yes,84.9,No,43.1,Poor
101712,22.6,42,38,892.0,48.0,81,12.0,4.0,239.5,10.4,Yes,87.2,Yes,70.3,Good
101713,16.5,37,125,1369.0,53.0,86,5.2,6.5,99.2,5.1,Yes,64.1,Yes,48.6,Poor
101714,25.5,30,79,502.0,28.0,92,4.5,4.7,66.0,21.1,Yes,55.1,No,68.4,Fair
101715,21.4,46,132,1483.0,54.0,1,13.1,1.7,310.3,8.1,No,60.9,No,82.1,Good
101716,22.7,41,32,,25.0,76,10.3,10.1,210.7,15.3,Yes,73.9,No,83.0,Good
101717,24.0,33,55,1422.0,,15,10.1,0.5,221.2,3.4,Yes,81.0,No,79.2,Good
101718,23.6,42,17,771.0,33.0,117,7.6,17.4,216.5,29.8,Yes,55.5,Yes,65.9,Fair
101719,25.1,60,75,1078.0,66.0,7,6.5,6.1,276.5,14.5,Yes,39.4,Yes,73.4,Good
101720,21.7,70,109,995.0,69.0,18,8.7,12.5,93.7,30.0,Yes,64.9,Yes,73.0,Good
101721,24.5,36,70,601.0,68.0,31,3.4,14.6,234.2,,Yes,52.5,Yes,64.6,Fair
101722,22.2,52,121,488.0,28.0,66,7.5,5.0,190.8,11.7,Yes,68.6,Yes,87.9,Excellent
101723,25.2,53,61,836.0,38.0,114,7.5,13.5,319.1,27.6,Yes,63.5,Yes,60.4,Fair
101724,24.8,34,45,519.0,42.0,112,8.5,15.0,205.9,11.2,Yes,62.3,No,66.2,Fair
101725,20.2,34,121,555.0,60.0,31,9.6,4.3,332.9,14.1,Yes,64.9,Yes,70.9,Good
101726,26.3,46,96,798.0,47.0,104,13.5,17.9,156.0,4.2,Yes,72.2,Yes,52.7,Fair
101727,21.4,59,94,587.0,35.0,84,9.8,0.4,340.1,28.8,Yes,61.8,No,80.3,Good
101728,25.4,38,22,1475.0,45.0,24,12.6,3.9,312.5,4.4,Yes,63.8,Yes,80.3,Good
101729,24.1,35,56,1051.0,57.0,52,8.7,14.0,225.3,23.6,Yes,40.6,Yes,71.6,Good
101730,28.5,54,99,986.0,59.0,118,9.5,3.5,156.1,17.1,No,64.5,Yes,36.4,Poor
101731,22.3,48,31,,44.0,80,2.8,12.6,162.8,3.7,Yes,51.9,No,76.6,Good
101732,22.0,45,67,454.0,54.0,24,3.6,15.4,281.8,2.0,Yes,68.6,No,82.7,Good
101733,22.9,50,39,670.0,24.0,32,9.0,17.3,224.2,28.2,Yes,76.3,No,94.3,Excellent
101734,22.1,31,115,1492.0,26.0,30,6.7,8.5,170.5,22.8,Yes,56.6,Yes,95.1,Excellent
101735,25.4,39,83,1369.0,42.0,35,11.6,17.5,240.8,21.2,Yes,104.5,No,73.9,Good
101736,18.2,45,103,729.0,44.0,86,8.5,7.4,270.0,14.3,Yes,48.5,Yes,57.9,Fair
101737,19.8,66,80,515.0,20.0,110,12.6,3.9,56.9,8.7,Yes,68.7,Yes,74.3,Good
101738,19.8,44,16,722.0,41.0,107,13.7,9.3,77.0,21.0,Yes,67.8,No,64.5,Fair
101739,25.9,42,74,962.0,23.0,88,3.8,11.7,78.3,19.0,Yes,64.2,No,73.5,Good
101740,28.1,42,55,628.0,47.0,48,6.7,8.2,119.6,22.3,No,70.5,Yes,65.8,Fair
101741,22.7,61,27,759.0,67.0,43,10.0,10.2,178.1,12.2,Yes,54.4,No,69.3,Fair
101742,22.5,37,17,1428.0,33.0,47,5.7,7.5,291.1,29.6,Yes,50.3,Yes,92.6,Excellent
101743,23.2,47,83,427.0,52.0,29,5.2,9.4,155.3,3.9,No,68.4,Yes,79.3,Good
101744,26.5,65,111,1268.0,23.0,12,11.8,17.1,55.2,4.2,Yes,94.2,Yes,89.6,Excellent
101745,20.2,55,88,427.0,61.0,42,13.8,9.0,195.0,27.7,Yes,67.1,No,64.1,Fair
101746,23.7,39,88,1143.0,30.0,110,11.3,4.6,349.0,20.1,Yes,87.3,Yes,72.1,Good
101747,25.9,60,130,979.0,58.0,92,8.3,13.7,154.7,11.1,Yes,98.6,No,52.0,Fair
101748,24.5,62,72,850.0,51.0,15,7.3,6.1,338.4,,Yes,41.8,Yes,80.2,Good
101749,23.6,58,49,832.0,23.0,101,8.5,14.7,80.4,14.7,Yes,88.3,No,76.8,Good
101750,26.0,34,93,773.0,20.0,90,7.6,1.0,101.9,2.6,Yes,64.9,Yes,69.9,Fair
101751,16.0,42,24,834.0,45.0,25,8.0,6.0,267.2,20.2,Yes,57.0,Yes,72.9,Good
101752,25.0,30,108,617.0,52.0,74,4.4,1.7,200.4,8.8,Yes,93.8,No,60.3,Fair
101753,21.0,52,143,1347.0,36.0,46,12.8,1.5,279.5,5.2,Yes,103.0,No,80.8,Good
101754,17.5,69,130,748.0,46.0,36,11.1,11.9,309.1,8.3,Yes,88.1,Yes,70.5,Good
101755,24.5,32,72,1187.0,61.0,2,10.2,6.9,125.3,15.3,Yes,76.7,No,74.6,Good
101756,27.1,32,145,425.0,24.0,25,13.4,15.7,254.8,3.4,Yes,65.4,Yes,86.8,Excellent
101757,22.6,36,137,1471.0,26.0,97,5.4,9.3,232.3,26.7,Yes,52.4,No,78.6,Good
101758,25.9,65,121,1258.0,44.0,96,3.0,5.3,308.5,17.7,Yes,60.2,No,57.8,Fair
101759,27.8,64,120,769.0,27.0,14,11.9,13.0,179.0,10.2,Yes,69.4,Yes,83.7,Good
101760,26.9,44,41,1437.0,53.0,65,14.0,11.2,65.6,21.2,Yes,68.2,No,62.6,Fair
101761,27.9,69,54,1283.0,60.0,27,8.9,14.4,222.3,24.5,Yes,74.8,Yes,62.3,Fair
101762,25.2,32,131,678.0,23.0,83,2.7,11.6,337.7,19.2,Yes,102.5,Yes,74.4,Good
101763,23.2,58,91,740.0,31.0,37,11.4,3.0,54.4,7.7,Yes,77.8,No,89.2,Excellent
101764,18.2,59,22,1006.0,50.0,43,2.9,12.1,122.1,5.1,Yes,75.5,Yes,74.2,Good
101765,22.3,68,33,1448.0,30.0,52,8.5,7.0,144.8,26.1,Yes,77.1,Yes,84.8,Good
101766,20.5,47,23,928.0,56.0,79,5.3,8.3,279.8,8.6,Yes,74.2,Yes,62.8,Fair
101767,29.5,40,79,825.0,63.0,109,13.0,16.6,147.0,2.6,No,62.4,No,29.0,Poor
101768,22.5,67,71,428.0,55.0,3,7.4,6.5,121.7,20.0,No,54.3,Yes,87.9,Excellent
101769,23.4,69,129,1355.0,64.0,71,12.8,11.0,244.6,6.3,Yes,88.0,Yes,67.3,Fair
101770,24.7,30,98,722.0,41.0,43,5.6,6.5,63.9,29.7,Yes,76.9,Yes,78.3,Good
101771,23.1,58,10,712.0,20.0,118,6.6,1.7,101.2,26.4,Yes,44.7,Yes,75.3,Good
101772,28.1,39,135,983.0,69.0,45,13.4,8.2,172.4,19.0,Yes,92.8,No,52.9,Fair
101773,21.1,57,41,1161.0,23.0,83,4.4,10.7,156.7,25.3,Yes,74.8,Yes,87.1,Excellent
101774,23.6,60,41,694.0,55.0,25,8.9,7.3,154.1,15.2,Yes,67.4,No,76.4,Good
101775,20.8,48,65,1055.0,27.0,95,6.7,7.0,82.6,24.1,Yes,52.0,No,79.8,Good
101776,19.0,32,100,1185.0,44.0,12,11.3,14.8,158.3,20.1,Yes,74.1,Yes,80.3,Good
101777,21.2,65,13,,47.0,68,3.6,0.5,289.4,2.8,Yes,56.8,Yes,75.7,Good
101778,22.9,44,32,474.0,57.0,43,7.2,5.3,174.2,28.6,Yes,68.9,No,76.2,Good
101779,21.7,62,38,501.0,55.0,105,10.4,14.6,225.9,26.1,Yes,95.3,No,61.1,Fair
101780,20.9,70,107,1284.0,55.0,52,6.9,16.6,99.1,28.7,Yes,75.0,No,74.8,Good
101781,18.8,55,39,572.0,62.0,50,2.7,7.4,70.9,22.5,Yes,68.7,No,57.1,Fair
101782,22.8,45,99,1427.0,60.0,12,10.5,16.0,314.0,13.5,Yes,88.6,No,80.4,Good
101783,18.5,65,76,794.0,65.0,40,8.0,3.6,149.4,7.8,No,40.1,No,62.5,Fair
101784,25.3,62,110,1232.0,23.0,10,2.1,4.0,155.1,7.0,Yes,81.0,No,97.6,Excellent
101785,23.2,49,67,1403.0,32.0,36,9.4,15.2,313.3,6.1,Yes,73.5,Yes,87.9,Excellent
101786,18.6,42,34,566.0,57.0,59,13.0,16.3,262.3,8.2,Yes,54.5,No,54.3,Fair
101787,22.1,62,32,699.0,64.0,31,3.3,4.0,276.9,17.4,Yes,59.8,Yes,75.1,Good
101788,20.7,34,138,517.0,44.0,44,9.1,1.1,254.6,21.1,Yes,76.7,Yes,80.4,Good
101789,24.0,66,106,911.0,22.0,105,10.7,1.6,81.7,10.8,Yes,75.1,No,70.9,Good
101790,27.0,43,137,1011.0,51.0,17,2.8,4.7,337.4,17.4,Yes,52.1,Yes,69.3,Fair
101791,17.4,56,90,,58.0,92,2.3,13.7,322.7,11.6,Yes,45.2,Yes,52.4,Fair
101792,23.3,52,13,1461.0,20.0,78,7.6,9.2,120.9,21.5,Yes,68.9,Yes,89.9,Excellent
101793,22.5,43,144,862.0,30.0,19,11.5,8.2,291.2,29.7,Yes,58.7,Yes,99.6,Excellent
101794,25.0,69,55,503.0,21.0,43,3.9,10.5,172.8,21.3,Yes,74.8,Yes,91.4,Excellent
101795,23.6,33,18,1381.0,24.0,35,12.0,16.0,255.1,3.7,Yes,40.2,No,92.7,Excellent
101796,20.7,68,42,649.0,41.0,68,9.9,1.6,99.7,15.4,Yes,88.8,Yes,80.1,Good
101797,22.0,48,93,,65.0,103,6.0,12.5,211.6,23.6,No,67.4,No,54.7,Fair
101798,20.6,33,141,966.0,32.0,36,8.2,16.7,88.0,17.2,Yes,66.0,No,84.9,Good
101799,26.2,59,74,996.0,67.0,32,13.6,3.8,210.9,28.6,Yes,79.6,No,59.2,Fair
101800,23.1,48,115,1020.0,42.0,81,4.6,15.1,123.1,3.5,Yes,45.5,Yes,72.7,Good
101801,28.7,60,43,954.0,66.0,18,8.0,12.6,185.7,10.2,Yes,65.6,No,61.5,Fair
101802,22.8,60,94,470.0,50.0,50,9.5,0.3,250.4,8.2,Yes,78.2,Yes,77.2,Good
101803,20.9,38,97,1355.0,54.0,31,3.7,4.2,313.1,23.5,Yes,96.9,No,80.4,Good
101804,18.5,42,64,1372.0,57.0,105,2.5,10.9,99.6,16.7,Yes,65.8,Yes,55.6,Fair
101805,17.6,43,146,837.0,60.0,21,2.2,9.0,318.0,5.9,Yes,66.0,No,73.8,Good
101806,18.2,39,26,1467.0,54.0,104,5.9,9.5,167.0,10.0,Yes,64.3,No,51.4,Fair
101807,23.8,60,140,1437.0,64.0,0,2.9,4.2,303.1,16.6,Yes,48.4,No,82.4,Good
101808,24.5,66,13,713.0,32.0,53,11.6,12.2,203.8,29.9,No,112.2,No,77.3,Good
101809,18.3,52,16,884.0,26.0,88,14.0,4.8,308.7,12.2,Yes,68.2,Yes,78.5,Good
101810,25.7,56,35,568.0,24.0,19,2.7,7.0,248.8,6.4,Yes,72.3,No,88.5,Excellent
101811,21.6,35,33,1287.0,48.0,57,7.2,6.6,202.6,15.9,Yes,59.1,No,76.3,Good
101812,23.4,55,19,1202.0,27.0,34,2.3,12.1,143.8,10.7,Yes,87.0,Yes,95.2,Excellent
101813,27.8,31,22,645.0,27.0,108,3.6,1.6,340.7,17.8,Yes,86.3,Yes,61.3,Fair
101814,25.7,42,134,665.0,26.0,69,5.9,3.7,290.3,15.1,Yes,62.5,Yes,75.4,Good
101815,22.2,48,48,1248.0,38.0,69,6.7,3.6,164.4,21.3,Yes,52.6,Yes,82.4,Good
101816,20.3,30,28,642.0,58.0,60,13.3,2.0,100.0,27.6,No,83.9,No,68.4,Fair
101817,16.5,69,85,929.0,42.0,113,6.8,3.7,283.9,7.6,Yes,72.7,No,47.9,Poor
101818,20.8,61,61,1246.0,55.0,62,8.0,10.9,347.0,25.0,Yes,90.0,Yes,68.8,Fair
101819,22.4,51,129,1403.0,61.0,100,4.9,13.2,133.7,28.6,No,66.4,Yes,63.6,Fair
101820,20.0,58,55,741.0,51.0,112,2.0,11.9,324.8,12.5,Yes,57.4,No,57.3,Fair
101821,22.6,31,84,1159.0,64.0,60,12.8,8.6,87.6,5.2,Yes,75.1,No,69.6,Fair
101822,23.2,69,133,1197.0,23.0,56,3.0,0.9,335.7,25.0,Yes,54.9,Yes,90.0,Excellent
101823,22.3,67,57,931.0,49.0,2,13.6,17.3,273.6,21.6,Yes,81.0,No,97.8,Excellent
101824,21.0,40,71,1263.0,61.0,100,3.6,3.0,154.0,8.0,Yes,81.1,No,55.8,Fair
101825,23.5,46,67,441.0,58.0,94,9.3,12.0,141.4,14.5,No,86.8,Yes,56.1,Fair
101826,24.3,37,27,998.0,24.0,98,14.0,16.4,243.0,18.2,No,46.4,Yes,73.4,Good
101827,19.7,51,117,705.0,22.0,118,3.7,12.6,228.1,6.8,Yes,80.0,No,72.8,Good
101828,27.2,33,57,1208.0,41.0,44,7.1,3.9,325.7,22.0,Yes,50.3,Yes,72.4,Good
101829,22.7,40,72,1261.0,47.0,14,11.4,5.7,279.9,21.3,No,71.7,No,84.7,Good
101830,23.1,37,21,1078.0,41.0,16,2.4,0.5,212.1,26.8,Yes,65.2,No,88.9,Excellent
101831,25.1,38,43,1130.0,41.0,14,10.3,11.0,328.3,17.9,Yes,97.7,Yes,80.5,Good
101832,23.7,55,111,840.0,53.0,4,3.0,11.0,227.8,18.1,Yes,80.2,Yes,87.5,Excellent
101833,25.9,31,96,1332.0,48.0,85,4.8,13.1,304.9,19.3,Yes,68.7,No,62.6,Fair
101834,23.9,45,34,1302.0,62.0,45,3.9,0.2,302.3,9.7,Yes,58.5,No,63.8,Fair
101835,21.2,60,141,532.0,61.0,10,12.9,14.7,325.8,,Yes,50.9,Yes,84.8,Good
101836,24.1,35,58,1118.0,32.0,63,4.2,13.3,70.3,20.5,Yes,85.2,No,82.6,Good
101837,19.6,50,87,,26.0,91,2.5,2.5,225.1,25.5,No,65.2,No,75.5,Good
101838,23.3,55,145,1017.0,29.0,13,9.1,6.3,190.5,23.5,Yes,52.5,Yes,99.8,Excellent
101839,22.9,48,64,791.0,47.0,38,6.2,11.5,197.2,19.9,Yes,70.0,No,79.7,Good
101840,22.4,57,27,1095.0,23.0,66,6.9,8.9,188.0,6.5,No,43.4,Yes,86.7,Excellent
101841,22.6,37,44,922.0,51.0,54,3.4,2.1,301.2,27.7,Yes,62.9,No,74.3,Good
101842,17.4,43,16,907.0,41.0,115,11.0,1.6,145.5,12.3,No,69.8,No,50.4,Fair
101843,21.4,53,22,753.0,39.0,41,9.2,14.1,188.8,29.0,Yes,87.9,No,88.5,Excellent
101844,23.3,66,135,1266.0,67.0,74,6.4,2.8,110.2,13.3,Yes,43.6,Yes,57.0,Fair
101845,23.5,55,121,1372.0,39.0,93,4.1,3.1,125.5,6.1,Yes,84.2,No,71.9,Good
101846,19.9,60,78,1355.0,25.0,101,9.1,15.0,248.1,26.8,Yes,63.3,No,77.4,Good
101847,26.8,61,109,495.0,28.0,4,11.3,11.0,85.1,24.3,Yes,79.3,No,86.5,Excellent
101848,20.4,70,99,505.0,47.0,51,5.7,10.9,106.3,24.0,Yes,58.9,No,75.1,Good
101849,25.9,31,51,1077.0,32.0,21,2.3,8.6,208.4,4.5,Yes,64.5,No,88.7,Excellent
101850,24.3,54,118,912.0,50.0,76,4.6,10.2,63.1,26.6,Yes,64.7,No,68.2,Fair
101851,21.1,31,119,1255.0,58.0,43,10.2,10.8,88.1,18.7,Yes,78.7,Yes,71.6,Good
101852,28.3,30,35,1189.0,69.0,114,13.9,17.4,309.0,15.2,Yes,76.6,No,35.6,Poor
101853,19.4,65,85,914.0,33.0,114,2.2,4.0,303.8,27.6,No,68.0,Yes,65.0,Fair
101854,25.8,41,41,1297.0,41.0,84,5.7,3.9,154.3,20.6,Yes,75.9,No,64.1,Fair
101855,26.0,38,100,1484.0,56.0,58,2.7,1.0,154.4,5.7,No,66.9,No,60.3,Fair
101856,21.0,65,134,1407.0,64.0,100,5.8,11.8,331.0,16.5,Yes,54.9,No,56.7,Fair
101857,27.2,70,135,1136.0,43.0,24,6.9,9.9,57.8,19.8,Yes,66.9,No,73.0,Good
101858,22.2,57,61,701.0,27.0,115,13.1,2.0,224.1,27.2,Yes,61.0,No,78.5,Good
101859,23.9,67,112,1045.0,34.0,20,3.0,6.6,229.2,9.8,No,68.5,No,88.9,Excellent
101860,23.8,62,114,1464.0,60.0,91,11.3,3.2,286.4,24.2,Yes,80.7,No,55.3,Fair
101861,22.6,51,23,630.0,25.0,63,6.7,6.0,335.5,24.4,Yes,64.4,Yes,87.6,Excellent
101862,25.4,54,113,1137.0,42.0,104,11.7,17.1,156.7,5.6,Yes,69.2,No,54.7,Fair
101863,25.4,47,126,1396.0,44.0,67,8.2,12.3,181.4,2.5,Yes,72.4,No,69.0,Fair
101864,17.8,35,57,696.0,50.0,92,2.5,0.1,251.4,18.3,Yes,84.3,No,56.9,Fair
101865,26.9,47,102,854.0,65.0,46,13.4,4.5,340.2,24.1,Yes,71.1,Yes,56.0,Fair
101866,18.0,45,119,1480.0,48.0,34,3.0,0.2,317.2,17.5,No,101.9,Yes,68.6,Fair
101867,26.1,44,62,1341.0,42.0,86,9.2,12.9,250.1,24.8,Yes,87.4,No,66.6,Fair
101868,26.4,37,12,639.0,29.0,6,12.5,8.4,307.0,19.4,Yes,72.4,Yes,90.0,Excellent
101869,19.7,42,77,1486.0,28.0,55,3.0,17.9,75.6,20.3,No,69.6,Yes,81.5,Good
101870,21.8,36,142,950.0,68.0,115,8.6,13.2,163.1,2.8,Yes,66.4,Yes,54.8,Fair
101871,19.7,46,147,537.0,32.0,51,11.9,9.3,53.9,4.5,No,77.2,No,80.7,Good
101872,22.4,61,61,853.0,51.0,109,13.8,14.5,103.2,22.3,Yes,71.0,No,62.2,Fair
101873,22.1,51,105,,68.0,45,10.7,12.7,239.1,23.4,Yes,79.5,No,73.2,Good
101874,25.3,42,40,426.0,64.0,8,5.3,4.4,315.7,17.2,Yes,89.8,Yes,75.9,Good
101875,26.9,52,75,856.0,60.0,57,10.4,9.5,239.8,18.5,No,40.2,Yes,58.8,Fair
101876,27.2,58,100,1094.0,20.0,22,10.5,10.0,249.2,19.2,No,61.9,Yes,83.2,Good
101877,21.3,51,78,1109.0,20.0,2,10.4,8.1,81.1,4.9,Yes,56.2,No,100.0,Excellent
101878,22.4,30,96,1248.0,56.0,60,12.3,3.2,249.5,20.7,Yes,78.5,No,71.3,Good
101879,17.9,58,42,1348.0,59.0,8,3.0,4.0,186.3,15.4,No,75.5,Yes,73.8,Good
101880,20.6,34,77,506.0,37.0,52,3.3,5.1,245.4,18.9,No,79.4,Yes,81.4,Good
101881,25.9,64,97,843.0,55.0,67,9.7,0.2,147.9,17.8,Yes,79.0,Yes,63.0,Fair
101882,27.8,39,104,435.0,50.0,48,13.4,16.5,224.4,23.4,Yes,79.3,No,60.3,Fair
101883,19.3,48,117,996.0,20.0,88,7.6,12.3,177.2,10.9,No,67.7,No,84.5,Good
101884,21.2,66,62,554.0,66.0,69,13.5,12.4,217.6,12.5,Yes,51.6,No,60.2,Fair
101885,22.9,36,83,1195.0,55.0,47,13.3,10.3,94.1,13.0,Yes,64.9,No,69.8,Fair
101886,23.8,64,58,671.0,28.0,81,12.8,12.4,168.7,23.3,No,58.8,Yes,79.1,Good
101887,20.6,42,122,1380.0,41.0,108,12.9,17.7,162.3,14.1,Yes,87.2,No,72.9,Good
101888,24.3,39,123,521.0,47.0,6,12.8,6.9,270.9,7.0,No,67.5,Yes,84.1,Good
101889,21.6,31,104,549.0,45.0,98,11.8,12.8,261.9,29.5,Yes,75.9,Yes,69.7,Fair
101890,23.0,35,34,1106.0,29.0,30,10.3,6.5,322.7,15.8,Yes,61.4,Yes,92.1,Excellent
101891,24.6,37,141,1394.0,66.0,101,2.3,15.4,239.6,5.1,Yes,76.3,Yes,45.2,Poor
101892,23.0,65,148,552.0,22.0,55,3.6,15.4,144.4,20.8,Yes,75.3,Yes,91.2,Excellent
101893,21.7,54,117,1440.0,,95,3.6,16.2,285.0,22.7,Yes,48.4,No,87.0,Excellent
101894,22.7,69,78,950.0,56.0,98,2.3,0.1,199.1,16.0,Yes,74.2,Yes,65.2,Fair
101895,22.7,36,93,1244.0,50.0,60,3.4,5.4,108.0,20.1,Yes,46.7,No,75.1,Good
101896,21.9,52,94,679.0,52.0,91,13.0,2.4,274.2,6.8,Yes,58.8,No,75.4,Good
101897,22.2,48,128,821.0,51.0,107,10.0,8.2,89.8,12.3,No,91.2,No,69.2,Fair
101898,27.8,51,81,1392.0,62.0,4,5.7,8.9,103.4,6.5,Yes,42.4,Yes,69.6,Fair
101899,24.7,42,29,1203.0,31.0,29,11.5,4.6,277.6,12.8,Yes,80.1,No,88.8,Excellent
101900,22.1,50,36,754.0,22.0,21,7.9,13.0,281.0,,Yes,84.0,No,98.7,Excellent
101901,25.1,30,17,777.0,67.0,16,3.7,4.9,287.2,14.4,Yes,61.8,Yes,65.9,Fair
101902,22.0,48,94,479.0,45.0,9,12.6,15.4,138.0,18.6,Yes,77.6,No,95.7,Excellent
101903,26.5,62,70,1387.0,33.0,70,6.1,3.2,310.0,16.0,Yes,67.5,No,70.7,Good
101904,24.1,33,12,632.0,31.0,67,10.4,6.6,266.8,10.9,No,73.9,No,83.7,Good
101905,22.7,32,16,553.0,45.0,41,5.5,11.2,300.2,6.0,Yes,67.6,No,82.7,Good
101906,24.3,56,13,1306.0,35.0,26,8.0,10.9,262.6,9.1,No,121.6,Yes,87.3,Excellent
101907,18.3,70,142,1454.0,27.0,6,11.8,1.4,223.9,7.6,Yes,78.3,Yes,97.0,Excellent
101908,19.6,64,148,770.0,68.0,22,3.9,15.2,82.8,21.8,Yes,85.1,Yes,69.5,Fair
101909,19.4,57,134,722.0,68.0,74,13.7,10.8,263.3,25.0,Yes,57.7,Yes,58.2,Fair
101910,23.4,35,24,731.0,47.0,116,2.8,15.7,257.1,22.2,No,52.6,No,61.0,Fair
101911,28.2,35,22,642.0,26.0,7,8.4,15.6,143.7,20.0,No,63.6,No,81.0,Good
101912,29.7,52,127,829.0,34.0,7,13.0,9.8,270.7,10.6,Yes,83.5,No,75.5,Good
101913,24.9,62,16,1208.0,60.0,100,13.3,16.4,215.1,21.9,Yes,60.7,Yes,49.5,Poor
101914,24.5,45,113,775.0,55.0,4,4.8,15.3,217.8,18.9,Yes,64.8,Yes,80.4,Good
101915,17.6,53,15,480.0,27.0,70,3.7,17.2,160.3,3.3,Yes,64.2,No,72.4,Good
101916,21.4,34,73,819.0,29.0,85,10.7,15.3,85.0,27.4,No,52.1,Yes,81.6,Good
101917,20.6,70,39,866.0,34.0,99,2.5,14.8,115.1,4.2,No,76.9,Yes,73.8,Good
101918,21.1,42,31,1480.0,37.0,1,7.8,8.4,280.6,16.1,Yes,66.0,No,98.5,Excellent
101919,22.5,41,127,1228.0,65.0,87,11.6,3.8,131.4,16.4,Yes,61.0,No,60.0,Fair
101920,21.6,34,93,1203.0,56.0,50,8.7,16.4,50.7,25.4,Yes,69.4,No,77.0,Good
101921,17.1,66,142,1477.0,60.0,65,4.3,13.0,349.1,27.6,Yes,70.3,No,55.4,Fair
101922,25.2,60,99,1377.0,64.0,111,7.8,5.1,113.2,28.3,Yes,74.1,No,45.0,Poor
101923,19.8,57,130,403.0,62.0,11,13.1,6.1,246.6,18.0,Yes,69.4,No,73.7,Good
101924,23.7,57,115,1002.0,63.0,46,9.4,12.3,328.1,21.0,Yes,63.8,Yes,67.4,Fair
101925,29.2,59,78,719.0,54.0,105,10.7,8.6,229.9,4.5,Yes,66.6,No,41.3,Poor
101926,20.2,47,104,900.0,21.0,54,6.0,1.5,289.7,15.7,Yes,56.0,Yes,91.8,Excellent
101927,16.0,56,86,970.0,41.0,25,4.3,2.5,342.9,27.1,Yes,57.0,No,74.7,Good
101928,22.1,64,10,584.0,34.0,101,5.1,13.4,308.1,14.8,No,71.9,No,76.5,Good
101929,26.3,55,71,955.0,56.0,119,8.4,5.9,217.4,3.9,No,71.1,Yes,43.8,Poor
101930,28.9,68,27,1499.0,58.0,44,5.4,9.1,159.1,7.6,Yes,56.9,No,52.5,Fair
101931,19.3,47,57,1292.0,55.0,61,8.5,13.8,194.7,14.0,Yes,70.3,Yes,60.8,Fair
101932,24.5,62,146,454.0,24.0,69,10.5,13.5,302.5,8.7,Yes,50.2,No,83.0,Good
101933,21.6,54,10,1262.0,67.0,86,10.8,3.0,306.0,13.0,Yes,61.7,No,59.9,Fair
101934,22.7,60,146,476.0,34.0,1,4.0,1.8,303.8,11.3,Yes,72.2,No,97.5,Excellent
101935,30.9,66,116,695.0,46.0,25,11.0,10.6,229.2,10.9,Yes,63.3,No,56.1,Fair
101936,18.5,31,139,1145.0,35.0,13,10.1,13.3,193.1,4.6,No,67.1,Yes,82.6,Good
101937,23.8,62,47,,55.0,81,2.1,2.7,143.4,26.7,No,88.0,No,59.9,Fair
101938,24.4,68,49,442.0,57.0,101,2.7,6.7,51.0,21.4,Yes,39.9,No,58.2,Fair
101939,26.3,61,91,626.0,37.0,56,9.8,15.7,279.3,19.5,Yes,74.0,No,70.0,Good
101940,23.3,47,25,1486.0,54.0,31,6.6,17.0,133.1,19.0,Yes,84.3,No,75.9,Good
101941,23.9,46,136,570.0,44.0,61,3.8,8.2,148.9,13.1,Yes,74.4,Yes,72.8,Good
101942,21.8,63,126,1362.0,41.0,114,2.5,1.4,303.0,25.1,Yes,73.3,No,73.8,Good
101943,23.8,68,102,1161.0,50.0,77,3.9,4.6,65.7,28.0,Yes,50.4,No,66.5,Fair
101944,22.0,36,143,1249.0,56.0,29,13.5,4.2,328.3,2.2,Yes,64.6,No,85.2,Excellent
101945,24.9,64,12,706.0,53.0,12,10.7,4.3,50.4,4.2,Yes,39.5,No,83.6,Good
101946,21.9,59,23,967.0,,39,8.3,8.9,331.8,20.9,Yes,42.7,Yes,86.9,Excellent
101947,24.1,41,75,1391.0,35.0,30,13.3,10.5,186.4,8.6,No,76.2,Yes,92.4,Excellent
101948,22.9,64,104,433.0,25.0,36,9.4,2.2,80.6,27.5,Yes,79.0,Yes,95.4,Excellent
101949,26.4,40,95,1226.0,34.0,44,10.7,16.0,252.2,20.7,Yes,58.7,Yes,79.9,Good
101950,22.8,33,123,529.0,37.0,101,5.4,11.2,318.8,12.3,Yes,87.8,No,67.9,Fair
101951,17.7,54,138,1054.0,57.0,85,9.1,10.8,181.4,13.6,Yes,75.3,No,51.1,Fair
101952,26.8,61,24,,32.0,58,3.7,17.8,257.4,21.3,Yes,78.1,No,68.0,Fair
101953,20.3,49,46,1440.0,43.0,27,6.9,11.3,343.8,5.9,Yes,69.7,No,80.5,Good
101954,21.0,60,36,993.0,32.0,60,2.4,16.7,122.2,26.7,Yes,93.8,No,85.7,Excellent
101955,21.2,33,21,1437.0,20.0,18,4.6,5.2,296.1,2.1,Yes,69.0,Yes,100.0,Excellent
101956,27.1,67,76,480.0,67.0,42,2.9,4.3,138.6,29.4,Yes,66.8,Yes,54.2,Fair
101957,16.6,30,39,603.0,55.0,58,6.7,9.3,177.9,6.7,Yes,40.7,Yes,56.9,Fair
101958,32.0,32,105,422.0,68.0,15,12.1,9.2,134.5,22.8,Yes,69.9,No,48.7,Poor
101959,26.2,66,144,1013.0,37.0,68,6.5,4.1,183.8,3.1,No,73.8,Yes,73.4,Good
101960,23.7,51,43,543.0,67.0,43,12.0,12.6,51.5,14.1,Yes,58.5,No,68.7,Fair
101961,22.8,46,41,503.0,52.0,112,9.9,0.5,141.0,19.6,Yes,97.6,Yes,64.8,Fair
101962,23.9,43,126,723.0,57.0,65,8.1,12.4,183.6,4.0,Yes,58.4,Yes,66.0,Fair
101963,24.6,70,48,975.0,62.0,9,4.8,8.2,239.7,14.4,Yes,65.9,Yes,76.4,Good
101964,24.9,64,105,673.0,25.0,46,13.1,12.4,241.2,10.5,Yes,79.8,No,84.3,Good
101965,24.7,42,140,851.0,36.0,18,2.7,8.6,225.1,16.0,Yes,48.1,No,92.6,Excellent
101966,23.3,64,52,1280.0,23.0,83,10.3,17.6,137.9,16.1,Yes,80.3,No,79.2,Good
101967,22.4,31,90,524.0,33.0,92,9.5,6.0,334.2,24.0,Yes,47.6,No,79.7,Good
101968,22.5,42,12,716.0,49.0,88,7.3,17.7,167.6,5.5,Yes,77.8,Yes,67.3,Fair
101969,22.4,45,83,506.0,65.0,80,4.9,1.2,115.1,4.3,Yes,50.8,No,62.5,Fair
101970,26.4,47,126,1306.0,39.0,50,7.2,12.3,216.4,13.3,Yes,95.1,Yes,72.9,Good
101971,24.8,36,72,829.0,27.0,114,12.5,8.2,274.7,26.9,Yes,69.1,Yes,68.6,Fair
101972,16.0,65,120,1103.0,,12,12.0,14.8,53.7,25.9,Yes,63.0,No,88.2,Excellent
101973,25.0,70,49,1371.0,56.0,62,13.3,14.2,132.9,17.7,Yes,62.2,Yes,64.3,Fair
101974,23.6,59,27,761.0,23.0,108,5.7,14.4,297.5,26.9,Yes,70.5,Yes,78.8,Good
101975,22.9,70,76,1195.0,29.0,15,6.6,1.7,202.1,24.5,Yes,68.9,Yes,92.7,Excellent
101976,21.8,36,112,831.0,39.0,117,2.2,14.8,172.5,9.8,Yes,58.0,No,68.6,Fair
101977,26.4,44,147,1074.0,54.0,52,13.3,3.9,329.3,6.8,Yes,78.5,No,65.1,Fair
101978,25.8,69,55,1258.0,67.0,34,6.0,0.5,76.9,10.4,Yes,48.8,Yes,59.1,Fair
101979,20.7,48,64,1413.0,29.0,99,6.8,3.9,234.7,8.4,No,68.7,No,77.3,Good
101980,24.2,66,84,975.0,47.0,58,12.9,8.6,152.7,19.4,Yes,80.1,No,73.1,Good
101981,20.1,31,106,1488.0,34.0,38,8.3,13.4,71.2,18.4,No,73.2,No,89.1,Excellent
101982,18.9,42,35,1292.0,55.0,66,8.8,3.9,114.1,18.8,Yes,47.6,No,62.4,Fair
101983,21.1,69,31,669.0,,72,4.1,2.0,238.4,7.3,Yes,76.2,Yes,92.6,Excellent
101984,25.6,70,35,837.0,41.0,103,8.0,11.6,58.5,24.2,Yes,62.8,Yes,58.0,Fair
101985,25.9,60,82,,46.0,60,13.0,17.7,227.7,14.1,No,68.0,No,66.9,Fair
101986,24.5,45,124,624.0,,49,8.7,10.8,337.1,15.2,Yes,56.3,No,68.8,Fair
101987,25.2,35,60,1389.0,34.0,52,5.1,12.4,288.5,29.9,Yes,79.3,No,75.6,Good
101988,24.5,57,122,859.0,29.0,45,2.4,10.1,153.7,9.9,No,50.5,Yes,81.0,Good
101989,21.1,61,21,793.0,39.0,51,6.0,14.1,91.5,13.0,Yes,46.3,No,77.3,Good
101990,24.3,39,12,1311.0,41.0,28,8.9,17.6,189.5,20.9,Yes,57.2,No,83.2,Good
101991,25.4,47,129,414.0,69.0,4,2.5,9.8,167.9,26.7,Yes,86.6,No,65.4,Fair
101992,25.3,33,144,959.0,67.0,66,9.3,7.5,341.5,5.5,Yes,89.0,Yes,53.8,Fair
101993,26.6,38,143,1403.0,28.0,73,8.3,15.5,347.0,22.6,Yes,77.7,No,77.8,Good
101994,25.1,36,91,813.0,51.0,94,11.4,17.5,173.2,27.7,Yes,72.0,Yes,58.2,Fair
101995,24.1,37,54,1398.0,36.0,74,2.3,2.3,94.6,13.8,Yes,89.7,Yes,73.7,Good
101996,26.2,36,136,514.0,61.0,80,11.4,10.4,323.2,10.0,Yes,77.6,No,54.3,Fair
101997,22.9,70,95,1375.0,38.0,39,8.3,14.3,288.1,21.0,Yes,88.9,Yes,81.2,Good
101998,20.4,69,124,1498.0,59.0,104,6.4,9.6,203.4,8.9,Yes,71.6,No,53.9,Fair
101999,22.5,32,18,435.0,46.0,71,13.6,7.4,159.6,12.8,Yes,76.5,Yes,76.4,Good
102000,20.8,46,21,641.0,56.0,115,3.9,11.8,184.4,27.1,Yes,110.2,No,61.3,Fair
104001,20.4,30,56,491.0,29.0,114,12.9,16.3,56.7,16.1,Yes,70.6,Yes,68.8,Fair
104002,22.9,33,59,1050.0,35.0,2,4.8,5.6,307.8,,Yes,90.1,No,98.9,Excellent
104003,23.1,33,133,756.0,32.0,96,8.5,12.6,132.2,14.1,Yes,85.4,No,74.5,Good
104004,24.4,55,99,1118.0,39.0,14,8.5,6.3,200.9,3.5,Yes,71.8,No,88.2,Excellent
104005,18.9,33,76,598.0,23.0,46,12.5,7.8,103.8,5.1,Yes,60.0,No,89.2,Excellent
104006,24.8,38,11,1214.0,39.0,4,2.6,4.2,64.0,18.9,Yes,53.6,No,88.3,Excellent
104007,16.0,59,11,616.0,41.0,53,7.1,13.5,273.5,10.0,Yes,85.8,No,67.8,Fair
104008,21.1,33,74,955.0,48.0,23,4.2,13.3,87.5,5.9,Yes,53.4,No,87.8,Excellent
104009,21.5,34,100,1202.0,35.0,10,2.3,0.4,57.7,11.5,Yes,68.2,Yes,100.0,Excellent
104010,24.9,52,125,1100.0,62.0,118,3.8,1.1,226.2,7.6,Yes,48.8,No,46.4,Poor
104011,23.1,45,58,902.0,66.0,32,13.7,16.6,54.0,2.7,Yes,54.1,No,67.6,Fair
104012,18.8,51,78,868.0,62.0,86,4.6,16.0,180.9,6.3,Yes,61.1,No,52.3,Fair
104013,20.0,66,141,,42.0,73,13.2,9.1,136.7,26.7,Yes,70.5,No,70.4,Good
104014,23.6,37,135,1023.0,49.0,56,4.5,8.9,145.8,2.3,Yes,108.8,No,74.2,Good
104015,22.8,62,62,1319.0,49.0,51,13.2,14.6,51.2,23.7,Yes,69.9,Yes,76.8,Good
104016,21.3,67,121,960.0,62.0,63,9.9,2.5,339.3,23.1,Yes,77.1,Yes,64.8,Fair
104017,21.6,45,148,1222.0,22.0,42,3.4,11.8,205.1,17.8,No,79.4,No,99.9,Excellent
104018,25.1,34,122,1366.0,43.0,91,9.0,8.6,221.8,7.8,Yes,62.4,Yes,63.0,Fair
104019,21.4,45,123,1062.0,68.0,102,5.8,13.4,249.8,26.6,Yes,73.1,No,55.8,Fair
104020,22.7,36,147,,56.0,80,6.6,0.5,289.3,15.3,Yes,75.0,Yes,65.4,Fair
104021,29.5,30,57,1498.0,32.0,43,7.3,10.7,232.4,6.8,Yes,85.5,No,65.9,Fair
104022,18.7,38,40,782.0,61.0,89,7.1,10.0,278.7,14.0,Yes,61.6,No,54.1,Fair
104023,17.4,47,46,708.0,51.0,88,10.0,15.1,184.6,7.5,Yes,58.2,Yes,54.4,Fair
104024,25.4,32,117,575.0,56.0,35,11.2,12.2,161.4,12.5,Yes,67.6,No,64.5,Fair
104025,21.0,53,37,627.0,31.0,11,6.0,15.8,296.9,15.9,Yes,90.3,No,90.7,Excellent
104026,22.0,57,79,746.0,27.0,55,13.1,16.0,309.6,12.1,Yes,42.1,No,87.5,Excellent
104027,20.7,39,23,1420.0,43.0,2,13.3,7.3,91.3,20.4,Yes,65.8,No,87.6,Excellent
104028,22.2,38,131,749.0,63.0,49,2.5,2.5,212.8,28.2,Yes,75.5,Yes,71.9,Good
104029,27.8,42,25,854.0,35.0,28,2.2,11.3,255.1,11.7,Yes,117.8,Yes,74.6,Good
104030,25.4,64,34,840.0,51.0,107,7.1,15.7,75.1,12.0,Yes,76.5,Yes,54.8,Fair
104031,25.6,52,75,1160.0,53.0,119,9.1,1.3,328.9,22.7,Yes,78.7,No,47.1,Poor
104032,18.8,46,47,914.0,54.0,87,5.3,10.0,206.0,16.9,Yes,60.8,No,58.5,Fair
104033,19.5,36,112,687.0,51.0,82,5.1,2.1,243.6,14.0,Yes,68.9,No,60.5,Fair
104034,16.0,45,107,407.0,69.0,76,10.1,0.5,103.5,24.8,Yes,62.9,Yes,42.8,Poor
104035,20.6,69,124,486.0,36.0,15,9.2,12.2,129.3,26.9,No,50.2,No,96.3,Excellent
104036,25.9,65,49,1397.0,21.0,39,4.0,12.3,86.3,18.5,Yes,86.3,No,85.8,Excellent
104037,24.6,49,73,685.0,45.0,26,12.6,10.8,129.2,7.2,Yes,79.8,No,79.3,Good
104038,22.3,53,98,473.0,63.0,69,10.2,15.5,197.7,15.1,Yes,90.4,Yes,67.9,Fair
104039,22.9,34,109,1205.0,36.0,41,6.4,1.5,300.1,16.1,Yes,78.3,Yes,92.3,Excellent
104040,20.9,35,91,557.0,57.0,56,10.2,1.9,210.1,14.1,No,79.5,Yes,73.5,Good
104041,23.6,57,86,829.0,68.0,9,3.4,15.6,123.3,9.3,Yes,57.1,No,76.2,Good
104042,25.3,34,68,1245.0,21.0,37,7.6,9.1,63.4,15.2,No,75.3,No,90.4,Excellent
104043,18.2,68,100,435.0,27.0,7,4.0,4.9,236.6,14.5,Yes,103.0,Yes,91.9,Excellent
104044,23.9,67,107,1420.0,65.0,17,2.5,13.3,176.0,7.9,Yes,69.5,Yes,74.9,Good
104045,25.8,31,148,1373.0,25.0,95,6.1,16.1,345.3,27.3,Yes,71.3,Yes,69.8,Fair
104046,21.8,68,10,1417.0,28.0,16,3.8,12.4,283.9,26.8,Yes,88.8,No,100.0,Excellent
104047,25.1,50,22,1112.0,20.0,57,9.6,14.3,292.5,23.3,Yes,64.4,No,85.1,Excellent
104048,31.4,69,39,1469.0,,105,10.1,5.1,53.7,13.2,No,98.5,No,54.5,Fair
104049,22.7,66,27,887.0,58.0,65,3.8,5.2,283.3,12.4,Yes,64.2,No,71.1,Good
104050,24.2,47,87,1018.0,28.0,43,2.3,15.6,108.4,22.1,Yes,70.8,Yes,86.7,Excellent
104051,20.8,41,41,569.0,33.0,83,11.5,11.1,225.7,19.0,Yes,57.5,Yes,76.7,Good
104052,23.5,46,80,545.0,46.0,73,2.0,4.2,184.2,18.8,Yes,66.3,Yes,71.5,Good
104053,24.4,66,59,1267.0,28.0,8,6.1,9.4,221.5,5.5,Yes,59.9,Yes,93.0,Excellent
104054,23.6,67,125,819.0,55.0,47,7.9,12.3,90.0,19.3,Yes,102.6,No,73.2,Good
104055,19.9,44,122,972.0,48.0,38,11.8,3.9,187.1,,Yes,85.5,Yes,77.4,Good
104056,23.6,36,89,1426.0,39.0,104,12.1,11.8,61.1,4.4,Yes,48.6,No,73.6,Good
104057,27.4,43,40,1198.0,34.0,88,10.7,0.8,62.3,11.5,Yes,66.2,No,59.9,Fair
104058,24.3,30,60,720.0,55.0,88,5.0,5.5,247.3,16.3,Yes,49.4,Yes,64.4,Fair
104059,25.9,67,69,645.0,22.0,87,10.6,12.1,335.5,21.2,Yes,69.3,Yes,75.8,Good
104060,22.3,32,42,876.0,42.0,5,5.0,2.7,283.2,4.5,Yes,57.4,No,95.8,Excellent
104061,25.2,66,136,1182.0,65.0,29,4.6,4.0,190.7,26.4,Yes,97.3,No,64.7,Fair
104062,23.8,60,135,932.0,28.0,73,8.6,15.8,66.8,3.1,Yes,64.8,Yes,80.4,Good
104063,20.1,42,50,636.0,49.0,102,10.1,12.1,63.5,26.0,Yes,87.8,No,62.9,Fair
104064,24.0,47,28,1374.0,38.0,94,2.6,9.0,97.4,2.8,Yes,42.3,No,71.2,Good
104065,20.0,46,50,1078.0,57.0,17,2.7,3.8,342.7,6.3,Yes,47.5,No,75.4,Good
104066,21.1,46,94,978.0,22.0,42,11.4,6.1,169.6,24.4,No,69.4,No,90.7,Excellent
104067,23.6,40,98,529.0,69.0,32,12.3,10.3,303.0,26.1,Yes,82.2,No,63.3,Fair
104068,23.9,49,51,410.0,67.0,52,9.3,2.8,261.5,29.5,Yes,65.0,Yes,68.3,Fair
104069,19.4,39,129,656.0,22.0,55,7.1,8.7,231.6,5.2,Yes,80.8,Yes,85.5,Excellent
104070,26.2,58,32,1215.0,53.0,18,12.1,7.4,334.3,16.7,Yes,70.6,No,76.5,Good
104071,24.7,63,42,768.0,21.0,86,10.7,8.6,119.1,4.2,Yes,39.8,No,78.1,Good
104072,20.9,46,29,1343.0,46.0,68,9.0,1.9,186.5,6.4,No,52.0,Yes,72.4,Good
104073,18.4,42,99,1281.0,42.0,25,5.8,1.9,309.4,6.9,Yes,75.9,No,81.5,Good
104074,22.6,68,113,418.0,61.0,28,4.4,17.4,215.5,3.8,Yes,63.1,Yes,79.5,Good
104075,21.7,56,21,509.0,51.0,23,7.0,17.6,123.9,27.0,Yes,94.4,No,79.5,Good
104076,23.3,55,60,904.0,66.0,5,5.4,7.7,112.7,5.5,Yes,65.2,No,76.2,Good
104077,21.9,57,15,1457.0,54.0,53,6.1,14.2,275.9,19.6,Yes,56.5,Yes,74.7,Good
104078,17.0,42,100,1402.0,59.0,38,8.2,11.8,53.8,19.5,Yes,69.8,No,60.9,Fair
104079,21.8,41,78,654.0,37.0,118,4.0,2.1,324.3,7.6,No,59.5,No,67.1,Fair
104080,22.1,57,132,1037.0,46.0,3,11.7,5.3,55.5,30.0,Yes,40.4,Yes,93.6,Excellent
104081,24.9,31,124,533.0,30.0,57,3.7,5.6,239.3,11.7,Yes,99.9,No,82.7,Good
104082,20.9,66,120,898.0,58.0,47,7.8,10.7,231.4,27.3,Yes,81.4,Yes,75.1,Good
104083,28.0,63,70,796.0,38.0,59,11.0,10.4,223.5,28.6,Yes,62.3,No,67.4,Fair
104084,17.3,52,116,1046.0,,105,7.8,16.6,192.3,28.6,Yes,78.4,No,56.0,Fair
104085,26.9,58,87,1084.0,26.0,25,6.3,14.2,305.7,23.1,Yes,68.9,No,81.3,Good
104086,22.3,64,104,418.0,50.0,78,7.7,15.4,247.8,9.1,Yes,59.0,Yes,70.1,Good
104087,25.6,40,83,1410.0,21.0,76,12.2,16.0,284.6,5.4,Yes,43.5,No,77.3,Good
104088,23.2,62,57,518.0,57.0,39,13.9,14.4,84.7,18.0,Yes,57.5,Yes,74.9,Good
104089,26.4,40,105,701.0,24.0,85,9.6,6.0,65.0,12.1,Yes,75.9,No,74.5,Good
104090,21.8,38,40,626.0,33.0,76,11.5,3.9,58.6,25.3,Yes,84.3,Yes,76.4,Good
104091,19.7,43,43,755.0,37.0,55,2.2,10.3,94.2,22.9,Yes,91.8,No,79.6,Good
104092,27.3,38,96,,55.0,38,12.6,12.4,250.1,9.7,Yes,95.9,No,59.1,Fair
104093,22.7,68,144,886.0,23.0,80,13.4,7.0,198.2,2.5,No,53.8,Yes,89.1,Excellent
104094,23.7,32,92,622.0,43.0,99,8.9,15.3,275.7,8.6,Yes,69.6,Yes,62.0,Fair
104095,26.7,58,144,1394.0,32.0,38,11.0,17.3,107.5,17.9,Yes,57.4,Yes,77.7,Good
104096,19.9,48,56,899.0,40.0,47,8.2,10.2,160.1,4.2,No,55.9,No,84.3,Good
104097,24.8,65,145,1445.0,52.0,24,5.4,8.2,316.5,20.4,Yes,69.0,No,76.6,Good
104098,21.2,61,138,,39.0,33,12.2,15.2,330.7,20.8,Yes,42.5,No,86.9,Excellent
104099,22.6,36,134,1467.0,24.0,20,9.2,0.4,326.5,6.7,Yes,85.4,Yes,100.0,Excellent
104100,23.2,57,86,918.0,43.0,24,9.0,2.3,295.5,18.7,Yes,55.2,Yes,82.2,Good
104101,18.5,47,12,928.0,54.0,88,9.9,15.2,256.5,19.0,Yes,94.5,No,54.5,Fair
104102,20.7,34,101,585.0,49.0,21,12.3,13.2,324.1,15.4,Yes,61.8,No,81.5,Good
104103,27.1,52,109,1197.0,47.0,22,10.8,7.5,264.3,28.7,Yes,90.7,No,70.1,Good
104104,25.7,51,136,1381.0,64.0,24,4.5,16.0,336.2,5.0,Yes,88.4,No,65.2,Fair
104105,22.8,55,77,747.0,26.0,77,7.6,6.3,57.4,13.4,Yes,55.7,No,86.0,Excellent
104106,23.7,41,142,1321.0,61.0,77,13.8,11.4,326.5,26.7,No,65.1,Yes,62.1,Fair
104107,22.1,69,99,1320.0,54.0,25,8.7,11.4,216.7,12.8,Yes,77.5,Yes,80.2,Good
104108,27.1,48,98,1356.0,49.0,103,13.3,3.3,83.5,13.9,Yes,59.4,Yes,48.1,Poor
104109,22.4,30,19,760.0,53.0,29,11.8,5.1,114.5,20.7,Yes,82.5,No,80.0,Good
104110,23.7,32,17,581.0,58.0,89,10.0,16.5,305.6,20.6,Yes,95.3,Yes,59.6,Fair
104111,26.4,56,21,496.0,28.0,37,6.2,3.3,201.8,2.6,No,88.6,No,83.2,Good
104112,20.7,47,73,962.0,31.0,85,5.7,3.1,344.8,14.8,Yes,49.2,No,79.0,Good
104113,27.7,59,127,713.0,48.0,102,9.7,8.6,85.3,11.3,Yes,90.1,No,50.7,Fair
104114,18.4,31,68,1354.0,29.0,102,7.2,1.7,173.8,19.6,Yes,72.4,Yes,67.2,Fair
104115,27.9,34,59,420.0,46.0,33,11.6,16.1,149.6,17.6,Yes,61.0,Yes,64.0,Fair
104116,21.9,58,49,1204.0,38.0,88,11.1,1.8,204.8,20.2,Yes,89.0,Yes,74.2,Good
104117,22.3,62,131,975.0,32.0,99,5.7,11.1,240.0,20.3,No,55.5,No,75.2,Good
104118,17.3,49,106,802.0,61.0,76,10.4,6.1,248.5,9.1,Yes,55.3,Yes,55.0,Fair
104119,21.6,59,136,1012.0,56.0,92,7.9,14.5,50.4,8.9,Yes,54.9,Yes,61.0,Fair
104120,19.9,34,96,1369.0,51.0,105,5.9,10.6,76.7,12.4,Yes,91.9,No,57.7,Fair
104121,21.2,50,86,1092.0,34.0,72,7.0,7.0,60.5,8.8,Yes,66.9,No,83.1,Good
104122,22.6,44,130,1358.0,40.0,14,12.7,17.7,309.4,21.1,Yes,77.2,No,94.8,Excellent
104123,25.9,49,120,1271.0,22.0,94,6.3,1.2,144.0,18.9,Yes,79.1,Yes,76.5,Good
104124,23.6,37,138,1239.0,27.0,43,5.4,10.4,160.1,8.1,Yes,69.3,No,87.0,Excellent
104125,23.9,60,50,502.0,25.0,90,6.2,17.8,185.1,26.8,Yes,68.3,No,81.0,Good
104126,19.7,41,146,732.0,48.0,94,4.6,12.4,304.8,14.9,Yes,74.0,No,59.7,Fair
104127,20.4,50,32,1152.0,38.0,9,8.5,13.3,54.2,5.6,Yes,57.7,No,92.9,Excellent
104128,28.4,59,87,533.0,36.0,114,3.8,0.6,85.6,8.0,Yes,88.9,No,49.4,Poor
104129,20.8,56,20,824.0,29.0,116,11.8,0.4,255.5,17.1,Yes,106.6,Yes,74.2,Good
104130,28.0,55,80,1336.0,52.0,36,4.7,0.6,339.2,11.5,Yes,60.7,No,61.8,Fair
104131,22.3,62,35,,32.0,6,9.2,17.9,242.8,25.8,Yes,70.8,No,99.7,Excellent
104132,23.0,55,39,1270.0,46.0,31,3.5,17.6,128.3,15.9,Yes,104.1,Yes,80.2,Good
104133,26.2,55,111,589.0,61.0,115,13.7,6.0,206.0,27.6,Yes,75.2,Yes,39.8,Poor
104134,26.8,65,78,1011.0,31.0,10,7.5,5.2,342.5,4.9,Yes,68.9,Yes,90.5,Excellent
104135,22.7,69,142,451.0,21.0,47,11.9,2.6,208.4,20.7,Yes,83.6,No,91.4,Excellent
104136,21.8,30,70,1011.0,29.0,108,11.2,5.9,162.1,26.8,Yes,64.8,No,76.8,Good
104137,22.8,44,115,773.0,40.0,91,10.6,6.7,165.0,10.2,Yes,74.2,No,69.1,Fair
104138,24.0,30,32,774.0,42.0,67,11.9,13.5,340.1,5.8,Yes,76.3,No,77.1,Good
104139,25.7,40,122,788.0,20.0,47,3.2,15.6,265.7,14.8,Yes,62.1,Yes,88.0,Excellent
104140,23.0,31,39,1073.0,52.0,44,10.1,13.4,256.2,28.9,Yes,65.9,No,72.7,Good
104141,24.9,30,76,1203.0,45.0,94,5.2,11.6,119.6,19.7,No,78.2,Yes,65.5,Fair
104142,27.9,60,140,803.0,34.0,92,11.4,13.8,217.8,20.0,No,85.0,No,59.1,Fair
104143,24.1,45,130,992.0,,32,13.5,13.3,157.0,20.8,Yes,40.8,No,82.1,Good
104144,23.9,51,92,,44.0,117,12.8,8.6,122.1,3.1,Yes,80.9,No,59.4,Fair
104145,18.4,47,71,904.0,20.0,3,3.4,6.0,318.7,14.5,Yes,74.5,No,100.0,Excellent
104146,16.0,46,66,482.0,45.0,46,6.4,5.1,164.9,4.2,Yes,79.6,Yes,67.0,Fair
104147,24.2,59,10,718.0,40.0,89,6.4,12.2,134.8,10.8,Yes,67.0,Yes,69.8,Fair
104148,22.7,39,111,1490.0,60.0,52,3.5,17.3,329.5,25.0,No,87.5,No,73.6,Good
104149,21.5,64,78,813.0,43.0,30,3.2,10.5,109.2,20.4,Yes,64.6,Yes,87.3,Excellent
104150,23.7,50,68,852.0,58.0,30,6.6,16.4,273.7,29.9,Yes,72.1,Yes,71.4,Good
104151,22.8,45,55,1145.0,35.0,26,13.9,0.3,245.8,6.8,Yes,61.8,Yes,90.1,Excellent
104152,26.4,35,115,597.0,51.0,88,8.8,14.3,326.1,,Yes,97.8,No,57.9,Fair
104153,23.3,32,43,658.0,35.0,47,9.5,15.4,299.6,24.7,Yes,61.5,Yes,83.1,Good
104154,20.8,70,110,697.0,32.0,35,7.7,11.4,261.6,8.0,Yes,63.8,No,92.8,Excellent
104155,26.0,50,106,699.0,,48,9.9,16.8,144.4,6.3,No,61.0,No,65.9,Fair
104156,22.3,42,38,,,30,13.5,10.6,198.7,14.0,Yes,64.1,Yes,80.3,Good
104157,24.6,47,132,897.0,69.0,106,9.1,4.3,333.3,12.7,Yes,85.2,Yes,45.4,Poor
104158,21.6,53,82,837.0,60.0,100,2.8,3.9,57.0,29.4,Yes,80.2,No,57.4,Fair
104159,21.1,56,13,606.0,63.0,108,7.9,10.0,288.3,14.8,Yes,96.3,No,53.6,Fair
104160,23.3,33,47,693.0,43.0,43,13.9,16.3,125.5,26.1,Yes,67.2,Yes,80.8,Good
104161,23.0,51,29,428.0,32.0,58,6.6,1.3,105.5,26.9,Yes,51.0,Yes,88.8,Excellent
104162,24.4,53,122,578.0,30.0,22,9.1,10.9,119.7,6.4,Yes,74.4,Yes,90.8,Excellent
104163,22.2,69,32,440.0,34.0,98,3.3,13.9,67.9,22.0,Yes,79.3,Yes,77.8,Good
104164,17.5,39,120,743.0,29.0,67,3.7,2.1,347.6,9.8,Yes,84.9,No,79.0,Good
104165,21.7,31,145,1215.0,61.0,91,12.5,2.1,311.0,4.7,Yes,59.9,Yes,57.5,Fair
104166,25.4,69,54,1136.0,60.0,41,5.6,6.6,206.3,26.5,Yes,74.9,No,65.8,Fair
104167,22.1,35,106,1025.0,22.0,104,5.7,4.9,264.5,10.2,Yes,85.0,Yes,79.5,Good
104168,22.3,47,42,677.0,35.0,41,6.6,3.6,217.0,11.7,Yes,51.3,Yes,85.1,Excellent
104169,26.0,46,144,928.0,63.0,12,13.6,3.6,293.5,11.1,Yes,60.8,Yes,68.6,Fair
104170,20.9,67,31,485.0,36.0,0,3.0,2.4,303.4,7.6,Yes,74.9,Yes,94.9,Excellent
104171,18.4,52,142,716.0,44.0,75,11.8,11.0,119.8,14.2,Yes,40.3,No,68.8,Fair
104172,22.5,59,24,1092.0,49.0,106,6.1,12.4,187.9,14.0,No,83.5,Yes,66.7,Fair
104173,21.5,50,30,1262.0,66.0,52,12.2,12.7,240.5,13.4,Yes,73.0,No,67.5,Fair
104174,20.1,39,135,714.0,54.0,39,13.9,9.6,343.5,27.7,Yes,80.0,No,70.9,Good
104175,22.5,42,98,624.0,56.0,89,6.2,17.2,254.8,11.5,No,82.7,No,60.7,Fair
104176,24.5,41,26,1477.0,32.0,118,3.6,15.8,319.3,2.9,Yes,89.9,No,64.1,Fair
104177,23.0,38,65,467.0,43.0,45,3.7,17.2,303.8,7.0,Yes,88.0,No,84.0,Good
104178,23.9,33,59,1420.0,57.0,109,11.1,7.0,224.6,22.2,Yes,68.7,Yes,50.4,Fair
104179,28.4,68,144,1255.0,45.0,115,3.7,15.8,318.1,18.5,Yes,59.8,Yes,46.5,Poor
104180,22.0,53,127,1495.0,28.0,86,5.1,13.7,163.2,28.6,Yes,76.8,Yes,84.3,Good
104181,23.8,63,131,1282.0,38.0,112,4.5,6.1,163.8,21.4,Yes,60.8,No,61.1,Fair
104182,21.5,68,59,1370.0,47.0,21,6.3,1.9,284.3,7.4,Yes,83.3,Yes,91.4,Excellent
104183,20.5,70,69,599.0,26.0,114,2.9,12.3,90.4,5.4,Yes,65.9,No,75.3,Good
104184,21.2,34,134,731.0,64.0,51,12.3,2.5,141.7,16.6,Yes,72.8,Yes,71.2,Good
104185,21.6,44,125,946.0,41.0,119,12.3,5.3,232.6,20.6,No,55.9,No,63.1,Fair
104186,24.1,33,144,465.0,49.0,27,7.0,9.0,176.0,6.6,Yes,80.0,Yes,76.7,Good
104187,30.0,68,97,1130.0,56.0,52,9.3,12.2,332.2,18.8,Yes,72.5,No,48.9,Poor
104188,20.9,37,114,967.0,35.0,116,9.7,16.7,337.6,26.2,Yes,56.7,No,67.2,Fair
104189,21.8,53,64,1056.0,55.0,62,11.0,10.7,200.8,22.4,Yes,61.1,Yes,74.6,Good
104190,22.8,57,73,803.0,24.0,16,8.2,12.1,211.7,20.6,Yes,55.6,No,100.0,Excellent
104191,24.2,56,105,1017.0,48.0,63,8.1,5.6,267.4,24.1,No,91.7,Yes,72.4,Good
104192,23.8,30,53,995.0,42.0,5,9.6,12.4,187.2,4.9,No,73.9,Yes,91.2,Excellent
104193,26.9,63,139,1047.0,25.0,13,10.4,7.9,107.0,7.7,Yes,113.0,No,86.9,Excellent
104194,16.0,46,59,545.0,55.0,113,6.2,15.4,274.1,3.1,No,94.8,Yes,39.8,Poor
104195,16.0,66,120,1160.0,52.0,16,6.0,7.1,271.3,6.1,No,70.8,Yes,64.7,Fair
104196,21.5,67,146,524.0,68.0,37,5.2,8.4,123.5,27.6,Yes,86.0,Yes,69.6,Fair
104197,26.3,55,108,879.0,60.0,68,8.6,7.8,299.9,,Yes,61.0,No,54.8,Fair
104198,18.3,53,93,1401.0,35.0,12,6.3,14.6,234.1,,Yes,59.2,No,88.1,Excellent
104199,16.0,68,39,1111.0,53.0,111,8.5,17.2,120.9,21.4,Yes,60.4,No,45.8,Poor
104200,24.7,50,74,1114.0,62.0,52,6.9,5.9,245.6,20.1,Yes,73.8,No,60.9,Fair
104201,23.7,59,33,1214.0,45.0,8,12.0,8.6,120.1,17.5,Yes,52.3,Yes,91.6,Excellent
104202,19.7,42,99,1453.0,,43,2.9,12.7,129.6,15.6,Yes,85.6,Yes,72.2,Good
104203,20.0,66,115,455.0,32.0,105,8.9,16.1,304.4,13.8,Yes,52.0,No,70.7,Good
104204,20.1,32,86,531.0,36.0,25,8.9,8.9,328.8,27.7,Yes,61.6,No,89.2,Excellent
104205,23.3,61,77,630.0,51.0,76,6.6,2.0,127.1,2.3,Yes,91.1,Yes,72.0,Good
104206,21.1,64,118,794.0,51.0,18,7.1,6.6,328.4,3.5,Yes,77.5,Yes,87.4,Excellent
104207,24.5,48,106,1381.0,47.0,47,11.6,9.9,121.6,15.8,Yes,70.3,No,75.0,Good
104208,16.0,43,142,1362.0,48.0,80,5.4,7.5,85.2,11.3,Yes,49.4,No,54.7,Fair
104209,20.4,51,101,1332.0,44.0,79,12.5,3.4,67.5,13.4,Yes,69.7,No,69.9,Fair
104210,19.6,46,97,1307.0,66.0,29,12.8,0.7,122.6,29.9,Yes,72.3,Yes,66.1,Fair
104211,22.2,33,59,932.0,41.0,31,9.8,12.4,165.6,23.7,Yes,75.2,No,86.3,Excellent
104212,21.4,69,112,1364.0,46.0,77,11.3,17.9,328.3,26.6,Yes,73.5,Yes,73.9,Good
104213,25.4,48,121,847.0,63.0,111,9.4,16.5,122.6,12.3,No,57.0,No,44.9,Poor
104214,17.4,66,55,525.0,57.0,119,8.3,12.3,159.6,8.7,Yes,68.7,No,44.0,Poor
104215,23.1,31,20,954.0,39.0,78,13.6,15.1,270.2,23.5,Yes,46.5,No,75.6,Good
104216,24.7,44,21,1093.0,64.0,75,5.4,4.6,140.6,24.6,Yes,104.2,Yes,62.1,Fair
104217,28.6,31,73,888.0,69.0,100,3.8,11.2,255.3,17.4,Yes,94.1,No,33.9,Poor
104218,21.6,40,17,1011.0,43.0,74,5.4,1.1,179.6,27.1,Yes,69.3,No,71.9,Good
104219,24.0,52,18,1290.0,66.0,68,9.4,12.7,108.9,29.1,Yes,91.5,No,60.4,Fair
104220,17.6,39,139,845.0,66.0,119,4.2,17.5,270.2,15.2,Yes,47.7,No,39.2,Poor
104221,16.0,32,87,907.0,27.0,119,12.9,15.5,58.1,8.2,Yes,73.3,Yes,55.7,Fair
104222,25.5,34,11,856.0,33.0,10,6.9,9.6,137.7,16.5,Yes,62.8,No,88.2,Excellent
104223,23.0,32,83,1385.0,58.0,97,12.2,14.2,156.9,29.7,Yes,74.9,No,57.1,Fair
104224,26.5,67,140,784.0,33.0,82,5.0,17.0,187.5,10.2,Yes,67.7,Yes,72.9,Good
104225,18.9,42,143,1111.0,24.0,25,5.8,3.9,254.0,19.3,Yes,62.6,No,89.8,Excellent
104226,24.6,48,96,1328.0,66.0,25,2.7,14.3,187.8,21.4,Yes,85.7,No,71.7,Good
104227,28.6,69,14,851.0,40.0,16,5.1,4.9,228.3,8.0,No,54.8,No,75.5,Good
104228,24.3,64,140,1053.0,34.0,94,7.9,15.8,228.7,18.5,Yes,39.4,Yes,69.0,Fair
104229,23.8,53,147,920.0,55.0,82,13.4,1.8,162.0,10.8,Yes,53.9,Yes,63.9,Fair
104230,23.0,53,23,937.0,52.0,43,6.7,3.2,330.2,25.9,Yes,69.7,No,80.2,Good
104231,18.3,46,133,544.0,36.0,83,9.7,13.0,336.8,22.0,Yes,73.0,Yes,70.3,Good
104232,27.1,69,52,1491.0,39.0,22,7.1,3.1,224.6,25.1,Yes,39.4,Yes,83.1,Good
104233,21.2,39,37,1099.0,20.0,24,2.6,2.8,71.5,7.6,No,40.9,No,100.0,Excellent
104234,24.5,31,33,530.0,35.0,91,8.0,10.0,197.3,3.0,Yes,61.1,Yes,66.2,Fair
104235,18.3,52,26,1132.0,64.0,36,2.8,15.0,105.3,25.8,Yes,54.1,Yes,65.0,Fair
104236,19.5,35,92,912.0,37.0,75,12.6,4.8,195.0,12.8,Yes,77.1,Yes,74.7,Good
104237,27.3,31,54,1039.0,29.0,111,11.0,15.1,106.5,7.0,Yes,86.7,No,62.8,Fair
104238,22.0,50,83,400.0,42.0,64,6.5,14.5,261.2,4.6,Yes,73.1,Yes,80.8,Good
104239,27.4,64,148,831.0,37.0,1,9.7,10.4,74.1,16.5,Yes,82.3,No,83.1,Good
104240,22.8,58,70,790.0,68.0,73,3.3,11.6,336.0,6.2,No,69.8,No,60.9,Fair
104241,17.5,36,47,798.0,28.0,97,10.4,0.7,108.6,17.9,Yes,75.0,Yes,64.6,Fair
104242,25.7,58,75,1207.0,65.0,31,11.9,6.6,248.2,22.4,No,47.2,Yes,62.3,Fair
104243,21.2,66,42,794.0,49.0,88,11.9,4.7,325.1,17.0,Yes,55.5,Yes,67.5,Fair
104244,25.1,52,52,,32.0,73,5.4,2.7,124.4,27.3,Yes,64.0,No,77.9,Good
104245,23.1,62,121,,50.0,54,5.2,7.0,330.3,6.4,Yes,53.2,No,74.6,Good
104246,18.4,37,44,1468.0,65.0,49,8.3,6.4,166.6,15.8,Yes,56.1,No,63.5,Fair
104247,23.5,41,46,1254.0,62.0,64,13.6,13.1,338.2,6.6,No,61.1,Yes,61.6,Fair
104248,29.6,39,109,938.0,32.0,31,13.0,10.8,341.4,26.5,Yes,66.8,Yes,75.2,Good
104249,24.5,44,32,1144.0,51.0,36,6.3,16.4,106.4,28.1,Yes,61.7,No,70.8,Good
104250,22.8,53,98,1120.0,36.0,75,11.4,2.6,299.3,13.2,No,84.6,No,78.6,Good
104251,26.2,55,24,449.0,22.0,112,13.1,1.1,108.0,10.6,Yes,60.3,No,66.2,Fair
104252,23.6,68,141,1484.0,20.0,114,5.1,9.6,117.9,9.8,Yes,81.4,No,73.4,Good
104253,23.6,32,31,642.0,24.0,81,12.0,0.0,75.2,26.1,Yes,55.7,No,85.1,Excellent
104254,19.7,31,87,996.0,,93,5.2,14.2,97.0,21.1,Yes,67.7,Yes,57.0,Fair
104255,23.7,35,81,675.0,44.0,12,6.1,9.1,239.7,26.7,Yes,61.8,No,88.8,Excellent
104256,26.1,50,107,1454.0,64.0,53,4.4,8.8,184.8,5.3,Yes,63.9,No,60.8,Fair
104257,20.5,38,99,407.0,24.0,2,8.1,6.5,287.3,15.3,Yes,84.6,No,99.4,Excellent
104258,27.3,39,118,1114.0,56.0,84,12.1,6.7,149.6,20.9,Yes,42.0,No,50.3,Fair
104259,22.7,65,103,432.0,42.0,41,8.3,7.8,340.6,27.1,Yes,46.1,No,84.9,Good
104260,20.3,32,89,1209.0,31.0,77,3.5,0.3,65.0,12.7,Yes,102.1,No,76.9,Good
104261,26.0,70,103,1327.0,53.0,39,5.0,1.5,68.9,10.8,Yes,65.9,Yes,69.3,Fair
104262,22.1,53,89,1261.0,42.0,73,8.8,9.1,260.4,27.6,Yes,61.7,Yes,80.6,Good
104263,25.3,51,47,436.0,35.0,65,9.0,2.7,316.3,3.3,Yes,84.4,No,75.6,Good
104264,22.1,43,143,433.0,68.0,59,8.9,14.0,288.7,15.4,Yes,67.6,No,67.4,Fair
104265,22.8,56,143,854.0,24.0,108,2.9,4.9,196.9,14.8,Yes,44.9,Yes,75.2,Good
104266,24.5,62,35,843.0,63.0,100,11.0,1.8,130.9,6.1,No,39.4,No,51.0,Fair
104267,23.9,51,110,611.0,66.0,10,12.9,4.2,54.0,13.1,Yes,66.2,Yes,70.3,Good
104268,17.0,58,84,,47.0,119,8.1,6.4,202.8,22.2,Yes,62.6,Yes,51.4,Fair
104269,19.6,48,47,1007.0,25.0,0,10.6,0.6,192.7,12.3,Yes,66.7,No,98.0,Excellent
104270,25.8,48,92,1381.0,32.0,25,13.0,2.6,153.3,10.7,No,55.7,Yes,87.9,Excellent
104271,22.6,35,65,760.0,62.0,41,9.7,5.8,223.4,23.9,Yes,55.8,Yes,72.6,Good
104272,21.4,48,114,703.0,49.0,61,10.1,5.6,268.6,,Yes,69.9,No,74.2,Good
104273,18.9,42,40,695.0,45.0,60,10.7,14.4,260.3,23.8,Yes,67.5,No,63.3,Fair
104274,19.8,55,67,551.0,36.0,76,5.1,15.2,129.0,25.7,Yes,74.1,No,78.8,Good
104275,16.9,51,82,999.0,,91,9.0,3.5,225.6,28.3,No,44.7,Yes,64.0,Fair
104276,22.7,50,141,610.0,35.0,99,12.1,2.2,94.6,24.4,Yes,48.2,Yes,72.9,Good
104277,21.2,65,19,631.0,68.0,84,5.6,11.4,86.5,29.4,Yes,67.8,Yes,58.5,Fair
104278,20.1,31,82,1269.0,37.0,61,12.8,14.5,285.8,22.9,Yes,75.9,Yes,80.1,Good
104279,22.8,59,24,1094.0,32.0,73,9.4,17.3,258.1,20.5,Yes,71.7,No,83.1,Good
104280,24.1,56,107,766.0,48.0,11,7.1,0.1,280.4,21.4,Yes,68.8,No,85.3,Excellent
104281,29.3,36,72,880.0,62.0,109,9.5,7.4,95.7,27.2,Yes,97.2,Yes,36.8,Poor
104282,18.5,49,28,971.0,64.0,26,6.8,13.2,324.4,21.1,Yes,84.4,Yes,64.8,Fair
104283,26.5,60,122,1329.0,43.0,66,12.1,14.9,89.9,23.3,Yes,74.9,No,66.1,Fair
104284,25.9,52,72,1439.0,64.0,27,7.8,1.1,311.0,8.0,Yes,45.0,No,63.5,Fair
104285,20.7,42,125,865.0,63.0,65,12.8,12.3,155.7,27.6,Yes,60.9,No,62.4,Fair
104286,23.6,46,30,693.0,65.0,27,8.1,5.2,81.6,14.5,Yes,73.3,No,69.1,Fair
104287,21.6,33,90,570.0,32.0,114,9.9,1.3,136.0,,Yes,78.6,Yes,77.6,Good
104288,23.6,43,75,1455.0,44.0,94,14.0,8.8,104.4,24.4,Yes,80.9,No,69.2,Fair
104289,27.5,49,74,662.0,,106,3.8,2.8,197.2,12.0,Yes,69.9,Yes,45.3,Poor
104290,24.8,42,52,957.0,65.0,20,10.8,13.3,334.9,7.2,Yes,59.8,No,71.9,Good
104291,24.5,32,66,588.0,20.0,6,3.7,13.3,148.4,9.2,Yes,93.3,Yes,95.5,Excellent
104292,21.7,55,147,1185.0,28.0,113,12.1,15.2,233.6,3.0,Yes,68.6,Yes,77.5,Good
104293,18.5,55,46,982.0,23.0,94,9.2,6.8,317.5,4.5,Yes,55.5,No,77.5,Good
104294,22.4,47,129,1401.0,47.0,13,13.3,0.2,239.0,18.6,Yes,84.8,No,94.6,Excellent
104295,26.6,61,78,,31.0,38,12.4,4.7,158.7,26.3,Yes,72.4,Yes,80.3,Good
104296,18.4,43,65,1245.0,43.0,117,2.9,8.4,347.3,14.6,Yes,44.4,No,55.9,Fair
104297,19.8,32,128,741.0,65.0,102,3.6,12.5,106.2,19.5,Yes,87.5,Yes,51.1,Fair
104298,23.4,30,64,1353.0,28.0,118,9.2,6.9,207.0,24.7,Yes,80.9,No,70.5,Good
104299,20.0,55,47,421.0,54.0,72,8.2,9.6,289.0,12.0,No,84.6,No,66.9,Fair
104300,20.6,53,24,1497.0,57.0,86,4.0,9.4,50.2,20.3,Yes,61.7,Yes,61.9,Fair
104301,21.7,64,86,565.0,54.0,61,3.6,3.0,260.6,11.8,Yes,69.9,Yes,70.1,Good
104302,18.9,43,62,633.0,52.0,11,8.8,11.2,129.9,20.0,Yes,67.8,Yes,79.1,Good
104303,20.1,32,16,1040.0,54.0,92,2.6,7.9,100.9,8.1,Yes,50.6,No,56.2,Fair
104304,25.1,42,64,1006.0,65.0,37,12.5,14.5,132.3,29.4,Yes,96.9,Yes,67.6,Fair
104305,19.1,43,61,939.0,39.0,57,11.7,12.4,340.0,4.1,Yes,78.5,Yes,73.6,Good
104306,18.2,50,13,,21.0,55,11.4,2.0,317.6,16.1,Yes,107.7,No,83.6,Good
104307,21.1,55,52,717.0,63.0,38,2.2,8.8,114.1,10.0,Yes,74.2,Yes,69.0,Fair
104308,25.2,32,49,742.0,45.0,85,2.6,12.6,85.1,18.8,Yes,60.9,Yes,65.7,Fair
104309,22.4,69,130,1378.0,61.0,3,8.6,1.6,159.2,14.0,No,61.5,Yes,84.4,Good
104310,21.6,33,39,1036.0,32.0,47,13.9,14.3,227.7,10.6,Yes,84.2,Yes,85.5,Excellent
104311,23.1,65,147,478.0,49.0,6,6.1,4.0,310.1,9.0,Yes,96.1,No,88.3,Excellent
104312,17.8,30,112,1292.0,51.0,59,6.1,9.1,339.8,7.1,No,69.4,No,60.6,Fair
104313,24.5,69,16,972.0,55.0,39,3.6,16.9,275.3,23.9,Yes,82.1,Yes,66.8,Fair
104314,24.2,62,118,848.0,38.0,7,10.1,10.3,229.7,8.2,Yes,54.7,Yes,94.7,Excellent
104315,21.8,36,29,681.0,41.0,115,9.8,7.6,92.7,23.7,Yes,81.7,Yes,69.9,Fair
104316,26.0,40,58,1074.0,20.0,57,3.2,0.1,72.2,15.6,Yes,80.5,Yes,86.2,Excellent
104317,19.6,56,105,456.0,30.0,56,7.6,2.4,228.8,4.0,Yes,40.2,Yes,83.3,Good
104318,26.4,43,68,590.0,45.0,34,10.0,10.4,211.7,6.6,Yes,63.5,Yes,77.5,Good
104319,23.5,51,99,1043.0,67.0,72,7.9,8.9,303.8,27.0,Yes,73.8,Yes,61.9,Fair
104320,22.0,45,35,441.0,38.0,114,10.1,6.5,146.8,18.9,Yes,57.3,No,66.2,Fair
104321,22.9,41,45,1078.0,38.0,12,11.8,16.6,61.9,7.2,Yes,46.1,Yes,94.5,Excellent
104322,22.7,39,135,901.0,31.0,38,10.2,6.0,177.1,21.7,Yes,84.4,No,95.7,Excellent
104323,26.7,53,52,1189.0,22.0,83,9.4,9.7,340.8,25.1,Yes,81.8,Yes,72.8,Good
104324,19.8,47,108,1149.0,37.0,20,12.2,10.2,288.7,11.3,Yes,81.5,No,85.2,Excellent
104325,20.7,51,42,1141.0,68.0,46,12.8,9.5,60.1,17.6,Yes,91.3,No,64.6,Fair
104326,26.1,38,109,564.0,24.0,82,6.7,8.6,312.4,10.2,Yes,39.0,No,77.5,Good
104327,21.2,46,106,1154.0,67.0,1,4.1,6.1,191.5,4.2,Yes,73.0,Yes,76.1,Good
104328,25.7,67,54,489.0,43.0,43,11.8,16.4,159.4,13.2,Yes,66.8,Yes,73.2,Good
104329,28.1,69,97,1386.0,33.0,103,4.6,8.1,154.0,23.0,Yes,59.0,No,57.2,Fair
104330,21.8,42,104,1481.0,57.0,29,13.1,9.5,228.5,14.8,Yes,54.1,Yes,82.1,Good
104331,25.0,66,26,1047.0,22.0,86,2.3,11.8,209.2,13.3,Yes,105.2,Yes,75.7,Good
104332,19.5,35,149,1149.0,25.0,54,13.1,1.2,247.0,12.2,Yes,62.3,No,86.3,Excellent
104333,25.3,50,31,1218.0,31.0,39,9.1,14.1,222.1,14.8,No,61.6,No,82.7,Good
104334,23.6,65,99,642.0,30.0,76,11.3,9.2,93.2,10.9,Yes,70.5,No,77.9,Good
104335,24.4,36,87,1062.0,58.0,96,6.8,11.8,127.2,19.1,Yes,62.6,Yes,51.5,Fair
104336,21.1,65,149,1257.0,45.0,95,13.9,13.9,302.3,3.8,Yes,77.6,Yes,67.8,Fair
104337,18.0,54,123,618.0,20.0,91,4.7,15.7,249.0,24.6,Yes,96.9,No,75.9,Good
104338,24.5,40,77,408.0,35.0,23,5.2,7.1,184.5,6.8,No,50.0,No,87.4,Excellent
104339,16.8,43,119,829.0,67.0,41,2.6,14.6,104.8,19.7,Yes,72.5,Yes,52.6,Fair
104340,22.0,58,134,,68.0,27,13.3,4.7,52.3,14.6,No,72.1,No,75.7,Good
104341,25.8,39,66,1306.0,66.0,93,7.5,11.9,143.6,23.7,No,83.5,No,45.1,Poor
104342,23.6,34,64,1369.0,28.0,116,10.1,1.8,66.5,25.1,Yes,98.2,Yes,72.6,Good
104343,28.8,37,91,1089.0,24.0,119,10.2,0.4,194.7,7.7,Yes,78.4,No,64.8,Fair
104344,26.1,34,116,1490.0,27.0,104,12.5,1.7,296.5,21.0,Yes,64.3,Yes,69.6,Fair
104345,21.0,53,111,1076.0,40.0,92,10.0,5.7,135.6,7.3,Yes,45.8,No,72.5,Good
104346,23.1,69,120,583.0,52.0,97,8.7,0.6,304.3,5.5,Yes,90.0,Yes,61.5,Fair
104347,22.9,55,116,1404.0,58.0,50,10.5,11.3,261.4,28.0,Yes,50.5,No,69.9,Fair
104348,18.3,35,111,607.0,62.0,21,11.0,5.7,87.6,6.6,Yes,77.3,Yes,72.0,Good
104349,20.2,45,12,927.0,39.0,88,4.2,13.3,243.4,8.4,No,77.5,No,68.6,Fair
104350,21.3,65,34,1217.0,64.0,77,3.3,0.8,95.5,5.6,No,60.5,No,63.7,Fair
104351,16.9,41,84,1402.0,,73,2.9,3.9,246.4,15.2,Yes,83.7,No,67.3,Fair
104352,23.1,40,70,854.0,32.0,73,6.5,7.3,92.8,27.7,Yes,39.7,No,80.8,Good
104353,22.3,32,132,1301.0,58.0,7,8.0,6.9,167.8,9.4,Yes,72.9,Yes,83.9,Good
104354,18.0,66,64,643.0,30.0,13,9.4,2.4,220.0,17.2,Yes,48.8,No,87.6,Excellent
104355,24.2,35,48,1170.0,37.0,44,13.5,17.9,65.1,13.5,Yes,55.8,Yes,80.6,Good
104356,25.1,48,92,637.0,49.0,37,6.0,5.1,96.0,11.4,Yes,83.4,No,72.4,Good
104357,23.7,47,43,744.0,52.0,31,11.1,13.0,146.1,18.0,Yes,80.6,No,79.2,Good
104358,22.0,45,122,709.0,63.0,116,8.4,4.0,188.7,17.6,No,98.0,No,57.1,Fair
104359,24.8,52,36,437.0,22.0,61,4.6,15.8,307.5,12.1,Yes,66.2,Yes,86.5,Excellent
104360,25.0,66,40,431.0,20.0,108,9.4,7.0,106.2,25.8,Yes,99.3,Yes,76.7,Good
104361,23.9,38,146,691.0,55.0,95,13.6,16.2,154.2,3.5,Yes,53.1,Yes,56.2,Fair
104362,20.5,32,92,691.0,,66,3.5,6.2,192.7,4.4,No,58.0,No,87.0,Excellent
104363,23.8,37,19,1157.0,,83,8.1,0.2,138.7,29.7,Yes,65.7,Yes,60.8,Fair
104364,26.6,67,49,977.0,48.0,60,2.6,9.3,237.7,22.9,Yes,89.1,Yes,62.9,Fair
104365,21.2,33,63,1004.0,30.0,12,5.9,9.4,127.0,24.5,No,86.5,No,96.8,Excellent
104366,29.3,41,144,846.0,32.0,118,9.4,2.2,281.7,18.9,Yes,70.4,No,52.1,Fair
104367,21.4,60,13,677.0,30.0,86,12.1,4.2,201.5,,No,62.7,Yes,83.9,Good
104368,23.1,54,15,1393.0,,82,10.8,14.1,75.9,19.6,Yes,48.5,No,63.8,Fair
104369,21.0,45,82,931.0,44.0,79,7.6,0.7,238.1,4.6,No,52.6,Yes,70.2,Good
104370,23.7,43,67,1383.0,,99,12.9,8.8,220.8,23.2,Yes,85.9,Yes,74.8,Good
104371,17.8,42,86,1001.0,32.0,98,5.6,9.5,151.6,17.1,Yes,45.4,No,69.9,Fair
104372,21.4,70,28,,61.0,46,11.0,12.4,53.3,28.8,Yes,73.9,No,68.5,Fair
104373,19.7,36,71,1433.0,52.0,110,7.7,0.7,110.2,19.8,Yes,40.8,No,57.5,Fair
104374,23.4,41,80,990.0,32.0,113,12.8,10.5,171.7,6.2,Yes,70.2,No,70.1,Good
104375,26.0,66,147,458.0,57.0,53,11.6,0.1,110.0,15.4,Yes,76.2,No,63.6,Fair
104376,24.9,33,34,858.0,43.0,70,12.8,4.8,223.2,3.6,Yes,38.7,Yes,72.5,Good
104377,16.0,31,136,503.0,39.0,51,4.6,9.0,263.7,22.9,Yes,42.5,No,63.6,Fair
104378,29.1,64,67,1230.0,63.0,100,10.0,16.4,306.8,16.1,Yes,72.8,No,33.2,Poor
104379,23.9,32,129,1188.0,36.0,71,10.9,2.3,244.1,12.4,Yes,67.1,Yes,79.1,Good
104380,20.7,33,120,503.0,69.0,24,10.9,3.0,256.7,29.1,Yes,63.3,Yes,75.2,Good
104381,23.5,67,85,1141.0,43.0,22,8.0,12.0,232.5,28.3,Yes,68.0,Yes,87.5,Excellent
104382,23.5,41,79,700.0,45.0,73,2.1,6.7,345.6,28.7,Yes,60.0,No,69.7,Fair
104383,21.0,48,147,1053.0,59.0,29,5.1,11.2,128.3,8.2,Yes,57.4,No,72.6,Good
104384,23.6,39,75,954.0,51.0,96,5.9,18.0,129.9,22.4,Yes,68.2,No,59.3,Fair
104385,21.2,30,129,1027.0,48.0,10,12.2,17.8,87.9,28.5,Yes,55.8,No,88.4,Excellent
104386,21.8,46,96,1328.0,33.0,34,12.1,6.4,195.7,18.0,Yes,74.1,No,91.6,Excellent
104387,20.9,45,148,759.0,56.0,26,3.3,9.1,78.8,8.0,No,60.9,No,81.3,Good
104388,18.7,38,131,486.0,41.0,116,13.4,16.3,131.0,24.9,Yes,59.3,No,55.6,Fair
104389,23.4,38,58,827.0,53.0,66,4.2,1.7,194.8,26.6,No,71.7,No,64.8,Fair
104390,24.8,38,57,766.0,46.0,46,7.0,8.1,337.3,,No,72.1,No,73.3,Good
104391,24.5,41,124,742.0,47.0,112,4.6,6.8,339.1,10.2,Yes,75.5,Yes,56.2,Fair
104392,25.5,70,96,746.0,41.0,49,12.3,5.3,273.1,7.3,Yes,58.8,Yes,71.2,Good
104393,24.0,44,16,495.0,62.0,7,11.0,17.9,166.8,19.5,Yes,73.1,No,77.2,Good
104394,21.4,31,86,1283.0,22.0,54,6.2,13.2,309.5,15.5,Yes,84.3,Yes,92.6,Excellent
104395,25.5,40,130,885.0,,76,10.2,7.0,312.6,20.7,Yes,42.7,Yes,67.0,Fair
104396,18.9,40,133,1003.0,67.0,41,4.2,14.9,323.1,5.1,Yes,70.7,No,66.4,Fair
104397,20.3,37,134,811.0,40.0,66,6.6,8.8,242.0,5.8,Yes,70.0,No,81.4,Good
104398,20.1,61,21,847.0,35.0,19,6.5,15.7,110.5,12.2,Yes,59.4,Yes,89.1,Excellent
104399,26.2,35,80,646.0,28.0,109,4.9,4.8,77.3,9.2,Yes,78.0,No,66.3,Fair
104400,25.8,49,10,1169.0,32.0,44,12.5,4.0,324.4,19.3,Yes,82.0,No,81.9,Good
104401,24.5,68,128,1098.0,29.0,34,10.1,4.5,66.7,12.3,Yes,70.3,No,90.8,Excellent
104402,26.2,64,120,820.0,68.0,76,5.4,9.7,138.8,21.2,Yes,84.7,No,52.3,Fair
104403,20.4,37,73,523.0,40.0,19,4.9,5.2,196.1,23.5,Yes,59.3,Yes,82.9,Good
104404,24.0,63,52,1340.0,68.0,23,2.2,2.6,56.6,7.2,Yes,46.5,Yes,72.2,Good
104405,22.6,48,50,1276.0,61.0,56,6.2,17.9,322.1,27.8,Yes,73.5,Yes,68.7,Fair
104406,25.5,36,124,412.0,59.0,54,8.3,16.2,136.1,24.0,Yes,97.4,Yes,66.9,Fair
104407,22.7,60,48,1199.0,26.0,8,5.3,11.4,58.6,19.5,Yes,65.2,Yes,100.0,Excellent
104408,21.8,47,10,1446.0,65.0,93,10.4,16.0,348.1,27.5,Yes,58.0,No,52.7,Fair
104409,24.6,69,50,1344.0,41.0,88,6.9,16.8,143.4,9.4,No,39.5,No,69.5,Fair
104410,25.6,43,97,599.0,37.0,15,5.8,12.2,313.0,13.8,Yes,55.5,No,82.8,Good
104411,21.0,68,107,702.0,40.0,118,13.3,9.3,186.0,4.4,Yes,51.8,Yes,68.8,Fair
104412,22.8,65,97,1137.0,69.0,54,5.2,15.9,248.9,14.8,Yes,75.4,Yes,66.9,Fair
104413,19.8,46,88,575.0,33.0,71,6.8,10.2,122.3,16.2,Yes,78.8,Yes,76.0,Good
104414,16.0,66,80,1452.0,,107,6.6,2.3,200.9,19.2,No,79.8,No,59.4,Fair
104415,23.6,38,146,1076.0,52.0,57,4.9,6.6,127.3,3.8,Yes,62.1,No,75.7,Good
104416,24.8,49,108,934.0,28.0,63,4.6,8.0,335.3,2.9,Yes,80.8,No,81.1,Good
104417,23.8,57,96,876.0,37.0,91,5.6,16.8,68.3,13.8,Yes,71.1,No,68.9,Fair
104418,17.2,49,10,782.0,32.0,75,12.4,11.9,132.4,7.3,Yes,88.6,No,71.3,Good
104419,21.9,70,121,955.0,36.0,114,11.2,15.8,317.9,23.2,Yes,82.0,No,72.0,Good
104420,16.3,65,83,733.0,42.0,87,10.2,13.6,194.0,20.7,Yes,75.8,Yes,56.1,Fair
104421,27.1,56,74,1297.0,44.0,48,7.5,5.6,230.0,11.1,Yes,64.1,Yes,67.3,Fair
104422,19.7,37,78,1330.0,35.0,28,8.1,12.9,245.5,3.3,Yes,84.5,No,89.2,Excellent
104423,26.8,61,76,1084.0,43.0,78,5.2,3.5,71.3,7.1,Yes,55.3,No,60.8,Fair
104424,25.8,30,59,960.0,50.0,117,2.9,7.3,55.3,,No,72.7,Yes,50.4,Fair
104425,20.3,46,67,522.0,30.0,81,6.0,14.5,331.4,29.7,Yes,82.7,No,81.0,Good
104426,19.6,38,62,1458.0,42.0,6,7.9,11.0,131.5,11.1,Yes,46.3,Yes,85.3,Excellent
104427,24.1,49,100,1017.0,60.0,76,2.7,14.9,164.1,,Yes,75.3,No,56.5,Fair
104428,20.5,61,124,1387.0,58.0,82,3.1,4.6,254.6,26.3,No,40.3,Yes,66.2,Fair
104429,23.3,31,127,1239.0,41.0,111,5.2,13.5,120.9,3.3,Yes,58.1,No,60.1,Fair
104430,21.6,61,66,815.0,52.0,106,6.4,3.6,269.9,27.7,Yes,76.4,Yes,63.2,Fair
104431,17.7,38,95,1107.0,60.0,68,6.7,9.8,187.5,15.1,Yes,65.2,No,58.2,Fair
104432,16.3,59,27,1036.0,61.0,89,3.4,7.8,307.0,29.0,Yes,85.4,Yes,44.2,Poor
104433,23.7,49,25,746.0,67.0,1,4.7,10.0,133.6,17.1,Yes,79.3,Yes,77.0,Good
104434,21.3,67,139,436.0,37.0,32,5.1,2.4,111.1,8.6,Yes,74.1,No,85.2,Excellent
104435,21.3,30,22,911.0,33.0,47,2.8,6.5,299.5,29.3,No,65.6,No,84.0,Good
104436,25.1,34,89,1248.0,47.0,36,5.9,12.0,147.9,8.8,Yes,66.0,No,71.0,Good
104437,26.5,64,52,934.0,30.0,88,2.9,10.1,173.6,26.7,Yes,63.3,Yes,67.6,Fair
104438,22.2,65,63,1309.0,43.0,88,10.4,9.9,288.1,6.8,Yes,91.9,No,74.8,Good
104439,22.0,30,146,1172.0,55.0,102,6.6,9.2,240.7,20.9,Yes,77.7,Yes,65.6,Fair
104440,24.5,43,82,1063.0,38.0,29,5.9,17.0,182.5,13.5,Yes,88.0,No,81.4,Good
104441,18.9,38,57,1441.0,32.0,40,3.5,16.8,125.0,29.2,Yes,69.0,Yes,83.2,Good
104442,23.7,59,27,426.0,52.0,3,4.7,6.5,279.3,7.2,Yes,47.0,No,84.1,Good
104443,24.7,53,20,,38.0,82,4.8,6.3,104.1,13.4,Yes,64.8,Yes,71.0,Good
104444,25.0,33,93,1452.0,66.0,90,13.8,10.0,328.5,19.9,Yes,52.0,Yes,45.4,Poor
104445,17.2,43,28,1407.0,51.0,115,12.0,1.7,95.1,29.4,Yes,78.4,No,46.5,Poor
104446,20.7,54,109,1057.0,34.0,110,2.2,5.5,291.5,10.5,Yes,84.5,No,69.8,Fair
104447,20.4,33,125,1039.0,30.0,38,9.4,4.2,177.3,13.1,Yes,62.9,Yes,88.1,Excellent
104448,23.3,54,99,441.0,42.0,23,5.1,4.0,105.8,14.9,Yes,54.5,Yes,88.1,Excellent
104449,24.4,39,83,612.0,24.0,49,3.3,11.5,170.7,9.1,Yes,52.4,No,90.0,Excellent
104450,27.5,64,33,1235.0,41.0,36,10.5,6.9,116.5,24.9,Yes,75.4,No,72.7,Good
104451,21.5,36,22,1101.0,61.0,52,3.6,3.1,90.8,4.6,Yes,41.7,No,64.5,Fair
104452,21.5,42,134,479.0,37.0,24,7.3,16.0,121.7,21.7,Yes,64.2,Yes,89.2,Excellent
104453,26.4,33,125,1354.0,26.0,92,9.6,15.7,310.2,17.0,Yes,79.9,Yes,66.1,Fair
104454,23.9,65,80,1301.0,52.0,30,8.7,15.5,81.8,8.8,Yes,67.6,Yes,75.3,Good
104455,26.8,43,135,823.0,22.0,108,13.7,7.0,341.8,15.8,Yes,72.3,No,65.9,Fair
104456,23.9,47,128,1318.0,47.0,98,11.4,1.0,51.5,25.2,Yes,58.2,No,62.0,Fair
104457,19.5,37,100,915.0,20.0,91,11.3,1.9,247.5,14.5,Yes,74.7,No,76.2,Good
104458,19.0,61,94,564.0,68.0,37,6.3,5.0,307.0,5.4,No,74.3,No,64.2,Fair
104459,18.3,56,117,1396.0,66.0,57,2.1,4.0,330.2,3.1,Yes,81.0,Yes,52.0,Fair
104460,25.0,66,136,1392.0,56.0,107,10.8,15.7,93.2,23.8,No,71.8,No,48.7,Poor
104461,26.6,52,130,1292.0,41.0,52,14.0,17.8,259.5,,Yes,78.2,No,71.3,Good
104462,28.5,36,138,1415.0,67.0,113,6.9,14.7,82.2,28.1,Yes,79.6,No,35.3,Poor
104463,25.5,41,15,1465.0,63.0,49,13.8,13.1,155.8,19.3,Yes,43.1,Yes,58.7,Fair
104464,26.5,54,87,1140.0,38.0,3,3.7,10.6,269.6,14.2,Yes,60.7,No,79.6,Good
104465,21.3,32,47,1154.0,33.0,91,5.6,13.9,153.8,17.8,Yes,56.7,No,81.8,Good
104466,19.5,55,125,815.0,22.0,51,4.0,17.0,144.0,14.8,Yes,50.1,No,88.6,Excellent
104467,25.6,33,111,1478.0,38.0,30,7.7,10.8,84.8,27.4,Yes,90.9,Yes,80.3,Good
104468,24.3,65,17,735.0,52.0,86,11.6,2.8,69.9,14.8,Yes,50.0,No,58.5,Fair
104469,23.3,44,87,1280.0,40.0,77,6.1,2.9,84.6,4.9,Yes,89.0,No,75.4,Good
104470,24.2,61,121,1371.0,20.0,91,12.9,10.5,312.6,18.7,Yes,110.1,Yes,80.3,Good
104471,24.0,58,64,1084.0,45.0,13,8.5,6.0,53.4,19.4,Yes,82.1,Yes,86.0,Excellent
104472,26.9,39,57,1140.0,29.0,0,7.6,16.4,257.9,23.4,Yes,55.1,Yes,87.0,Excellent
104473,26.9,50,97,429.0,54.0,42,11.4,11.0,280.6,28.1,No,70.6,No,61.2,Fair
104474,24.6,45,19,974.0,32.0,95,3.2,12.2,220.4,14.4,Yes,99.0,No,67.3,Fair
104475,25.5,48,61,620.0,25.0,117,11.3,0.1,269.2,11.9,Yes,46.1,No,72.3,Good
104476,24.5,58,43,1226.0,62.0,58,4.9,9.0,245.7,15.7,Yes,69.0,No,60.5,Fair
104477,21.6,47,70,993.0,25.0,60,5.4,7.8,186.7,27.2,Yes,71.5,Yes,93.7,Excellent
104478,25.3,45,88,1153.0,54.0,40,9.2,12.7,164.8,29.4,Yes,85.3,Yes,66.5,Fair
104479,18.8,30,27,1462.0,35.0,17,12.8,6.9,332.4,29.2,No,85.3,Yes,86.8,Excellent
104480,26.2,31,80,1420.0,60.0,59,8.9,17.6,341.6,8.4,No,71.0,Yes,61.2,Fair
104481,19.4,44,95,891.0,27.0,68,9.8,12.1,245.4,15.9,Yes,70.5,No,81.8,Good
104482,23.9,68,41,837.0,22.0,105,11.3,11.9,109.2,9.3,Yes,78.5,No,72.6,Good
104483,20.5,57,52,878.0,24.0,78,5.1,16.5,184.4,12.3,Yes,49.8,Yes,82.3,Good
104484,24.7,30,92,1182.0,40.0,58,11.9,17.9,199.0,2.9,Yes,60.9,No,71.6,Good
104485,22.9,34,78,1348.0,50.0,41,7.0,3.6,277.4,6.5,Yes,66.8,No,81.5,Good
104486,18.2,51,59,1407.0,33.0,79,4.1,14.6,250.3,13.1,Yes,63.3,Yes,72.8,Good
104487,24.3,65,21,471.0,56.0,99,6.2,2.9,204.4,12.2,Yes,66.4,Yes,54.2,Fair
104488,21.3,42,94,981.0,38.0,35,5.0,8.2,254.1,9.8,Yes,57.8,No,90.4,Excellent
104489,25.6,30,132,619.0,56.0,39,4.7,1.8,57.2,8.4,Yes,62.5,No,69.7,Fair
104490,23.0,45,67,1427.0,39.0,29,5.4,11.2,283.0,23.0,Yes,82.3,Yes,94.3,Excellent
104491,24.2,70,92,1402.0,21.0,101,4.2,8.4,113.5,10.2,Yes,74.6,Yes,82.6,Good
104492,20.1,51,121,689.0,26.0,86,10.0,11.3,246.9,21.8,Yes,74.6,No,74.4,Good
104493,21.2,61,137,779.0,52.0,10,9.0,12.2,84.2,,Yes,76.6,Yes,87.6,Excellent
104494,21.6,45,45,1203.0,69.0,24,9.8,11.1,84.3,24.5,No,77.9,No,71.5,Good
104495,25.6,44,63,1142.0,61.0,44,6.1,5.3,60.7,6.7,Yes,70.4,Yes,64.2,Fair
104496,28.0,41,56,479.0,25.0,50,11.2,15.1,323.1,6.4,Yes,66.7,No,73.9,Good
104497,20.6,30,124,465.0,26.0,42,3.6,9.9,231.4,21.0,Yes,81.5,No,90.5,Excellent
104498,26.2,46,133,535.0,63.0,65,8.9,8.8,158.6,27.6,Yes,62.0,No,57.9,Fair
104499,16.5,70,105,798.0,37.0,98,5.3,17.8,286.3,6.0,Yes,57.6,Yes,52.6,Fair
104500,19.4,57,116,746.0,62.0,46,8.3,5.1,237.8,4.1,Yes,69.9,Yes,69.6,Fair
104501,20.1,36,129,458.0,48.0,23,5.9,9.5,236.0,28.2,Yes,77.9,No,82.4,Good
104502,18.9,38,110,1177.0,38.0,76,11.5,12.3,196.1,5.3,Yes,48.5,Yes,69.3,Fair
104503,18.2,51,112,918.0,44.0,105,12.7,2.3,52.4,9.0,Yes,76.4,No,53.0,Fair
104504,24.2,55,41,1113.0,23.0,36,10.9,6.4,127.5,28.0,Yes,61.5,No,92.8,Excellent
104505,22.4,41,75,1376.0,32.0,55,4.1,14.4,82.7,24.5,Yes,54.0,No,87.7,Excellent
104506,24.1,36,20,478.0,51.0,93,5.3,4.3,248.7,11.6,Yes,65.9,Yes,66.5,Fair
104507,25.1,44,46,514.0,,74,13.0,8.9,124.6,28.7,Yes,83.6,No,67.8,Fair
104508,23.8,67,111,1385.0,53.0,86,7.2,11.4,185.0,17.9,Yes,47.2,No,64.2,Fair
104509,25.0,50,58,525.0,47.0,45,13.3,12.1,156.0,4.0,Yes,48.6,Yes,72.7,Good
104510,22.8,43,28,972.0,28.0,27,6.7,13.1,93.0,21.7,Yes,59.6,Yes,96.2,Excellent
104511,19.4,31,16,1364.0,27.0,92,13.4,15.6,337.5,17.0,Yes,39.4,Yes,74.1,Good
104512,26.2,37,142,899.0,40.0,51,13.1,7.1,330.0,18.0,Yes,70.5,No,74.1,Good
104513,21.2,35,51,1228.0,65.0,14,9.9,12.7,75.4,29.8,Yes,64.4,No,73.4,Good
104514,20.2,66,97,1025.0,49.0,44,2.1,13.2,298.2,6.3,Yes,67.1,No,78.3,Good
104515,22.5,66,144,851.0,48.0,57,6.8,5.4,196.5,20.4,No,55.8,No,82.8,Good
104516,20.3,62,20,784.0,28.0,66,12.9,17.4,282.1,14.8,Yes,73.1,No,77.6,Good
104517,21.7,70,50,762.0,32.0,72,12.6,15.6,95.3,9.6,Yes,83.7,No,86.5,Excellent
104518,24.0,35,12,897.0,37.0,71,4.2,5.2,89.7,21.4,Yes,51.5,No,78.0,Good
104519,24.0,55,49,936.0,57.0,110,6.8,12.2,317.2,20.7,Yes,40.1,No,56.5,Fair
104520,20.3,68,60,,41.0,118,12.0,12.9,319.3,26.0,No,81.7,No,60.9,Fair
104521,21.5,70,41,1380.0,50.0,96,8.9,7.8,189.8,26.6,Yes,43.5,Yes,62.3,Fair
104522,26.2,66,57,1019.0,54.0,97,12.2,15.5,311.0,17.7,Yes,70.3,Yes,55.5,Fair
104523,24.5,43,80,,61.0,72,11.9,12.4,250.2,11.1,No,97.3,No,64.4,Fair
104524,29.2,66,98,738.0,61.0,116,12.9,11.8,105.5,16.8,Yes,59.6,No,33.5,Poor
104525,26.5,37,118,702.0,29.0,80,3.4,4.0,148.7,12.1,Yes,79.4,Yes,71.3,Good
104526,26.4,68,44,991.0,28.0,40,3.7,7.3,90.8,9.8,Yes,41.3,No,77.3,Good
104527,18.8,42,117,475.0,50.0,64,3.0,7.8,282.2,17.4,Yes,92.9,Yes,67.2,Fair
104528,25.3,42,49,1313.0,63.0,39,13.2,13.2,345.6,20.4,Yes,65.5,No,68.9,Fair
104529,22.8,69,61,1179.0,59.0,4,7.7,11.1,213.9,18.5,No,76.0,Yes,81.1,Good
104530,21.3,57,121,1320.0,43.0,93,2.8,1.5,246.8,28.7,Yes,53.3,No,69.8,Fair
104531,23.5,47,48,1498.0,60.0,74,5.9,5.5,273.8,10.4,Yes,65.8,No,57.4,Fair
104532,25.8,48,77,765.0,68.0,27,6.2,8.5,117.3,12.4,Yes,40.5,Yes,60.8,Fair
104533,24.5,67,85,1052.0,27.0,37,11.7,13.3,150.8,20.7,Yes,48.9,No,88.8,Excellent
104534,20.4,61,74,1405.0,69.0,80,10.8,13.4,173.7,18.8,Yes,62.6,No,58.8,Fair
104535,25.2,51,71,795.0,39.0,113,10.3,8.8,228.4,2.1,Yes,79.6,No,60.2,Fair
104536,21.1,31,11,1203.0,36.0,86,2.3,2.1,305.1,10.7,Yes,57.8,No,74.2,Good
104537,23.7,42,143,1451.0,47.0,17,12.9,5.3,126.3,9.1,Yes,48.5,No,82.7,Good
104538,22.1,52,131,,25.0,36,4.6,4.6,191.3,25.5,Yes,39.8,Yes,99.2,Excellent
104539,22.3,54,84,1271.0,61.0,26,9.5,14.1,275.5,26.3,Yes,61.0,Yes,80.5,Good
104540,25.3,57,49,514.0,52.0,24,2.7,3.2,76.2,9.9,Yes,43.3,Yes,75.9,Good
104541,19.9,40,98,772.0,47.0,68,3.0,8.4,203.9,4.9,Yes,82.8,No,67.8,Fair
104542,28.8,62,37,1249.0,20.0,82,2.1,12.1,93.3,7.7,Yes,60.8,Yes,71.6,Good
104543,17.5,53,89,489.0,60.0,26,8.8,17.4,211.7,6.9,Yes,44.7,Yes,65.8,Fair
104544,21.2,31,72,1156.0,54.0,76,9.6,18.0,280.3,8.6,Yes,71.4,No,70.5,Good
104545,24.1,59,149,430.0,43.0,53,2.6,17.2,121.1,8.6,Yes,55.9,No,73.9,Good
104546,24.8,46,50,757.0,25.0,6,5.5,12.9,304.8,15.4,No,78.3,No,100.0,Excellent
104547,22.7,69,38,869.0,26.0,89,12.2,13.4,150.4,10.9,Yes,87.9,No,85.8,Excellent
104548,22.8,63,32,669.0,28.0,77,3.2,13.7,107.2,17.7,Yes,109.7,Yes,83.8,Good
104549,24.2,67,89,608.0,56.0,26,4.6,15.5,189.6,11.6,Yes,72.1,No,72.9,Good
104550,22.3,51,60,1089.0,35.0,58,7.1,17.1,312.8,24.8,Yes,105.2,Yes,89.3,Excellent
104551,27.2,34,121,856.0,53.0,71,12.1,8.0,70.7,28.6,No,69.5,No,52.8,Fair
104552,25.5,69,114,848.0,54.0,30,5.1,7.5,148.3,13.3,Yes,60.6,Yes,69.9,Fair
104553,25.6,45,54,467.0,54.0,98,14.0,8.3,245.9,3.4,Yes,96.1,Yes,48.9,Poor
104554,20.1,42,99,1273.0,39.0,90,6.3,11.9,157.3,8.7,Yes,71.8,Yes,74.6,Good
104555,22.8,55,147,866.0,42.0,67,6.6,14.0,71.2,4.9,Yes,68.1,No,76.6,Good
104556,22.1,60,144,527.0,61.0,105,3.5,15.7,149.6,,Yes,73.0,No,57.8,Fair
104557,20.0,68,98,1132.0,54.0,3,10.2,8.2,296.3,20.1,No,62.2,Yes,80.6,Good
104558,24.1,52,24,1442.0,66.0,17,4.9,6.5,340.4,16.5,Yes,66.4,No,68.6,Fair
104559,21.4,41,86,767.0,65.0,62,9.5,17.7,61.9,8.8,Yes,61.4,No,64.3,Fair
104560,25.0,43,115,,42.0,86,4.7,4.2,220.8,23.5,Yes,67.3,No,66.6,Fair
104561,19.8,47,99,956.0,23.0,95,6.7,4.0,81.6,5.7,Yes,68.5,No,75.3,Good
104562,28.2,56,96,447.0,,75,12.3,12.9,254.1,,Yes,65.8,Yes,74.0,Good
104563,20.3,57,70,961.0,62.0,51,10.9,3.2,52.4,20.9,No,62.5,Yes,69.6,Fair
104564,23.7,47,117,992.0,30.0,83,3.9,7.2,54.4,7.5,Yes,54.5,Yes,74.5,Good
104565,25.4,45,70,1211.0,59.0,110,9.3,5.3,283.1,21.0,Yes,55.0,No,49.6,Poor
104566,21.3,45,60,458.0,28.0,62,9.5,3.0,72.3,29.4,Yes,61.4,Yes,89.1,Excellent
104567,25.6,42,21,560.0,59.0,44,3.1,10.4,141.6,25.3,Yes,56.7,Yes,64.8,Fair
104568,19.3,58,86,502.0,31.0,11,7.6,6.7,337.4,6.5,Yes,81.5,No,92.9,Excellent
104569,27.4,38,121,1245.0,36.0,7,5.1,8.3,345.6,16.6,Yes,54.1,Yes,80.3,Good
104570,23.0,55,75,811.0,51.0,117,7.6,3.5,98.4,13.8,Yes,53.3,Yes,60.9,Fair
104571,21.2,57,124,1185.0,42.0,21,11.3,13.8,218.3,29.8,Yes,47.5,No,88.1,Excellent
104572,22.1,70,39,582.0,34.0,90,3.9,5.7,217.7,29.0,Yes,45.8,No,79.5,Good
104573,25.4,42,114,816.0,47.0,40,3.5,6.2,185.7,5.6,Yes,63.9,No,73.3,Good
104574,21.2,65,40,798.0,57.0,115,5.2,4.5,327.4,27.4,Yes,50.5,Yes,59.0,Fair
104575,20.8,38,22,1356.0,24.0,40,13.4,7.8,276.2,7.4,Yes,88.2,No,99.1,Excellent
104576,22.3,43,137,1178.0,59.0,80,11.0,8.3,279.4,10.9,Yes,58.6,No,65.2,Fair
104577,19.5,41,110,1054.0,37.0,56,2.2,9.5,130.9,11.9,Yes,64.9,No,74.9,Good
104578,28.5,61,76,836.0,40.0,31,6.8,17.4,180.3,10.0,Yes,64.8,No,68.0,Fair
104579,21.3,67,89,717.0,34.0,96,5.1,16.3,196.2,25.9,No,68.3,No,78.0,Good
104580,25.5,32,112,1005.0,22.0,94,9.7,11.0,139.7,11.2,Yes,69.2,Yes,74.9,Good
104581,23.6,45,28,1310.0,65.0,54,7.5,0.7,78.4,24.9,Yes,59.4,Yes,65.4,Fair
104582,20.0,49,41,896.0,45.0,5,13.6,11.0,87.9,29.8,Yes,67.7,No,87.5,Excellent
104583,23.0,61,74,826.0,34.0,38,4.6,1.6,104.2,25.5,Yes,71.5,Yes,86.1,Excellent
104584,25.4,52,36,,64.0,8,9.1,12.8,111.1,11.7,Yes,43.9,No,73.8,Good
104585,22.4,46,56,1422.0,39.0,105,10.4,7.0,122.7,21.9,Yes,46.2,No,68.6,Fair
104586,26.6,45,21,639.0,40.0,31,11.9,15.1,126.6,16.9,Yes,52.2,No,78.0,Good
104587,26.1,67,94,1482.0,45.0,35,6.9,17.0,186.7,24.0,Yes,79.0,No,69.8,Fair
104588,25.8,37,75,1196.0,60.0,15,10.2,7.5,202.9,6.3,Yes,57.8,No,67.0,Fair
104589,21.6,48,142,602.0,42.0,11,5.6,8.3,142.7,19.9,Yes,88.0,No,90.1,Excellent
104590,19.8,59,146,686.0,68.0,40,7.2,10.6,322.2,23.7,No,86.8,No,64.9,Fair
104591,21.2,63,119,472.0,44.0,66,12.7,3.5,215.9,23.3,Yes,86.2,No,82.6,Good
104592,23.6,43,91,1125.0,23.0,57,13.4,16.7,286.2,29.0,Yes,81.1,No,87.0,Excellent
104593,24.6,51,134,736.0,29.0,90,10.6,7.8,327.3,3.6,Yes,55.3,No,74.8,Good
104594,16.5,46,72,602.0,41.0,90,6.5,3.0,98.9,11.7,Yes,62.9,Yes,55.4,Fair
104595,23.0,44,81,630.0,22.0,8,11.8,13.7,178.4,15.3,Yes,83.5,No,100.0,Excellent
104596,23.5,61,107,1303.0,38.0,16,2.3,3.9,180.0,10.7,Yes,55.8,No,90.1,Excellent
104597,22.2,42,82,1480.0,50.0,109,3.2,2.6,156.3,10.7,Yes,122.8,No,63.7,Fair
104598,26.9,50,80,1043.0,28.0,4,9.9,10.1,52.7,6.9,Yes,82.7,No,87.6,Excellent
104599,24.3,69,39,1314.0,48.0,25,5.5,12.1,294.8,24.8,Yes,71.7,No,75.5,Good
104600,26.9,62,134,,56.0,84,13.4,10.3,83.5,27.4,Yes,78.6,Yes,51.0,Fair
104601,22.4,56,25,1208.0,65.0,0,7.2,11.8,348.6,4.3,Yes,79.6,Yes,79.9,Good
104602,25.8,64,142,865.0,26.0,0,7.2,2.1,281.9,6.3,Yes,60.5,No,89.4,Excellent
104603,27.9,45,56,1136.0,57.0,34,10.1,8.6,224.0,8.4,Yes,63.4,No,61.6,Fair
104604,26.9,57,110,1203.0,43.0,8,11.2,6.4,96.4,16.3,Yes,39.9,Yes,81.7,Good
104605,19.7,63,116,665.0,27.0,86,7.7,17.5,204.6,24.2,Yes,57.0,Yes,72.1,Good
104606,22.2,30,135,,53.0,37,4.6,0.9,128.3,4.0,Yes,85.2,Yes,83.7,Good
104607,22.0,70,31,477.0,45.0,104,11.3,5.4,125.7,19.8,Yes,54.4,No,67.0,Fair
104608,24.5,60,92,1253.0,47.0,3,5.8,17.0,298.9,6.2,Yes,61.8,No,83.8,Good
104609,25.1,65,69,652.0,47.0,51,4.1,17.7,164.2,29.2,Yes,41.1,No,69.9,Fair
104610,20.5,62,67,874.0,65.0,18,9.6,14.8,185.2,27.2,Yes,72.7,Yes,74.6,Good
104611,23.2,62,12,575.0,26.0,100,3.1,1.4,302.9,28.6,Yes,73.6,No,78.6,Good
104612,16.9,68,54,1370.0,22.0,4,13.7,10.1,76.3,5.0,No,80.0,No,96.3,Excellent
104613,27.3,47,59,653.0,41.0,91,9.6,7.2,228.4,15.7,Yes,55.6,No,58.0,Fair
104614,21.5,52,11,1302.0,57.0,109,13.8,14.5,223.5,6.6,No,70.1,No,60.3,Fair
104615,23.2,52,24,506.0,65.0,105,6.1,1.0,177.6,18.8,Yes,73.1,No,52.3,Fair
104616,22.1,44,105,457.0,63.0,118,13.7,3.5,298.9,8.5,Yes,93.2,Yes,52.0,Fair
104617,26.4,55,94,1341.0,37.0,47,3.7,8.8,332.9,23.6,Yes,73.8,Yes,78.9,Good
104618,16.0,59,120,483.0,31.0,86,2.5,2.8,189.6,20.0,Yes,89.5,Yes,62.6,Fair
104619,23.0,54,32,1111.0,50.0,62,2.4,12.5,186.8,18.0,Yes,65.0,Yes,71.9,Good
104620,22.7,45,108,,58.0,37,7.6,14.8,200.6,25.1,Yes,81.8,Yes,73.5,Good
104621,21.6,68,46,1056.0,24.0,51,3.0,12.7,266.9,16.0,Yes,54.1,No,90.0,Excellent
104622,28.2,43,116,855.0,63.0,86,8.1,7.9,250.4,9.6,Yes,68.9,Yes,42.2,Poor
104623,20.3,46,50,1058.0,60.0,45,5.9,15.8,116.9,19.4,Yes,73.2,No,70.0,Good
104624,25.3,41,66,1172.0,,81,6.0,2.5,69.2,28.8,Yes,71.1,Yes,62.7,Fair
104625,24.1,58,106,1190.0,62.0,92,9.6,4.7,334.8,18.8,Yes,106.8,No,52.0,Fair
104626,26.8,61,34,1250.0,55.0,91,4.0,8.8,128.3,19.6,Yes,76.6,Yes,47.9,Poor
104627,21.0,53,119,925.0,33.0,8,11.2,1.1,241.6,28.2,Yes,75.9,No,99.2,Excellent
104628,20.8,42,46,665.0,63.0,102,9.0,1.7,298.5,16.4,Yes,47.3,Yes,56.7,Fair
104629,26.3,49,49,540.0,37.0,49,13.0,7.2,140.1,29.9,Yes,79.8,No,74.9,Good
104630,24.3,44,94,1294.0,26.0,73,6.4,17.0,240.6,6.5,Yes,44.7,No,80.5,Good
104631,18.4,33,55,805.0,42.0,65,13.8,16.4,82.4,17.0,Yes,78.3,No,65.3,Fair
104632,21.4,63,111,692.0,52.0,76,8.9,8.4,341.0,8.0,Yes,75.0,Yes,70.1,Good
104633,24.2,57,107,1454.0,64.0,37,13.7,2.6,67.4,14.7,Yes,82.3,Yes,65.3,Fair
104634,25.5,31,28,754.0,35.0,26,2.3,3.2,181.5,6.8,Yes,53.3,Yes,80.7,Good
104635,21.0,59,100,,56.0,118,10.7,6.8,211.0,8.2,Yes,61.1,Yes,52.4,Fair
104636,16.0,55,146,1393.0,44.0,104,11.8,3.8,287.1,7.9,Yes,76.6,No,45.4,Poor
104637,24.6,55,78,690.0,28.0,19,2.6,1.5,86.3,11.0,Yes,68.0,Yes,94.8,Excellent
104638,19.3,49,14,510.0,47.0,103,8.9,12.1,182.2,5.8,Yes,75.6,No,61.4,Fair
104639,16.9,57,57,1491.0,28.0,61,11.6,10.5,139.9,24.7,Yes,77.4,Yes,78.8,Good
104640,16.0,49,121,772.0,31.0,73,8.7,5.2,143.6,8.2,Yes,93.6,Yes,67.8,Fair
104641,25.4,40,27,595.0,37.0,15,2.8,14.0,283.6,13.7,Yes,72.7,No,87.0,Excellent
104642,23.4,39,40,525.0,46.0,78,10.3,14.0,51.6,2.4,Yes,75.9,Yes,67.2,Fair
104643,22.3,52,138,661.0,45.0,12,2.7,8.8,274.7,4.9,Yes,80.0,Yes,92.8,Excellent
104644,27.2,66,140,1286.0,45.0,113,11.8,1.7,293.1,27.1,No,61.2,No,48.8,Poor
104645,24.9,70,34,1323.0,29.0,101,2.5,16.5,320.4,25.4,Yes,101.8,Yes,74.5,Good
104646,27.8,48,17,554.0,36.0,19,3.6,12.0,238.1,25.5,No,69.2,Yes,78.3,Good
104647,18.8,47,71,507.0,51.0,23,5.3,4.4,150.0,13.5,No,70.7,No,76.3,Good
104648,22.9,56,144,434.0,43.0,104,9.6,11.0,178.2,6.0,Yes,67.4,No,66.8,Fair
104649,18.1,35,16,1467.0,62.0,49,13.7,7.3,340.9,,No,71.6,No,62.9,Fair
104650,22.3,39,145,1054.0,67.0,6,3.4,11.4,314.4,19.0,No,70.4,No,77.1,Good
104651,22.3,31,28,1122.0,27.0,86,3.7,8.5,189.1,25.2,Yes,66.1,No,81.9,Good
104652,24.9,53,148,1397.0,49.0,87,6.4,8.7,332.9,27.2,No,70.2,Yes,61.8,Fair
104653,23.1,67,120,815.0,45.0,28,12.0,13.2,296.9,10.1,Yes,64.9,Yes,82.0,Good
104654,24.9,57,20,1399.0,43.0,4,7.6,11.0,320.3,11.0,Yes,85.9,No,82.8,Good
104655,25.1,57,50,684.0,46.0,106,5.9,1.4,254.9,4.8,Yes,61.3,Yes,56.3,Fair
104656,29.5,68,123,917.0,34.0,108,8.7,1.2,307.3,23.7,Yes,54.6,Yes,52.8,Fair
104657,22.1,31,101,426.0,47.0,34,5.1,5.5,317.5,9.7,Yes,63.5,No,83.7,Good
104658,20.2,34,84,626.0,30.0,64,6.8,7.7,77.6,15.5,No,54.2,Yes,79.8,Good
104659,23.7,40,76,1247.0,58.0,99,6.0,5.0,339.6,28.0,No,72.8,No,54.6,Fair
104660,20.6,39,14,417.0,21.0,114,11.6,11.7,150.1,23.1,Yes,83.2,No,73.8,Good
104661,27.4,31,125,442.0,28.0,81,13.1,3.5,182.0,3.5,Yes,70.0,No,69.3,Fair
104662,22.2,44,127,488.0,69.0,69,11.1,12.7,287.6,2.2,No,60.5,Yes,61.9,Fair
104663,21.3,68,20,985.0,64.0,86,7.3,13.9,249.5,24.0,Yes,80.4,No,54.3,Fair
104664,21.6,70,53,556.0,42.0,73,8.1,2.2,317.9,17.5,No,66.6,Yes,74.8,Good
104665,25.2,66,86,533.0,52.0,6,3.5,11.7,170.2,22.2,Yes,75.3,No,86.4,Excellent
104666,22.5,36,127,,38.0,43,11.0,17.3,162.0,6.4,No,44.6,No,87.2,Excellent
104667,21.1,49,125,1140.0,32.0,71,9.2,3.5,59.5,,Yes,92.5,No,84.3,Good
104668,28.0,63,76,1457.0,33.0,12,12.8,16.4,188.8,23.7,No,72.9,Yes,83.2,Good
104669,20.4,64,22,482.0,51.0,93,4.4,10.9,267.2,26.9,No,67.2,No,64.7,Fair
104670,23.1,63,101,1328.0,68.0,81,11.1,10.6,140.4,11.6,No,70.9,No,52.7,Fair
104671,25.0,51,20,1265.0,41.0,77,10.2,0.9,188.8,9.7,Yes,99.6,No,67.5,Fair
104672,18.1,60,148,603.0,39.0,74,5.2,13.5,115.8,6.2,Yes,58.0,Yes,68.7,Fair
104673,24.4,52,94,1361.0,52.0,105,10.0,8.6,281.8,28.0,Yes,80.9,Yes,56.8,Fair
104674,19.8,48,94,896.0,,37,13.1,13.0,68.2,7.0,Yes,94.3,No,87.8,Excellent
104675,25.5,33,144,841.0,39.0,12,13.0,14.6,261.6,5.3,Yes,81.6,No,86.1,Excellent
104676,20.1,53,26,1227.0,33.0,53,10.6,9.4,163.7,7.4,Yes,55.8,Yes,81.5,Good
104677,25.1,49,57,1270.0,46.0,105,2.6,4.7,62.5,23.6,No,73.0,No,57.1,Fair
104678,26.3,68,106,1268.0,45.0,43,12.5,2.5,306.0,26.9,Yes,64.8,No,71.2,Good
104679,25.6,57,84,479.0,51.0,96,9.9,2.9,196.3,24.7,No,64.1,No,57.4,Fair
104680,23.8,68,146,1211.0,49.0,113,5.7,15.6,229.8,17.8,Yes,74.8,Yes,59.5,Fair
104681,22.3,46,86,1314.0,46.0,12,4.2,2.2,269.6,29.8,Yes,75.1,No,86.7,Excellent
104682,21.3,48,137,969.0,,24,3.4,6.9,246.5,3.9,No,97.5,No,89.9,Excellent
104683,27.4,64,46,1261.0,,23,2.6,6.0,269.3,26.3,Yes,62.3,No,78.5,Good
104684,20.9,61,39,568.0,64.0,28,11.0,15.6,278.7,,Yes,67.6,No,68.9,Fair
104685,19.9,68,56,1411.0,42.0,99,4.8,8.6,226.7,14.7,Yes,84.2,Yes,63.1,Fair
104686,25.0,64,144,635.0,63.0,69,2.3,17.9,159.7,5.6,Yes,83.6,No,61.1,Fair
104687,20.6,59,57,798.0,66.0,17,6.8,13.3,122.9,2.9,Yes,58.6,Yes,76.1,Good
104688,20.1,46,143,987.0,43.0,91,7.8,15.3,320.9,10.9,Yes,85.6,Yes,66.5,Fair
104689,18.7,58,43,1220.0,23.0,4,4.0,1.8,341.0,6.9,No,71.6,Yes,97.8,Excellent
104690,21.6,35,110,1412.0,60.0,17,2.5,4.6,157.3,15.5,Yes,54.6,Yes,81.4,Good
104691,22.8,46,55,876.0,22.0,62,4.3,2.4,83.7,6.1,Yes,89.2,No,88.5,Excellent
104692,23.7,46,79,1244.0,62.0,36,10.1,8.3,116.8,5.9,Yes,45.5,No,71.0,Good
104693,25.9,43,145,984.0,49.0,70,3.0,12.9,251.2,26.6,Yes,53.1,Yes,62.3,Fair
104694,24.6,53,33,1014.0,66.0,54,8.7,3.0,101.9,27.8,Yes,93.5,No,60.8,Fair
104695,22.4,66,76,1005.0,35.0,72,3.8,2.3,284.0,29.0,Yes,81.6,Yes,85.1,Excellent
104696,22.4,69,13,1360.0,26.0,98,4.3,11.1,326.9,21.1,Yes,55.3,Yes,78.5,Good
104697,24.5,68,10,1177.0,58.0,11,6.7,4.1,339.1,23.6,No,68.4,No,73.5,Good
104698,26.8,61,43,757.0,41.0,51,3.2,8.6,52.8,25.4,Yes,71.9,Yes,72.4,Good
104699,23.4,65,118,1481.0,60.0,56,4.1,0.9,337.4,20.4,Yes,59.8,No,71.9,Good
104700,21.6,66,18,920.0,50.0,45,6.2,12.3,272.1,11.2,Yes,64.6,Yes,83.9,Good
104701,20.0,43,72,924.0,68.0,103,6.0,9.7,75.2,6.4,Yes,69.1,No,46.5,Poor
104702,18.7,56,19,792.0,32.0,43,11.0,11.7,174.6,8.6,Yes,63.6,Yes,81.3,Good
104703,25.0,48,147,552.0,60.0,102,2.9,5.0,260.0,25.5,Yes,73.6,Yes,51.9,Fair
104704,24.7,60,53,1292.0,60.0,23,12.3,5.0,337.0,21.5,Yes,51.8,Yes,71.0,Good
104705,24.7,38,127,1383.0,48.0,8,11.8,14.4,99.2,14.8,Yes,54.6,No,85.5,Excellent
104706,22.6,67,15,879.0,47.0,11,11.2,12.9,88.3,2.8,Yes,66.1,Yes,85.7,Excellent
104707,27.2,46,130,982.0,63.0,99,5.7,10.4,191.7,9.5,Yes,81.0,Yes,42.9,Poor
104708,21.5,48,104,1256.0,38.0,100,11.9,11.3,340.4,22.4,No,54.5,Yes,71.6,Good
104709,25.9,33,120,419.0,42.0,8,4.2,1.7,341.4,16.3,Yes,61.3,Yes,86.3,Excellent
104710,22.9,40,114,992.0,66.0,102,3.5,15.4,118.4,14.2,Yes,43.8,Yes,50.6,Fair
104711,21.2,51,73,627.0,69.0,109,2.5,13.9,145.8,10.8,Yes,77.8,Yes,47.7,Poor
104712,24.8,33,149,418.0,27.0,115,13.3,10.6,322.4,19.0,Yes,75.3,No,69.3,Fair
104713,24.2,46,80,843.0,44.0,21,5.7,16.5,270.5,29.1,Yes,78.3,Yes,85.4,Excellent
104714,24.1,37,113,767.0,57.0,16,13.0,3.0,341.7,,Yes,70.9,No,78.7,Good
104715,23.2,63,98,1298.0,57.0,32,5.3,12.4,317.9,2.9,Yes,84.6,No,73.8,Good
104716,22.9,40,15,1288.0,54.0,46,12.9,17.3,114.5,15.5,Yes,42.0,Yes,78.1,Good
104717,30.2,60,119,1125.0,45.0,87,12.8,5.6,277.9,11.2,Yes,71.8,No,51.3,Fair
104718,26.6,40,121,546.0,22.0,14,13.1,0.3,64.6,16.3,Yes,67.8,Yes,88.2,Excellent
104719,25.2,67,136,829.0,21.0,92,8.0,13.2,295.3,19.0,No,89.2,No,74.8,Good
104720,23.3,50,145,1247.0,24.0,95,12.4,0.1,230.5,7.6,Yes,61.2,No,76.0,Good
104721,26.0,59,72,597.0,39.0,32,13.4,15.7,336.8,23.9,Yes,70.5,Yes,77.8,Good
104722,24.6,39,27,1396.0,31.0,92,5.9,1.0,338.0,15.3,Yes,44.6,Yes,68.0,Fair
104723,23.1,55,86,964.0,57.0,14,7.0,11.7,65.2,29.8,Yes,71.3,Yes,81.1,Good
104724,22.1,56,148,768.0,35.0,26,10.6,6.8,98.2,2.7,Yes,70.5,No,88.5,Excellent
104725,22.8,37,112,1201.0,56.0,97,5.6,3.7,195.3,7.3,Yes,76.8,Yes,61.7,Fair
104726,16.0,68,126,1099.0,57.0,60,11.0,16.2,313.8,21.3,Yes,59.7,No,56.8,Fair
104727,23.6,37,26,1395.0,55.0,67,2.9,13.4,294.3,21.5,Yes,41.8,No,65.3,Fair
104728,21.5,37,23,917.0,65.0,112,8.3,6.1,339.3,18.3,Yes,75.5,Yes,50.2,Fair
104729,27.8,63,66,1174.0,48.0,111,3.5,5.1,235.4,29.2,Yes,45.4,No,50.8,Fair
104730,23.1,45,102,960.0,54.0,81,5.5,13.2,127.0,13.6,Yes,78.0,Yes,67.6,Fair
104731,19.4,70,143,459.0,68.0,84,5.1,15.1,57.5,13.7,Yes,74.9,No,56.0,Fair
104732,22.9,42,123,944.0,56.0,47,12.1,12.9,116.9,27.5,Yes,72.1,Yes,72.0,Good
104733,19.9,52,141,1416.0,40.0,7,4.3,11.5,252.6,17.1,Yes,48.5,Yes,90.9,Excellent
104734,24.4,41,148,702.0,40.0,5,11.7,4.1,327.9,11.9,Yes,94.8,No,92.0,Excellent
104735,23.9,56,118,682.0,47.0,62,11.5,15.4,146.3,22.1,Yes,94.2,No,70.5,Good
104736,25.9,51,128,877.0,25.0,117,8.0,13.5,312.7,19.4,Yes,59.9,No,61.9,Fair
104737,20.6,61,101,1445.0,39.0,83,4.8,9.3,168.5,10.6,No,45.1,No,76.7,Good
104738,23.1,56,20,958.0,55.0,1,4.7,9.2,142.5,10.3,Yes,58.4,No,88.6,Excellent
104739,18.9,31,108,748.0,32.0,114,7.6,10.2,202.7,13.1,Yes,58.2,No,65.9,Fair
104740,25.1,62,17,,59.0,108,2.1,14.9,182.7,4.0,Yes,87.9,No,49.0,Poor
104741,24.6,55,123,657.0,30.0,21,8.4,13.4,324.1,28.4,Yes,80.6,Yes,87.5,Excellent
104742,24.5,57,74,1054.0,43.0,117,13.4,15.4,190.5,7.1,Yes,73.7,Yes,62.4,Fair
104743,23.0,48,102,1470.0,38.0,20,3.9,9.1,133.2,7.4,Yes,52.0,Yes,92.2,Excellent
104744,24.2,34,113,1450.0,42.0,5,8.9,11.2,302.8,20.1,No,76.0,No,87.9,Excellent
104745,27.8,62,108,1450.0,50.0,95,13.5,15.4,349.6,22.3,No,84.9,No,51.0,Fair
104746,22.1,49,93,544.0,56.0,69,12.3,4.2,244.5,22.6,Yes,73.6,No,70.6,Good
104747,23.4,59,82,986.0,56.0,12,12.2,8.0,125.1,12.5,Yes,57.9,No,82.2,Good
104748,19.7,37,68,921.0,,0,11.9,11.2,121.6,26.5,Yes,71.7,Yes,100.0,Excellent
104749,20.4,67,40,1200.0,53.0,21,5.7,16.5,67.3,17.2,No,71.0,No,75.6,Good
104750,23.3,46,73,781.0,48.0,116,12.7,0.3,73.2,14.3,Yes,66.9,No,61.7,Fair
104751,26.3,30,57,1175.0,22.0,23,13.3,3.8,324.5,24.7,Yes,86.7,Yes,92.4,Excellent
104752,22.2,32,32,1072.0,34.0,63,7.9,4.2,78.9,8.8,Yes,64.1,No,78.3,Good
104753,22.3,55,64,726.0,26.0,40,6.3,5.9,195.3,26.1,Yes,84.6,No,95.1,Excellent
104754,21.8,60,16,1029.0,22.0,93,7.0,5.1,259.4,,Yes,87.2,No,87.2,Excellent
104755,21.4,37,121,483.0,66.0,21,6.0,10.6,305.1,27.2,Yes,87.4,No,72.2,Good
104756,23.9,37,115,545.0,62.0,60,4.5,15.9,101.4,7.6,Yes,89.6,No,63.2,Fair
104757,18.5,64,107,823.0,35.0,107,9.4,11.5,181.3,28.2,Yes,49.2,No,64.6,Fair
104758,26.8,68,21,1060.0,64.0,11,8.8,4.3,125.4,21.3,No,56.8,Yes,63.8,Fair
104759,21.0,57,69,1162.0,53.0,89,7.6,15.5,126.7,19.3,Yes,53.7,No,60.5,Fair
104760,25.2,33,61,968.0,39.0,3,3.2,11.4,141.2,13.8,Yes,74.8,No,91.2,Excellent
104761,19.2,45,149,746.0,63.0,82,11.6,3.9,226.1,28.8,Yes,69.9,Yes,54.3,Fair
104762,25.0,42,81,746.0,58.0,79,4.1,6.5,55.0,14.4,No,86.0,No,62.0,Fair
104763,25.0,49,134,807.0,52.0,11,3.4,14.2,172.6,16.0,Yes,46.3,No,77.6,Good
104764,24.2,34,69,532.0,33.0,32,9.5,13.3,106.0,23.9,Yes,79.6,No,89.0,Excellent
104765,20.0,66,40,1013.0,61.0,118,6.8,10.4,340.1,10.0,Yes,79.5,Yes,51.8,Fair
104766,23.7,49,86,1387.0,54.0,20,2.7,2.6,224.8,10.2,Yes,80.6,Yes,79.5,Good
104767,19.5,53,85,505.0,30.0,99,6.3,14.5,310.4,23.7,Yes,73.5,No,69.5,Fair
104768,22.2,65,70,570.0,39.0,72,11.3,5.5,108.7,5.6,Yes,82.3,No,81.5,Good
104769,26.1,63,11,1039.0,49.0,102,9.4,13.9,293.0,25.0,Yes,46.7,No,58.1,Fair
104770,25.4,63,130,661.0,47.0,105,6.4,11.7,174.4,19.5,Yes,64.1,No,62.2,Fair
104771,23.0,48,68,893.0,34.0,108,4.3,4.8,103.3,17.1,No,82.1,Yes,68.9,Fair
104772,20.1,46,49,1302.0,57.0,71,9.6,3.8,278.4,8.4,Yes,69.9,Yes,69.1,Fair
104773,24.9,34,41,689.0,69.0,83,12.7,2.4,278.6,24.0,Yes,75.9,Yes,50.0,Fair
104774,23.1,54,47,484.0,32.0,73,9.8,4.4,348.8,24.5,Yes,79.9,Yes,80.4,Good
104775,16.0,47,101,444.0,66.0,95,11.8,2.8,284.3,15.5,Yes,87.9,No,36.2,Poor
104776,25.3,37,97,1214.0,54.0,91,8.3,11.1,93.6,12.9,Yes,66.7,No,58.5,Fair
104777,22.9,56,94,732.0,66.0,73,10.6,10.8,146.8,8.9,Yes,54.4,Yes,62.1,Fair
104778,26.6,44,85,864.0,43.0,71,12.8,10.6,185.5,23.1,Yes,105.9,Yes,63.6,Fair
104779,19.7,42,137,599.0,20.0,51,11.3,11.6,88.0,19.9,Yes,90.9,Yes,88.2,Excellent
104780,16.0,45,22,728.0,61.0,46,12.9,14.7,286.4,7.8,Yes,68.9,No,52.9,Fair
104781,23.8,51,48,639.0,43.0,96,7.2,16.4,208.0,24.2,Yes,84.3,No,64.0,Fair
104782,23.9,49,32,1197.0,46.0,58,12.9,4.1,333.3,26.7,Yes,72.5,Yes,74.1,Good
104783,17.9,42,119,1101.0,37.0,46,9.5,10.6,226.8,3.7,Yes,67.6,Yes,75.9,Good
104784,20.1,49,116,982.0,45.0,55,12.4,1.4,206.9,23.6,Yes,78.5,No,78.2,Good
104785,31.3,31,101,1056.0,48.0,112,2.5,2.2,71.4,25.9,Yes,78.3,No,38.4,Poor
104786,22.1,64,33,,27.0,12,9.9,11.8,94.8,29.8,Yes,74.0,Yes,94.7,Excellent
104787,25.2,48,43,759.0,63.0,43,12.2,8.8,304.9,8.7,Yes,47.2,Yes,63.1,Fair
104788,21.0,66,121,784.0,45.0,34,4.1,13.6,347.2,12.4,Yes,74.6,Yes,77.4,Good
104789,16.7,35,147,1198.0,24.0,118,9.9,7.7,174.6,29.1,Yes,48.4,Yes,62.6,Fair
104790,22.5,43,127,764.0,52.0,114,11.9,2.3,293.0,4.6,No,50.2,No,60.6,Fair
104791,22.2,33,16,471.0,59.0,28,5.5,15.7,238.3,16.7,Yes,51.1,Yes,77.3,Good
104792,21.8,51,99,903.0,24.0,55,6.9,1.5,337.7,16.2,Yes,50.7,No,94.3,Excellent
104793,22.7,68,22,526.0,68.0,4,8.8,3.4,121.4,19.0,No,76.8,No,75.5,Good
104794,23.8,65,89,881.0,66.0,66,8.2,5.0,213.5,11.3,Yes,39.6,No,59.0,Fair
104795,22.5,63,39,682.0,55.0,52,2.5,17.9,172.6,27.9,Yes,94.4,No,73.6,Good
104796,19.2,56,142,1425.0,32.0,100,3.2,7.5,212.5,9.6,Yes,58.5,Yes,66.6,Fair
104797,24.5,36,25,473.0,36.0,119,3.2,9.0,130.7,20.2,No,72.8,Yes,63.2,Fair
104798,17.2,32,49,1487.0,32.0,59,5.1,13.9,199.3,15.9,Yes,77.7,No,72.9,Good
104799,16.8,62,46,1172.0,44.0,104,5.0,11.5,237.4,9.5,No,86.6,Yes,50.9,Fair
104800,25.2,31,87,746.0,,5,10.9,15.1,74.4,7.3,No,39.3,Yes,100.0,Excellent
104801,24.5,45,25,723.0,43.0,47,8.9,8.8,272.9,28.8,Yes,56.3,Yes,76.2,Good
104802,22.8,54,52,638.0,55.0,105,11.2,17.5,262.0,17.7,Yes,72.6,Yes,60.4,Fair
104803,18.8,44,72,736.0,44.0,79,2.8,14.3,314.1,18.9,Yes,79.6,No,69.2,Fair
104804,20.9,53,24,740.0,53.0,34,7.8,7.2,177.8,23.9,Yes,60.3,No,77.3,Good
104805,22.2,44,146,1345.0,31.0,17,5.9,6.9,68.5,4.3,Yes,98.8,No,100.0,Excellent
104806,18.2,60,74,1291.0,38.0,10,12.2,16.7,188.4,22.0,Yes,61.0,No,82.6,Good
104807,20.8,43,53,861.0,69.0,50,10.5,12.3,91.3,6.6,Yes,59.6,Yes,63.0,Fair
104808,25.0,43,29,1197.0,61.0,22,12.4,11.2,244.2,22.7,Yes,83.7,Yes,70.9,Good
104809,27.3,35,128,1132.0,49.0,46,2.6,13.6,64.1,6.0,No,48.2,Yes,64.2,Fair
104810,21.7,43,121,561.0,56.0,74,10.6,10.1,162.2,25.3,Yes,81.0,Yes,71.1,Good
104811,25.3,46,132,847.0,62.0,58,8.5,2.9,74.9,21.1,Yes,60.7,No,57.2,Fair
104812,17.3,47,89,664.0,20.0,56,11.9,5.7,51.0,12.8,Yes,77.0,No,81.7,Good
104813,25.0,49,109,1409.0,22.0,92,8.1,10.0,338.2,12.0,No,68.8,No,78.7,Good
104814,20.6,46,15,531.0,68.0,117,8.5,0.3,348.8,6.2,Yes,43.1,No,42.5,Poor
104815,23.9,45,92,519.0,45.0,55,2.6,7.9,216.7,27.3,No,72.5,No,76.4,Good
104816,22.3,69,40,1071.0,34.0,105,10.0,13.6,121.7,5.3,Yes,65.5,No,73.1,Good
104817,27.0,68,75,904.0,65.0,26,5.3,3.0,323.3,15.2,Yes,70.6,No,57.1,Fair
104818,20.4,61,27,508.0,66.0,72,2.2,1.2,326.9,8.6,No,63.2,No,63.4,Fair
104819,24.9,38,37,692.0,67.0,34,2.8,15.0,306.4,29.9,Yes,72.5,No,67.7,Fair
104820,22.2,56,77,1387.0,47.0,54,13.5,11.1,213.3,18.4,Yes,68.5,Yes,80.1,Good
104821,22.5,62,123,1227.0,23.0,8,6.2,3.2,72.4,6.2,No,61.9,Yes,100.0,Excellent
104822,22.4,39,67,586.0,38.0,17,12.4,14.5,76.5,,Yes,86.4,No,94.6,Excellent
104823,20.5,46,138,1459.0,43.0,43,13.5,11.8,319.0,29.8,Yes,43.8,Yes,84.2,Good
104824,23.0,65,48,655.0,59.0,118,13.3,6.0,312.7,18.9,Yes,65.4,No,51.1,Fair
104825,22.8,46,115,1431.0,25.0,20,12.6,6.8,180.3,14.8,Yes,71.9,No,100.0,Excellent
104826,23.7,47,10,1147.0,35.0,55,12.7,2.8,148.4,10.2,Yes,69.9,No,84.3,Good
104827,23.3,52,84,440.0,51.0,47,5.5,15.0,243.2,4.6,Yes,40.2,Yes,70.5,Good
104828,25.4,63,97,1156.0,49.0,99,3.8,9.2,292.1,,Yes,75.2,Yes,56.5,Fair
104829,25.8,37,69,512.0,54.0,0,9.7,10.0,269.5,17.5,Yes,63.0,No,78.5,Good
104830,19.8,42,139,1167.0,27.0,26,7.9,15.9,234.7,23.1,No,55.1,No,93.3,Excellent
104831,25.6,52,119,1253.0,24.0,44,3.2,0.3,119.5,26.6,Yes,72.0,Yes,80.8,Good
104832,19.4,49,28,477.0,56.0,62,10.1,1.2,128.8,24.2,Yes,85.1,No,62.9,Fair
104833,24.8,51,71,1118.0,31.0,57,8.8,2.9,267.2,5.5,Yes,79.7,No,78.4,Good
104834,24.9,52,80,1277.0,44.0,39,12.4,0.5,290.8,23.7,Yes,65.8,No,79.2,Good
104835,17.3,70,120,801.0,52.0,62,9.3,11.8,84.8,18.3,Yes,63.5,No,55.8,Fair
104836,23.3,64,142,1232.0,58.0,37,8.9,11.4,106.2,15.1,No,55.7,Yes,73.8,Good
104837,21.6,32,81,463.0,43.0,28,7.3,3.8,254.1,18.0,Yes,72.6,No,86.9,Excellent
104838,20.7,63,87,1051.0,30.0,39,7.6,2.7,166.7,2.2,No,60.2,No,89.5,Excellent
104839,27.1,62,109,1285.0,61.0,18,13.5,2.6,219.0,3.9,Yes,61.5,No,64.9,Fair
104840,21.0,46,80,1465.0,54.0,87,3.7,17.2,234.4,16.7,Yes,69.2,No,68.5,Fair
104841,20.6,48,16,772.0,59.0,55,7.4,12.5,282.9,6.9,Yes,75.4,No,70.0,Good
104842,23.2,59,59,705.0,20.0,43,9.9,10.5,291.7,17.3,Yes,57.6,No,93.8,Excellent
104843,25.1,52,55,608.0,27.0,64,7.2,5.8,134.0,11.9,Yes,66.1,Yes,79.4,Good
104844,22.6,44,81,866.0,42.0,99,5.4,7.8,212.4,27.4,Yes,93.5,No,74.7,Good
104845,26.5,43,85,1331.0,39.0,86,5.4,1.6,87.1,28.6,Yes,74.1,Yes,65.9,Fair
104846,24.6,31,83,1046.0,51.0,12,4.8,18.0,302.6,29.4,Yes,78.9,Yes,85.0,Excellent
104847,16.5,68,82,761.0,30.0,29,6.1,13.6,303.6,27.2,Yes,52.3,Yes,77.6,Good
104848,21.4,47,111,1120.0,26.0,48,12.5,11.2,139.9,29.6,Yes,40.7,Yes,93.0,Excellent
104849,21.3,35,103,1115.0,49.0,114,8.1,10.6,98.2,21.8,No,69.5,No,63.6,Fair
104850,24.4,61,78,942.0,67.0,114,4.9,9.1,71.0,28.9,Yes,79.4,Yes,46.4,Poor
104851,16.0,50,74,593.0,58.0,117,6.6,4.6,222.5,20.0,No,50.3,No,39.1,Poor
104852,30.6,69,71,1051.0,32.0,100,3.3,4.1,77.4,24.7,Yes,71.7,Yes,56.3,Fair
104853,24.6,57,29,1450.0,61.0,74,12.8,9.9,254.2,5.7,Yes,93.0,No,59.2,Fair
104854,23.4,56,53,1469.0,68.0,62,6.9,1.3,253.4,21.1,No,80.4,No,64.4,Fair
104855,26.5,31,71,1046.0,22.0,70,13.8,1.3,234.2,28.1,Yes,82.5,Yes,72.5,Good
104856,30.0,62,116,1353.0,26.0,34,6.2,10.1,313.0,17.1,Yes,85.1,No,69.4,Fair
104857,25.6,45,134,1481.0,62.0,10,12.0,16.6,163.5,7.2,Yes,77.0,No,65.8,Fair
104858,25.8,68,54,1436.0,32.0,48,5.1,16.5,320.7,16.8,Yes,88.0,Yes,78.7,Good
104859,23.4,51,20,1348.0,56.0,106,2.9,0.2,61.1,21.8,Yes,67.2,Yes,54.8,Fair
104860,22.6,42,97,1360.0,44.0,110,2.4,1.9,83.8,23.6,Yes,63.9,Yes,67.6,Fair
104861,21.6,31,55,448.0,42.0,114,9.3,10.5,173.7,16.7,Yes,82.7,No,63.4,Fair
104862,20.5,43,121,1202.0,66.0,39,5.7,15.3,228.2,8.1,Yes,63.1,No,68.6,Fair
104863,20.9,67,90,1006.0,52.0,111,7.3,17.2,59.7,27.9,No,74.3,No,59.0,Fair
104864,18.9,70,41,409.0,24.0,20,11.8,15.5,220.2,23.7,Yes,62.4,Yes,88.1,Excellent
104865,22.8,57,107,1073.0,51.0,46,5.0,12.2,142.2,9.6,No,70.8,Yes,80.8,Good
104866,17.9,36,14,1125.0,49.0,2,5.7,3.6,316.1,24.7,Yes,54.5,Yes,83.8,Good
104867,23.6,47,38,915.0,50.0,29,12.1,1.3,210.0,11.7,Yes,84.9,Yes,80.6,Good
104868,22.9,70,57,623.0,32.0,87,7.9,0.9,226.4,,Yes,59.8,Yes,75.8,Good
104869,23.4,65,25,602.0,61.0,101,11.9,11.0,333.7,26.2,Yes,69.2,Yes,56.4,Fair
104870,21.4,70,81,1341.0,24.0,66,6.5,0.7,279.3,26.5,No,89.0,No,88.1,Excellent
104871,32.0,65,38,988.0,42.0,61,6.8,13.3,181.5,13.2,Yes,55.3,No,47.9,Poor
104872,27.1,33,55,970.0,20.0,36,4.0,12.8,193.1,2.2,No,54.0,Yes,81.8,Good
104873,19.3,59,32,1356.0,29.0,96,13.0,1.4,244.4,,Yes,62.4,No,71.9,Good
104874,23.7,53,103,595.0,69.0,21,12.8,16.3,110.1,,No,73.5,No,75.9,Good
104875,21.2,49,123,817.0,46.0,30,13.8,9.4,76.6,27.2,Yes,67.7,No,86.6,Excellent
104876,20.0,60,43,408.0,27.0,45,6.8,16.3,143.4,14.7,Yes,68.4,Yes,90.6,Excellent
104877,19.0,53,126,931.0,22.0,75,11.8,16.2,283.5,10.5,No,81.6,No,80.6,Good
104878,24.3,36,38,548.0,38.0,44,7.0,3.5,127.2,10.5,Yes,102.7,No,81.3,Good
104879,21.0,55,18,782.0,21.0,13,7.5,6.9,89.2,27.1,Yes,66.8,No,97.4,Excellent
104880,25.9,42,48,1435.0,68.0,11,12.0,2.4,115.7,11.1,Yes,62.3,No,68.8,Fair
104881,26.0,37,144,875.0,50.0,118,4.1,13.9,253.7,16.3,No,82.6,Yes,54.9,Fair
104882,27.1,34,119,978.0,67.0,62,4.6,9.1,234.2,22.5,Yes,75.2,Yes,51.3,Fair
104883,20.4,42,78,1476.0,29.0,90,5.8,16.7,256.5,7.9,Yes,83.2,No,76.5,Good
104884,24.4,58,145,605.0,35.0,76,11.5,3.7,146.6,9.1,Yes,92.9,Yes,73.1,Good
104885,24.9,49,105,1385.0,56.0,87,6.5,12.4,320.3,12.0,Yes,71.5,Yes,55.3,Fair
104886,21.6,43,128,1314.0,39.0,37,6.3,17.8,185.5,20.3,Yes,102.0,Yes,89.4,Excellent
104887,20.7,61,127,1144.0,22.0,116,14.0,12.0,204.1,24.9,Yes,79.2,No,69.9,Fair
104888,27.8,56,27,1312.0,54.0,46,6.6,1.2,334.6,17.3,Yes,95.7,No,63.8,Fair
104889,23.7,54,111,453.0,53.0,53,5.0,10.6,343.8,5.7,Yes,84.5,No,69.5,Fair
104890,24.9,33,119,1401.0,40.0,54,9.5,3.2,248.5,14.5,Yes,69.8,No,70.4,Good
104891,20.5,50,91,743.0,55.0,47,11.6,0.5,333.4,5.6,Yes,93.0,No,70.1,Good
104892,19.3,47,114,1102.0,51.0,72,2.8,6.0,212.5,4.5,Yes,58.6,No,63.9,Fair
104893,21.3,68,25,926.0,37.0,71,9.4,4.8,142.2,18.5,Yes,64.0,Yes,82.7,Good
104894,22.6,44,30,811.0,53.0,100,2.4,14.2,144.5,28.8,Yes,69.7,Yes,60.6,Fair
104895,19.8,67,147,968.0,57.0,14,8.3,6.7,217.7,25.5,No,73.2,No,73.5,Good
104896,23.0,53,115,598.0,22.0,70,5.1,13.2,231.5,23.7,Yes,71.8,No,89.5,Excellent
104897,17.9,37,141,1174.0,22.0,87,5.7,0.3,181.9,22.4,Yes,59.1,Yes,74.5,Good
104898,19.6,57,53,788.0,46.0,112,7.6,0.3,315.1,27.1,Yes,86.7,Yes,56.5,Fair
104899,25.0,50,132,873.0,21.0,15,13.1,0.5,178.0,23.1,Yes,85.2,No,98.5,Excellent
104900,24.8,45,145,1164.0,22.0,87,10.5,3.9,132.0,19.6,Yes,67.9,Yes,76.4,Good
104901,21.8,45,120,991.0,36.0,42,13.2,6.7,52.4,12.2,Yes,63.2,Yes,92.7,Excellent
104902,19.9,64,126,1495.0,65.0,6,9.9,10.9,341.2,4.8,Yes,85.4,No,71.7,Good
104903,19.9,46,135,1381.0,58.0,42,2.1,17.7,297.3,14.9,Yes,61.2,Yes,71.6,Good
104904,21.9,38,28,1393.0,57.0,27,5.2,6.4,234.7,27.9,No,67.4,No,82.9,Good
104905,24.9,64,73,567.0,59.0,65,12.9,1.0,299.2,18.3,Yes,73.7,No,60.6,Fair
104906,25.8,58,49,683.0,38.0,97,9.7,3.5,293.1,7.2,Yes,82.1,No,68.2,Fair
104907,21.5,68,60,1459.0,38.0,59,13.8,16.2,329.6,20.2,Yes,76.7,No,77.0,Good
104908,19.5,47,146,1223.0,63.0,101,3.9,12.6,165.8,15.0,Yes,90.4,No,49.6,Poor
104909,23.8,41,65,1290.0,24.0,2,5.6,14.2,216.5,28.1,Yes,74.4,Yes,100.0,Excellent
104910,20.5,48,90,533.0,24.0,0,6.3,2.2,79.6,6.5,Yes,69.2,No,100.0,Excellent
104911,21.4,51,79,521.0,33.0,30,5.9,2.4,339.6,21.9,No,80.6,Yes,90.1,Excellent
104912,27.0,44,137,1232.0,46.0,55,5.0,2.0,345.5,21.1,Yes,70.9,Yes,68.6,Fair
104913,25.5,30,135,1421.0,68.0,86,7.3,15.4,286.7,29.5,Yes,68.4,Yes,48.8,Poor
104914,23.5,31,70,1294.0,67.0,83,9.7,3.8,186.2,17.8,Yes,78.9,No,58.8,Fair
104915,19.2,37,89,688.0,55.0,79,5.7,11.6,199.0,26.4,Yes,49.3,Yes,57.1,Fair
104916,23.6,51,130,1476.0,59.0,45,3.0,9.3,180.6,2.7,Yes,56.5,Yes,70.5,Good
104917,26.2,54,110,1474.0,54.0,31,10.5,9.8,138.0,5.4,Yes,87.4,Yes,70.4,Good
104918,21.9,31,86,1238.0,40.0,80,7.5,3.5,208.3,,Yes,63.5,Yes,80.3,Good
104919,27.1,38,135,1311.0,24.0,17,8.7,11.4,66.0,19.3,No,93.0,No,89.5,Excellent
104920,26.9,38,31,439.0,43.0,67,7.5,0.8,347.6,14.6,No,79.3,Yes,65.9,Fair
104921,28.0,42,92,,58.0,34,12.7,17.9,177.2,7.7,Yes,75.5,No,58.7,Fair
104922,23.9,35,87,617.0,69.0,103,8.7,0.5,328.2,18.5,Yes,85.4,No,54.2,Fair
104923,24.8,59,104,578.0,43.0,99,13.1,0.9,267.3,,Yes,61.8,No,66.2,Fair
104924,27.2,44,118,582.0,59.0,22,8.1,5.8,137.0,16.7,Yes,84.8,No,62.4,Fair
104925,24.3,44,119,1104.0,62.0,78,5.5,15.0,116.6,4.5,Yes,49.5,Yes,56.4,Fair
104926,21.5,36,61,896.0,65.0,12,6.3,4.6,348.7,28.0,Yes,55.2,Yes,73.2,Good
104927,21.7,40,112,996.0,,77,8.3,8.5,281.6,18.6,Yes,44.6,No,61.1,Fair
104928,23.7,69,110,860.0,32.0,13,8.4,0.3,124.9,9.4,Yes,62.1,No,93.6,Excellent
104929,19.1,67,72,873.0,57.0,36,10.2,1.4,70.2,21.2,Yes,69.3,No,70.8,Good
104930,22.6,69,37,1084.0,64.0,4,4.7,10.9,259.1,10.9,No,82.1,No,79.6,Good
104931,26.3,31,55,1460.0,20.0,21,9.9,3.5,140.9,16.2,Yes,52.6,No,92.4,Excellent
104932,16.4,68,37,718.0,62.0,27,11.3,12.5,116.4,11.6,Yes,63.7,Yes,56.9,Fair
104933,27.6,39,11,755.0,58.0,108,10.1,14.1,270.5,26.7,No,55.5,No,42.6,Poor
104934,26.4,46,136,1016.0,29.0,3,7.8,15.3,253.8,29.8,Yes,44.6,Yes,92.1,Excellent
104935,21.6,36,26,628.0,21.0,49,13.9,2.4,194.4,6.5,Yes,71.5,No,97.7,Excellent
104936,24.6,69,68,1128.0,35.0,101,6.9,8.2,332.8,2.7,Yes,50.1,Yes,66.5,Fair
104937,23.0,68,141,960.0,56.0,28,3.3,17.0,253.9,8.1,Yes,67.0,Yes,77.9,Good
104938,26.7,33,86,1034.0,35.0,36,11.9,13.9,318.0,18.5,Yes,58.9,No,77.3,Good
104939,25.9,64,140,858.0,42.0,34,4.5,2.1,107.2,6.9,Yes,100.2,Yes,76.6,Good
104940,18.8,65,124,424.0,45.0,19,10.6,9.0,139.0,24.7,Yes,73.1,Yes,80.9,Good
104941,24.8,60,106,769.0,35.0,34,4.1,16.6,81.4,13.4,Yes,63.2,No,79.0,Good
104942,22.4,54,114,1411.0,46.0,98,2.2,7.9,141.4,19.1,Yes,72.5,No,67.0,Fair
104943,23.2,70,33,1010.0,66.0,83,3.9,15.1,341.5,14.8,Yes,83.0,No,53.8,Fair
104944,20.8,42,44,508.0,60.0,1,6.5,8.9,338.9,27.3,Yes,101.0,No,81.0,Good
104945,28.2,47,11,1119.0,49.0,115,3.3,1.9,278.1,3.0,Yes,53.5,No,44.2,Poor
104946,26.1,50,42,831.0,52.0,57,4.4,2.7,206.3,22.4,Yes,65.6,Yes,61.5,Fair
104947,20.8,30,85,1431.0,51.0,17,11.2,0.8,284.2,20.3,No,60.3,Yes,83.7,Good
104948,19.0,65,95,1035.0,28.0,93,11.2,3.5,216.0,20.2,Yes,57.9,No,77.2,Good
104949,21.8,37,147,766.0,30.0,105,11.8,16.1,51.1,13.6,Yes,70.8,No,77.4,Good
104950,24.3,50,90,1324.0,56.0,55,12.1,11.7,200.5,2.4,Yes,65.0,Yes,66.6,Fair
104951,23.7,50,71,813.0,25.0,63,7.0,13.3,229.7,21.3,No,63.1,Yes,82.2,Good
104952,26.8,56,52,755.0,49.0,116,12.4,11.2,129.7,25.2,No,67.1,Yes,53.2,Fair
104953,25.4,48,130,410.0,59.0,92,8.3,7.0,111.0,4.4,Yes,74.3,No,54.5,Fair
104954,25.9,52,68,464.0,34.0,102,7.6,3.9,132.1,14.4,Yes,71.0,Yes,62.2,Fair
104955,24.0,64,18,524.0,67.0,51,10.6,16.7,237.1,,Yes,61.6,No,64.8,Fair
104956,18.8,69,86,711.0,49.0,21,4.6,9.3,93.8,19.1,Yes,76.1,No,78.8,Good
104957,22.4,34,72,1174.0,37.0,92,11.5,8.7,266.1,24.0,Yes,58.9,No,72.4,Good
104958,26.2,70,61,1401.0,31.0,59,7.2,17.9,176.8,20.7,Yes,56.0,No,74.2,Good
104959,22.8,37,32,1272.0,23.0,109,3.5,6.9,156.0,10.9,Yes,39.9,Yes,80.1,Good
104960,24.5,40,39,1093.0,35.0,9,3.4,15.4,292.2,5.9,Yes,83.6,No,90.9,Excellent
104961,22.0,45,30,1389.0,42.0,83,4.0,15.5,201.8,24.2,Yes,78.8,No,77.3,Good
104962,19.9,68,52,1198.0,30.0,79,12.7,4.2,163.5,,Yes,75.2,Yes,80.1,Good
104963,22.6,53,144,1073.0,43.0,5,13.9,1.7,313.4,2.6,Yes,78.5,Yes,96.2,Excellent
104964,23.9,50,25,1311.0,41.0,80,6.3,17.6,160.5,18.0,Yes,91.4,No,66.6,Fair
104965,21.0,52,32,805.0,58.0,5,5.5,7.7,307.7,8.9,Yes,40.5,No,83.7,Good
104966,22.3,67,96,1395.0,34.0,85,4.6,0.0,201.3,25.6,Yes,68.2,No,75.2,Good
104967,20.2,37,40,1440.0,68.0,81,11.9,9.0,112.4,6.0,No,74.2,No,55.2,Fair
104968,26.4,36,130,1036.0,34.0,95,4.5,11.1,233.8,14.2,Yes,51.4,No,69.3,Fair
104969,22.1,31,78,1289.0,29.0,27,13.1,14.0,135.6,9.1,Yes,78.3,Yes,99.5,Excellent
104970,27.4,59,143,888.0,47.0,41,10.0,17.0,94.1,21.3,No,54.6,No,60.7,Fair
104971,27.6,42,124,638.0,55.0,73,12.8,16.5,76.0,17.4,Yes,78.9,No,53.5,Fair
104972,22.8,52,68,579.0,36.0,40,8.6,16.9,122.5,24.1,Yes,80.0,Yes,87.6,Excellent
104973,20.0,58,86,716.0,55.0,62,10.3,0.6,271.0,14.8,Yes,40.6,No,67.4,Fair
104974,16.7,67,147,631.0,,21,9.4,12.8,301.4,2.1,No,72.5,No,78.4,Good
104975,18.6,66,16,730.0,42.0,91,12.0,4.1,308.5,8.0,Yes,97.9,No,67.1,Fair
104976,18.9,49,46,960.0,48.0,78,12.0,3.4,131.0,30.0,Yes,65.7,No,59.7,Fair
104977,27.1,62,95,1348.0,41.0,106,9.1,14.4,248.3,13.3,Yes,83.4,No,48.3,Poor
104978,23.3,58,25,647.0,30.0,28,9.6,7.5,119.1,19.4,Yes,78.4,Yes,91.6,Excellent
104979,24.2,44,125,682.0,55.0,70,13.1,16.5,236.8,27.3,Yes,73.8,No,63.9,Fair
104980,16.3,52,127,1339.0,63.0,113,13.2,0.8,316.2,2.6,Yes,78.2,Yes,36.7,Poor
104981,19.4,32,23,431.0,,33,10.0,14.4,62.3,20.5,Yes,76.8,Yes,74.5,Good
104982,25.7,66,148,929.0,61.0,95,2.1,2.5,345.6,10.1,Yes,57.0,Yes,50.3,Fair
104983,23.9,58,96,780.0,51.0,1,3.3,3.2,298.1,9.8,Yes,64.0,No,88.1,Excellent
104984,22.6,37,113,462.0,33.0,25,12.3,8.6,278.5,8.3,Yes,91.5,No,92.4,Excellent
104985,24.7,51,53,,37.0,108,3.0,7.1,257.4,25.0,Yes,85.5,No,61.0,Fair
104986,27.9,58,37,562.0,57.0,74,4.6,8.8,281.1,12.4,Yes,64.9,No,49.8,Poor
104987,22.3,31,25,1357.0,56.0,88,4.8,16.9,348.4,3.9,Yes,72.1,No,66.3,Fair
104988,23.2,70,59,694.0,53.0,18,9.2,11.8,281.1,4.7,Yes,76.2,No,78.9,Good
104989,23.6,30,124,578.0,64.0,19,8.9,5.2,155.5,6.2,Yes,54.4,Yes,75.0,Good
104990,30.2,49,77,628.0,42.0,32,5.5,3.1,234.2,27.2,Yes,75.0,Yes,65.8,Fair
104991,16.7,50,101,1282.0,51.0,80,4.5,7.6,151.1,14.0,Yes,104.2,Yes,51.4,Fair
104992,25.0,66,130,793.0,65.0,115,11.2,8.1,341.0,27.6,Yes,71.2,Yes,43.2,Poor
104993,22.7,37,149,1091.0,22.0,93,13.2,10.8,320.0,24.9,Yes,76.3,Yes,83.5,Good
104994,24.7,56,25,471.0,62.0,81,2.6,4.8,220.3,25.5,Yes,83.0,No,58.1,Fair
104995,21.0,64,62,717.0,41.0,95,3.6,13.8,284.4,10.0,Yes,41.2,Yes,70.5,Good
104996,22.9,35,58,994.0,42.0,103,9.7,1.8,322.9,9.6,Yes,78.8,Yes,71.5,Good
104997,25.1,48,71,778.0,23.0,108,11.7,10.1,123.1,17.7,Yes,59.4,Yes,76.3,Good
104998,32.0,47,93,1306.0,32.0,3,11.5,11.2,223.8,13.7,Yes,70.6,No,74.5,Good
104999,25.4,30,65,535.0,51.0,31,10.6,3.7,194.5,16.3,Yes,60.0,No,75.5,Good
105000,20.5,54,129,1129.0,48.0,18,12.6,14.9,281.5,3.5,Yes,58.0,No,81.1,Good
100001,24.5,69,36,549.0,64.0,39,13.3,3.9,234.6,12.6,No,55.2,No,62.7,Fair
100002,22.6,30,144,984.0,42.0,103,12.7,1.9,243.7,21.9,Yes,82.5,No,67.6,Fair
100003,24.9,33,115,980.0,29.0,118,2.0,11.1,199.3,,Yes,75.6,No,65.0,Fair
100004,27.6,59,53,1376.0,37.0,44,13.2,14.8,322.9,5.1,Yes,63.5,No,74.3,Good
100005,22.3,41,116,576.0,31.0,118,3.6,10.5,258.2,5.0,Yes,66.6,Yes,76.8,Good
100006,22.3,64,45,753.0,58.0,9,2.5,17.3,164.6,5.3,Yes,92.3,No,84.4,Good
100007,27.7,42,15,913.0,45.0,76,2.7,14.3,121.6,2.9,Yes,71.6,Yes,60.9,Fair
100008,25.3,60,18,708.0,30.0,44,6.2,12.6,71.3,16.9,Yes,65.3,Yes,85.4,Excellent
100009,21.6,67,22,518.0,,119,9.4,1.1,99.6,20.8,Yes,39.9,No,73.6,Good
100010,24.6,52,50,1166.0,22.0,16,6.8,1.9,347.8,5.5,Yes,62.5,No,100.0,Excellent
100011,21.6,33,137,1395.0,26.0,101,2.3,14.1,172.0,19.1,Yes,41.1,No,81.2,Good
100012,21.6,45,75,1372.0,23.0,1,7.7,3.6,319.6,18.7,Yes,76.2,No,100.0,Excellent
100013,23.7,36,94,1315.0,59.0,16,7.3,0.5,101.2,6.1,Yes,55.9,Yes,78.2,Good
100014,17.3,51,33,877.0,27.0,107,11.1,16.4,177.6,13.3,Yes,86.1,Yes,67.2,Fair
100015,17.8,58,53,986.0,57.0,89,5.4,16.0,338.2,23.1,Yes,76.0,Yes,49.7,Poor
100016,21.3,40,115,750.0,32.0,118,4.6,3.9,77.3,2.5,Yes,70.1,Yes,73.8,Good
100017,20.0,62,107,594.0,31.0,37,5.1,14.0,228.2,6.1,No,78.3,Yes,87.9,Excellent
100018,23.9,58,69,895.0,54.0,36,5.6,0.9,325.8,29.9,Yes,72.9,No,75.8,Good
100019,20.3,68,18,914.0,57.0,62,9.2,5.1,334.9,22.5,Yes,91.8,No,62.1,Fair
100020,18.8,41,139,1095.0,62.0,4,7.7,11.2,303.8,15.0,No,82.5,No,77.6,Good
100021,27.4,36,65,672.0,55.0,24,6.0,13.7,306.8,19.6,Yes,88.9,No,70.7,Good
100022,22.3,68,31,1279.0,66.0,72,6.5,0.2,245.7,25.7,Yes,51.9,Yes,63.6,Fair
100023,23.2,55,90,451.0,21.0,91,6.5,5.9,116.1,25.6,No,71.5,No,80.8,Good
100024,18.7,69,109,662.0,34.0,21,13.7,3.9,269.2,11.1,Yes,99.2,Yes,83.8,Good
100025,21.4,38,22,532.0,68.0,92,4.8,18.0,343.5,15.8,No,62.2,Yes,57.1,Fair
100026,23.3,70,80,1393.0,53.0,62,11.8,12.1,207.8,19.9,Yes,58.1,Yes,69.9,Fair
100027,19.5,63,25,709.0,58.0,34,10.5,7.3,128.2,4.0,Yes,70.5,No,73.5,Good
100028,24.1,42,54,415.0,45.0,54,2.1,1.4,222.0,28.5,Yes,48.7,Yes,73.3,Good
100029,21.2,65,74,594.0,67.0,19,13.9,10.8,257.2,14.1,Yes,81.9,Yes,73.9,Good
100030,22.1,54,148,702.0,24.0,4,11.1,11.6,112.5,12.4,Yes,69.6,No,100.0,Excellent
100031,21.2,53,79,1471.0,67.0,38,10.2,14.7,265.8,27.4,Yes,59.1,No,66.0,Fair
100032,28.6,46,108,1231.0,44.0,62,6.9,5.2,226.2,5.3,Yes,83.3,Yes,59.6,Fair
100033,23.0,31,110,961.0,53.0,107,8.7,17.7,233.7,3.1,No,79.2,Yes,60.5,Fair
100034,19.8,42,114,440.0,66.0,31,5.0,7.9,141.8,21.2,Yes,74.6,No,69.0,Fair
100035,25.5,60,149,933.0,23.0,102,2.4,5.3,96.6,12.8,No,67.8,Yes,75.7,Good
100036,19.3,58,103,770.0,53.0,62,12.0,6.3,237.0,23.4,Yes,72.0,No,65.2,Fair
100037,23.6,57,51,916.0,46.0,73,12.8,9.4,225.9,3.9,Yes,60.9,Yes,71.4,Good
100038,17.1,56,92,1056.0,61.0,39,3.9,16.9,151.4,12.7,Yes,72.9,No,57.6,Fair
100039,19.0,44,142,989.0,48.0,16,11.4,13.2,138.8,8.6,Yes,68.5,No,82.0,Good
100040,23.6,60,114,630.0,24.0,100,10.9,10.4,154.2,22.7,Yes,83.6,No,78.1,Good
100041,25.2,69,37,1208.0,37.0,78,4.1,2.9,197.0,8.4,Yes,74.0,Yes,68.7,Fair
100042,23.5,44,35,878.0,23.0,72,7.1,2.7,342.4,14.8,Yes,46.4,Yes,84.0,Good
100043,22.7,62,125,1074.0,20.0,31,7.1,9.0,279.1,24.9,Yes,63.7,No,100.0,Excellent
100044,22.1,49,58,677.0,69.0,22,11.1,13.1,305.5,27.6,Yes,77.4,Yes,72.8,Good
100045,18.6,41,10,452.0,39.0,74,12.1,13.5,201.7,22.2,Yes,72.5,No,68.1,Fair
100046,20.8,66,101,1433.0,25.0,59,3.1,4.1,207.8,14.0,Yes,79.1,No,90.3,Excellent
100047,21.6,38,67,1147.0,39.0,76,8.8,1.8,111.3,18.0,Yes,77.6,No,74.0,Good
100048,26.2,52,88,863.0,39.0,81,11.1,6.9,266.3,21.3,No,61.0,No,62.8,Fair
100049,24.0,37,90,1153.0,65.0,112,11.4,16.5,176.5,26.5,Yes,55.1,No,44.4,Poor
100050,17.7,61,35,982.0,46.0,55,3.8,9.8,272.7,26.9,No,59.9,No,64.6,Fair
100051,24.0,43,86,557.0,45.0,8,8.3,5.8,172.7,28.1,No,71.5,No,87.4,Excellent
100052,21.8,56,81,418.0,51.0,105,12.3,5.8,82.6,24.7,Yes,75.2,No,64.5,Fair
100053,21.0,54,78,454.0,29.0,68,5.8,2.4,101.9,6.1,No,94.1,No,86.0,Excellent
100054,24.8,42,15,1120.0,37.0,61,7.1,8.5,293.5,22.9,Yes,68.4,No,77.4,Good
100055,26.1,50,32,1444.0,,63,11.7,14.2,127.6,24.8,No,48.8,No,59.2,Fair
100056,25.8,60,63,1160.0,31.0,106,3.1,17.4,129.3,26.6,Yes,76.4,No,63.4,Fair
100057,20.5,66,96,1418.0,,21,12.3,9.0,328.8,27.9,Yes,63.4,No,95.9,Excellent
100058,22.1,34,20,1207.0,43.0,31,5.7,3.0,247.3,16.3,Yes,66.1,Yes,90.9,Excellent
100059,24.0,42,143,1122.0,43.0,46,2.0,12.3,84.3,20.3,No,74.6,Yes,77.8,Good
100060,25.9,57,20,,57.0,1,4.8,13.6,93.1,2.3,Yes,76.0,Yes,70.7,Good
100061,21.6,54,86,910.0,65.0,84,3.1,1.3,131.7,18.0,Yes,52.1,Yes,63.8,Fair
100062,22.4,64,21,1421.0,44.0,91,3.1,15.3,228.2,15.2,Yes,81.2,No,69.7,Fair
100063,19.7,68,62,519.0,27.0,51,10.3,14.9,275.8,28.9,Yes,77.9,No,87.9,Excellent
100064,19.4,36,108,496.0,33.0,87,4.6,8.5,132.3,27.2,Yes,82.8,No,73.6,Good
100065,25.4,67,45,519.0,62.0,87,13.2,10.1,311.2,24.3,Yes,44.7,Yes,50.1,Fair
100066,27.1,61,37,792.0,50.0,13,8.2,12.8,82.8,3.6,Yes,92.3,No,67.1,Fair
100067,22.8,32,111,1193.0,43.0,36,7.5,12.2,112.3,13.3,Yes,69.0,Yes,85.2,Excellent
100068,26.0,68,16,619.0,35.0,26,7.2,0.3,341.1,21.5,Yes,60.0,Yes,87.9,Excellent
100069,24.1,66,24,1238.0,39.0,23,10.3,2.2,90.4,2.8,Yes,85.2,No,81.5,Good
100070,21.1,51,148,559.0,57.0,63,7.4,2.9,316.4,8.6,No,48.5,Yes,72.3,Good
100071,24.1,37,33,1499.0,,69,3.5,13.6,261.2,26.9,Yes,65.1,Yes,55.0,Fair
100072,27.6,46,39,1010.0,34.0,25,12.6,7.9,71.9,5.6,No,70.9,Yes,75.5,Good
100073,22.9,56,75,,33.0,53,7.1,9.8,195.1,3.4,No,75.3,No,85.6,Excellent
100074,27.7,62,70,1455.0,31.0,14,2.9,13.9,205.7,18.3,Yes,94.3,No,83.5,Good
100075,16.0,46,87,1176.0,53.0,28,8.4,6.1,329.6,28.5,No,75.4,Yes,63.2,Fair
100076,25.5,41,50,733.0,27.0,99,9.8,13.5,176.3,25.4,Yes,71.4,Yes,71.5,Good
100077,23.3,56,91,1291.0,38.0,73,5.3,8.0,184.0,29.3,Yes,67.4,Yes,73.9,Good
100078,22.1,37,60,1339.0,65.0,27,11.6,6.8,83.7,23.1,Yes,94.5,Yes,73.3,Good
100079,23.3,52,104,751.0,24.0,58,10.0,6.0,241.8,14.2,Yes,89.7,No,89.1,Excellent
100080,17.0,58,22,1325.0,46.0,114,9.8,17.4,113.3,28.5,No,82.7,No,52.6,Fair
100081,22.3,49,99,795.0,,72,7.0,13.9,73.3,13.9,Yes,83.2,No,69.2,Fair
100082,24.1,45,149,929.0,32.0,20,13.5,0.4,349.1,11.8,Yes,85.0,No,90.8,Excellent
100083,27.4,46,91,757.0,51.0,9,5.3,17.2,130.9,14.5,Yes,74.0,No,68.0,Fair
100084,21.4,45,18,1227.0,50.0,3,8.9,14.0,92.3,24.8,Yes,57.6,No,91.9,Excellent
100085,20.6,48,57,459.0,60.0,117,5.7,2.7,259.8,,Yes,83.7,No,50.8,Fair
100086,21.5,37,58,876.0,65.0,61,10.9,1.4,296.5,12.0,Yes,76.8,No,63.8,Fair
100087,25.7,67,62,1011.0,56.0,3,2.6,5.5,69.2,14.9,Yes,64.7,No,76.9,Good
100088,24.0,67,49,400.0,21.0,5,2.6,11.2,81.6,27.2,Yes,68.2,Yes,100.0,Excellent
100089,21.4,58,116,710.0,26.0,89,11.7,11.1,77.1,3.3,Yes,53.8,No,85.7,Excellent
100090,24.5,70,33,567.0,67.0,103,7.2,5.0,64.1,23.9,Yes,55.4,No,50.2,Fair
100091,23.3,65,117,591.0,30.0,79,6.1,8.0,247.8,14.7,Yes,53.3,No,79.8,Good
100092,25.9,55,42,1457.0,30.0,71,9.3,3.8,226.5,12.5,No,76.6,No,69.3,Fair
100093,20.9,60,32,1457.0,42.0,91,10.4,0.9,248.8,14.5,Yes,66.3,No,69.3,Fair
100094,22.0,41,86,1107.0,50.0,15,4.4,9.3,201.7,13.7,Yes,84.9,Yes,86.7,Excellent
100095,21.8,46,63,765.0,,37,4.2,6.2,295.3,23.2,Yes,84.5,Yes,72.9,Good
100096,18.6,44,62,1257.0,64.0,48,13.5,9.8,214.0,28.0,Yes,40.0,No,62.4,Fair
100097,23.9,38,58,726.0,27.0,60,9.1,17.0,325.6,15.8,Yes,78.3,No,90.4,Excellent
100098,23.8,68,87,513.0,51.0,64,6.7,2.6,195.7,25.3,Yes,79.8,Yes,70.9,Good
100099,23.0,41,89,1196.0,67.0,82,11.6,0.0,287.2,22.5,Yes,54.8,No,55.3,Fair
100100,22.3,61,111,1318.0,40.0,49,8.3,1.4,172.2,11.3,Yes,58.1,Yes,82.6,Good
100101,18.8,54,131,1008.0,50.0,16,4.9,8.3,180.6,18.4,Yes,75.1,Yes,79.3,Good
100102,21.7,68,112,708.0,20.0,112,4.5,12.7,304.7,20.7,Yes,72.2,Yes,80.8,Good
100103,22.0,47,99,800.0,32.0,27,6.8,10.5,82.3,2.7,Yes,57.3,No,96.7,Excellent
100104,20.6,44,99,611.0,30.0,43,12.3,8.9,219.5,13.1,Yes,67.0,No,85.4,Excellent
100105,22.5,61,130,716.0,48.0,11,2.7,6.4,267.9,29.8,Yes,74.2,No,88.8,Excellent
100106,24.2,35,69,584.0,23.0,69,4.6,5.6,275.1,19.8,Yes,63.4,No,86.7,Excellent
100107,28.7,64,131,645.0,55.0,70,12.7,6.8,227.4,11.4,Yes,55.5,No,49.7,Poor
100108,23.5,63,39,638.0,34.0,71,3.5,11.0,184.4,9.0,Yes,102.3,No,78.9,Good
100109,23.8,67,139,919.0,22.0,2,9.6,3.0,128.2,7.9,Yes,82.4,No,100.0,Excellent
100110,22.8,34,92,676.0,48.0,48,4.6,13.9,322.8,13.2,Yes,54.0,No,74.7,Good
100111,17.2,47,120,1405.0,40.0,20,9.3,10.4,160.9,7.4,Yes,76.2,No,75.8,Good
100112,22.9,45,117,601.0,21.0,7,6.6,4.8,289.7,5.8,Yes,61.0,Yes,100.0,Excellent
100113,23.2,37,120,613.0,25.0,63,3.2,9.0,59.5,12.2,Yes,64.6,Yes,84.7,Good
100114,30.4,54,34,1005.0,50.0,91,9.0,17.3,119.7,19.0,Yes,57.2,Yes,46.3,Poor
100115,22.4,61,59,877.0,43.0,58,10.2,0.4,153.7,6.1,Yes,40.5,No,83.4,Good
100116,23.9,55,23,907.0,59.0,29,10.2,3.6,251.5,3.2,Yes,83.0,Yes,72.0,Good
100117,22.9,51,143,1498.0,36.0,31,9.6,8.1,145.8,3.0,Yes,71.4,Yes,89.5,Excellent
100118,19.5,60,85,1068.0,24.0,74,8.0,11.5,62.4,9.5,Yes,51.7,Yes,77.4,Good
100119,26.4,39,93,1064.0,21.0,19,8.2,3.8,102.2,7.3,Yes,48.0,No,88.4,Excellent
100120,25.3,41,96,541.0,31.0,113,9.6,16.8,127.7,17.1,Yes,39.1,Yes,60.1,Fair
100121,25.4,57,39,721.0,24.0,15,10.3,11.6,102.8,14.8,Yes,86.7,No,93.2,Excellent
100122,20.3,35,67,860.0,61.0,24,9.9,15.8,111.1,11.1,Yes,58.9,No,75.0,Good
100123,27.2,49,103,1106.0,60.0,59,9.0,5.9,280.7,25.3,No,91.6,No,55.2,Fair
100124,18.8,34,50,1069.0,39.0,44,3.9,14.9,173.6,16.1,Yes,81.9,No,74.1,Good
100125,24.8,52,103,453.0,27.0,8,4.5,6.8,171.6,4.6,Yes,87.6,No,93.2,Excellent
100126,29.6,38,66,676.0,20.0,50,5.1,4.5,340.0,10.3,Yes,55.8,Yes,72.5,Good
100127,20.0,58,73,799.0,25.0,102,13.0,16.4,184.0,29.3,No,79.2,No,73.5,Good
100128,21.3,45,107,1067.0,30.0,60,11.1,1.7,328.3,29.4,Yes,72.5,Yes,85.3,Excellent
100129,23.3,51,25,915.0,22.0,112,8.6,17.0,139.7,9.1,Yes,73.0,No,74.4,Good
100130,21.5,37,97,975.0,50.0,39,5.0,8.3,170.2,6.7,Yes,65.9,Yes,83.4,Good
100131,18.3,49,87,511.0,47.0,103,3.3,17.9,168.9,15.9,Yes,100.2,No,58.8,Fair
100132,23.2,43,99,638.0,66.0,60,12.8,9.7,213.8,15.5,Yes,45.0,No,62.9,Fair
100133,19.8,68,81,1443.0,62.0,66,12.7,13.6,225.3,13.5,Yes,67.9,No,61.2,Fair
100134,24.4,66,23,596.0,24.0,79,3.3,0.1,124.4,16.8,Yes,66.6,Yes,79.3,Good
100135,20.2,63,40,781.0,45.0,75,11.6,8.9,288.1,8.5,No,49.4,No,74.4,Good
100136,27.6,40,75,563.0,35.0,14,7.4,13.3,199.0,5.2,Yes,65.2,No,77.8,Good
100137,20.7,69,121,1005.0,50.0,52,5.9,14.1,52.1,18.0,Yes,56.1,Yes,72.7,Good
100138,22.0,62,77,1491.0,47.0,3,10.9,2.8,227.4,28.1,Yes,64.8,No,95.2,Excellent
100139,25.4,60,64,1254.0,,22,9.4,7.5,289.4,5.9,Yes,48.6,No,88.1,Excellent
100140,19.3,63,132,1444.0,57.0,26,11.4,7.5,125.1,21.7,Yes,91.7,No,75.0,Good
100141,23.7,36,34,1230.0,28.0,102,2.9,1.9,61.4,14.3,Yes,58.8,Yes,77.7,Good
100142,26.9,52,140,996.0,58.0,106,5.8,8.0,292.2,10.2,Yes,58.8,Yes,45.0,Poor
100143,18.2,36,78,935.0,54.0,119,5.8,14.5,342.9,25.9,Yes,70.9,Yes,44.0,Poor
100144,23.6,54,111,510.0,62.0,36,6.0,5.4,73.0,14.8,Yes,51.1,No,69.7,Fair
100145,23.8,32,127,1348.0,46.0,76,8.0,7.8,331.4,18.3,Yes,74.1,No,72.6,Good
100146,25.3,67,35,1262.0,31.0,42,5.4,17.3,157.8,14.4,Yes,63.7,No,84.6,Good
100147,19.3,49,49,994.0,44.0,36,7.3,0.6,332.4,4.3,Yes,55.1,No,77.6,Good
100148,19.0,63,47,1421.0,62.0,103,6.4,10.6,244.7,18.7,No,57.6,No,49.2,Poor
100149,24.6,59,16,859.0,48.0,84,10.8,13.4,317.1,13.7,Yes,69.0,No,65.5,Fair
100150,23.9,46,129,833.0,50.0,28,9.2,13.7,285.7,4.4,No,58.8,Yes,80.2,Good
100151,23.8,39,44,1287.0,53.0,28,9.8,12.9,58.4,18.7,No,82.2,Yes,73.0,Good
100152,24.0,64,87,1182.0,52.0,48,4.5,13.1,69.6,2.3,Yes,60.0,No,70.8,Good
100153,21.0,49,47,1387.0,46.0,74,5.9,1.1,207.7,7.8,No,47.7,No,75.8,Good
100154,23.7,47,147,568.0,21.0,50,2.3,9.6,88.9,23.9,Yes,45.7,No,93.2,Excellent
100155,23.9,56,37,1108.0,33.0,49,3.3,14.1,188.3,3.1,Yes,94.0,Yes,84.4,Good
100156,20.9,65,109,1364.0,32.0,27,5.2,1.7,336.4,20.1,Yes,80.3,Yes,93.9,Excellent
100157,28.6,52,47,1126.0,43.0,73,2.8,0.2,138.4,,Yes,81.5,No,57.0,Fair
100158,24.4,61,133,628.0,24.0,4,9.2,14.7,196.7,6.8,Yes,82.1,No,100.0,Excellent
100159,19.4,39,101,826.0,53.0,55,14.0,12.8,165.3,13.7,Yes,82.4,Yes,68.2,Fair
100160,25.0,40,106,521.0,42.0,63,3.2,7.4,238.9,,Yes,78.2,Yes,74.6,Good
100161,20.1,67,15,548.0,38.0,88,11.9,16.9,108.2,14.6,No,89.4,No,73.0,Good
100162,25.4,35,136,1251.0,49.0,96,3.4,13.8,128.0,19.4,Yes,62.1,Yes,60.2,Fair
100163,26.5,70,24,1104.0,68.0,16,10.0,17.4,307.6,13.3,Yes,46.3,Yes,63.5,Fair
100164,20.5,63,117,510.0,62.0,112,9.7,16.7,293.4,6.2,No,68.9,Yes,55.9,Fair
100165,25.9,65,140,,35.0,96,12.8,8.7,286.8,4.5,Yes,56.2,No,70.6,Good
100166,24.2,66,52,1037.0,69.0,88,3.4,13.6,281.3,22.8,No,67.4,No,51.0,Fair
100167,25.5,46,56,1308.0,59.0,96,5.8,12.0,187.8,8.7,No,57.9,No,55.5,Fair
100168,28.7,69,108,412.0,53.0,54,3.1,14.6,268.7,25.7,No,71.7,No,52.4,Fair
100169,22.3,69,23,1333.0,68.0,117,6.9,14.2,166.2,22.8,Yes,78.1,No,47.4,Poor
100170,20.7,41,141,638.0,30.0,8,12.9,2.8,80.2,3.4,Yes,54.2,Yes,100.0,Excellent
100171,20.3,50,124,1062.0,33.0,90,11.4,4.2,168.0,7.6,Yes,81.6,No,73.6,Good
100172,20.6,69,149,1444.0,67.0,88,10.7,4.8,97.6,10.2,Yes,56.8,No,55.2,Fair
100173,22.8,48,11,1093.0,66.0,67,8.4,14.7,167.3,18.6,Yes,72.2,Yes,56.7,Fair
100174,24.0,32,44,1370.0,34.0,72,12.6,14.6,139.2,24.7,Yes,111.4,No,81.2,Good
100175,23.8,47,19,1363.0,54.0,109,7.4,8.9,229.7,,Yes,85.4,Yes,57.5,Fair
100176,25.5,48,121,475.0,26.0,78,3.8,10.5,158.5,9.0,Yes,71.2,No,79.0,Good
100177,23.0,35,30,728.0,48.0,15,12.1,14.9,261.7,12.5,Yes,59.6,No,81.9,Good
100178,27.4,45,24,551.0,63.0,15,5.4,5.6,203.6,7.1,Yes,86.1,No,62.4,Fair
100179,22.2,37,121,471.0,41.0,12,2.6,0.9,325.8,17.3,Yes,61.1,No,90.5,Excellent
100180,31.2,47,135,624.0,42.0,77,3.5,8.7,77.3,15.4,Yes,53.6,No,48.6,Poor
100181,24.9,68,94,872.0,43.0,85,9.3,16.4,256.3,10.9,Yes,61.0,No,69.2,Fair
100182,20.4,41,94,759.0,54.0,84,9.3,14.2,251.7,16.5,Yes,86.0,No,65.2,Fair
100183,19.8,39,14,939.0,29.0,72,5.1,6.6,335.2,12.0,Yes,81.5,Yes,84.5,Good
100184,24.4,36,126,1210.0,27.0,62,10.7,1.2,161.5,11.6,Yes,66.5,Yes,80.9,Good
100185,22.3,30,81,1008.0,67.0,118,11.3,11.5,141.6,9.4,Yes,83.7,Yes,54.1,Fair
100186,25.1,65,83,,67.0,40,13.0,15.0,101.7,17.1,Yes,70.1,Yes,62.2,Fair
100187,24.4,50,60,400.0,31.0,52,9.0,12.0,129.6,14.4,Yes,81.3,Yes,83.8,Good
100188,22.8,66,33,1077.0,48.0,67,11.4,7.7,200.6,7.5,Yes,82.5,No,69.4,Fair
100189,20.5,53,47,690.0,48.0,73,11.0,2.2,301.3,2.4,Yes,70.2,No,73.6,Good
100190,18.5,54,53,603.0,42.0,98,5.1,16.4,135.3,6.2,Yes,62.7,No,65.5,Fair
100191,21.7,36,84,965.0,45.0,116,5.7,5.0,97.3,3.2,Yes,71.9,Yes,70.3,Good
100192,25.6,46,104,881.0,56.0,8,7.7,4.0,131.6,14.1,No,75.3,No,75.0,Good
100193,23.6,58,32,910.0,51.0,50,2.2,14.7,80.3,8.3,Yes,63.3,No,74.4,Good
100194,19.3,59,133,1323.0,57.0,47,5.6,17.7,328.0,13.8,Yes,38.7,Yes,67.3,Fair
100195,23.5,36,95,677.0,25.0,79,7.7,11.9,311.8,11.2,Yes,89.6,No,82.0,Good
100196,24.2,62,52,,27.0,48,3.3,11.2,142.5,17.1,Yes,80.6,Yes,88.0,Excellent
100197,20.3,36,49,415.0,36.0,17,3.5,5.7,124.1,22.3,Yes,77.4,No,86.0,Excellent
100198,23.5,53,56,755.0,31.0,9,7.6,0.4,321.6,15.4,Yes,48.9,Yes,96.7,Excellent
100199,23.2,40,29,755.0,41.0,84,10.8,3.5,50.5,3.7,Yes,69.1,No,72.3,Good
100200,19.6,38,118,1229.0,33.0,114,12.0,10.5,230.2,2.5,Yes,72.4,No,64.2,Fair
100201,24.1,41,77,998.0,53.0,53,8.6,2.7,324.8,8.0,Yes,89.6,No,72.6,Good
100202,24.7,64,33,1327.0,38.0,78,7.7,15.9,202.6,13.9,Yes,68.4,No,69.5,Fair
100203,26.2,33,45,1490.0,25.0,14,6.6,3.4,50.9,3.3,No,50.1,No,89.2,Excellent
100204,26.2,65,54,1258.0,37.0,10,4.3,9.4,115.7,11.2,Yes,89.2,Yes,81.1,Good
100205,18.9,57,139,613.0,55.0,39,3.8,9.2,326.7,26.8,Yes,78.8,Yes,71.5,Good
100206,20.2,42,37,848.0,56.0,117,11.5,10.9,55.1,4.5,Yes,63.3,Yes,54.7,Fair
100207,24.5,52,32,,57.0,111,7.6,5.9,168.4,28.6,Yes,73.7,Yes,57.0,Fair
100208,24.5,48,100,1186.0,34.0,105,11.5,15.7,286.9,26.0,Yes,59.8,No,64.3,Fair
100209,24.5,66,143,898.0,57.0,104,10.4,8.0,301.4,25.3,Yes,94.0,No,51.6,Fair
100210,32.0,68,112,1109.0,,46,4.3,12.6,193.3,26.2,Yes,85.2,Yes,46.5,Poor
100211,24.7,53,47,779.0,28.0,117,8.1,11.4,119.7,4.2,Yes,57.4,No,71.7,Good
100212,26.4,45,103,1139.0,25.0,100,7.3,2.1,229.9,6.2,Yes,40.1,Yes,68.6,Fair
100213,25.9,62,62,1031.0,21.0,19,7.1,11.2,129.1,5.8,Yes,81.0,Yes,92.9,Excellent
100214,25.0,41,47,1447.0,35.0,97,8.5,9.9,126.6,5.1,Yes,59.7,No,64.8,Fair
100215,22.1,63,52,,20.0,21,13.8,16.2,292.3,11.2,Yes,79.5,Yes,100.0,Excellent
100216,25.3,36,112,1344.0,49.0,47,11.8,15.9,96.3,25.2,No,56.7,Yes,71.4,Good
100217,20.7,40,123,1498.0,67.0,81,12.8,2.7,51.7,9.1,Yes,73.7,No,56.7,Fair
100218,22.3,60,13,1152.0,,15,2.4,1.5,151.0,8.8,Yes,87.9,No,85.9,Excellent
100219,21.5,58,14,934.0,20.0,4,3.7,5.3,197.3,20.9,Yes,66.5,No,100.0,Excellent
100220,23.2,42,77,1072.0,58.0,64,3.0,17.8,261.5,4.7,Yes,66.6,Yes,65.6,Fair
100221,29.9,60,132,1464.0,35.0,82,5.2,0.4,284.3,12.1,Yes,80.1,Yes,58.5,Fair
100222,17.4,31,89,967.0,36.0,73,7.3,12.1,249.1,10.3,Yes,64.2,No,72.4,Good
100223,25.1,68,20,814.0,67.0,20,9.7,11.0,238.0,25.7,No,84.4,No,64.2,Fair
100224,18.2,44,129,848.0,67.0,60,8.0,11.6,249.7,16.4,Yes,56.3,No,57.6,Fair
100225,21.6,40,35,1009.0,57.0,76,12.8,3.9,131.5,20.1,Yes,62.6,No,63.7,Fair
100226,26.3,63,45,1057.0,37.0,54,13.3,4.1,164.7,5.6,Yes,70.3,No,73.8,Good
100227,23.2,68,131,835.0,41.0,23,4.0,7.8,234.9,28.0,Yes,56.6,No,89.5,Excellent
100228,19.8,33,68,1104.0,41.0,22,12.2,1.7,69.7,11.0,Yes,77.1,Yes,90.1,Excellent
100229,20.9,40,105,638.0,54.0,86,7.8,1.3,138.6,21.8,Yes,72.7,No,65.5,Fair
100230,25.0,58,15,1465.0,50.0,10,7.4,1.6,171.9,28.7,Yes,40.4,No,85.9,Excellent
100231,20.8,31,107,1133.0,59.0,46,11.4,10.3,210.0,16.2,No,56.3,Yes,74.3,Good
100232,23.6,45,65,1199.0,46.0,1,3.1,7.2,195.9,16.2,Yes,82.4,No,94.0,Excellent
100233,23.1,68,145,409.0,55.0,69,12.6,5.3,265.4,5.3,Yes,54.9,Yes,61.6,Fair
100234,21.0,42,103,1146.0,23.0,52,10.1,5.7,192.0,12.9,Yes,46.6,No,92.5,Excellent
100235,29.4,66,36,538.0,68.0,10,12.5,3.7,321.2,25.9,Yes,62.6,Yes,57.6,Fair
100236,24.9,46,129,1130.0,24.0,14,13.9,7.4,164.1,5.8,Yes,65.7,No,92.3,Excellent
100237,16.9,50,34,595.0,44.0,72,8.2,3.7,207.6,27.7,Yes,68.7,Yes,59.4,Fair
100238,23.6,48,95,1497.0,50.0,11,3.1,12.6,51.0,20.7,Yes,63.8,No,79.8,Good
100239,21.0,36,21,663.0,33.0,35,4.0,2.2,143.1,13.8,Yes,48.0,Yes,92.9,Excellent
100240,25.6,67,96,1344.0,49.0,91,5.9,17.1,310.0,17.3,Yes,76.4,No,61.5,Fair
100241,20.6,37,118,1319.0,66.0,22,3.2,1.6,150.1,6.2,Yes,82.5,Yes,72.2,Good
100242,22.7,42,98,560.0,31.0,26,11.8,17.0,126.0,8.1,Yes,73.5,No,91.7,Excellent
100243,24.5,66,19,890.0,46.0,87,5.6,15.0,213.1,10.0,Yes,109.0,Yes,67.4,Fair
100244,25.6,31,83,1169.0,,13,13.7,12.3,73.6,12.8,Yes,77.8,No,73.6,Good
100245,19.4,70,86,710.0,43.0,53,10.4,16.4,209.5,27.6,Yes,64.1,No,74.5,Good
100246,22.0,40,63,626.0,49.0,98,4.1,2.5,141.1,12.3,No,74.3,No,65.3,Fair
100247,21.6,53,111,672.0,37.0,26,7.7,3.2,164.9,16.7,Yes,62.6,Yes,87.3,Excellent
100248,21.0,35,146,1337.0,33.0,20,7.6,4.5,287.4,6.5,Yes,80.8,No,92.8,Excellent
100249,28.3,55,110,716.0,38.0,48,7.9,4.4,248.6,,Yes,70.2,No,66.8,Fair
100250,24.2,36,82,690.0,41.0,61,8.4,5.6,183.8,17.7,Yes,87.4,No,74.7,Good
100251,19.2,68,81,1128.0,45.0,76,2.4,10.4,223.3,14.3,Yes,70.7,Yes,68.4,Fair
100252,25.8,48,63,774.0,26.0,71,10.2,0.5,280.1,28.5,Yes,46.6,Yes,80.4,Good
100253,29.4,35,12,966.0,47.0,43,7.8,6.9,273.7,,Yes,90.7,No,60.3,Fair
100254,26.1,58,120,1267.0,57.0,107,11.5,4.4,105.6,20.5,No,92.4,Yes,45.8,Poor
100255,18.4,68,105,1154.0,24.0,43,11.8,10.9,140.3,27.8,Yes,50.0,No,83.9,Good
100256,21.5,31,80,651.0,55.0,97,4.8,17.7,154.5,17.8,Yes,83.6,No,64.7,Fair
100257,26.8,48,28,706.0,37.0,60,2.6,9.3,106.3,25.2,No,100.3,Yes,73.1,Good
100258,20.9,33,43,1074.0,33.0,41,10.4,7.7,53.6,13.5,Yes,56.1,No,84.7,Good
100259,24.3,35,59,1267.0,67.0,22,13.7,6.6,102.2,4.4,Yes,72.8,No,64.2,Fair
100260,25.3,66,55,663.0,42.0,72,7.4,14.1,292.5,29.8,Yes,58.0,Yes,66.7,Fair
100261,20.2,57,92,467.0,33.0,0,5.1,1.3,213.8,6.6,Yes,129.0,Yes,91.4,Excellent
100262,22.8,59,60,913.0,51.0,35,3.9,17.3,152.5,9.0,Yes,75.2,No,82.7,Good
100263,16.0,36,63,1168.0,24.0,54,5.4,7.5,232.5,6.6,Yes,94.7,Yes,80.5,Good
100264,19.9,38,99,841.0,41.0,109,5.9,5.6,272.0,11.4,Yes,81.8,No,61.5,Fair
100265,22.2,54,90,400.0,47.0,15,7.1,17.5,156.3,10.1,No,72.5,No,90.8,Excellent
100266,19.3,62,127,757.0,62.0,88,9.9,16.8,189.8,18.8,Yes,69.1,No,55.4,Fair
100267,27.9,30,28,1302.0,31.0,17,5.3,11.6,69.3,29.9,Yes,72.3,Yes,76.0,Good
100268,18.7,35,36,673.0,37.0,97,2.6,0.3,229.1,3.5,Yes,79.9,No,67.6,Fair
100269,21.7,47,16,1255.0,55.0,37,6.5,13.5,156.9,23.8,Yes,73.3,No,75.8,Good
100270,23.4,39,78,1417.0,50.0,66,12.3,6.0,180.1,5.6,Yes,65.9,Yes,71.5,Good
100271,27.3,57,103,572.0,32.0,19,8.0,7.0,176.8,2.6,Yes,102.8,Yes,85.0,Excellent
100272,18.7,40,122,984.0,39.0,18,13.6,2.9,239.7,19.9,Yes,72.8,Yes,80.0,Good
100273,26.5,62,116,1328.0,64.0,12,8.0,9.4,221.7,26.5,No,46.2,No,64.2,Fair
100274,23.0,30,129,880.0,55.0,16,5.3,13.4,176.6,6.9,Yes,81.6,No,78.8,Good
100275,20.1,42,145,854.0,26.0,77,4.3,4.9,55.1,11.6,Yes,94.7,No,81.9,Good
100276,24.4,66,51,595.0,42.0,29,10.3,16.9,236.3,6.7,No,80.4,No,82.9,Good
100277,23.6,49,22,1195.0,53.0,85,8.4,3.5,313.9,27.4,Yes,78.4,No,66.2,Fair
100278,21.2,30,27,998.0,,42,9.2,1.2,280.9,9.6,Yes,75.7,Yes,69.8,Fair
100279,23.2,32,51,,51.0,47,11.1,11.6,344.5,14.5,No,64.7,No,77.1,Good
100280,21.8,47,60,1247.0,40.0,42,10.7,15.3,91.7,27.1,Yes,84.9,No,89.7,Excellent
100281,23.3,70,122,838.0,25.0,92,2.5,17.2,116.8,17.5,Yes,60.8,No,82.6,Good
100282,25.0,43,110,1049.0,35.0,113,11.6,13.8,211.8,28.1,Yes,59.0,No,61.8,Fair
100283,27.8,60,12,758.0,54.0,65,8.4,3.6,120.8,27.9,Yes,90.0,No,51.4,Fair
100284,19.3,56,88,1459.0,66.0,118,6.7,17.6,60.4,14.9,Yes,82.4,No,47.3,Poor
100285,29.4,46,107,1457.0,39.0,52,8.5,16.5,170.7,18.3,Yes,61.5,No,65.6,Fair
100286,17.1,58,32,1057.0,61.0,71,9.3,2.9,136.3,8.4,Yes,75.2,No,53.7,Fair
100287,22.5,65,68,415.0,60.0,77,3.8,10.1,129.1,29.7,Yes,70.5,No,61.7,Fair
100288,24.8,66,122,1144.0,30.0,33,7.0,10.0,336.0,9.8,No,51.9,No,89.8,Excellent
100289,23.8,55,77,820.0,51.0,76,6.0,8.0,121.5,23.9,Yes,76.6,No,70.0,Good
100290,21.1,46,63,952.0,33.0,73,6.2,17.7,88.8,10.8,Yes,90.6,Yes,79.2,Good
100291,22.4,51,66,1166.0,43.0,71,3.1,1.1,87.6,,No,84.4,Yes,73.6,Good
100292,21.5,54,120,,63.0,70,3.9,11.3,291.9,4.9,Yes,67.4,Yes,66.2,Fair
100293,21.2,31,69,1431.0,58.0,12,3.9,3.7,264.5,17.7,Yes,69.6,Yes,83.8,Good
100294,25.5,51,82,1279.0,62.0,89,6.5,9.5,88.8,8.9,Yes,78.8,No,54.6,Fair
100295,24.1,34,64,1251.0,50.0,55,12.7,14.0,115.9,6.2,No,81.1,No,70.1,Good
100296,20.9,33,126,909.0,36.0,58,4.5,4.4,274.2,8.3,Yes,66.0,No,81.8,Good
100297,25.7,65,72,1365.0,44.0,31,7.0,7.1,132.4,9.0,No,77.4,Yes,78.6,Good
100298,23.9,35,64,1313.0,28.0,82,5.7,17.1,344.5,16.1,Yes,56.6,Yes,77.9,Good
100299,25.4,50,34,417.0,41.0,119,11.4,13.7,212.2,12.8,Yes,40.9,No,59.9,Fair
100300,24.9,42,35,,64.0,78,2.6,10.3,107.6,4.1,Yes,107.7,No,53.3,Fair
100301,20.5,66,72,1318.0,67.0,53,4.4,4.0,307.6,17.0,No,96.7,No,61.6,Fair
100302,21.3,54,82,1458.0,54.0,1,4.5,7.7,145.8,24.1,Yes,71.0,No,85.6,Excellent
100303,25.2,55,88,1301.0,56.0,117,13.9,13.9,136.6,18.1,Yes,71.5,No,47.9,Poor
100304,24.8,68,74,1029.0,36.0,36,8.8,14.8,148.2,29.3,Yes,71.7,No,82.4,Good
100305,22.9,49,78,1193.0,47.0,82,3.7,4.4,280.5,4.8,Yes,85.7,No,69.8,Fair
100306,23.4,62,18,746.0,20.0,96,5.3,11.9,102.0,25.0,Yes,101.2,Yes,82.9,Good
100307,26.8,43,35,1455.0,28.0,102,4.0,1.7,164.5,16.2,Yes,78.6,Yes,61.5,Fair
100308,21.2,65,37,1307.0,68.0,113,3.5,0.4,59.2,16.6,Yes,39.5,Yes,49.2,Poor
100309,24.6,46,49,1423.0,32.0,32,11.6,9.9,298.0,16.5,Yes,62.9,Yes,86.3,Excellent
100310,22.4,50,143,975.0,66.0,0,7.9,4.0,152.2,11.1,Yes,53.0,Yes,83.5,Good
100311,22.3,45,36,598.0,51.0,102,9.6,1.4,124.5,11.1,Yes,76.9,No,61.9,Fair
100312,26.3,45,47,700.0,47.0,27,6.0,13.1,224.0,19.7,Yes,59.1,No,73.0,Good
100313,25.5,49,94,1416.0,50.0,16,8.6,9.0,261.5,3.3,Yes,57.1,No,80.6,Good
100314,25.4,58,73,425.0,27.0,56,5.1,14.3,293.9,18.5,No,70.7,No,80.3,Good
100315,26.9,57,39,849.0,27.0,69,5.7,12.0,154.3,22.3,Yes,93.6,No,76.3,Good
100316,23.1,37,108,719.0,53.0,51,9.8,13.1,293.7,12.0,Yes,94.7,No,74.6,Good
100317,25.0,53,140,555.0,42.0,43,3.8,5.5,189.5,8.1,Yes,85.5,No,81.8,Good
100318,22.1,32,21,870.0,29.0,83,9.4,4.7,80.3,8.0,Yes,61.7,Yes,84.0,Good
100319,24.0,54,100,819.0,56.0,46,12.2,10.8,303.9,4.3,Yes,76.4,No,73.8,Good
100320,22.6,48,39,1050.0,67.0,12,3.4,3.6,214.3,4.5,No,75.8,No,81.0,Good
100321,23.3,62,47,1285.0,44.0,75,12.8,14.7,230.7,6.7,Yes,52.8,No,71.2,Good
100322,24.8,31,94,1329.0,52.0,29,3.0,9.4,331.2,2.5,Yes,65.2,No,76.8,Good
100323,20.5,44,69,1234.0,64.0,84,6.2,4.1,217.7,9.5,No,66.2,No,59.9,Fair
100324,29.3,51,47,1275.0,23.0,65,9.3,11.3,51.7,10.6,Yes,85.6,No,69.0,Fair
100325,20.0,39,113,1341.0,26.0,52,8.7,17.0,311.2,29.9,Yes,44.3,No,88.4,Excellent
100326,19.4,47,38,1393.0,,17,3.2,1.5,135.4,29.8,Yes,68.7,No,81.9,Good
100327,26.5,51,121,971.0,21.0,27,11.6,2.0,200.5,7.2,Yes,74.9,No,91.9,Excellent
100328,25.4,56,30,453.0,67.0,3,13.7,15.2,111.5,8.0,Yes,77.3,No,68.1,Fair
100329,24.9,42,128,1004.0,65.0,41,4.2,2.0,139.1,15.8,Yes,83.8,No,63.5,Fair
100330,24.9,62,69,724.0,51.0,106,12.7,0.7,256.0,6.2,Yes,67.5,Yes,58.7,Fair
100331,23.0,34,149,1369.0,24.0,116,8.7,6.3,178.9,,Yes,65.7,No,70.3,Good
100332,20.3,55,122,1284.0,,5,13.2,8.4,238.1,13.2,Yes,84.5,Yes,71.8,Good
100333,23.2,42,138,664.0,36.0,101,4.1,10.2,297.1,11.1,Yes,73.9,No,72.5,Good
100334,21.0,56,67,781.0,,8,11.5,9.1,152.2,25.0,Yes,66.2,No,99.1,Excellent
100335,25.9,43,12,732.0,31.0,19,2.7,16.4,220.5,25.2,Yes,86.5,No,89.0,Excellent
100336,22.6,53,32,1433.0,54.0,108,12.6,13.8,283.3,29.7,Yes,57.8,Yes,58.7,Fair
100337,20.5,32,146,602.0,40.0,93,10.1,17.7,264.5,8.2,Yes,84.0,Yes,74.7,Good
100338,22.0,59,92,457.0,40.0,100,6.4,8.6,212.0,26.9,Yes,42.0,No,75.1,Good
100339,24.2,64,64,946.0,21.0,37,4.3,1.5,165.0,,Yes,60.9,Yes,93.0,Excellent
100340,21.3,43,119,1270.0,40.0,67,11.8,17.2,172.3,18.6,No,60.6,Yes,80.2,Good
100341,20.5,41,125,502.0,34.0,101,9.2,0.1,179.9,27.1,Yes,64.8,No,69.1,Fair
100342,23.7,57,71,,30.0,49,6.3,14.0,154.7,28.4,Yes,76.5,Yes,83.9,Good
100343,23.7,58,96,797.0,29.0,59,7.3,0.6,259.7,22.4,Yes,61.1,No,86.9,Excellent
100344,21.5,46,109,791.0,37.0,12,11.9,13.7,87.6,11.7,Yes,82.9,Yes,90.1,Excellent
100345,21.6,69,36,505.0,42.0,118,6.1,16.9,340.2,15.7,Yes,73.4,No,68.0,Fair
100346,23.7,50,43,1477.0,50.0,98,3.1,7.0,283.7,19.2,No,49.5,No,61.2,Fair
100347,18.7,52,42,510.0,45.0,93,12.9,4.3,139.4,25.2,Yes,71.9,No,58.7,Fair
100348,18.8,49,101,623.0,21.0,41,6.6,4.1,62.8,20.4,Yes,64.5,Yes,94.0,Excellent
100349,20.8,40,105,474.0,58.0,67,6.2,8.9,263.4,12.2,Yes,95.4,Yes,63.2,Fair
100350,22.4,63,104,905.0,26.0,24,4.5,3.1,270.3,13.7,Yes,74.0,No,99.5,Excellent
100351,23.9,39,47,1437.0,43.0,30,12.8,12.1,339.1,3.4,Yes,72.2,No,78.0,Good
100352,27.4,39,50,1169.0,58.0,110,4.6,6.6,126.1,27.9,Yes,88.5,No,46.2,Poor
100353,25.6,35,146,881.0,51.0,11,9.6,5.8,74.8,4.5,Yes,73.5,Yes,75.8,Good
100354,22.5,65,146,763.0,45.0,63,12.6,8.3,324.5,18.2,Yes,55.4,No,77.3,Good
100355,22.9,53,88,638.0,42.0,78,2.4,9.8,127.6,26.4,Yes,59.6,Yes,74.6,Good
100356,20.0,41,137,1245.0,33.0,60,11.9,2.6,266.5,13.8,Yes,69.3,Yes,79.3,Good
100357,22.9,52,31,1384.0,48.0,52,6.9,12.7,68.2,24.4,Yes,88.8,No,79.8,Good
100358,22.1,56,25,791.0,44.0,25,9.9,15.9,278.2,24.5,Yes,53.3,No,93.7,Excellent
100359,24.0,66,41,1440.0,50.0,60,6.5,5.0,88.1,3.7,Yes,66.8,Yes,69.2,Fair
100360,20.5,35,47,1364.0,21.0,9,10.3,3.2,258.7,13.5,Yes,59.4,Yes,99.7,Excellent
100361,24.6,30,107,411.0,21.0,11,5.1,13.7,209.7,21.3,Yes,70.8,Yes,100.0,Excellent
100362,27.6,35,145,545.0,42.0,21,2.3,3.3,336.6,13.8,Yes,68.9,No,69.8,Fair
100363,22.7,51,30,568.0,66.0,103,13.4,0.7,61.1,17.3,Yes,51.0,No,52.4,Fair
100364,24.2,70,65,1246.0,30.0,52,2.2,11.1,137.6,18.6,Yes,62.9,Yes,85.3,Excellent
100365,25.1,53,55,,48.0,20,11.9,4.3,70.9,6.2,Yes,43.2,No,73.4,Good
100366,21.8,54,52,,61.0,34,4.0,3.1,313.8,13.5,Yes,70.3,Yes,77.2,Good
100367,23.7,44,129,898.0,54.0,70,6.7,17.7,228.2,2.8,Yes,51.8,Yes,65.6,Fair
100368,23.0,55,55,1296.0,68.0,81,11.9,5.3,210.5,6.2,Yes,61.4,Yes,59.3,Fair
100369,23.3,37,57,1476.0,28.0,26,4.5,16.3,89.4,16.3,Yes,69.4,Yes,94.3,Excellent
100370,20.7,53,93,517.0,51.0,59,12.4,3.2,196.7,18.1,Yes,69.1,Yes,73.1,Good
100371,23.1,67,40,764.0,49.0,98,8.0,14.7,169.6,6.1,No,75.8,Yes,61.8,Fair
100372,24.5,35,80,535.0,34.0,46,6.4,9.0,144.7,23.2,Yes,71.6,No,85.2,Excellent
100373,27.4,64,17,956.0,33.0,65,9.9,1.4,281.7,12.4,Yes,52.3,Yes,70.8,Good
100374,25.9,30,139,417.0,36.0,95,6.1,13.2,68.4,27.8,Yes,67.1,Yes,65.9,Fair
100375,29.5,65,61,802.0,41.0,14,6.2,16.1,244.0,12.9,Yes,68.5,Yes,72.4,Good
100376,20.7,41,54,604.0,49.0,108,10.8,2.9,296.9,6.2,Yes,72.0,Yes,59.2,Fair
100377,25.6,67,46,898.0,36.0,23,5.7,13.1,322.2,23.2,Yes,51.0,Yes,85.7,Excellent
100378,23.6,40,53,723.0,35.0,83,4.4,8.0,273.8,17.9,Yes,51.6,Yes,80.9,Good
100379,29.6,41,126,994.0,27.0,9,11.7,13.6,134.7,12.8,Yes,73.9,No,73.9,Good
100380,20.6,68,47,961.0,58.0,119,11.7,12.9,230.2,12.0,Yes,67.1,No,52.3,Fair
100381,20.5,36,108,878.0,50.0,87,8.0,0.5,92.4,6.2,Yes,88.4,No,71.4,Good
100382,21.2,40,133,563.0,31.0,23,8.3,3.2,85.1,11.5,Yes,68.2,No,96.5,Excellent
100383,16.6,65,15,723.0,52.0,87,10.4,8.5,241.6,2.8,Yes,54.4,No,45.7,Poor
100384,21.4,60,77,950.0,31.0,103,8.1,16.8,305.3,16.1,No,42.4,No,74.9,Good
100385,20.7,62,110,1230.0,44.0,111,7.0,6.2,70.2,27.1,Yes,102.4,No,64.4,Fair
100386,23.5,42,143,1039.0,57.0,56,13.9,11.3,81.8,24.3,Yes,85.8,No,61.0,Fair
100387,24.0,47,22,1033.0,67.0,111,3.8,0.2,219.7,2.8,Yes,73.5,No,45.9,Poor
100388,28.6,70,39,1158.0,37.0,33,9.1,12.8,115.5,26.7,Yes,65.5,Yes,71.8,Good
100389,25.9,53,109,607.0,38.0,40,12.6,10.9,233.5,14.7,Yes,72.1,Yes,79.4,Good
100390,21.3,38,11,714.0,22.0,39,10.2,12.9,114.4,7.3,Yes,86.5,Yes,95.6,Excellent
100391,20.3,60,67,703.0,54.0,10,12.6,16.3,84.9,23.1,Yes,79.8,No,75.6,Good
100392,24.5,70,45,1300.0,24.0,89,6.0,2.6,213.7,,Yes,95.2,Yes,71.7,Good
100393,19.0,39,81,638.0,54.0,0,5.3,4.7,308.7,9.1,No,69.6,No,75.7,Good
100394,28.5,31,146,1203.0,46.0,29,12.2,17.9,255.5,6.5,No,66.8,Yes,67.7,Fair
100395,26.5,67,135,674.0,56.0,116,6.7,2.8,295.6,15.6,No,76.3,Yes,45.3,Poor
100396,21.6,44,86,1353.0,65.0,42,10.5,13.0,129.9,4.6,Yes,67.6,Yes,68.6,Fair
100397,17.9,32,59,1489.0,40.0,81,3.8,13.1,315.8,24.0,No,39.5,No,62.0,Fair
100398,27.1,60,41,654.0,35.0,25,11.1,12.3,163.1,15.2,Yes,55.2,No,82.1,Good
100399,22.7,35,107,524.0,47.0,52,8.6,4.1,305.7,14.5,No,56.9,Yes,78.6,Good
100400,26.7,32,52,1014.0,44.0,46,5.2,3.9,191.4,2.1,No,72.6,No,69.8,Fair
100401,18.2,40,134,784.0,52.0,119,7.9,12.0,130.4,24.9,No,46.4,Yes,51.3,Fair
100402,21.2,44,104,846.0,36.0,8,10.4,3.4,128.1,15.8,Yes,46.8,No,93.4,Excellent
100403,23.0,57,87,786.0,62.0,8,2.1,11.9,220.3,14.3,Yes,79.7,No,76.0,Good
100404,23.1,39,63,782.0,49.0,0,9.6,8.9,73.7,23.3,Yes,85.7,No,86.4,Excellent
100405,21.6,67,56,523.0,60.0,70,8.5,7.0,329.0,3.8,Yes,86.6,No,62.0,Fair
100406,24.9,36,23,1127.0,23.0,43,4.6,5.4,131.4,12.3,Yes,71.5,No,84.9,Good
100407,19.8,44,64,1295.0,21.0,58,11.0,17.1,150.7,18.1,Yes,40.5,Yes,89.7,Excellent
100408,22.6,47,72,727.0,28.0,55,5.6,9.1,120.0,14.9,Yes,84.6,No,87.7,Excellent
100409,23.4,47,28,1093.0,50.0,105,5.3,10.1,50.9,7.1,Yes,53.2,Yes,61.7,Fair
100410,24.5,70,100,1491.0,44.0,50,7.7,17.1,257.8,10.4,Yes,63.8,No,78.0,Good
100411,25.1,53,146,758.0,56.0,15,10.1,11.8,227.2,10.4,Yes,40.3,Yes,77.2,Good
100412,19.6,31,110,1402.0,55.0,37,13.1,17.2,292.9,29.8,Yes,88.2,Yes,73.3,Good
100413,18.4,69,46,1196.0,24.0,10,3.7,1.9,62.3,11.1,No,64.7,No,92.1,Excellent
100414,26.8,49,116,842.0,43.0,114,6.8,15.2,328.6,7.7,Yes,41.8,Yes,59.1,Fair
100415,24.0,63,101,563.0,43.0,24,2.8,6.0,149.3,,Yes,57.1,No,88.6,Excellent
100416,20.8,55,61,1372.0,48.0,92,11.1,14.6,323.9,13.8,Yes,78.1,No,64.8,Fair
100417,27.7,36,37,760.0,69.0,82,7.4,15.4,82.1,14.4,Yes,68.2,No,41.9,Poor
100418,23.3,67,45,984.0,64.0,81,10.5,4.9,273.2,17.4,Yes,81.7,Yes,54.0,Fair
100419,26.5,59,125,1252.0,50.0,110,5.9,7.4,223.8,18.7,Yes,52.6,Yes,49.8,Poor
100420,23.2,34,73,1410.0,56.0,58,12.1,13.1,157.5,18.5,Yes,75.0,No,71.5,Good
100421,29.2,40,27,1423.0,38.0,28,8.4,1.8,73.7,3.0,Yes,67.3,No,70.4,Good
100422,28.3,30,98,640.0,42.0,79,13.3,13.6,231.4,24.9,No,59.8,No,55.6,Fair
100423,22.3,63,87,1065.0,54.0,109,2.9,2.0,57.9,,Yes,59.8,Yes,59.4,Fair
100424,25.9,30,99,964.0,69.0,39,8.2,16.5,200.4,10.2,Yes,39.9,No,58.4,Fair
100425,24.9,48,17,1231.0,25.0,7,11.2,5.0,231.3,6.9,Yes,63.9,No,93.3,Excellent
100426,27.1,31,24,1375.0,25.0,97,9.2,10.4,269.8,23.5,Yes,74.3,No,68.7,Fair
100427,20.1,50,16,430.0,56.0,5,2.3,2.1,347.4,18.3,No,41.2,No,84.1,Good
100428,25.1,49,26,622.0,49.0,44,13.7,4.9,128.0,23.1,No,70.4,No,67.2,Fair
100429,26.2,52,95,665.0,20.0,108,5.6,7.3,146.7,20.3,Yes,42.5,No,69.1,Fair
100430,17.7,50,127,1187.0,27.0,52,5.0,8.8,152.3,4.9,Yes,59.6,Yes,81.6,Good
100431,19.5,53,73,780.0,47.0,93,7.8,0.0,269.5,10.4,Yes,57.1,No,68.4,Fair
100432,16.9,33,21,955.0,44.0,107,8.5,16.0,329.5,16.2,Yes,93.8,No,53.0,Fair
100433,22.2,41,65,461.0,52.0,97,11.2,0.1,342.3,10.5,Yes,61.5,Yes,68.8,Fair
100434,25.2,51,110,1112.0,57.0,20,6.7,13.9,333.7,7.8,Yes,70.4,Yes,73.6,Good
100435,27.5,49,25,1246.0,,115,7.3,8.5,313.8,26.4,Yes,80.4,No,53.1,Fair
100436,23.2,47,11,920.0,30.0,56,8.4,9.4,347.3,22.9,Yes,88.2,No,85.6,Excellent
100437,27.9,30,137,1494.0,21.0,75,6.7,3.7,162.8,11.7,Yes,89.4,No,71.5,Good
100438,18.9,59,101,1001.0,49.0,112,13.0,10.9,334.5,23.4,Yes,62.7,No,53.6,Fair
100439,17.9,62,114,539.0,49.0,5,12.2,9.7,278.3,19.6,Yes,77.1,Yes,80.1,Good
100440,22.8,53,40,989.0,23.0,102,7.5,3.0,100.5,2.1,Yes,39.8,No,79.7,Good
100441,24.2,43,56,927.0,32.0,62,2.0,4.3,63.6,12.6,Yes,72.8,No,83.2,Good
100442,22.9,65,52,940.0,26.0,5,12.8,1.2,114.3,10.1,Yes,79.2,Yes,100.0,Excellent
100443,16.8,34,74,774.0,57.0,52,3.5,1.2,283.6,8.1,Yes,68.8,Yes,61.1,Fair
100444,22.7,40,59,690.0,22.0,3,4.9,0.2,239.5,,Yes,65.3,Yes,100.0,Excellent
100445,19.1,53,10,442.0,28.0,116,3.8,4.0,117.3,28.4,No,85.2,Yes,69.2,Fair
100446,25.0,60,131,1476.0,33.0,8,4.2,12.2,272.6,15.6,Yes,79.3,No,92.7,Excellent
100447,24.1,42,37,407.0,30.0,68,11.6,5.7,92.4,25.7,Yes,54.6,Yes,83.6,Good
100448,20.2,45,95,882.0,56.0,73,9.0,6.2,296.6,8.0,Yes,115.9,Yes,65.7,Fair
100449,21.5,53,91,441.0,33.0,110,13.5,2.4,288.2,6.9,Yes,93.2,Yes,68.5,Fair
100450,19.8,42,31,732.0,38.0,71,4.8,10.4,341.8,26.9,Yes,60.7,No,79.2,Good
100451,22.8,53,50,1493.0,27.0,86,7.8,6.2,95.1,15.9,Yes,82.6,Yes,83.8,Good
100452,25.9,55,85,1439.0,26.0,3,13.7,12.2,322.0,27.1,Yes,67.8,Yes,90.4,Excellent
100453,20.0,31,98,468.0,26.0,57,11.9,13.3,152.3,3.8,Yes,77.2,Yes,84.7,Good
100454,24.5,45,68,452.0,,36,10.7,10.5,174.8,27.7,Yes,76.5,Yes,90.3,Excellent
100455,21.4,67,78,1084.0,22.0,70,4.3,5.0,190.5,13.6,Yes,61.0,Yes,95.6,Excellent
100456,20.6,30,132,1393.0,37.0,5,11.2,9.2,238.1,6.4,Yes,73.3,No,94.4,Excellent
100457,22.7,40,83,926.0,64.0,108,6.2,4.5,348.4,21.1,Yes,70.5,Yes,55.1,Fair
100458,19.9,64,16,462.0,52.0,50,8.4,16.3,230.0,24.3,Yes,86.9,Yes,71.7,Good
100459,21.3,58,110,660.0,56.0,105,9.3,13.8,328.0,3.3,Yes,72.7,Yes,56.9,Fair
100460,19.4,66,120,1257.0,47.0,78,9.3,8.9,126.5,29.6,Yes,74.8,No,62.2,Fair
100461,28.9,46,61,,55.0,98,10.7,17.4,169.5,21.5,Yes,77.0,Yes,42.2,Poor
100462,23.1,68,33,1439.0,35.0,49,9.9,9.8,201.3,,Yes,58.2,No,84.9,Good
100463,20.9,57,35,754.0,34.0,95,2.8,5.9,146.9,6.2,Yes,103.6,No,70.5,Good
100464,23.6,58,134,1333.0,48.0,13,7.5,1.7,343.1,13.0,Yes,87.6,No,88.0,Excellent
100465,22.7,32,99,1126.0,37.0,98,10.0,9.8,267.7,8.2,Yes,74.8,No,71.2,Good
100466,22.3,39,131,988.0,68.0,10,5.6,15.5,193.7,15.8,Yes,79.3,No,78.7,Good
100467,24.8,43,19,1004.0,65.0,9,5.8,15.6,275.4,23.9,Yes,82.8,No,69.8,Fair
100468,25.3,41,26,580.0,65.0,60,3.5,10.9,190.2,20.5,Yes,74.6,No,59.9,Fair
100469,21.4,59,11,573.0,38.0,80,7.0,7.1,55.2,14.2,Yes,52.4,No,81.2,Good
100470,21.3,61,121,753.0,48.0,12,13.8,11.7,213.0,5.3,Yes,73.3,Yes,87.1,Excellent
100471,22.2,61,36,753.0,25.0,33,5.4,13.7,237.6,28.8,Yes,71.3,No,95.1,Excellent
100472,16.1,61,80,833.0,64.0,59,8.4,7.4,344.4,9.6,Yes,63.0,No,47.2,Poor
100473,18.5,55,127,1304.0,69.0,108,10.9,8.6,62.2,9.8,Yes,49.0,Yes,39.3,Poor
100474,27.1,30,18,681.0,66.0,50,2.2,12.3,203.6,20.1,Yes,70.7,No,53.7,Fair
100475,27.9,31,95,658.0,46.0,4,12.8,15.8,79.4,23.6,Yes,60.2,Yes,71.0,Good
100476,22.3,46,32,1267.0,,111,6.6,14.2,94.7,29.6,Yes,55.7,No,79.2,Good
100477,24.7,59,82,958.0,46.0,73,12.4,0.4,233.1,29.1,Yes,66.1,No,70.6,Good
100478,23.9,68,36,404.0,38.0,31,2.5,2.2,119.5,27.6,No,82.6,No,81.0,Good
100479,32.0,36,102,995.0,36.0,11,3.7,15.4,274.8,14.2,Yes,41.3,No,65.8,Fair
100480,26.4,56,90,793.0,60.0,51,5.9,15.0,204.3,6.7,Yes,78.6,No,59.1,Fair
100481,22.6,38,93,735.0,30.0,12,6.1,7.0,115.5,18.4,Yes,57.9,Yes,97.4,Excellent
100482,20.1,51,52,462.0,24.0,84,12.2,10.5,198.1,2.5,Yes,80.1,No,81.7,Good
100483,18.2,63,16,443.0,21.0,111,2.1,16.3,50.3,7.5,Yes,71.9,Yes,68.6,Fair
100484,23.6,30,101,552.0,66.0,53,9.7,16.4,308.8,2.1,Yes,73.3,No,63.5,Fair
100485,20.7,38,92,1253.0,31.0,116,3.6,14.1,53.8,7.1,No,62.5,No,66.4,Fair
100486,18.7,49,93,674.0,61.0,96,11.9,3.8,52.1,15.3,Yes,51.3,Yes,46.6,Poor
100487,21.1,48,53,825.0,61.0,53,11.3,13.1,233.5,13.0,Yes,72.9,Yes,67.4,Fair
100488,19.8,65,49,882.0,30.0,40,8.0,1.8,342.1,12.3,Yes,52.5,No,88.8,Excellent
100489,28.1,69,144,,29.0,47,4.6,16.1,306.8,25.3,No,71.7,Yes,70.5,Good
100490,25.6,33,34,478.0,47.0,50,9.6,2.7,125.6,20.9,Yes,72.4,Yes,66.5,Fair
100491,23.0,38,68,538.0,26.0,46,3.9,11.9,109.0,28.2,Yes,56.7,No,93.9,Excellent
100492,27.4,70,112,1349.0,33.0,49,4.3,11.0,237.8,14.5,No,68.5,No,71.7,Good
100493,23.2,51,95,497.0,32.0,117,9.5,14.0,296.8,9.6,Yes,75.4,Yes,70.0,Good
100494,20.4,47,121,,24.0,95,13.9,9.9,158.6,5.4,Yes,62.2,No,83.8,Good
100495,27.6,41,95,597.0,61.0,75,12.7,1.1,179.7,20.8,Yes,57.8,No,50.0,Fair
100496,24.6,68,107,1184.0,27.0,45,9.1,12.7,84.6,25.6,Yes,61.2,No,86.4,Excellent
100497,19.9,38,71,555.0,69.0,98,8.5,6.9,95.8,7.1,Yes,59.9,No,51.5,Fair
100498,22.4,35,17,1473.0,20.0,99,14.0,5.8,220.5,26.6,Yes,68.1,Yes,80.7,Good
100499,20.4,48,122,878.0,24.0,37,8.6,17.9,80.8,16.7,Yes,73.6,Yes,98.7,Excellent
100500,18.9,36,69,627.0,30.0,111,7.0,10.6,110.6,6.0,Yes,64.7,No,68.9,Fair
100501,25.8,45,69,921.0,62.0,91,12.9,12.8,120.4,20.0,Yes,63.1,Yes,52.8,Fair
100502,28.7,34,115,548.0,67.0,12,4.8,9.5,183.2,16.6,Yes,95.5,No,64.2,Fair
100503,18.8,45,11,1481.0,29.0,75,3.2,13.9,63.7,2.8,Yes,60.7,No,75.8,Good
100504,24.7,30,100,561.0,34.0,21,9.6,13.5,199.9,13.2,Yes,52.0,No,86.6,Excellent
100505,21.0,66,23,1262.0,58.0,107,3.2,11.8,328.6,24.0,Yes,70.8,Yes,58.8,Fair
100506,21.5,68,57,794.0,66.0,1,6.5,18.0,57.3,17.6,Yes,56.8,Yes,78.7,Good
100507,21.2,48,112,1200.0,,92,7.1,8.3,239.3,9.9,Yes,50.8,No,67.4,Fair
100508,20.4,66,65,585.0,44.0,76,8.6,12.7,300.8,28.0,Yes,87.1,No,72.1,Good
100509,23.1,46,21,957.0,67.0,98,13.9,14.4,143.7,8.7,Yes,73.1,No,49.2,Poor
100510,20.5,55,64,845.0,25.0,12,4.7,6.8,89.5,9.1,Yes,87.7,Yes,100.0,Excellent
100511,23.8,51,119,1229.0,30.0,56,6.5,8.2,63.0,11.9,Yes,72.0,No,82.4,Good
100512,22.8,37,13,486.0,36.0,33,3.6,17.4,243.2,27.0,Yes,60.8,No,90.4,Excellent
100513,22.3,62,45,837.0,34.0,18,9.3,0.6,215.7,16.2,Yes,96.0,Yes,97.1,Excellent
100514,20.3,31,140,915.0,35.0,8,10.7,6.0,118.8,21.1,Yes,57.0,No,92.3,Excellent
100515,21.3,59,10,1346.0,21.0,115,7.8,8.8,299.5,29.3,Yes,76.5,No,80.9,Good
100516,25.3,49,26,1155.0,55.0,94,4.9,0.0,270.7,23.9,No,67.8,No,57.8,Fair
100517,24.5,47,71,1196.0,38.0,32,9.5,16.2,132.9,6.8,Yes,62.7,No,87.0,Excellent
100518,20.1,39,57,1085.0,57.0,26,8.5,5.2,276.0,24.1,Yes,52.2,Yes,71.4,Good
100519,23.3,53,71,724.0,69.0,44,4.1,4.6,123.5,23.0,Yes,61.1,No,63.9,Fair
100520,25.3,33,78,1022.0,40.0,1,6.9,14.8,252.6,8.5,Yes,84.0,Yes,88.2,Excellent
100521,18.0,66,112,1086.0,30.0,78,7.2,5.0,85.6,11.1,Yes,60.3,No,73.6,Good
100522,24.6,33,119,799.0,60.0,82,13.8,11.8,257.7,21.9,No,65.7,Yes,53.5,Fair
100523,21.0,42,100,1267.0,22.0,56,12.2,14.8,121.6,8.7,Yes,64.7,Yes,95.8,Excellent
100524,24.7,54,123,616.0,53.0,94,10.8,14.3,221.7,7.8,No,74.0,Yes,59.5,Fair
100525,20.7,42,98,1208.0,37.0,56,12.7,14.1,101.7,21.7,Yes,69.2,Yes,89.1,Excellent
100526,17.6,47,65,1360.0,34.0,15,10.8,1.6,267.8,26.7,Yes,70.3,Yes,80.5,Good
100527,18.1,53,87,1400.0,44.0,106,12.8,1.4,68.3,4.1,Yes,98.3,Yes,52.4,Fair
100528,23.1,31,23,1331.0,69.0,78,2.7,5.5,99.6,14.5,Yes,59.3,Yes,57.4,Fair
100529,23.8,62,34,639.0,34.0,5,7.5,0.6,105.2,19.0,Yes,41.0,Yes,96.8,Excellent
100530,20.3,48,141,447.0,49.0,13,11.0,9.0,62.4,20.9,Yes,60.7,No,84.8,Good
100531,24.9,38,41,1274.0,36.0,26,9.0,7.1,273.5,29.9,Yes,74.9,Yes,84.0,Good
100532,18.0,57,91,531.0,37.0,37,4.1,10.0,344.3,21.1,Yes,44.6,Yes,82.2,Good
100533,22.8,64,87,1024.0,,18,6.1,5.4,283.5,19.4,Yes,86.2,Yes,86.5,Excellent
100534,19.4,68,115,1000.0,69.0,36,5.8,8.7,308.2,29.7,Yes,81.4,No,67.3,Fair
100535,21.0,39,29,1072.0,62.0,106,5.1,6.0,51.8,3.7,Yes,75.7,No,55.2,Fair
100536,23.1,30,83,733.0,37.0,3,6.1,3.5,85.4,4.1,Yes,53.2,Yes,96.4,Excellent
100537,20.4,50,19,1498.0,54.0,57,8.2,11.7,217.7,17.7,Yes,70.0,Yes,70.3,Good
100538,21.8,38,132,435.0,32.0,89,12.3,12.1,343.4,12.0,Yes,61.0,No,82.0,Good
100539,26.0,44,43,1177.0,33.0,8,10.9,14.9,248.2,4.7,Yes,103.4,No,84.1,Good
100540,21.3,64,49,622.0,55.0,104,12.0,15.7,162.2,10.6,Yes,57.4,No,57.0,Fair
100541,25.5,34,136,929.0,37.0,112,12.6,12.7,93.8,20.9,Yes,57.3,Yes,58.5,Fair
100542,19.6,70,42,640.0,24.0,39,7.0,12.4,95.9,26.7,No,106.0,No,87.0,Excellent
100543,24.6,51,80,533.0,33.0,14,6.2,1.0,158.8,4.6,No,60.4,Yes,93.5,Excellent
100544,27.3,70,146,790.0,44.0,104,2.7,2.0,264.1,17.1,Yes,45.7,No,53.4,Fair
100545,16.0,52,142,501.0,63.0,100,13.2,14.6,59.5,10.3,Yes,68.4,No,43.6,Poor
100546,20.6,36,107,1080.0,58.0,3,2.8,4.2,305.7,20.7,Yes,75.9,No,83.0,Good
100547,24.7,52,133,897.0,31.0,89,10.9,6.4,332.5,17.4,Yes,42.6,No,74.9,Good
100548,22.4,54,52,910.0,59.0,51,6.5,2.6,316.6,27.9,Yes,39.9,No,68.0,Fair
100549,24.1,56,123,1102.0,47.0,17,13.4,3.5,323.9,3.1,Yes,61.9,No,82.9,Good
100550,21.2,70,98,1393.0,54.0,104,7.0,14.0,54.6,15.2,No,71.7,Yes,61.6,Fair
100551,23.3,35,22,1348.0,20.0,52,11.8,4.7,343.3,7.4,Yes,74.3,No,90.4,Excellent
100552,22.5,63,137,1240.0,22.0,58,5.4,8.1,159.9,17.0,Yes,51.3,No,91.8,Excellent
100553,26.5,38,148,405.0,62.0,98,5.6,2.7,310.8,25.9,Yes,45.9,Yes,52.3,Fair
100554,23.8,62,61,1357.0,69.0,53,9.1,12.2,106.0,27.5,Yes,70.9,Yes,57.9,Fair
100555,24.0,35,26,593.0,26.0,40,14.0,13.1,184.0,13.2,Yes,62.4,No,88.1,Excellent
100556,21.8,66,22,1141.0,28.0,104,8.2,6.5,63.2,24.7,Yes,83.6,No,84.2,Good
100557,21.5,60,93,1311.0,55.0,59,13.2,14.1,62.0,9.9,Yes,45.1,No,74.9,Good
100558,21.7,63,106,872.0,42.0,92,11.4,4.3,333.0,2.2,Yes,90.3,No,75.3,Good
100559,24.2,70,115,615.0,43.0,116,11.6,12.5,293.2,25.9,Yes,57.6,No,62.2,Fair
100560,21.7,58,105,1275.0,29.0,87,7.2,13.1,208.9,5.3,Yes,84.5,No,80.0,Good
100561,23.9,43,17,437.0,69.0,3,6.6,17.4,207.6,2.5,Yes,60.8,Yes,78.4,Good
100562,29.2,65,65,870.0,67.0,84,4.3,4.2,274.6,11.9,Yes,68.2,Yes,37.6,Poor
100563,25.6,65,113,851.0,31.0,38,13.6,1.7,152.5,12.6,Yes,66.3,Yes,81.5,Good
100564,22.0,44,92,1412.0,38.0,6,13.5,4.7,278.6,4.2,No,62.7,Yes,95.0,Excellent
100565,26.6,37,53,502.0,51.0,22,11.0,2.2,195.5,,Yes,39.1,Yes,68.5,Fair
100566,21.8,55,112,441.0,43.0,103,5.6,3.1,241.4,13.4,Yes,91.8,No,69.4,Fair
100567,16.9,65,121,1346.0,41.0,84,4.9,6.0,339.4,15.7,No,65.2,No,61.1,Fair
100568,20.0,50,51,,22.0,62,13.9,7.5,191.4,9.4,Yes,83.7,No,88.1,Excellent
100569,17.4,57,39,1342.0,59.0,64,2.8,16.3,175.5,16.3,Yes,70.8,Yes,55.6,Fair
100570,21.9,33,35,592.0,46.0,40,12.1,3.5,321.7,23.5,Yes,86.3,No,80.6,Good
100571,23.1,45,134,1461.0,38.0,88,6.3,17.5,320.8,27.4,No,62.6,No,69.9,Fair
100572,28.0,51,28,901.0,28.0,94,7.0,14.6,347.7,29.2,Yes,76.2,Yes,62.9,Fair
100573,24.0,41,62,1063.0,68.0,118,12.0,15.9,215.3,13.9,Yes,66.8,No,41.4,Poor
100574,22.3,45,94,751.0,32.0,43,3.1,16.7,153.3,29.7,Yes,43.6,No,92.6,Excellent
100575,25.5,69,26,725.0,21.0,101,6.3,13.6,122.1,10.3,Yes,87.8,Yes,72.7,Good
100576,16.4,67,113,1461.0,55.0,44,13.4,14.2,60.2,2.2,Yes,57.3,No,61.9,Fair
100577,23.7,66,114,507.0,48.0,68,10.4,7.9,268.0,23.5,Yes,67.3,No,77.5,Good
100578,25.3,58,113,1030.0,30.0,116,11.1,9.2,120.0,7.0,Yes,45.5,No,65.8,Fair
100579,18.6,47,133,550.0,53.0,94,11.1,16.8,232.0,3.5,Yes,66.5,Yes,52.7,Fair
100580,26.4,39,90,1497.0,23.0,50,2.7,6.8,325.0,27.9,Yes,56.2,Yes,81.6,Good
100581,24.0,68,46,1480.0,23.0,64,4.4,0.8,335.1,24.2,Yes,50.5,No,83.9,Good
100582,21.8,47,130,1277.0,20.0,53,7.9,13.7,51.3,4.9,Yes,72.1,No,97.1,Excellent
100583,24.9,30,79,734.0,44.0,55,6.4,10.3,145.1,23.8,Yes,88.0,No,78.7,Good
100584,29.8,68,139,1203.0,45.0,93,6.9,14.7,301.2,25.6,Yes,67.5,No,49.5,Poor
100585,23.5,50,68,1166.0,30.0,81,11.4,1.4,210.9,27.3,Yes,56.0,No,78.1,Good
100586,23.7,30,127,658.0,42.0,71,2.2,11.2,292.3,17.2,Yes,71.6,Yes,70.2,Good
100587,21.6,44,142,1181.0,21.0,119,9.9,4.5,306.0,,Yes,71.1,No,80.9,Good
100588,20.5,33,46,433.0,38.0,89,2.0,16.3,182.8,23.3,Yes,47.7,No,75.6,Good
100589,25.5,49,40,725.0,48.0,39,2.8,2.0,157.7,21.3,Yes,51.6,Yes,75.0,Good
100590,20.4,39,108,1236.0,59.0,57,6.9,15.2,186.6,20.1,No,72.5,No,65.0,Fair
100591,23.2,52,103,1090.0,23.0,14,12.1,1.6,245.8,17.3,Yes,52.0,No,99.1,Excellent
100592,21.6,70,15,1138.0,35.0,18,3.7,0.5,160.1,15.4,Yes,99.9,Yes,92.2,Excellent
100593,24.4,63,24,1143.0,66.0,9,8.7,4.2,282.5,29.9,Yes,88.3,No,73.2,Good
100594,24.0,62,25,1246.0,56.0,87,10.1,6.0,321.2,11.5,Yes,76.8,No,56.4,Fair
100595,26.1,63,29,516.0,46.0,15,4.8,11.3,134.7,4.5,Yes,78.1,No,82.3,Good
100596,21.5,68,86,1049.0,24.0,42,8.1,2.4,339.5,23.4,Yes,56.9,Yes,96.2,Excellent
100597,22.2,39,53,802.0,34.0,30,12.9,7.9,236.8,8.0,Yes,57.5,No,89.4,Excellent
100598,20.1,49,55,1396.0,42.0,107,8.1,3.7,313.5,16.9,No,76.4,Yes,60.7,Fair
100599,21.7,30,104,632.0,68.0,15,3.9,15.4,81.2,4.7,Yes,62.5,No,78.2,Good
100600,24.1,42,73,1328.0,22.0,79,9.5,0.8,125.4,19.3,Yes,48.7,Yes,85.9,Excellent
100601,25.3,30,140,879.0,37.0,27,9.1,6.4,146.3,28.4,Yes,42.6,Yes,86.4,Excellent
100602,20.2,34,18,1375.0,62.0,61,2.3,11.4,140.8,22.2,Yes,63.9,No,64.2,Fair
100603,25.6,45,51,408.0,45.0,19,3.1,16.4,101.6,8.0,Yes,75.9,No,79.2,Good
100604,27.1,44,82,1114.0,25.0,34,3.9,15.6,310.5,29.2,Yes,73.5,No,78.9,Good
100605,24.2,57,93,778.0,63.0,58,3.6,16.1,175.6,10.6,Yes,65.7,Yes,66.1,Fair
100606,28.6,60,68,780.0,36.0,8,5.1,1.1,338.9,14.2,Yes,41.2,No,79.7,Good
100607,20.7,52,30,1243.0,65.0,103,7.4,15.1,225.0,15.9,Yes,80.2,Yes,58.2,Fair
100608,19.3,46,72,759.0,57.0,9,6.5,14.0,91.5,29.7,Yes,88.0,Yes,80.8,Good
100609,17.7,63,82,575.0,61.0,44,12.7,16.2,213.8,3.9,Yes,99.9,No,61.9,Fair
100610,27.5,42,70,884.0,67.0,81,9.3,5.6,348.1,21.5,Yes,88.7,Yes,46.1,Poor
100611,25.0,43,73,432.0,69.0,108,12.5,16.4,219.6,12.1,No,66.8,Yes,47.9,Poor
100612,22.8,40,78,1095.0,46.0,108,8.3,7.2,50.6,4.2,Yes,97.7,No,61.8,Fair
100613,23.8,57,138,556.0,,14,3.1,11.4,329.9,28.2,No,71.9,No,87.1,Excellent
100614,19.6,61,115,964.0,25.0,108,7.6,7.6,120.5,18.5,No,88.6,No,73.7,Good
100615,30.3,64,74,601.0,54.0,29,11.9,7.7,256.6,23.1,Yes,89.8,No,57.8,Fair
100616,23.4,60,131,1322.0,31.0,47,4.3,9.8,204.5,8.7,Yes,72.4,Yes,89.6,Excellent
100617,23.3,46,71,473.0,67.0,95,3.1,6.4,147.6,23.3,Yes,80.8,Yes,53.1,Fair
100618,25.2,38,112,495.0,22.0,39,6.0,14.3,134.8,25.2,Yes,72.9,No,91.9,Excellent
100619,24.4,39,69,572.0,67.0,90,6.7,11.4,328.6,14.1,Yes,63.9,Yes,50.9,Fair
100620,23.7,37,55,554.0,23.0,90,5.7,12.4,323.6,18.0,Yes,84.2,No,76.1,Good
100621,20.6,50,14,688.0,64.0,82,3.6,4.2,203.9,29.2,Yes,60.1,Yes,64.6,Fair
100622,24.4,42,122,657.0,23.0,73,5.0,17.5,127.5,25.7,Yes,75.1,No,77.8,Good
100623,28.6,34,79,573.0,23.0,43,10.2,11.9,80.7,14.5,Yes,80.3,Yes,76.8,Good
100624,27.0,35,20,729.0,58.0,45,6.6,3.5,97.0,20.6,No,62.2,Yes,64.5,Fair
100625,27.8,59,147,1158.0,40.0,5,9.6,13.5,206.7,24.0,Yes,72.3,No,78.6,Good
100626,21.5,60,107,1419.0,63.0,116,8.4,3.1,142.3,2.7,No,71.7,Yes,55.1,Fair
100627,20.0,46,40,560.0,21.0,23,8.6,1.1,62.6,18.5,Yes,71.4,No,100.0,Excellent
100628,22.6,40,21,585.0,35.0,72,5.0,9.5,186.6,29.6,Yes,73.9,No,80.0,Good
100629,23.2,49,117,542.0,26.0,90,8.3,10.0,273.9,28.5,Yes,66.8,No,80.2,Good
100630,26.3,38,89,1306.0,38.0,6,2.3,3.4,317.5,25.3,Yes,52.0,Yes,81.2,Good
100631,17.9,31,76,1039.0,62.0,5,7.2,6.3,225.6,,No,84.1,No,71.2,Good
100632,27.6,66,61,426.0,52.0,117,8.9,17.0,267.0,29.8,Yes,93.9,No,43.9,Poor
100633,22.5,30,142,601.0,28.0,32,4.2,5.1,159.2,19.1,Yes,56.9,No,91.8,Excellent
100634,21.7,33,148,1444.0,56.0,84,5.1,2.8,198.9,8.2,Yes,114.9,No,66.1,Fair
100635,20.0,65,34,1069.0,36.0,109,4.6,17.9,268.9,20.9,Yes,62.5,No,65.2,Fair
100636,18.0,54,44,1431.0,46.0,119,2.8,5.4,268.3,26.0,No,75.2,No,55.2,Fair
100637,25.5,32,31,871.0,52.0,37,6.2,12.2,177.4,5.1,Yes,55.5,Yes,71.3,Good
100638,23.2,38,105,658.0,68.0,43,13.7,4.2,213.1,27.7,Yes,88.8,No,65.9,Fair
100639,19.1,51,126,454.0,31.0,16,6.2,9.9,327.2,27.8,Yes,79.6,Yes,88.2,Excellent
100640,19.1,52,29,1310.0,64.0,30,7.5,7.0,239.6,2.4,Yes,69.3,No,62.3,Fair
100641,22.0,41,115,1429.0,30.0,36,9.8,17.3,242.8,27.2,Yes,62.4,Yes,93.4,Excellent
100642,28.0,39,13,953.0,32.0,10,9.8,7.8,285.4,28.5,Yes,64.2,Yes,83.4,Good
100643,22.2,63,27,1473.0,50.0,91,13.4,10.5,84.6,3.1,Yes,60.9,No,66.7,Fair
100644,18.5,39,60,511.0,32.0,4,12.3,17.0,206.9,10.2,Yes,80.5,Yes,89.6,Excellent
100645,22.3,59,29,545.0,57.0,63,11.5,17.8,337.8,12.4,Yes,60.3,Yes,76.0,Good
100646,22.2,51,131,629.0,45.0,75,13.4,1.8,158.5,11.8,Yes,73.2,No,77.0,Good
100647,16.0,35,146,896.0,50.0,2,4.8,15.0,138.5,23.3,Yes,75.2,No,70.1,Good
100648,22.8,31,89,860.0,41.0,55,9.4,6.9,230.4,12.0,Yes,73.2,Yes,81.3,Good
100649,22.3,59,111,1206.0,25.0,62,12.6,10.7,116.3,28.8,Yes,62.4,No,87.1,Excellent
100650,25.1,31,34,625.0,,104,9.5,6.8,216.8,29.9,Yes,42.1,No,62.8,Fair
100651,28.5,61,68,458.0,40.0,37,13.7,7.2,96.7,10.9,Yes,90.2,Yes,75.3,Good
100652,26.4,45,54,1499.0,29.0,53,3.2,2.9,223.9,16.2,Yes,38.8,No,75.5,Good
100653,22.2,41,50,827.0,38.0,1,7.3,10.3,230.7,17.6,Yes,91.4,Yes,92.9,Excellent
100654,19.7,30,47,1127.0,54.0,89,13.7,9.8,175.5,18.2,Yes,71.4,Yes,57.0,Fair
100655,30.7,37,126,1331.0,45.0,1,6.6,3.4,164.8,12.5,Yes,74.9,No,72.2,Good
100656,23.2,42,28,897.0,26.0,117,10.9,9.8,123.6,6.6,Yes,63.3,No,74.7,Good
100657,23.0,44,23,1215.0,56.0,11,2.4,17.5,149.3,3.5,Yes,46.2,No,80.8,Good
100658,22.9,37,136,1309.0,27.0,39,10.3,12.9,199.5,5.0,Yes,52.8,Yes,93.4,Excellent
100659,23.6,39,12,466.0,24.0,1,13.2,8.7,124.3,27.2,Yes,62.4,No,100.0,Excellent
100660,22.6,34,46,,63.0,104,6.6,16.5,284.9,9.9,No,59.5,No,63.4,Fair
100661,21.3,48,126,1382.0,55.0,79,2.3,10.4,262.7,4.2,No,71.2,No,67.6,Fair
100662,21.4,67,25,732.0,47.0,93,2.3,2.4,130.8,19.5,Yes,58.4,No,69.1,Fair
100663,22.9,40,18,676.0,69.0,56,12.7,9.9,79.2,4.1,Yes,98.7,No,60.8,Fair
100664,21.4,49,16,1120.0,22.0,46,10.7,3.3,50.1,4.0,Yes,87.6,No,98.6,Excellent
100665,20.9,49,143,543.0,58.0,109,3.3,13.8,229.0,19.4,Yes,70.9,No,55.1,Fair
100666,23.3,50,24,1090.0,27.0,115,2.7,17.4,113.4,18.6,Yes,73.5,No,72.2,Good
100667,22.2,47,81,456.0,34.0,35,11.7,6.5,53.8,3.2,Yes,63.2,Yes,89.7,Excellent
100668,27.5,39,113,707.0,46.0,3,11.7,7.8,157.7,14.9,Yes,40.2,Yes,81.2,Good
100669,16.0,63,138,573.0,68.0,74,3.4,7.6,338.6,14.2,Yes,72.4,No,51.4,Fair
100670,26.3,55,105,1149.0,55.0,116,5.6,5.1,257.0,17.3,Yes,64.1,No,50.3,Fair
100671,26.7,59,131,1403.0,35.0,23,11.4,14.3,307.3,22.7,Yes,70.0,Yes,85.5,Excellent
100672,16.8,38,124,1077.0,45.0,81,8.3,11.1,93.4,9.9,Yes,52.0,Yes,59.5,Fair
100673,22.0,60,89,959.0,64.0,90,13.5,1.2,72.0,14.1,No,57.8,No,58.2,Fair
100674,21.9,33,16,748.0,63.0,100,7.8,15.1,53.5,24.2,Yes,71.8,No,65.5,Fair
100675,18.8,35,144,1490.0,23.0,61,10.1,3.4,336.7,27.8,Yes,65.5,No,82.9,Good
100676,20.7,43,59,729.0,31.0,1,8.1,17.6,140.1,27.0,Yes,47.0,No,100.0,Excellent
100677,19.7,33,139,593.0,36.0,14,13.3,6.8,187.9,15.4,No,53.6,Yes,93.2,Excellent
100678,28.3,55,56,665.0,60.0,74,6.8,11.1,168.4,16.6,Yes,78.9,No,49.3,Poor
100679,25.8,68,23,567.0,63.0,90,4.8,1.4,269.1,16.8,Yes,68.7,Yes,52.3,Fair
100680,26.8,46,40,544.0,45.0,119,5.9,6.2,143.0,26.3,Yes,47.7,No,52.4,Fair
100681,25.2,48,59,585.0,50.0,48,12.2,14.4,210.6,25.5,Yes,85.2,No,70.0,Good
100682,19.6,35,50,1285.0,34.0,111,8.0,8.6,348.7,10.7,No,69.5,No,64.3,Fair
100683,21.4,58,23,1264.0,53.0,110,6.3,16.3,183.2,6.6,Yes,76.7,Yes,58.2,Fair
100684,24.5,40,142,1173.0,48.0,86,8.5,10.4,215.4,12.6,Yes,97.9,Yes,66.7,Fair
100685,19.3,45,14,1406.0,28.0,34,3.6,16.7,200.8,10.1,Yes,77.4,No,88.5,Excellent
100686,25.1,59,14,1185.0,33.0,115,2.1,17.7,291.0,28.6,Yes,96.0,Yes,64.2,Fair
100687,22.3,54,122,856.0,55.0,93,5.4,8.2,130.1,9.4,Yes,62.2,Yes,59.6,Fair
100688,21.9,69,127,744.0,23.0,46,9.3,10.2,101.1,7.1,Yes,60.8,Yes,100.0,Excellent
100689,25.1,40,105,1134.0,57.0,23,10.5,15.0,276.2,27.2,Yes,90.3,Yes,68.0,Fair
100690,24.3,36,45,953.0,56.0,82,11.9,4.0,174.7,4.4,Yes,62.5,No,60.4,Fair
100691,21.9,55,88,1420.0,43.0,59,13.1,15.5,324.1,9.3,Yes,83.8,No,84.7,Good
100692,26.5,51,28,1187.0,36.0,92,6.9,10.7,243.2,14.3,Yes,58.9,Yes,59.6,Fair
100693,19.8,54,31,1335.0,32.0,76,10.9,13.1,219.3,18.7,Yes,57.9,Yes,75.5,Good
100694,24.8,48,65,1104.0,39.0,47,2.9,1.4,71.1,,Yes,71.6,Yes,80.6,Good
100695,24.8,60,26,646.0,36.0,22,2.7,13.8,269.1,15.9,Yes,78.7,No,91.2,Excellent
100696,22.1,55,26,1211.0,46.0,11,3.5,5.6,255.8,7.6,Yes,79.5,No,92.4,Excellent
100697,24.0,70,87,1446.0,52.0,112,7.4,14.5,242.0,18.1,No,65.9,Yes,53.5,Fair
100698,19.2,65,65,1352.0,40.0,111,4.5,9.2,130.4,13.4,Yes,64.9,No,60.1,Fair
100699,25.8,52,89,1214.0,36.0,40,5.4,4.9,334.0,25.8,Yes,75.7,No,82.6,Good
100700,22.4,42,59,543.0,41.0,28,9.8,17.1,146.5,13.6,Yes,52.7,Yes,91.9,Excellent
100701,21.4,54,67,1129.0,,69,6.3,13.8,95.7,14.4,Yes,58.2,No,73.6,Good
100702,26.1,31,27,1262.0,22.0,50,8.7,17.7,346.2,18.6,No,52.5,No,86.7,Excellent
100703,20.9,31,144,864.0,46.0,22,6.9,6.6,273.9,5.4,No,55.9,No,87.0,Excellent
100704,18.8,45,85,774.0,,30,4.0,11.7,174.4,6.4,Yes,63.9,No,83.0,Good
100705,18.3,38,19,1076.0,65.0,108,2.9,11.0,330.8,24.1,Yes,60.7,Yes,48.8,Poor
100706,24.8,57,78,1091.0,31.0,20,4.8,12.4,77.3,9.7,Yes,89.1,Yes,84.6,Good
100707,19.2,42,94,1028.0,34.0,23,2.7,0.7,76.3,21.2,No,47.7,No,86.4,Excellent
100708,28.3,64,140,955.0,57.0,71,9.4,5.3,254.7,4.7,Yes,70.7,Yes,51.8,Fair
100709,16.8,70,92,1262.0,39.0,107,11.5,16.4,103.4,25.0,Yes,82.7,Yes,58.2,Fair
100710,28.1,42,118,473.0,41.0,8,6.1,7.6,325.1,29.7,Yes,61.1,No,78.2,Good
100711,23.6,60,53,837.0,21.0,21,6.6,17.3,302.1,12.5,Yes,59.4,No,90.9,Excellent
100712,22.7,50,141,1280.0,23.0,3,11.8,3.8,141.9,16.2,No,67.0,Yes,100.0,Excellent
100713,21.4,61,27,,64.0,76,4.7,18.0,316.7,14.4,Yes,55.0,Yes,54.5,Fair
100714,24.2,63,102,707.0,32.0,97,3.4,12.6,62.9,27.0,Yes,58.4,Yes,76.0,Good
100715,22.9,37,47,1365.0,51.0,2,8.0,14.0,214.6,2.3,Yes,81.3,Yes,91.1,Excellent
100716,26.3,70,60,747.0,41.0,100,9.8,7.1,330.7,20.3,Yes,68.0,No,54.9,Fair
100717,23.3,31,28,875.0,44.0,119,9.2,16.3,306.6,20.3,No,68.8,No,66.5,Fair
100718,23.5,67,129,924.0,46.0,27,10.6,9.8,156.8,12.7,Yes,87.9,No,80.3,Good
100719,21.9,61,77,923.0,36.0,89,2.7,12.3,104.9,8.1,Yes,85.8,Yes,81.6,Good
100720,22.8,69,75,961.0,25.0,113,7.1,1.7,113.2,8.7,Yes,52.8,No,81.9,Good
100721,23.9,57,107,968.0,62.0,116,4.9,11.4,204.4,24.4,Yes,86.7,No,49.5,Poor
100722,17.9,66,97,505.0,35.0,109,11.1,15.8,229.0,3.9,Yes,56.5,No,58.2,Fair
100723,19.0,70,42,590.0,27.0,97,12.5,3.2,59.8,17.8,Yes,58.9,No,74.0,Good
100724,25.2,30,114,1099.0,52.0,14,5.4,13.3,174.1,10.6,Yes,73.3,No,81.1,Good
100725,23.5,70,83,1230.0,29.0,7,3.1,0.5,299.1,9.4,Yes,95.2,No,97.6,Excellent
100726,22.4,39,91,471.0,53.0,47,5.0,16.7,183.3,16.2,Yes,57.9,Yes,82.4,Good
100727,23.1,33,28,1154.0,38.0,98,3.2,17.7,100.8,27.1,Yes,75.2,No,69.6,Fair
100728,24.0,64,80,856.0,33.0,87,5.9,6.4,336.5,19.3,Yes,57.8,No,70.8,Good
100729,21.4,39,66,1304.0,22.0,115,8.5,1.9,129.9,24.1,Yes,76.2,No,79.0,Good
100730,20.7,40,88,878.0,60.0,51,13.7,11.9,289.5,18.8,Yes,83.0,No,66.4,Fair
100731,23.6,43,51,451.0,42.0,54,6.8,0.5,108.1,21.5,No,78.5,No,82.4,Good
100732,20.1,67,125,1403.0,59.0,36,4.6,8.7,177.0,14.1,No,63.4,No,71.1,Good
100733,24.2,41,13,973.0,30.0,3,4.0,4.9,197.1,27.9,Yes,77.9,Yes,93.7,Excellent
100734,17.9,46,13,1292.0,66.0,54,4.1,8.5,200.2,16.1,No,60.5,No,63.2,Fair
100735,26.1,45,14,654.0,25.0,11,4.3,0.3,204.9,17.4,Yes,58.6,No,92.0,Excellent
100736,24.4,64,50,1084.0,53.0,18,11.1,0.9,117.5,16.7,Yes,76.5,No,75.0,Good
100737,23.8,31,117,456.0,20.0,78,2.7,0.3,204.8,,Yes,88.7,Yes,89.1,Excellent
100738,25.9,40,96,1349.0,54.0,56,14.0,11.1,194.5,,Yes,39.2,No,58.2,Fair
100739,28.0,70,113,1490.0,44.0,93,8.3,10.1,112.6,4.1,No,69.1,No,52.4,Fair
100740,26.0,32,126,1469.0,,108,8.5,4.2,346.5,22.1,Yes,43.2,No,51.8,Fair
100741,17.5,58,110,1005.0,42.0,36,6.3,11.6,309.7,10.1,Yes,41.0,No,75.8,Good
100742,19.2,47,84,768.0,37.0,75,10.3,15.9,316.3,12.9,Yes,53.6,No,78.1,Good
100743,21.1,49,84,631.0,33.0,82,7.7,5.0,255.7,27.8,Yes,40.4,No,76.3,Good
100744,23.1,43,22,1307.0,36.0,97,5.9,15.0,98.0,17.9,Yes,62.8,Yes,73.1,Good
100745,24.6,63,34,1446.0,21.0,6,5.2,11.9,220.4,4.7,Yes,90.9,No,100.0,Excellent
100746,20.8,60,124,973.0,50.0,91,13.1,0.6,296.4,,Yes,60.0,No,68.5,Fair
100747,23.6,69,91,1240.0,38.0,54,5.5,6.8,61.6,9.2,Yes,80.2,Yes,85.5,Excellent
100748,20.7,47,19,517.0,51.0,27,7.2,9.1,198.8,17.5,Yes,70.0,No,81.6,Good
100749,21.2,59,59,1478.0,,92,6.2,13.2,168.8,16.3,Yes,75.3,No,64.3,Fair
100750,18.8,54,24,667.0,60.0,36,3.0,5.2,113.6,8.7,Yes,85.5,Yes,65.1,Fair
100751,20.2,48,25,512.0,27.0,83,4.2,17.7,163.5,5.2,Yes,78.7,Yes,75.5,Good
100752,18.9,37,11,565.0,61.0,60,4.3,12.3,345.0,7.9,Yes,62.7,No,60.3,Fair
100753,20.1,57,39,1067.0,60.0,74,10.3,6.7,267.0,4.7,Yes,88.9,No,61.9,Fair
100754,26.2,37,91,1431.0,59.0,113,6.9,1.7,139.9,9.7,Yes,82.2,Yes,43.3,Poor
100755,20.2,60,40,1113.0,58.0,113,11.4,3.3,231.6,29.9,No,63.3,No,50.7,Fair
100756,30.9,32,86,830.0,41.0,38,10.5,8.8,124.0,13.3,Yes,51.4,No,55.0,Fair
100757,24.5,32,123,1292.0,43.0,105,4.3,8.9,233.3,26.2,Yes,89.0,No,62.8,Fair
100758,23.6,51,44,1473.0,57.0,22,8.8,13.8,318.9,,Yes,88.4,Yes,70.7,Good
100759,20.4,46,32,506.0,21.0,51,10.9,13.1,217.1,,No,54.1,No,94.7,Excellent
100760,25.1,65,115,1432.0,60.0,109,9.6,3.6,270.0,6.4,Yes,77.7,Yes,52.0,Fair
100761,21.3,46,106,1144.0,60.0,83,9.2,10.7,186.0,9.7,Yes,70.4,No,63.8,Fair
100762,23.4,43,124,1099.0,38.0,83,10.9,0.4,207.2,16.3,Yes,85.9,No,77.0,Good
100763,30.7,38,109,722.0,60.0,10,2.7,7.2,258.5,26.7,Yes,87.3,Yes,54.5,Fair
100764,22.7,59,64,708.0,21.0,65,10.8,13.8,293.7,3.2,Yes,75.2,Yes,94.4,Excellent
100765,26.4,50,17,1249.0,47.0,12,5.3,7.2,247.8,16.2,Yes,69.5,No,76.4,Good
100766,20.9,41,68,1021.0,51.0,76,8.9,15.0,343.2,3.4,No,67.7,No,70.9,Good
100767,22.9,66,137,1394.0,38.0,40,4.9,17.6,295.9,14.8,Yes,63.0,No,91.2,Excellent
100768,28.3,61,41,544.0,35.0,48,12.1,10.9,283.1,19.6,Yes,59.2,No,66.0,Fair
100769,21.1,40,102,1139.0,49.0,14,7.8,2.6,303.5,22.9,Yes,82.3,Yes,84.0,Good
100770,28.4,49,16,1220.0,41.0,55,9.7,6.8,134.4,5.9,Yes,66.1,No,63.6,Fair
100771,25.1,64,11,811.0,33.0,53,11.5,0.2,179.6,6.7,Yes,56.9,No,84.0,Good
100772,21.3,40,94,513.0,20.0,30,12.7,10.8,219.3,15.2,Yes,77.3,No,100.0,Excellent
100773,24.9,37,143,974.0,64.0,60,10.8,14.8,188.7,29.9,Yes,39.6,Yes,57.3,Fair
100774,25.9,33,115,798.0,21.0,57,3.8,11.3,304.2,12.0,Yes,93.3,No,81.7,Good
100775,24.9,56,45,523.0,41.0,86,12.3,14.1,58.1,14.0,Yes,61.6,No,65.5,Fair
100776,18.3,69,54,485.0,65.0,59,9.4,14.4,112.8,14.1,No,55.8,Yes,55.1,Fair
100777,20.8,67,51,446.0,52.0,52,9.3,15.3,314.5,4.3,Yes,52.3,Yes,74.6,Good
100778,22.3,59,62,1343.0,34.0,85,13.1,4.8,67.7,23.7,Yes,69.0,Yes,79.8,Good
100779,22.8,56,119,1203.0,69.0,117,5.0,15.7,118.1,9.1,Yes,73.4,Yes,49.0,Poor
100780,24.9,50,18,788.0,60.0,60,4.9,11.8,155.4,21.7,Yes,82.1,No,62.1,Fair
100781,23.5,49,96,975.0,41.0,79,8.2,5.2,275.2,15.3,Yes,97.8,Yes,73.7,Good
100782,19.0,33,123,1031.0,59.0,41,11.0,17.8,218.1,19.1,No,74.7,No,62.5,Fair
100783,24.1,40,84,1113.0,58.0,28,7.4,17.1,336.4,3.5,No,89.4,No,69.4,Fair
100784,24.8,42,139,1469.0,60.0,83,9.6,10.3,118.4,26.9,Yes,50.9,No,58.7,Fair
100785,24.7,38,20,1021.0,60.0,91,7.4,15.2,311.6,8.8,Yes,51.6,Yes,56.5,Fair
100786,26.2,33,59,,30.0,26,9.3,4.7,134.9,20.8,No,90.7,No,87.0,Excellent
100787,25.5,41,131,1123.0,23.0,43,11.9,7.5,123.6,,Yes,52.2,Yes,86.5,Excellent
100788,24.4,38,84,939.0,26.0,92,4.2,3.3,199.5,17.1,Yes,50.9,Yes,74.3,Good
100789,22.8,42,40,486.0,40.0,4,10.3,9.4,71.4,11.4,Yes,80.8,No,93.6,Excellent
100790,18.0,55,101,1202.0,26.0,51,11.4,8.9,165.3,29.4,No,87.3,Yes,81.5,Good
100791,24.3,67,101,664.0,23.0,112,7.4,3.8,156.7,9.8,Yes,85.6,No,69.7,Fair
100792,23.6,42,84,,31.0,105,5.9,12.1,98.0,28.6,Yes,49.5,No,72.0,Good
100793,23.8,68,101,1102.0,46.0,101,2.2,2.1,308.2,6.4,Yes,98.9,No,62.8,Fair
100794,19.2,57,138,631.0,36.0,52,11.6,1.1,165.8,,Yes,74.1,Yes,74.5,Good
100795,19.8,48,51,585.0,39.0,51,5.9,6.9,344.6,5.9,Yes,97.7,No,81.3,Good
100796,26.2,53,119,725.0,50.0,37,6.3,7.4,319.9,2.1,Yes,87.7,No,70.4,Good
100797,22.9,48,27,796.0,45.0,43,6.0,5.8,108.4,9.3,Yes,69.9,Yes,83.3,Good
100798,25.0,42,86,1488.0,50.0,52,8.0,4.6,201.5,4.4,Yes,104.7,Yes,68.1,Fair
100799,23.1,42,142,,54.0,114,10.4,6.1,230.5,,Yes,44.5,Yes,57.2,Fair
100800,23.1,57,29,954.0,28.0,1,11.3,2.9,295.7,23.3,Yes,56.6,Yes,100.0,Excellent
100801,25.8,31,136,1132.0,24.0,108,6.7,7.3,315.7,2.1,Yes,72.9,No,70.5,Good
100802,21.5,39,84,1440.0,67.0,53,10.0,16.3,237.2,8.3,Yes,93.9,No,67.8,Fair
100803,23.3,51,71,1196.0,27.0,83,10.6,4.0,60.5,20.8,Yes,81.6,Yes,83.4,Good
100804,21.6,42,41,790.0,40.0,106,5.6,12.3,194.4,13.2,Yes,67.8,Yes,72.4,Good
100805,21.7,38,37,443.0,35.0,110,3.2,2.6,315.4,25.3,Yes,56.7,Yes,72.7,Good
100806,22.1,62,83,1300.0,,76,12.7,6.4,264.2,,Yes,79.7,Yes,75.5,Good
100807,23.7,43,90,881.0,37.0,89,10.1,5.8,311.0,,Yes,62.1,Yes,69.3,Fair
100808,21.6,49,31,965.0,66.0,34,9.8,16.9,252.2,18.7,Yes,77.1,Yes,70.4,Good
100809,26.8,44,105,619.0,47.0,45,2.7,7.7,63.2,19.9,Yes,58.0,Yes,71.2,Good
100810,20.3,61,131,1171.0,37.0,71,11.8,12.4,340.4,8.4,No,57.8,No,74.2,Good
100811,22.4,62,132,808.0,33.0,91,8.8,10.8,325.4,12.5,No,68.5,No,80.6,Good
100812,21.7,46,61,870.0,67.0,104,12.2,2.5,88.0,3.4,No,78.9,No,53.1,Fair
100813,27.3,53,87,1484.0,56.0,78,13.7,16.9,83.8,18.5,Yes,65.3,No,50.4,Fair
100814,23.6,59,79,565.0,59.0,54,13.5,6.2,211.7,14.9,No,88.3,Yes,69.1,Fair
100815,26.1,42,146,1071.0,35.0,113,12.3,0.8,277.1,23.3,Yes,72.6,No,56.9,Fair
100816,18.5,45,30,510.0,40.0,71,2.1,5.4,164.7,7.8,Yes,69.0,Yes,64.6,Fair
100817,23.8,31,73,948.0,20.0,10,12.6,6.0,90.9,14.2,Yes,57.4,No,100.0,Excellent
100818,25.7,46,85,1426.0,30.0,28,2.9,1.7,203.2,7.1,Yes,75.3,Yes,88.7,Excellent
100819,23.2,61,70,1436.0,30.0,68,12.2,11.2,151.3,19.2,Yes,57.0,Yes,84.2,Good
100820,26.2,37,104,,21.0,62,5.4,6.2,155.5,25.7,Yes,66.1,No,77.4,Good
100821,21.4,32,49,731.0,51.0,46,9.3,11.3,243.5,23.4,Yes,75.7,Yes,76.2,Good
100822,27.2,41,13,663.0,38.0,110,2.5,0.1,315.7,28.4,Yes,86.9,Yes,55.2,Fair
100823,29.9,49,40,482.0,24.0,6,11.3,17.7,217.6,29.2,Yes,55.4,Yes,89.3,Excellent
100824,21.9,45,78,1176.0,22.0,116,3.3,3.1,256.3,23.6,Yes,75.7,No,78.1,Good
100825,21.7,43,79,1323.0,47.0,63,6.9,11.9,248.0,10.0,Yes,59.5,Yes,76.4,Good
100826,27.4,45,14,,45.0,81,11.8,12.9,215.3,8.1,Yes,53.5,No,65.3,Fair
100827,27.7,62,124,1057.0,42.0,63,10.3,3.1,143.2,14.5,Yes,84.1,No,57.9,Fair
100828,21.4,59,100,853.0,49.0,91,2.1,2.0,163.3,29.8,Yes,83.9,Yes,65.6,Fair
100829,21.7,41,17,1072.0,27.0,11,6.8,2.7,144.7,13.6,Yes,51.4,No,100.0,Excellent
100830,22.2,44,18,1140.0,55.0,11,2.5,4.4,325.2,7.6,Yes,72.1,No,83.8,Good
100831,19.0,47,24,,48.0,35,10.1,3.0,298.0,28.4,Yes,52.0,No,75.8,Good
100832,20.2,57,114,709.0,32.0,28,13.6,12.1,223.8,12.8,Yes,47.6,Yes,86.6,Excellent
100833,20.0,52,16,1126.0,44.0,10,9.9,7.6,323.7,21.3,No,80.5,Yes,89.2,Excellent
100834,20.7,43,81,753.0,,52,4.7,9.7,315.9,24.1,Yes,52.8,No,75.9,Good
100835,22.9,59,124,1223.0,65.0,69,6.3,0.9,328.3,25.6,Yes,95.5,Yes,67.9,Fair
100836,23.7,62,24,544.0,52.0,84,13.7,15.5,116.5,25.0,Yes,67.2,Yes,62.0,Fair
100837,27.7,44,92,1433.0,56.0,73,4.7,3.1,265.3,25.4,Yes,94.3,Yes,50.7,Fair
100838,20.0,36,48,1467.0,26.0,95,8.7,6.5,232.8,20.7,Yes,82.1,No,76.5,Good
100839,26.0,44,143,1309.0,42.0,46,6.8,1.3,270.1,13.3,No,61.9,Yes,74.8,Good
100840,22.4,67,66,1160.0,25.0,32,11.2,2.5,129.0,20.7,Yes,54.2,No,98.1,Excellent
100841,22.9,40,101,894.0,34.0,80,12.4,12.0,258.4,25.4,Yes,41.4,Yes,78.7,Good
100842,25.0,58,90,1041.0,34.0,66,6.1,12.5,172.9,11.8,Yes,93.7,No,73.2,Good
100843,19.6,60,136,930.0,,42,9.9,12.2,300.2,10.3,Yes,39.4,No,69.3,Fair
100844,24.1,54,84,912.0,53.0,17,8.6,9.9,288.6,11.6,Yes,64.1,Yes,80.1,Good
100845,23.5,53,88,529.0,33.0,73,5.3,17.1,113.4,17.4,Yes,55.8,Yes,79.0,Good
100846,24.5,48,19,1407.0,48.0,52,5.3,9.1,105.2,3.5,Yes,68.2,Yes,73.0,Good
100847,23.9,31,116,1133.0,35.0,104,8.5,8.1,265.3,23.8,Yes,75.1,Yes,71.4,Good
100848,30.4,51,96,1346.0,48.0,38,3.8,4.5,215.1,5.9,Yes,70.1,No,57.2,Fair
100849,21.1,49,76,1401.0,42.0,106,11.7,1.8,217.2,5.7,Yes,69.5,No,66.7,Fair
100850,21.4,62,71,863.0,29.0,71,2.8,9.9,275.8,7.5,No,79.7,No,84.9,Good
100851,21.1,37,140,540.0,66.0,33,3.1,5.7,306.5,18.2,No,70.3,No,69.0,Fair
100852,21.3,54,116,1281.0,23.0,36,6.1,9.4,121.7,10.0,Yes,81.1,No,93.6,Excellent
100853,21.1,38,102,855.0,31.0,40,3.4,3.7,216.7,12.3,Yes,70.8,No,93.0,Excellent
100854,26.6,63,95,833.0,61.0,96,7.7,15.1,298.7,28.1,Yes,50.5,Yes,50.9,Fair
100855,27.3,52,130,572.0,53.0,48,6.8,18.0,311.8,25.7,Yes,91.5,No,67.5,Fair
100856,21.3,34,88,872.0,23.0,9,10.7,5.8,136.2,,Yes,55.4,No,100.0,Excellent
100857,20.5,54,19,,39.0,39,13.4,15.2,81.2,18.2,Yes,58.3,No,79.2,Good
100858,24.4,37,38,1316.0,47.0,17,11.0,15.7,119.8,26.3,Yes,44.0,No,80.8,Good
100859,21.3,45,105,838.0,47.0,24,4.2,17.9,333.6,23.8,Yes,75.9,No,85.5,Excellent
100860,24.9,44,19,1415.0,25.0,105,13.2,6.2,188.7,28.7,Yes,51.0,No,74.0,Good
100861,23.6,30,22,1480.0,,40,6.7,13.6,175.6,3.8,Yes,76.7,No,83.1,Good
100862,18.5,51,56,897.0,54.0,35,7.7,4.1,53.9,2.8,Yes,76.2,No,69.5,Fair
100863,27.6,32,59,568.0,66.0,1,7.1,11.2,65.3,6.9,No,72.1,No,64.0,Fair
100864,28.4,67,141,1388.0,20.0,82,5.4,12.7,250.6,28.0,Yes,58.6,No,65.2,Fair
100865,21.2,43,125,960.0,38.0,73,12.7,13.3,226.9,19.0,Yes,51.8,No,78.7,Good
100866,21.8,65,122,827.0,20.0,48,6.0,3.7,222.7,13.9,No,80.0,Yes,93.6,Excellent
100867,23.9,47,94,818.0,32.0,66,8.9,15.3,83.1,16.4,Yes,74.4,No,77.7,Good
100868,24.0,70,62,854.0,27.0,52,4.9,7.6,155.6,25.2,Yes,83.5,No,82.2,Good
100869,25.0,47,139,1113.0,37.0,18,11.6,3.9,293.7,28.0,Yes,100.1,Yes,87.2,Excellent
100870,29.0,32,77,601.0,54.0,114,11.3,9.8,102.5,22.4,Yes,62.1,Yes,40.5,Poor
100871,22.5,39,88,578.0,42.0,25,5.6,15.5,314.8,23.3,Yes,104.2,Yes,88.4,Excellent
100872,20.6,68,66,456.0,69.0,53,10.2,17.4,86.4,11.0,Yes,74.9,No,61.1,Fair
100873,18.9,30,106,1345.0,45.0,114,10.4,13.5,100.7,15.1,Yes,88.2,Yes,62.7,Fair
100874,20.8,56,144,900.0,60.0,50,8.8,0.1,193.3,26.8,Yes,75.8,No,74.8,Good
100875,22.9,56,72,1138.0,57.0,110,9.2,2.4,333.6,24.0,Yes,62.4,No,55.4,Fair
100876,28.4,40,74,511.0,39.0,24,8.9,1.4,148.9,21.2,Yes,67.5,Yes,73.1,Good
100877,21.4,34,48,1114.0,21.0,113,3.0,1.8,247.5,3.8,Yes,77.2,Yes,79.2,Good
100878,23.7,36,118,1276.0,45.0,16,10.0,6.9,226.6,3.1,No,53.3,No,89.2,Excellent
100879,23.0,48,35,1479.0,55.0,73,7.6,6.1,94.9,5.7,Yes,57.0,No,62.0,Fair
100880,26.6,58,21,1212.0,44.0,119,7.3,2.0,124.5,18.3,Yes,40.1,Yes,52.2,Fair
100881,30.6,44,86,1363.0,49.0,60,12.3,15.9,329.0,17.0,Yes,52.4,No,53.3,Fair
100882,21.4,64,95,1477.0,37.0,45,2.3,11.1,105.4,28.4,Yes,76.6,No,88.7,Excellent
100883,21.5,66,39,436.0,26.0,114,5.0,14.3,258.5,21.5,No,79.4,No,82.1,Good
100884,26.1,41,61,1412.0,46.0,54,3.5,6.7,339.4,10.2,Yes,70.8,Yes,66.8,Fair
100885,25.0,59,72,1262.0,30.0,49,2.4,7.4,85.9,6.5,Yes,87.9,Yes,83.1,Good
100886,28.5,49,129,1131.0,56.0,74,5.3,5.7,169.8,25.8,Yes,57.5,No,53.8,Fair
100887,24.8,66,114,1209.0,27.0,10,13.9,7.9,117.2,14.9,Yes,56.3,Yes,97.7,Excellent
100888,21.9,32,48,,30.0,11,5.2,11.0,116.5,20.3,Yes,40.4,Yes,97.6,Excellent
100889,24.8,38,50,422.0,43.0,39,10.0,8.9,85.7,17.8,Yes,74.9,Yes,81.3,Good
100890,26.3,70,130,1195.0,49.0,47,3.4,15.1,244.9,5.0,No,57.6,No,68.5,Fair
100891,25.5,68,117,895.0,49.0,55,9.2,16.2,273.9,3.6,Yes,62.8,Yes,66.4,Fair
100892,24.5,55,74,1299.0,34.0,7,13.8,8.5,253.0,12.6,Yes,79.3,Yes,89.4,Excellent
100893,26.2,31,127,824.0,54.0,87,5.5,4.3,327.4,12.1,Yes,79.2,No,48.9,Poor
100894,26.5,52,88,1099.0,58.0,13,12.2,17.0,93.7,20.9,Yes,70.5,Yes,70.7,Good
100895,27.1,52,17,417.0,43.0,86,14.0,13.2,146.0,,Yes,64.8,Yes,63.0,Fair
100896,24.9,50,106,1026.0,27.0,113,9.1,11.5,153.4,29.1,Yes,89.1,No,71.2,Good
100897,22.5,45,27,1462.0,,55,5.7,13.4,119.6,26.0,Yes,59.5,No,71.4,Good
100898,23.4,38,105,610.0,61.0,116,10.1,1.4,92.7,15.9,Yes,56.3,No,52.0,Fair
100899,26.6,42,42,964.0,39.0,53,12.1,1.2,196.0,16.0,Yes,80.2,Yes,66.6,Fair
100900,20.5,57,14,1371.0,60.0,99,4.1,2.8,300.3,20.9,Yes,71.0,Yes,56.6,Fair
100901,24.1,56,136,532.0,66.0,16,7.4,2.7,336.4,5.2,Yes,75.6,No,77.0,Good
100902,21.8,46,83,848.0,45.0,44,5.8,7.6,88.8,30.0,Yes,75.0,No,84.2,Good
100903,23.1,67,135,663.0,43.0,4,5.4,2.8,296.9,16.5,Yes,71.3,Yes,90.5,Excellent
100904,26.8,65,14,510.0,41.0,2,12.3,15.4,297.4,27.5,Yes,59.4,No,77.3,Good
100905,23.6,30,43,1249.0,24.0,8,7.1,10.4,166.7,29.1,Yes,83.6,Yes,99.8,Excellent
100906,23.1,47,33,1300.0,34.0,83,6.1,6.6,83.0,18.3,Yes,66.0,Yes,78.9,Good
100907,18.9,38,104,1158.0,55.0,113,9.2,1.3,347.0,4.9,Yes,68.6,Yes,52.0,Fair
100908,25.2,42,80,1260.0,56.0,19,4.6,10.6,246.7,18.1,Yes,72.3,No,70.6,Good
100909,24.9,69,101,1296.0,48.0,114,4.8,2.1,344.7,18.7,Yes,53.7,Yes,50.5,Fair
100910,29.5,44,134,1261.0,34.0,82,8.2,13.4,195.1,,Yes,80.0,Yes,57.0,Fair
100911,22.1,33,31,592.0,46.0,20,6.9,14.4,168.6,3.4,Yes,61.0,No,89.0,Excellent
100912,23.7,62,24,914.0,68.0,79,5.5,9.8,124.2,15.1,Yes,77.5,Yes,52.7,Fair
100913,23.7,53,110,1189.0,27.0,32,2.6,2.7,345.1,27.8,Yes,61.7,Yes,94.0,Excellent
100914,27.7,65,24,1367.0,48.0,4,8.2,14.2,126.0,29.8,No,69.1,Yes,70.4,Good
100915,22.7,70,62,483.0,38.0,23,11.8,5.5,57.1,7.4,Yes,75.0,No,89.3,Excellent
100916,23.8,39,111,1197.0,50.0,62,12.2,4.0,203.7,26.4,No,39.4,Yes,68.1,Fair
100917,24.8,65,122,479.0,28.0,78,4.8,8.5,163.1,6.1,No,74.2,No,73.3,Good
100918,23.6,49,41,921.0,29.0,25,9.2,16.6,128.4,25.6,Yes,70.9,Yes,91.3,Excellent
100919,21.7,70,30,633.0,56.0,107,12.3,5.4,240.4,9.8,Yes,93.2,Yes,55.2,Fair
100920,23.6,40,92,643.0,29.0,88,6.9,16.3,159.3,28.9,Yes,102.2,No,79.8,Good
100921,26.2,41,23,1248.0,52.0,91,13.2,1.0,170.7,21.5,Yes,62.6,No,53.9,Fair
100922,19.9,47,24,792.0,44.0,32,12.8,1.5,56.9,13.2,Yes,91.7,Yes,81.6,Good
100923,23.4,59,43,408.0,23.0,109,4.5,12.6,226.7,9.9,Yes,92.7,No,78.8,Good
100924,20.9,66,92,1012.0,24.0,17,5.1,3.4,86.6,8.6,Yes,98.9,Yes,100.0,Excellent
100925,26.6,49,18,1206.0,42.0,17,4.2,5.7,114.1,21.1,Yes,70.4,No,80.8,Good
100926,18.4,54,86,1114.0,58.0,37,4.4,2.5,265.1,27.1,Yes,55.1,No,70.6,Good
100927,21.3,41,18,509.0,24.0,32,12.9,6.0,144.0,,Yes,68.7,Yes,100.0,Excellent
100928,24.1,50,45,1233.0,27.0,26,13.2,5.0,99.0,25.4,No,59.6,No,95.6,Excellent
100929,27.7,54,126,665.0,,48,2.6,13.3,223.2,23.9,Yes,71.1,No,71.0,Good
100930,22.8,40,12,1375.0,20.0,49,9.1,12.6,114.5,29.4,Yes,95.3,Yes,93.2,Excellent
100931,21.3,38,28,1354.0,69.0,14,8.8,17.2,131.3,23.2,Yes,41.3,Yes,71.0,Good
100932,28.6,54,32,1306.0,31.0,107,6.7,13.0,236.4,7.9,Yes,71.7,No,58.4,Fair
100933,18.7,64,113,1071.0,54.0,76,9.6,12.5,272.0,24.2,No,84.5,Yes,64.5,Fair
100934,16.4,61,144,575.0,33.0,51,13.4,12.5,271.9,11.0,Yes,82.3,No,70.3,Good
100935,24.3,43,114,924.0,67.0,97,4.0,15.9,194.7,29.9,Yes,56.4,No,52.5,Fair
100936,21.5,30,55,1490.0,37.0,67,3.4,5.3,186.3,12.5,Yes,72.2,No,85.2,Excellent
100937,19.9,46,24,1351.0,29.0,98,2.4,5.4,286.3,10.2,Yes,46.3,No,72.6,Good
100938,25.1,54,60,1458.0,34.0,18,6.4,13.3,107.9,8.7,Yes,94.6,Yes,82.5,Good
100939,23.7,37,119,904.0,61.0,94,6.1,4.1,95.7,20.4,No,72.5,No,55.1,Fair
100940,21.3,34,17,1248.0,52.0,24,7.2,16.4,249.4,5.1,Yes,75.9,Yes,81.9,Good
100941,19.2,34,78,1362.0,38.0,103,8.0,9.6,172.9,28.7,Yes,47.3,No,68.9,Fair
100942,25.6,70,72,1499.0,53.0,75,11.1,5.4,263.0,10.2,Yes,82.1,Yes,60.8,Fair
100943,25.0,64,77,871.0,64.0,75,6.7,14.0,127.0,10.3,No,59.7,Yes,55.4,Fair
100944,22.7,48,15,922.0,44.0,105,6.0,5.6,147.5,3.3,Yes,82.5,Yes,69.4,Fair
100945,28.5,52,128,1279.0,35.0,24,11.9,17.3,319.0,8.9,Yes,50.8,Yes,78.7,Good
100946,19.8,38,66,673.0,27.0,32,12.2,17.7,176.5,13.7,Yes,70.3,Yes,90.0,Excellent
100947,18.4,59,40,453.0,54.0,59,4.8,12.0,227.3,12.3,No,72.0,No,64.2,Fair
100948,20.9,45,15,1478.0,40.0,36,5.8,2.0,82.0,9.6,Yes,72.5,No,88.6,Excellent
100949,22.9,62,76,1287.0,38.0,91,11.9,4.7,103.6,3.1,Yes,86.7,No,73.0,Good
100950,23.7,31,140,1144.0,65.0,115,3.0,9.3,60.8,10.4,Yes,59.9,Yes,47.7,Poor
100951,22.3,43,83,,30.0,42,5.9,15.3,177.3,23.8,Yes,62.1,Yes,93.4,Excellent
100952,24.1,30,123,1282.0,63.0,8,7.4,3.3,346.7,14.3,Yes,63.6,No,72.2,Good
100953,19.2,55,106,1031.0,30.0,13,4.2,1.9,312.2,,Yes,74.5,Yes,90.9,Excellent
100954,27.3,54,89,969.0,30.0,2,4.2,1.3,239.9,10.5,Yes,75.8,No,88.2,Excellent
100955,22.8,45,132,575.0,41.0,68,7.1,9.1,308.3,17.5,No,88.4,Yes,77.6,Good
100956,26.4,44,147,965.0,40.0,55,11.1,15.9,228.3,10.5,No,85.0,No,70.2,Good
100957,24.0,55,42,1170.0,46.0,25,12.1,0.8,160.6,19.7,Yes,56.5,Yes,80.1,Good
100958,24.4,45,149,661.0,37.0,52,13.8,3.8,102.1,29.7,No,89.7,Yes,73.7,Good
100959,24.7,43,53,930.0,61.0,40,2.9,12.5,245.9,3.2,Yes,72.0,No,66.6,Fair
100960,24.3,58,22,1290.0,67.0,81,4.6,14.9,107.9,6.7,Yes,98.2,Yes,54.9,Fair
100961,24.9,53,66,1347.0,59.0,101,11.1,14.5,175.2,7.0,Yes,84.6,No,49.4,Poor
100962,27.0,44,105,984.0,57.0,20,8.5,14.1,297.7,14.5,Yes,55.2,Yes,63.5,Fair
100963,23.6,48,118,1214.0,49.0,38,5.9,2.3,88.8,3.2,No,77.2,No,78.1,Good
100964,25.1,37,129,701.0,64.0,79,4.5,7.2,88.7,15.4,No,85.1,Yes,59.8,Fair
100965,22.7,63,109,1027.0,66.0,103,5.4,17.7,117.3,28.0,Yes,65.0,No,59.5,Fair
100966,27.3,31,120,972.0,64.0,22,7.2,17.8,215.6,2.3,Yes,40.1,No,62.3,Fair
100967,21.0,56,60,928.0,52.0,92,4.1,10.8,125.5,12.2,Yes,75.5,No,69.9,Fair
100968,28.4,39,30,433.0,,73,13.6,12.8,201.0,23.3,No,60.1,No,60.3,Fair
100969,22.9,64,69,931.0,21.0,57,3.3,17.1,140.6,6.3,Yes,72.4,No,93.5,Excellent
100970,18.7,52,30,770.0,32.0,68,13.8,8.1,201.9,4.2,Yes,74.8,No,73.9,Good
100971,23.4,37,116,808.0,21.0,74,12.1,2.5,133.3,19.7,Yes,70.0,Yes,92.7,Excellent
100972,21.0,57,135,1016.0,62.0,28,7.1,12.0,344.0,2.3,No,65.8,No,73.2,Good
100973,25.5,52,143,470.0,64.0,61,10.9,17.3,197.8,24.4,Yes,64.8,Yes,60.5,Fair
100974,21.0,33,82,483.0,50.0,52,10.1,12.5,273.1,3.9,Yes,71.5,Yes,76.6,Good
100975,21.7,43,85,608.0,29.0,44,4.6,14.5,260.2,16.7,Yes,87.5,No,94.3,Excellent
100976,17.3,58,87,658.0,42.0,26,6.1,7.6,197.2,22.7,Yes,66.7,No,80.3,Good
100977,21.6,30,143,1331.0,41.0,115,8.2,1.7,121.7,8.8,Yes,78.9,Yes,67.0,Fair
100978,16.0,33,74,681.0,66.0,33,9.7,3.0,203.2,4.9,Yes,78.3,No,53.8,Fair
100979,18.2,61,95,793.0,48.0,13,8.5,17.7,254.3,6.9,Yes,62.2,No,76.5,Good
100980,25.3,62,43,817.0,52.0,40,7.7,8.9,188.0,25.9,Yes,69.4,No,64.2,Fair
100981,25.4,55,65,1258.0,50.0,105,7.3,0.2,74.6,21.8,Yes,86.3,No,55.8,Fair
100982,24.3,46,84,1025.0,33.0,73,8.0,17.2,55.4,7.5,Yes,52.6,Yes,79.0,Good
100983,20.1,68,12,961.0,29.0,59,7.2,9.0,148.4,22.1,Yes,41.2,No,86.3,Excellent
100984,22.9,52,15,1231.0,37.0,41,8.5,15.1,95.1,21.8,Yes,65.2,Yes,87.0,Excellent
100985,23.0,61,15,1340.0,30.0,50,12.7,9.9,321.9,29.9,Yes,76.1,No,89.3,Excellent
100986,19.5,44,11,461.0,58.0,74,9.6,1.8,102.7,13.0,Yes,53.1,No,64.8,Fair
100987,27.5,42,99,1133.0,66.0,10,10.7,11.1,168.3,26.2,Yes,66.7,No,59.1,Fair
100988,25.6,31,65,1181.0,22.0,34,9.2,18.0,263.6,14.5,Yes,94.9,No,91.9,Excellent
100989,22.3,48,105,938.0,21.0,18,9.7,0.6,294.6,27.1,Yes,52.0,No,100.0,Excellent
100990,23.1,53,19,996.0,27.0,87,8.9,15.2,193.3,4.6,Yes,53.9,No,78.7,Good
100991,23.6,53,96,408.0,50.0,117,2.3,4.2,104.3,6.9,Yes,55.5,No,57.3,Fair
100992,16.9,40,79,675.0,,64,14.0,7.1,131.3,25.8,Yes,72.4,Yes,77.2,Good
100993,22.3,51,122,626.0,62.0,75,2.4,6.7,175.7,24.9,Yes,75.2,Yes,66.2,Fair
100994,21.0,44,39,585.0,67.0,60,6.7,16.2,159.4,10.6,No,75.6,No,62.3,Fair
100995,20.0,39,137,990.0,21.0,46,3.3,9.1,154.6,18.7,Yes,59.4,No,94.3,Excellent
100996,22.2,70,87,832.0,41.0,13,3.2,8.0,89.6,12.7,Yes,77.7,No,97.5,Excellent
100997,28.4,56,64,968.0,24.0,66,11.5,14.7,324.0,2.3,Yes,55.6,No,71.0,Good
100998,24.9,38,58,,26.0,51,7.1,0.9,58.9,2.7,Yes,54.6,Yes,88.0,Excellent
100999,21.3,57,43,755.0,39.0,108,11.6,1.6,182.0,3.5,No,80.2,Yes,66.8,Fair
101000,24.7,30,114,1242.0,47.0,113,5.3,0.4,344.1,18.6,Yes,70.6,No,55.7,Fair
102001,21.0,31,125,462.0,53.0,1,8.5,4.9,320.6,18.5,Yes,76.6,No,83.6,Good
102002,22.6,44,97,1065.0,66.0,67,5.9,6.3,105.4,4.7,No,95.0,Yes,64.0,Fair
102003,20.6,58,71,908.0,68.0,61,8.3,17.9,292.0,11.2,Yes,80.1,No,61.9,Fair
102004,22.1,51,113,587.0,,79,8.6,11.5,55.5,19.6,No,97.7,Yes,82.4,Good
102005,17.3,33,82,1134.0,,104,3.1,15.7,326.2,15.5,Yes,87.4,No,55.3,Fair
102006,23.6,35,86,492.0,40.0,57,9.9,14.5,200.1,20.5,Yes,73.6,Yes,77.8,Good
102007,23.0,67,49,404.0,40.0,104,9.6,11.7,118.0,23.3,Yes,100.7,Yes,67.0,Fair
102008,20.5,55,144,424.0,53.0,84,11.2,15.1,50.9,15.5,Yes,82.7,No,66.7,Fair
102009,25.0,40,26,907.0,28.0,68,3.1,5.2,217.9,29.6,Yes,54.8,Yes,79.7,Good
102010,25.8,55,128,497.0,53.0,57,5.6,11.5,123.3,27.6,Yes,77.8,No,61.1,Fair
102011,18.2,46,135,1061.0,69.0,34,9.8,10.6,239.4,3.7,No,46.9,Yes,57.4,Fair
102012,20.7,53,33,1083.0,31.0,13,3.6,11.2,134.4,9.5,Yes,51.7,No,98.3,Excellent
102013,20.7,57,11,426.0,66.0,14,10.1,3.0,76.4,10.4,No,49.1,Yes,74.1,Good
102014,20.2,64,101,454.0,40.0,5,2.7,5.0,201.5,7.2,No,55.3,Yes,93.4,Excellent
102015,25.5,60,126,,39.0,15,6.0,5.2,219.3,10.7,Yes,89.7,Yes,85.6,Excellent
102016,22.4,42,62,1180.0,25.0,86,12.2,10.8,185.8,13.9,No,57.8,Yes,86.6,Excellent
102017,22.2,64,55,697.0,69.0,94,11.3,17.5,187.4,3.4,Yes,87.5,No,56.2,Fair
102018,17.0,45,54,1441.0,64.0,105,9.7,17.2,226.9,5.6,Yes,69.9,No,38.6,Poor
102019,24.9,44,18,1217.0,55.0,45,12.4,4.1,207.9,4.7,No,90.9,No,65.6,Fair
102020,19.3,47,15,1254.0,31.0,62,10.5,5.5,89.8,,Yes,96.2,Yes,78.4,Good
102021,23.2,66,60,958.0,60.0,11,8.2,0.6,109.1,15.5,Yes,80.6,Yes,77.0,Good
102022,23.8,70,128,902.0,50.0,40,13.8,7.2,92.5,11.3,Yes,48.7,No,76.0,Good
102023,27.1,56,44,602.0,21.0,118,10.3,15.0,258.0,28.2,Yes,61.0,No,63.0,Fair
102024,19.1,64,91,1345.0,35.0,18,9.2,16.5,208.6,4.9,Yes,75.6,No,90.7,Excellent
102025,16.0,64,34,639.0,20.0,75,6.9,4.3,179.0,27.9,Yes,58.9,Yes,70.5,Good
102026,23.6,57,148,889.0,23.0,108,12.8,4.8,289.5,4.4,Yes,100.4,No,77.9,Good
102027,28.4,68,26,1436.0,66.0,118,5.5,4.0,147.7,19.3,No,78.9,Yes,35.1,Poor
102028,26.7,67,45,1048.0,20.0,76,2.1,6.3,220.4,8.9,No,59.5,No,74.6,Good
102029,23.6,38,105,1084.0,66.0,112,4.4,14.5,72.3,25.2,Yes,54.6,No,51.0,Fair
102030,21.5,41,30,642.0,54.0,1,3.3,11.6,273.3,3.7,Yes,65.5,No,86.7,Excellent
102031,25.4,44,27,906.0,32.0,19,5.8,14.1,258.6,28.7,Yes,72.8,Yes,86.4,Excellent
102032,20.1,50,10,1466.0,69.0,118,11.9,10.5,290.7,3.3,No,58.9,No,49.5,Poor
102033,24.4,64,145,1012.0,64.0,94,9.8,4.6,315.3,8.8,Yes,87.1,No,50.5,Fair
102034,24.5,62,60,561.0,61.0,8,4.0,4.1,277.4,15.0,Yes,88.2,Yes,75.3,Good
102035,26.2,48,88,1055.0,50.0,20,11.5,0.2,303.3,23.2,No,67.7,No,76.6,Good
102036,31.3,52,45,1358.0,39.0,7,8.1,14.1,153.7,28.6,Yes,41.7,No,66.0,Fair
102037,24.2,42,71,1020.0,26.0,38,8.2,15.2,153.0,14.0,Yes,54.7,Yes,86.3,Excellent
102038,21.5,30,138,510.0,59.0,36,6.3,13.8,333.3,23.2,Yes,64.2,Yes,79.7,Good
102039,22.9,58,94,1333.0,52.0,28,12.4,1.3,324.4,22.4,No,81.7,Yes,79.0,Good
102040,17.7,53,51,1149.0,47.0,82,5.8,13.7,214.5,18.0,Yes,77.9,No,57.6,Fair
102041,20.9,45,10,1108.0,69.0,34,3.1,0.8,160.0,21.3,Yes,57.9,No,67.2,Fair
102042,21.8,54,63,672.0,63.0,108,5.6,1.9,309.8,3.1,No,63.7,No,55.0,Fair
102043,21.4,52,109,1206.0,69.0,37,10.6,7.9,147.0,14.4,Yes,73.0,Yes,66.3,Fair
102044,23.5,57,48,440.0,63.0,89,9.9,8.6,96.1,24.0,Yes,69.4,No,58.6,Fair
102045,20.5,45,16,959.0,39.0,74,4.3,14.7,241.8,15.3,Yes,97.0,Yes,75.1,Good
102046,26.4,67,130,865.0,51.0,99,3.3,12.2,62.8,26.5,Yes,78.3,No,52.6,Fair
102047,23.0,40,54,889.0,28.0,34,9.9,2.8,163.7,25.3,Yes,58.9,No,95.4,Excellent
102048,23.0,32,83,,53.0,67,10.1,4.1,292.3,26.2,Yes,70.5,No,68.6,Fair
102049,22.0,44,129,833.0,33.0,2,6.4,5.1,138.6,5.6,Yes,53.4,Yes,100.0,Excellent
102050,23.5,30,81,1442.0,23.0,108,12.1,2.2,329.4,8.8,Yes,81.6,Yes,75.6,Good
102051,25.5,36,147,1393.0,48.0,110,13.7,5.2,336.7,2.8,Yes,57.9,No,53.4,Fair
102052,20.4,30,55,595.0,34.0,11,4.5,13.1,294.7,29.5,Yes,96.6,No,93.2,Excellent
102053,21.0,61,132,1018.0,,31,8.9,4.3,346.3,,Yes,59.6,No,87.0,Excellent
102054,22.1,38,127,824.0,38.0,46,2.1,15.0,209.2,12.3,No,61.5,Yes,90.7,Excellent
102055,19.0,58,84,433.0,57.0,62,10.6,8.5,220.8,9.7,Yes,79.3,No,64.2,Fair
102056,20.5,55,15,694.0,28.0,25,7.0,5.8,300.9,3.1,Yes,72.1,No,93.2,Excellent
102057,21.6,52,30,1406.0,46.0,42,4.3,7.4,197.8,9.3,Yes,40.5,No,84.1,Good
102058,25.6,58,112,738.0,68.0,106,11.0,12.8,172.0,4.7,Yes,64.8,No,40.5,Poor
102059,23.8,67,97,1017.0,34.0,76,11.7,9.3,234.4,13.0,Yes,76.0,Yes,78.6,Good
102060,23.6,62,108,579.0,56.0,43,3.3,0.1,247.3,29.1,Yes,74.5,No,73.4,Good
102061,25.6,36,71,1021.0,47.0,37,2.5,16.6,275.3,21.6,Yes,88.2,Yes,70.0,Good
102062,22.6,41,116,1018.0,69.0,28,6.0,1.2,250.5,21.8,Yes,68.7,Yes,69.0,Fair
102063,24.2,60,92,1042.0,23.0,54,9.5,16.9,273.7,14.7,Yes,62.5,Yes,90.4,Excellent
102064,22.7,61,65,422.0,40.0,51,11.5,0.5,252.4,24.7,Yes,71.0,Yes,87.4,Excellent
102065,23.8,49,31,1018.0,53.0,114,8.6,13.9,194.1,27.4,Yes,62.6,No,55.1,Fair
102066,21.3,46,77,651.0,38.0,18,9.0,9.6,90.5,28.9,Yes,56.5,No,95.1,Excellent
102067,16.0,65,19,701.0,56.0,34,11.6,9.1,285.6,4.8,Yes,77.9,No,63.2,Fair
102068,22.6,32,75,,23.0,47,8.3,1.3,59.2,26.6,Yes,75.1,No,94.2,Excellent
102069,27.3,30,17,562.0,56.0,104,9.3,4.3,347.8,8.3,Yes,91.8,No,48.6,Poor
102070,25.8,56,132,1486.0,51.0,90,8.2,14.0,298.5,13.1,Yes,76.9,No,54.1,Fair
102071,25.9,69,47,1011.0,64.0,109,12.6,16.0,251.3,11.7,Yes,90.7,No,45.3,Poor
102072,26.7,62,132,1471.0,67.0,59,4.8,9.5,340.0,20.9,Yes,85.6,Yes,52.5,Fair
102073,23.3,49,71,844.0,31.0,30,5.2,6.4,233.7,18.7,Yes,78.2,Yes,95.2,Excellent
102074,23.6,43,147,473.0,60.0,2,3.5,1.1,66.9,5.1,No,73.7,No,77.8,Good
102075,21.1,65,54,1225.0,35.0,34,11.8,12.3,217.8,23.9,Yes,79.4,Yes,90.3,Excellent
102076,22.1,34,74,941.0,33.0,87,6.9,5.0,133.2,14.3,No,44.0,Yes,77.5,Good
102077,24.8,52,76,556.0,20.0,51,6.2,1.0,160.8,2.1,Yes,68.4,Yes,89.9,Excellent
102078,26.6,44,146,655.0,51.0,70,13.8,12.0,187.9,13.6,Yes,77.2,Yes,62.8,Fair
102079,22.6,35,142,1462.0,40.0,50,13.1,8.7,282.4,16.5,Yes,60.6,No,81.8,Good
102080,21.6,62,115,1478.0,23.0,55,13.7,0.2,200.9,3.9,Yes,102.4,No,97.4,Excellent
102081,23.0,48,147,1451.0,28.0,98,3.7,2.0,192.4,6.2,Yes,73.6,No,81.0,Good
102082,24.8,42,149,1336.0,65.0,20,12.7,12.6,140.6,29.8,Yes,75.3,No,71.8,Good
102083,18.7,58,91,517.0,41.0,0,5.9,1.1,212.0,26.4,Yes,93.7,Yes,90.2,Excellent
102084,16.1,35,67,769.0,31.0,107,2.2,15.6,124.5,5.7,Yes,65.0,No,54.6,Fair
102085,21.3,44,140,608.0,49.0,52,6.7,5.6,128.3,18.2,Yes,46.4,No,73.4,Good
102086,19.3,45,78,986.0,49.0,5,8.1,1.6,277.2,12.6,Yes,41.8,Yes,79.8,Good
102087,21.5,53,98,1248.0,51.0,102,3.3,13.7,152.8,17.2,Yes,51.0,No,71.0,Good
102088,22.6,52,73,715.0,55.0,97,8.5,9.4,65.4,15.2,No,58.4,Yes,63.0,Fair
102089,21.6,39,81,843.0,26.0,81,11.8,5.5,153.1,3.3,Yes,70.7,Yes,83.8,Good
102090,27.4,70,26,1027.0,36.0,61,6.5,7.3,241.6,10.8,Yes,84.9,Yes,65.7,Fair
102091,24.0,70,82,,20.0,88,6.2,0.4,294.2,5.5,No,52.4,No,81.3,Good
102092,23.9,46,79,969.0,33.0,78,6.1,11.9,338.6,15.7,Yes,77.8,No,77.1,Good
102093,24.9,59,122,981.0,66.0,46,13.1,6.6,273.9,27.4,Yes,59.0,Yes,60.8,Fair
102094,19.6,39,30,1004.0,63.0,95,2.6,12.9,178.7,29.9,Yes,86.9,No,58.7,Fair
102095,26.1,48,144,1140.0,63.0,105,7.3,11.3,139.7,28.4,No,76.3,Yes,49.8,Poor
102096,22.8,58,16,1307.0,57.0,112,5.2,11.7,88.9,29.6,No,64.2,Yes,57.5,Fair
102097,25.0,31,120,1048.0,45.0,49,12.7,14.3,238.3,2.4,Yes,71.0,Yes,70.0,Good
102098,19.8,65,36,,46.0,81,3.2,11.4,203.0,22.4,Yes,54.2,No,65.4,Fair
102099,18.3,48,17,738.0,64.0,30,6.9,7.5,253.3,9.6,Yes,53.6,Yes,62.2,Fair
102100,25.5,36,37,928.0,35.0,63,6.9,7.0,121.1,26.2,No,76.9,Yes,75.0,Good
102101,24.1,55,56,453.0,65.0,28,12.7,2.2,147.1,,Yes,54.2,Yes,70.1,Good
102102,20.3,44,95,1083.0,26.0,14,4.6,14.0,137.6,13.9,No,68.5,No,96.6,Excellent
102103,20.4,67,19,818.0,51.0,57,9.7,13.7,289.3,15.3,Yes,71.8,No,72.9,Good
102104,26.4,32,123,704.0,44.0,22,3.6,4.4,101.4,9.4,No,64.7,No,76.6,Good
102105,19.4,67,42,484.0,50.0,37,13.4,15.5,232.5,10.1,Yes,62.3,No,71.3,Good
102106,27.9,45,144,651.0,35.0,40,9.1,10.6,65.4,29.5,Yes,94.5,Yes,68.4,Fair
102107,20.3,31,140,525.0,60.0,74,9.5,8.6,214.9,26.9,Yes,71.0,No,62.8,Fair
102108,24.9,60,23,1009.0,33.0,14,7.2,0.3,69.2,7.4,Yes,57.3,Yes,87.6,Excellent
102109,22.0,57,55,703.0,44.0,86,6.1,6.9,102.8,9.7,Yes,47.6,Yes,73.4,Good
102110,24.8,36,70,1451.0,49.0,2,4.6,11.5,83.9,5.0,No,40.5,No,83.2,Good
102111,21.4,59,22,1247.0,26.0,82,9.2,1.6,154.0,29.7,No,44.1,No,85.1,Excellent
102112,22.5,36,25,1475.0,31.0,0,13.5,8.3,153.1,27.4,Yes,62.9,Yes,99.7,Excellent
102113,23.1,65,142,1054.0,22.0,87,6.3,17.9,297.9,17.5,Yes,81.0,No,85.1,Excellent
102114,20.0,58,47,1043.0,46.0,112,12.6,12.9,117.7,21.4,Yes,67.3,No,62.6,Fair
102115,25.2,53,47,1257.0,65.0,74,3.8,9.8,75.9,22.9,Yes,83.0,No,52.5,Fair
102116,21.5,68,112,910.0,38.0,93,13.2,9.6,231.1,7.7,Yes,90.0,Yes,73.3,Good
102117,22.3,33,65,606.0,62.0,113,6.2,0.8,256.2,28.2,Yes,91.9,Yes,53.5,Fair
102118,20.0,58,72,973.0,56.0,10,6.6,17.2,138.4,16.7,Yes,80.1,No,77.9,Good
102119,16.0,34,129,1274.0,64.0,59,7.6,16.7,230.8,4.6,Yes,87.0,No,48.6,Poor
102120,22.4,58,57,910.0,61.0,102,10.6,12.3,282.8,13.1,Yes,72.8,No,62.6,Fair
102121,30.2,59,114,600.0,26.0,64,10.6,1.8,154.3,18.8,Yes,96.0,No,69.6,Fair
102122,25.4,58,68,1222.0,68.0,75,7.8,3.7,207.6,11.9,Yes,64.5,No,48.9,Poor
102123,22.9,55,86,1470.0,35.0,3,8.3,3.3,94.0,21.6,Yes,85.5,No,100.0,Excellent
102124,22.2,48,136,1419.0,51.0,24,2.4,9.4,57.1,26.7,Yes,78.0,Yes,85.6,Excellent
102125,23.1,55,64,536.0,27.0,71,5.7,3.7,344.4,23.6,No,60.3,No,87.6,Excellent
102126,24.6,66,64,529.0,68.0,78,6.2,12.5,139.9,20.0,Yes,63.0,No,49.8,Poor
102127,19.5,56,138,1417.0,32.0,42,8.7,9.8,133.7,16.3,No,49.0,No,78.4,Good
102128,26.3,59,145,831.0,30.0,93,8.7,0.3,342.0,9.1,Yes,62.0,No,69.2,Fair
102129,25.1,59,136,,39.0,39,10.5,13.4,268.5,14.7,Yes,55.8,Yes,82.1,Good
102130,25.2,32,141,939.0,37.0,95,10.6,3.4,225.6,10.2,Yes,70.9,Yes,61.4,Fair
102131,24.3,36,94,734.0,56.0,107,4.8,14.8,259.8,28.2,No,64.3,No,52.9,Fair
102132,23.1,38,124,925.0,25.0,98,11.2,6.4,263.0,27.4,No,72.2,No,78.2,Good
102133,25.0,70,67,957.0,39.0,84,2.2,6.1,279.0,6.4,Yes,83.1,Yes,66.8,Fair
102134,24.8,42,46,1308.0,51.0,94,10.6,0.2,70.2,25.0,Yes,71.0,No,64.0,Fair
102135,21.9,44,58,1439.0,65.0,99,3.2,17.8,173.8,21.7,Yes,41.9,No,58.8,Fair
102136,21.3,34,76,909.0,63.0,90,10.8,11.0,138.5,29.3,No,68.1,Yes,58.7,Fair
102137,23.3,58,28,608.0,48.0,43,8.3,7.6,71.2,15.0,Yes,79.7,No,77.7,Good
102138,27.6,64,138,457.0,23.0,71,7.2,1.7,173.8,22.2,No,81.7,Yes,69.2,Fair
102139,19.3,56,38,1215.0,26.0,58,10.3,12.6,234.9,16.5,Yes,73.4,Yes,84.1,Good
102140,18.6,56,96,1437.0,62.0,22,2.4,5.1,103.5,3.9,Yes,72.9,Yes,68.8,Fair
102141,23.5,37,42,776.0,39.0,61,4.7,17.8,141.5,3.3,Yes,87.0,No,75.9,Good
102142,23.2,61,128,642.0,53.0,22,9.4,17.1,241.8,5.4,Yes,87.8,No,84.0,Good
102143,23.5,49,142,1392.0,,105,12.2,13.2,223.8,10.3,Yes,50.1,No,53.8,Fair
102144,23.7,39,80,1290.0,26.0,57,6.6,17.5,310.6,9.3,No,74.6,Yes,87.9,Excellent
102145,22.3,42,143,814.0,52.0,54,5.1,1.9,287.4,22.4,No,92.9,Yes,75.3,Good
102146,27.5,58,31,793.0,34.0,32,8.2,5.0,339.7,22.0,Yes,77.5,No,72.5,Good
102147,18.2,64,86,1128.0,51.0,76,9.5,4.6,229.2,29.2,Yes,104.9,Yes,58.4,Fair
102148,20.5,37,13,757.0,41.0,62,7.0,1.3,259.5,10.7,Yes,73.6,No,72.4,Good
102149,22.7,58,81,1073.0,59.0,102,12.5,17.5,308.2,28.3,Yes,76.5,Yes,57.3,Fair
102150,18.1,60,137,417.0,48.0,115,8.3,1.1,302.0,19.2,No,61.4,Yes,54.2,Fair
102151,22.5,70,54,1127.0,44.0,59,2.4,15.4,265.6,15.9,Yes,80.0,Yes,78.9,Good
102152,28.0,59,145,960.0,24.0,98,4.7,13.8,200.1,20.7,Yes,81.0,No,68.6,Fair
102153,23.1,51,102,1481.0,33.0,60,7.4,6.8,132.0,21.7,Yes,53.8,Yes,84.6,Good
102154,23.7,50,14,554.0,69.0,79,10.4,0.3,313.2,6.8,Yes,86.6,Yes,55.8,Fair
102155,19.2,41,113,886.0,54.0,75,4.6,0.1,283.0,23.0,Yes,56.0,No,62.3,Fair
102156,21.2,40,90,550.0,21.0,60,13.7,3.7,301.4,22.3,Yes,40.6,No,97.4,Excellent
102157,21.9,31,96,767.0,44.0,94,5.8,8.9,92.2,29.9,Yes,93.6,No,71.6,Good
102158,22.0,70,146,1470.0,35.0,68,8.4,8.2,144.4,27.5,Yes,81.1,Yes,86.4,Excellent
102159,26.8,31,139,606.0,65.0,113,2.2,10.5,177.5,21.2,Yes,68.3,Yes,39.0,Poor
102160,24.7,63,72,849.0,35.0,103,12.6,13.9,301.5,21.9,Yes,65.6,No,68.7,Fair
102161,19.7,32,60,1323.0,30.0,107,11.5,6.8,317.9,28.5,Yes,65.3,Yes,73.7,Good
102162,23.7,45,125,1096.0,68.0,88,4.3,2.9,135.5,,Yes,83.9,Yes,50.6,Fair
102163,24.5,33,122,969.0,54.0,20,13.2,14.4,255.9,25.2,Yes,62.6,Yes,74.5,Good
102164,26.4,52,40,542.0,42.0,2,5.8,6.0,73.3,23.5,Yes,81.5,No,86.4,Excellent
102165,27.7,49,16,1470.0,24.0,47,10.3,5.2,172.9,5.1,Yes,72.2,Yes,78.5,Good
102166,20.0,54,12,590.0,54.0,9,11.8,13.8,196.0,25.2,Yes,58.1,No,86.2,Excellent
102167,20.6,59,60,539.0,48.0,86,10.9,16.8,279.7,9.1,Yes,75.4,No,63.5,Fair
102168,19.2,47,65,1014.0,66.0,80,13.0,16.5,317.6,17.8,Yes,69.8,No,51.4,Fair
102169,22.3,40,82,1324.0,24.0,41,12.4,2.5,151.2,13.4,Yes,82.3,No,92.2,Excellent
102170,24.4,58,19,1472.0,22.0,98,13.9,9.1,208.3,11.7,No,55.8,No,78.2,Good
102171,26.0,46,70,1023.0,25.0,88,4.2,1.7,244.2,10.7,Yes,49.3,No,76.9,Good
102172,22.8,55,59,486.0,,65,5.7,17.3,148.6,26.0,Yes,85.4,Yes,79.1,Good
102173,22.0,52,131,681.0,65.0,90,9.6,3.9,345.7,23.5,Yes,61.2,No,63.4,Fair
102174,23.5,49,10,1163.0,21.0,45,10.8,3.6,312.7,16.7,No,84.4,No,93.0,Excellent
102175,20.5,31,47,1497.0,37.0,8,8.4,16.0,138.9,20.6,Yes,90.2,Yes,98.7,Excellent
102176,29.3,53,88,852.0,49.0,48,2.9,17.4,202.4,29.6,No,60.6,No,60.3,Fair
102177,18.2,60,98,446.0,57.0,3,12.1,12.6,119.3,13.1,Yes,75.3,No,76.0,Good
102178,23.6,56,91,1337.0,24.0,59,13.5,2.2,204.4,17.4,Yes,99.1,No,84.5,Good
102179,29.1,31,76,430.0,65.0,89,6.9,8.7,255.0,16.9,Yes,51.2,No,39.3,Poor
102180,23.0,43,26,933.0,68.0,95,4.7,14.7,75.7,28.2,Yes,51.2,Yes,53.8,Fair
102181,22.4,33,136,416.0,30.0,28,2.2,10.3,311.0,11.8,No,55.0,Yes,99.2,Excellent
102182,21.9,42,121,791.0,20.0,85,4.8,2.4,228.1,29.6,Yes,50.8,No,86.4,Excellent
102183,22.5,65,145,1406.0,29.0,46,10.4,3.1,346.9,10.5,Yes,79.1,No,91.4,Excellent
102184,27.1,64,69,753.0,,76,12.9,15.6,57.7,5.0,No,45.4,Yes,49.6,Poor
102185,16.4,37,49,704.0,63.0,86,3.1,9.5,299.4,7.4,Yes,75.1,Yes,51.4,Fair
102186,27.6,31,98,908.0,45.0,62,8.6,12.7,287.6,13.9,Yes,51.5,Yes,63.3,Fair
102187,18.7,35,50,1111.0,52.0,30,10.3,6.7,89.9,20.2,Yes,72.5,No,74.1,Good
102188,22.2,60,149,1084.0,46.0,50,5.3,9.6,150.6,16.5,Yes,88.0,Yes,84.3,Good
102189,21.7,39,124,1185.0,69.0,40,8.8,17.6,315.4,12.5,Yes,81.4,Yes,72.4,Good
102190,24.8,50,109,1256.0,31.0,35,10.6,5.9,205.5,17.7,Yes,70.3,No,85.8,Excellent
102191,18.2,39,126,576.0,,116,12.1,12.1,170.4,25.5,No,82.9,Yes,68.1,Fair
102192,24.4,52,98,700.0,20.0,39,7.4,3.1,321.6,25.5,No,48.8,Yes,89.3,Excellent
102193,29.1,32,102,844.0,20.0,94,11.0,2.2,78.0,22.3,Yes,69.0,No,58.6,Fair
102194,18.9,61,148,420.0,52.0,59,5.6,14.1,191.9,28.7,Yes,63.8,No,66.7,Fair
102195,23.6,49,69,1415.0,41.0,14,4.6,15.2,245.7,18.5,Yes,73.4,Yes,86.0,Excellent
102196,21.0,39,77,1110.0,31.0,77,4.2,12.0,232.6,2.2,No,80.4,No,80.2,Good
102197,24.3,58,87,1100.0,58.0,98,6.3,2.8,129.3,,No,53.9,Yes,57.7,Fair
102198,23.1,70,55,551.0,55.0,87,2.4,4.3,219.0,11.2,Yes,67.5,No,64.1,Fair
102199,21.1,63,47,1258.0,40.0,29,5.4,16.4,262.6,17.3,Yes,49.9,Yes,86.8,Excellent
102200,24.5,66,26,495.0,39.0,29,9.8,5.2,225.5,27.3,Yes,67.7,No,82.4,Good
102201,28.4,49,75,1498.0,55.0,26,9.8,14.7,255.3,25.5,Yes,66.3,Yes,61.8,Fair
102202,22.4,37,45,1277.0,45.0,112,2.9,5.1,126.8,8.5,Yes,61.7,Yes,64.1,Fair
102203,25.2,36,83,1039.0,66.0,39,5.4,16.9,299.9,16.5,Yes,56.5,No,65.4,Fair
102204,19.1,35,16,799.0,50.0,77,8.8,16.5,184.9,20.5,Yes,64.7,No,62.4,Fair
102205,20.1,40,25,645.0,20.0,44,5.8,0.8,346.2,29.7,Yes,62.7,No,94.8,Excellent
102206,24.4,47,23,511.0,57.0,110,7.0,13.9,57.0,2.9,Yes,50.3,No,56.5,Fair
102207,27.5,58,89,1193.0,33.0,74,10.6,3.1,164.1,15.0,Yes,53.6,Yes,68.5,Fair
102208,24.1,54,34,1426.0,45.0,46,2.1,3.9,104.1,,Yes,40.8,No,77.7,Good
102209,22.1,50,114,515.0,65.0,107,5.3,8.3,216.7,29.4,Yes,65.7,No,55.9,Fair
102210,23.0,32,13,1333.0,61.0,89,3.7,10.4,123.0,11.3,No,49.9,Yes,60.0,Fair
102211,19.2,47,136,691.0,26.0,55,3.5,5.9,271.2,2.0,No,70.8,No,85.0,Excellent
102212,24.8,53,65,741.0,31.0,53,13.5,10.4,314.6,18.4,Yes,70.7,No,80.8,Good
102213,25.6,67,15,1414.0,43.0,84,6.5,3.1,113.3,26.3,Yes,83.5,No,63.7,Fair
102214,21.6,39,138,984.0,38.0,8,8.3,0.4,98.2,11.1,Yes,77.3,No,96.7,Excellent
102215,21.6,56,138,426.0,28.0,117,10.8,10.3,312.6,28.2,Yes,76.0,No,69.5,Fair
102216,23.8,41,124,854.0,54.0,110,2.6,9.3,158.4,,Yes,81.3,No,55.0,Fair
102217,21.7,36,66,1317.0,23.0,64,4.9,12.4,180.4,19.1,Yes,66.3,Yes,88.0,Excellent
102218,22.8,46,74,979.0,64.0,107,12.0,11.7,116.3,22.2,Yes,110.8,No,53.6,Fair
102219,29.3,30,74,413.0,61.0,69,12.3,16.2,177.6,11.7,Yes,81.9,Yes,44.3,Poor
102220,22.3,55,112,497.0,51.0,0,6.5,8.3,119.4,11.9,Yes,55.2,Yes,90.4,Excellent
102221,21.9,44,30,678.0,65.0,85,6.5,0.2,249.8,15.2,Yes,40.0,Yes,59.2,Fair
102222,21.1,62,42,889.0,25.0,114,11.1,11.4,199.7,25.4,Yes,74.9,No,73.2,Good
102223,25.2,66,31,,47.0,117,5.5,12.2,286.4,4.8,No,77.9,Yes,51.1,Fair
102224,22.5,60,119,1360.0,47.0,12,3.4,9.4,143.8,19.7,Yes,79.9,Yes,81.8,Good
102225,21.1,64,13,1023.0,59.0,37,5.1,12.4,201.7,21.0,Yes,63.9,No,72.8,Good
102226,27.0,30,149,606.0,48.0,112,6.6,5.8,127.9,17.6,Yes,64.2,No,46.7,Poor
102227,27.3,37,83,996.0,61.0,44,2.6,2.7,330.3,28.2,Yes,72.7,No,58.2,Fair
102228,21.2,41,128,1094.0,24.0,104,7.7,12.0,206.6,18.9,Yes,41.2,Yes,82.0,Good
102229,17.4,48,102,649.0,24.0,39,10.9,4.4,102.0,,Yes,40.6,Yes,80.9,Good
102230,26.0,54,74,1139.0,56.0,94,8.2,8.2,131.8,18.8,Yes,80.8,Yes,52.3,Fair
102231,20.9,61,74,705.0,60.0,14,2.9,8.8,74.9,22.2,No,64.2,No,73.8,Good
102232,25.4,41,19,1462.0,47.0,49,7.3,8.6,58.3,5.8,Yes,69.8,Yes,72.0,Good
102233,17.1,42,56,1397.0,60.0,1,10.5,10.8,207.8,27.0,Yes,73.0,Yes,70.9,Good
102234,25.7,57,75,1117.0,66.0,52,2.7,0.5,151.1,3.2,Yes,78.6,No,53.0,Fair
102235,19.4,30,58,582.0,28.0,94,2.7,17.8,339.1,19.9,Yes,75.0,No,71.8,Good
102236,25.2,35,31,1044.0,48.0,25,6.4,12.9,101.4,19.2,Yes,65.5,Yes,80.2,Good
102237,23.0,37,95,429.0,33.0,65,4.3,7.7,288.2,7.8,Yes,49.3,No,80.1,Good
102238,20.1,33,35,1166.0,57.0,74,13.2,3.4,144.8,3.1,Yes,59.2,Yes,64.1,Fair
102239,21.8,34,146,1014.0,59.0,32,9.0,1.4,117.1,5.9,Yes,73.8,Yes,76.2,Good
102240,25.1,54,104,1404.0,53.0,81,5.4,12.1,340.9,9.6,Yes,48.5,Yes,59.4,Fair
102241,23.3,51,116,473.0,56.0,84,10.5,5.7,290.8,26.7,Yes,81.9,No,68.2,Fair
102242,24.8,57,143,1478.0,68.0,58,6.5,4.1,239.2,26.0,No,57.2,No,56.7,Fair
102243,28.9,68,23,1361.0,61.0,94,3.6,6.8,259.1,3.8,Yes,69.7,No,37.7,Poor
102244,18.3,52,80,423.0,33.0,25,4.8,10.7,347.4,10.1,Yes,57.0,No,79.2,Good
102245,27.9,33,84,1445.0,37.0,93,9.7,12.1,228.0,26.9,Yes,56.6,No,62.8,Fair
102246,23.3,33,129,827.0,52.0,102,2.6,11.6,80.6,8.6,Yes,101.4,Yes,62.9,Fair
102247,20.3,50,121,1455.0,53.0,20,5.3,15.5,69.5,29.9,Yes,75.5,No,78.7,Good
102248,19.0,66,60,1262.0,47.0,48,4.5,3.9,250.0,9.2,Yes,65.3,No,75.2,Good
102249,22.4,70,139,738.0,55.0,79,4.4,11.5,247.3,22.7,Yes,57.0,No,67.2,Fair
102250,25.8,31,45,911.0,64.0,70,10.2,1.8,274.5,13.7,Yes,87.8,Yes,50.5,Fair
102251,22.6,36,127,,67.0,85,11.9,9.9,82.6,,Yes,78.9,No,58.5,Fair
102252,27.5,45,13,1071.0,56.0,70,10.6,10.5,333.5,9.1,No,73.5,No,57.1,Fair
102253,18.6,46,15,1276.0,42.0,65,9.7,3.9,215.3,20.9,Yes,83.2,No,71.6,Good
102254,23.0,49,119,970.0,61.0,36,13.0,7.1,244.9,11.4,Yes,93.9,No,71.5,Good
102255,19.2,52,108,1163.0,36.0,13,2.7,14.9,60.5,18.9,Yes,68.7,No,89.8,Excellent
102256,24.1,63,131,1112.0,30.0,71,4.0,2.7,338.3,7.8,Yes,88.3,No,81.8,Good
102257,25.7,40,126,988.0,51.0,92,7.0,7.8,218.8,14.6,Yes,97.9,No,55.0,Fair
102258,21.7,63,105,1166.0,56.0,107,6.5,16.8,219.0,16.3,Yes,78.1,No,58.2,Fair
102259,16.0,62,76,1218.0,34.0,6,7.0,9.1,333.1,13.6,Yes,82.3,No,85.3,Excellent
102260,23.6,55,129,477.0,23.0,37,4.5,13.1,328.8,7.5,Yes,60.4,No,93.2,Excellent
102261,24.3,31,24,409.0,58.0,44,3.8,14.9,116.1,14.9,Yes,40.9,No,70.5,Good
102262,24.2,52,26,1035.0,49.0,21,8.1,3.7,329.3,21.4,Yes,74.3,Yes,86.4,Excellent
102263,26.7,70,27,991.0,29.0,43,13.1,3.9,271.0,29.0,Yes,64.6,Yes,84.2,Good
102264,19.8,51,124,1117.0,42.0,80,6.7,13.7,55.7,24.1,Yes,82.1,No,70.8,Good
102265,25.0,63,85,964.0,43.0,79,2.5,13.6,122.0,6.5,Yes,81.5,Yes,71.7,Good
102266,26.6,44,97,809.0,55.0,96,10.5,1.1,173.9,9.6,No,55.0,Yes,50.1,Fair
102267,17.7,39,100,757.0,24.0,102,5.5,5.8,224.8,4.2,Yes,74.0,No,67.3,Fair
102268,24.0,44,57,497.0,56.0,34,4.9,7.2,260.4,5.8,Yes,62.5,Yes,68.3,Fair
102269,21.5,58,24,1406.0,62.0,101,5.9,14.9,113.1,9.0,Yes,56.1,No,59.1,Fair
102270,22.8,52,132,640.0,38.0,59,10.7,7.6,301.0,7.6,No,39.4,No,79.5,Good
102271,24.0,46,136,956.0,56.0,95,11.8,16.7,303.7,8.0,Yes,97.7,Yes,60.0,Fair
102272,21.5,38,107,1110.0,27.0,116,9.1,17.9,240.5,8.5,Yes,51.7,No,75.0,Good
102273,21.0,65,93,555.0,26.0,2,5.9,14.1,326.3,10.4,No,68.7,No,98.5,Excellent
102274,23.1,38,50,751.0,59.0,117,5.7,12.0,293.9,5.5,Yes,78.6,No,53.8,Fair
102275,19.7,45,105,443.0,32.0,66,3.5,7.1,116.5,9.8,Yes,60.2,Yes,78.4,Good
102276,19.7,65,77,991.0,56.0,71,13.2,1.2,289.6,21.3,Yes,101.4,No,58.8,Fair
102277,25.0,62,14,537.0,46.0,109,9.7,10.3,336.0,8.6,Yes,56.5,Yes,57.3,Fair
102278,19.6,60,62,835.0,37.0,94,2.3,6.5,91.3,6.8,Yes,61.3,Yes,67.2,Fair
102279,25.0,35,131,1153.0,43.0,54,9.9,6.3,343.6,3.9,Yes,69.0,No,74.3,Good
102280,24.4,39,145,542.0,60.0,8,7.4,12.4,57.5,16.0,No,51.4,No,77.7,Good
102281,17.8,45,31,1423.0,21.0,68,13.7,8.3,206.7,25.6,Yes,76.5,No,77.2,Good
102282,21.0,33,115,661.0,35.0,27,11.8,13.5,282.2,3.7,Yes,81.9,No,89.3,Excellent
102283,26.6,51,16,911.0,33.0,14,4.1,7.2,287.1,17.2,Yes,47.5,No,84.9,Good
102284,20.1,42,55,1072.0,36.0,112,10.6,2.7,270.4,20.2,No,67.9,Yes,68.7,Fair
102285,21.6,45,39,461.0,25.0,90,7.8,8.3,208.8,18.6,Yes,86.0,Yes,86.6,Excellent
102286,24.4,58,135,430.0,,105,4.2,17.1,245.3,26.6,No,80.8,Yes,57.2,Fair
102287,25.4,35,110,1348.0,36.0,30,10.4,14.4,260.0,26.3,Yes,78.3,Yes,82.4,Good
102288,22.2,55,88,1201.0,64.0,58,8.6,3.7,198.4,3.6,No,66.4,No,68.2,Fair
102289,21.2,40,142,665.0,57.0,103,2.4,7.0,228.7,12.1,Yes,70.5,Yes,61.0,Fair
102290,27.3,53,76,707.0,59.0,81,9.8,16.7,303.9,20.8,No,95.1,No,50.7,Fair
102291,28.2,58,32,858.0,25.0,101,9.6,2.2,143.9,28.7,Yes,38.8,No,67.9,Fair
102292,25.9,32,83,,67.0,112,3.7,4.6,207.0,24.5,Yes,66.6,No,42.5,Poor
102293,23.3,39,14,914.0,57.0,53,6.2,4.7,52.5,6.9,Yes,46.8,Yes,68.5,Fair
102294,20.6,30,91,840.0,68.0,67,9.0,10.3,256.2,9.8,Yes,63.2,Yes,53.5,Fair
102295,20.5,55,34,1072.0,40.0,84,3.7,7.4,108.6,23.4,Yes,83.8,No,74.6,Good
102296,24.6,41,17,790.0,54.0,46,12.2,1.4,194.3,15.2,No,65.5,No,72.4,Good
102297,24.3,43,11,1334.0,42.0,41,2.3,11.3,113.1,17.3,Yes,79.4,Yes,79.7,Good
102298,27.2,54,31,959.0,31.0,22,3.2,1.8,57.1,19.1,Yes,80.4,Yes,80.5,Good
102299,25.0,37,81,653.0,48.0,108,3.4,10.9,195.0,4.9,No,64.6,No,57.0,Fair
102300,18.5,33,96,1427.0,46.0,85,8.3,9.1,177.5,26.0,Yes,63.0,No,63.4,Fair
102301,26.2,57,81,518.0,25.0,64,9.4,8.9,177.5,26.2,No,83.3,No,77.2,Good
102302,20.0,36,77,1395.0,40.0,88,6.8,1.2,112.6,15.1,No,50.4,No,65.4,Fair
102303,21.8,39,73,869.0,26.0,53,5.5,11.5,334.2,19.6,Yes,90.0,No,88.0,Excellent
102304,23.8,65,103,1184.0,62.0,117,11.7,7.8,51.1,20.5,Yes,77.1,Yes,51.4,Fair
102305,29.0,31,28,1493.0,60.0,104,2.8,7.4,317.5,7.3,No,73.5,No,41.3,Poor
102306,32.0,55,137,1093.0,35.0,91,5.4,10.7,271.1,5.2,Yes,58.9,No,45.2,Poor
102307,24.8,43,96,1264.0,24.0,100,2.5,10.9,101.6,2.6,Yes,54.6,No,75.2,Good
102308,22.5,45,91,1175.0,34.0,10,2.2,0.3,191.7,27.6,Yes,67.1,No,97.9,Excellent
102309,24.6,46,96,580.0,40.0,62,6.2,2.3,346.7,11.7,Yes,76.6,Yes,73.5,Good
102310,25.7,51,106,1428.0,23.0,21,4.3,4.3,243.1,4.4,Yes,50.0,Yes,85.6,Excellent
102311,22.0,33,61,446.0,24.0,53,5.2,12.2,88.2,15.0,Yes,84.8,Yes,96.5,Excellent
102312,28.4,48,91,1033.0,26.0,118,11.9,10.4,187.3,4.1,Yes,40.6,Yes,59.0,Fair
102313,23.7,31,106,988.0,54.0,88,4.0,13.6,190.5,4.4,Yes,61.4,No,57.2,Fair
102314,24.5,68,144,709.0,55.0,116,11.4,13.3,290.7,15.7,No,73.7,No,52.7,Fair
102315,25.0,38,124,673.0,34.0,84,10.1,15.4,324.8,16.2,Yes,97.0,Yes,69.2,Fair
102316,24.3,48,101,1239.0,47.0,35,5.9,6.8,74.7,18.2,No,95.8,No,73.3,Good
102317,25.5,45,10,858.0,21.0,57,8.6,6.2,144.2,20.4,Yes,88.3,No,87.6,Excellent
102318,21.1,54,72,1132.0,24.0,19,7.3,15.0,139.5,20.7,Yes,58.0,Yes,100.0,Excellent
102319,21.3,47,28,760.0,26.0,15,3.5,4.3,348.8,14.1,Yes,60.2,No,99.5,Excellent
102320,19.7,52,40,1417.0,41.0,91,12.9,8.3,217.8,20.0,Yes,55.0,No,65.6,Fair
102321,24.3,50,86,1492.0,68.0,55,8.8,3.5,313.9,10.5,Yes,74.4,No,59.2,Fair
102322,25.3,40,130,1061.0,50.0,92,12.6,16.4,177.8,14.4,Yes,76.6,No,55.2,Fair
102323,24.4,68,33,1098.0,51.0,49,11.9,7.3,266.8,13.0,Yes,64.8,No,73.2,Good
102324,28.0,70,78,1284.0,27.0,89,3.0,3.8,136.0,11.2,Yes,53.4,Yes,65.8,Fair
102325,23.0,33,68,1157.0,60.0,103,4.5,12.5,323.5,8.7,Yes,77.5,No,54.4,Fair
102326,25.0,54,123,1455.0,61.0,65,3.7,4.4,186.5,4.2,Yes,75.5,No,62.7,Fair
102327,19.7,61,110,1020.0,30.0,112,12.0,17.0,291.1,16.2,Yes,89.8,No,70.4,Good
102328,21.8,59,21,581.0,20.0,73,12.3,6.6,126.7,17.0,Yes,56.4,Yes,92.4,Excellent
102329,25.1,55,128,1085.0,66.0,12,8.3,12.0,258.1,11.4,Yes,69.5,Yes,70.9,Good
102330,25.5,65,148,1080.0,59.0,14,3.3,6.2,171.5,29.3,No,77.4,No,72.9,Good
102331,22.1,63,106,647.0,38.0,72,3.6,14.5,59.4,17.6,Yes,81.9,Yes,77.5,Good
102332,22.8,38,66,1019.0,63.0,26,11.8,16.1,173.9,26.9,No,99.9,No,73.5,Good
102333,18.4,41,51,429.0,57.0,7,13.2,14.2,215.0,18.0,Yes,77.2,No,77.2,Good
102334,21.9,31,107,1272.0,61.0,69,4.4,15.3,95.5,7.3,Yes,84.6,No,64.8,Fair
102335,25.7,67,40,1347.0,56.0,99,2.1,1.8,105.2,29.3,Yes,63.2,Yes,50.1,Fair
102336,24.7,34,11,1384.0,26.0,49,6.0,16.6,189.5,26.8,Yes,71.5,Yes,87.9,Excellent
102337,24.5,34,41,716.0,58.0,87,2.4,11.2,152.8,15.2,No,81.7,Yes,62.2,Fair
102338,23.1,51,147,1136.0,44.0,66,11.9,15.6,182.2,8.8,Yes,47.9,No,76.3,Good
102339,23.0,34,114,567.0,41.0,25,7.9,12.3,188.2,8.2,Yes,53.1,No,83.4,Good
102340,21.0,33,145,1142.0,46.0,35,9.7,3.6,92.0,24.6,Yes,77.5,Yes,84.5,Good
102341,25.1,38,84,525.0,60.0,20,6.9,11.0,104.4,3.9,Yes,71.0,No,70.1,Good
102342,24.3,58,114,972.0,66.0,76,6.1,1.6,304.4,19.9,Yes,73.2,Yes,56.1,Fair
102343,24.5,51,136,519.0,57.0,51,4.7,12.5,98.8,19.9,Yes,77.7,No,67.1,Fair
102344,21.4,56,18,1408.0,67.0,10,11.2,7.4,249.8,7.1,Yes,96.7,Yes,75.8,Good
102345,16.5,39,24,959.0,58.0,7,10.3,2.7,175.6,21.7,Yes,68.6,Yes,66.0,Fair
102346,26.3,45,106,1482.0,34.0,56,6.3,17.6,340.5,21.8,Yes,42.5,No,73.5,Good
102347,21.6,39,114,1096.0,21.0,109,5.9,16.2,69.8,11.8,Yes,107.7,No,80.5,Good
102348,20.4,35,72,622.0,27.0,45,2.0,16.1,299.1,15.5,Yes,56.5,Yes,92.5,Excellent
102349,25.1,34,30,1434.0,63.0,111,2.8,14.2,197.4,25.3,Yes,83.5,Yes,42.9,Poor
102350,21.8,35,14,1192.0,62.0,77,9.5,12.5,51.6,,Yes,56.0,Yes,62.8,Fair
102351,26.2,54,134,1213.0,25.0,96,8.2,11.8,129.1,19.3,Yes,77.0,No,71.8,Good
102352,24.9,33,94,709.0,39.0,1,7.2,1.9,172.3,13.6,Yes,74.7,No,95.8,Excellent
102353,25.1,69,122,1411.0,46.0,63,11.9,16.2,144.3,6.2,Yes,65.7,Yes,69.9,Fair
102354,18.9,61,89,1148.0,64.0,51,8.0,15.9,158.7,29.9,No,89.9,No,63.8,Fair
102355,26.6,64,125,1457.0,42.0,64,6.6,13.5,325.0,16.9,Yes,62.5,Yes,66.0,Fair
102356,23.8,39,106,1418.0,67.0,10,3.9,16.7,158.3,11.4,Yes,74.5,Yes,72.8,Good
102357,21.9,63,30,,59.0,5,11.8,10.0,175.6,22.0,No,43.3,Yes,82.3,Good
102358,23.4,65,89,973.0,36.0,95,8.9,8.1,278.3,19.4,Yes,86.7,No,72.6,Good
102359,17.7,35,48,1224.0,32.0,78,3.1,17.4,288.2,8.5,Yes,64.8,Yes,68.7,Fair
102360,24.2,45,130,1027.0,23.0,75,9.8,8.4,75.2,26.6,Yes,68.3,No,86.1,Excellent
102361,19.9,48,133,1243.0,39.0,63,7.1,11.5,261.2,4.0,No,68.7,Yes,78.2,Good
102362,18.9,63,15,1388.0,61.0,100,11.7,6.7,194.8,19.0,No,58.8,No,51.1,Fair
102363,18.4,54,65,818.0,44.0,92,13.0,11.5,90.2,15.4,Yes,62.1,No,62.3,Fair
102364,26.3,60,58,429.0,41.0,54,9.2,13.0,129.4,10.9,Yes,102.3,Yes,70.4,Good
102365,21.1,70,101,697.0,67.0,43,10.8,11.2,63.5,25.1,Yes,85.3,No,67.9,Fair
102366,27.6,46,138,1484.0,36.0,85,2.7,9.3,158.1,,No,40.4,Yes,62.7,Fair
102367,21.4,59,74,857.0,59.0,109,8.7,5.4,126.6,23.3,Yes,88.1,Yes,60.4,Fair
102368,17.9,68,37,,30.0,13,11.1,11.6,164.6,13.6,Yes,56.8,Yes,86.8,Excellent
102369,19.7,60,109,1357.0,44.0,82,8.0,16.4,224.1,28.4,Yes,67.5,Yes,70.1,Good
102370,26.7,48,81,739.0,24.0,4,9.1,0.1,269.7,11.7,Yes,76.6,Yes,89.0,Excellent
102371,22.5,64,74,847.0,40.0,98,12.8,2.4,231.6,16.9,Yes,109.2,Yes,67.8,Fair
102372,21.4,58,60,1280.0,45.0,24,4.4,2.2,253.5,28.1,Yes,52.0,Yes,82.5,Good
102373,23.5,30,58,939.0,35.0,49,3.2,16.6,309.7,4.3,Yes,84.6,Yes,83.3,Good
102374,24.5,33,83,884.0,,101,10.3,11.9,312.1,5.0,Yes,81.7,No,54.4,Fair
102375,26.4,57,21,476.0,40.0,72,11.9,17.1,308.2,29.8,Yes,90.2,No,66.2,Fair
102376,27.3,47,113,914.0,67.0,70,12.2,10.5,96.0,29.2,Yes,64.5,Yes,51.0,Fair
102377,21.9,55,90,1343.0,51.0,116,9.7,8.3,125.3,23.6,No,49.1,No,57.7,Fair
102378,19.0,69,136,1058.0,23.0,81,12.0,14.3,200.7,15.6,Yes,48.5,No,82.8,Good
102379,21.8,48,23,491.0,57.0,1,10.4,2.9,157.6,16.2,Yes,48.9,Yes,91.7,Excellent
102380,23.8,35,43,865.0,27.0,115,3.0,6.9,89.5,9.2,Yes,40.3,Yes,65.9,Fair
102381,20.1,30,57,865.0,28.0,9,11.1,8.4,136.3,14.1,Yes,40.9,No,95.5,Excellent
102382,20.1,37,70,,64.0,107,4.2,5.4,342.6,,No,53.4,No,51.4,Fair
102383,24.0,62,44,1089.0,36.0,1,4.8,6.7,154.1,3.0,Yes,59.2,No,90.6,Excellent
102384,22.9,50,128,1346.0,60.0,59,6.7,1.4,175.7,14.7,Yes,73.0,No,69.5,Fair
102385,23.1,53,74,953.0,32.0,44,5.8,3.6,51.9,15.4,Yes,56.4,No,87.8,Excellent
102386,20.7,54,68,1489.0,28.0,7,5.9,6.0,265.8,20.6,Yes,46.1,No,100.0,Excellent
102387,22.3,48,45,508.0,25.0,57,4.0,14.3,174.1,,Yes,73.4,No,91.9,Excellent
102388,20.2,58,51,491.0,46.0,118,5.5,3.3,80.9,26.1,Yes,78.7,No,59.3,Fair
102389,25.7,39,78,1402.0,61.0,6,2.2,6.2,340.6,12.3,Yes,69.4,Yes,76.4,Good
102390,26.1,41,116,767.0,,98,7.7,1.2,283.2,13.5,Yes,61.3,No,52.5,Fair
102391,17.5,62,48,1219.0,58.0,86,11.2,10.0,267.8,18.0,Yes,45.1,No,48.2,Poor
102392,20.2,36,78,822.0,62.0,71,12.3,11.0,337.4,7.7,Yes,68.0,Yes,62.0,Fair
102393,18.5,46,21,971.0,43.0,20,11.8,15.6,172.2,13.0,No,92.3,Yes,81.7,Good
102394,21.0,39,92,1261.0,28.0,96,7.0,14.7,265.6,21.2,No,54.9,No,70.4,Good
102395,22.7,60,45,834.0,61.0,46,10.8,5.1,111.9,13.5,Yes,46.1,No,74.7,Good
102396,18.7,35,135,,30.0,0,5.5,2.5,259.1,27.4,Yes,44.6,No,92.9,Excellent
102397,20.2,46,72,925.0,54.0,11,2.7,2.8,54.2,19.2,Yes,77.1,Yes,80.7,Good
102398,20.0,66,85,867.0,48.0,74,10.1,17.4,87.9,6.3,Yes,73.7,Yes,67.4,Fair
102399,23.6,47,91,1191.0,27.0,47,9.8,12.1,177.6,15.6,No,50.8,Yes,84.2,Good
102400,23.2,55,60,1274.0,36.0,93,11.6,0.8,53.6,23.4,Yes,57.8,No,74.6,Good
102401,20.8,45,52,609.0,26.0,3,9.4,2.5,188.6,20.0,No,80.1,No,100.0,Excellent
102402,23.5,37,43,655.0,31.0,33,3.9,8.7,206.8,,No,80.1,No,94.0,Excellent
102403,21.4,53,106,472.0,67.0,86,12.2,3.7,236.5,23.0,Yes,63.6,No,58.5,Fair
102404,22.2,42,58,546.0,34.0,31,9.5,14.5,80.1,3.7,Yes,60.3,Yes,93.6,Excellent
102405,28.0,58,134,716.0,48.0,2,11.7,10.3,104.3,5.2,No,80.7,Yes,77.2,Good
102406,27.0,61,66,1005.0,64.0,91,11.3,11.0,234.0,20.2,Yes,40.0,No,44.0,Poor
102407,19.1,53,102,974.0,69.0,67,5.6,8.3,247.5,8.7,Yes,56.5,No,57.0,Fair
102408,25.5,45,118,946.0,69.0,56,2.9,4.6,57.8,18.5,Yes,73.0,No,59.2,Fair
102409,25.4,40,14,1234.0,43.0,113,4.1,10.6,212.1,24.2,Yes,61.2,Yes,52.0,Fair
102410,19.6,61,33,711.0,56.0,75,3.1,12.9,285.5,,No,75.2,No,56.8,Fair
102411,25.5,35,68,1207.0,33.0,23,4.9,6.7,70.7,13.6,Yes,46.1,No,86.2,Excellent
102412,27.6,64,47,1164.0,,32,7.5,9.1,174.0,20.1,Yes,79.6,Yes,73.5,Good
102413,19.6,62,19,533.0,54.0,2,12.9,15.1,148.0,6.0,Yes,55.3,Yes,77.7,Good
102414,20.2,47,135,1347.0,36.0,3,12.5,2.7,324.1,22.2,No,70.0,No,93.5,Excellent
102415,26.1,66,20,,46.0,29,10.6,9.8,105.7,21.5,No,76.6,Yes,76.7,Good
102416,23.8,42,33,757.0,63.0,69,2.3,6.3,145.5,16.4,Yes,65.5,No,61.1,Fair
102417,24.7,39,97,1329.0,22.0,48,6.1,12.7,319.5,9.8,Yes,83.1,Yes,91.0,Excellent
102418,24.0,66,123,1282.0,21.0,29,10.2,0.3,149.2,24.3,Yes,74.5,No,100.0,Excellent
102419,24.2,55,30,651.0,,71,3.5,12.1,209.4,16.3,Yes,66.2,No,82.3,Good
102420,19.0,46,19,534.0,37.0,81,11.6,1.9,59.9,3.7,No,90.3,No,70.0,Good
102421,26.1,30,143,922.0,39.0,15,13.0,1.2,345.5,27.7,No,77.9,Yes,81.0,Good
102422,26.5,54,75,1203.0,40.0,52,6.2,13.0,297.5,23.5,No,47.8,No,63.8,Fair
102423,22.3,63,131,1059.0,33.0,5,10.5,11.5,240.3,18.4,Yes,44.5,Yes,100.0,Excellent
102424,22.9,68,141,718.0,27.0,23,3.8,16.1,68.2,14.2,No,86.2,Yes,100.0,Excellent
102425,18.4,39,32,479.0,21.0,114,10.3,9.4,72.5,28.9,Yes,59.0,Yes,74.3,Good
102426,24.5,49,22,1453.0,45.0,91,2.3,9.5,213.5,23.7,Yes,75.3,Yes,62.0,Fair
102427,24.7,36,25,813.0,38.0,95,3.8,12.7,135.5,,No,97.2,No,66.8,Fair
102428,22.8,45,50,767.0,61.0,88,10.5,5.8,236.8,20.3,Yes,45.2,No,62.9,Fair
102429,26.4,66,10,1406.0,47.0,27,10.5,0.7,229.5,9.9,Yes,44.9,Yes,72.8,Good
102430,22.0,58,120,1392.0,48.0,20,9.7,4.1,301.6,7.5,Yes,88.9,No,88.7,Excellent
102431,24.7,41,21,995.0,24.0,7,7.7,4.3,134.4,9.7,Yes,55.4,Yes,100.0,Excellent
102432,19.9,46,128,1417.0,62.0,35,10.1,6.0,223.4,10.2,Yes,73.6,Yes,70.6,Good
102433,22.9,49,29,1100.0,47.0,8,11.3,17.0,283.2,22.7,Yes,83.9,Yes,85.7,Excellent
102434,22.5,55,45,1444.0,60.0,39,13.6,14.5,197.2,5.9,Yes,79.7,No,74.4,Good
102435,23.7,48,88,948.0,67.0,84,12.7,16.8,299.2,23.8,Yes,39.7,No,59.9,Fair
102436,21.9,41,117,645.0,45.0,50,11.5,18.0,89.4,16.7,Yes,74.6,Yes,83.5,Good
102437,22.6,50,105,682.0,24.0,0,10.3,7.8,270.2,12.8,Yes,40.8,Yes,100.0,Excellent
102438,25.5,63,68,1013.0,34.0,62,8.9,4.1,332.9,10.4,Yes,68.4,No,75.8,Good
102439,21.7,36,29,1330.0,65.0,116,3.4,10.1,149.6,16.4,Yes,81.5,No,50.0,Fair
102440,18.2,64,135,1205.0,28.0,116,4.0,15.9,159.9,10.9,Yes,86.2,No,66.5,Fair
102441,28.2,44,106,631.0,51.0,67,11.8,8.4,75.1,14.0,Yes,73.9,No,53.6,Fair
102442,27.1,30,71,715.0,45.0,73,11.6,9.1,242.4,22.7,Yes,57.7,No,60.5,Fair
102443,19.1,55,140,1237.0,56.0,25,9.4,2.4,215.7,19.5,No,67.4,No,73.2,Good
102444,25.1,64,102,810.0,34.0,39,7.3,7.6,62.1,22.9,Yes,86.6,No,79.0,Good
102445,21.5,54,100,644.0,60.0,2,2.3,7.0,275.7,22.0,No,51.9,Yes,83.1,Good
102446,23.8,44,142,786.0,23.0,107,5.9,6.3,298.8,24.8,Yes,55.8,Yes,73.2,Good
102447,23.9,51,132,1088.0,55.0,8,7.0,16.0,322.1,7.6,Yes,82.4,No,79.9,Good
102448,22.3,35,95,757.0,39.0,31,7.8,1.1,213.7,29.9,No,86.1,No,88.9,Excellent
102449,20.6,44,127,1421.0,46.0,66,13.2,17.5,185.8,15.3,Yes,51.9,Yes,68.7,Fair
102450,20.9,53,35,1013.0,40.0,3,3.3,0.1,312.8,22.1,Yes,49.6,No,90.5,Excellent
102451,20.3,50,127,1197.0,41.0,5,8.2,17.0,169.6,21.0,Yes,59.2,Yes,92.7,Excellent
102452,20.5,36,10,421.0,26.0,72,6.4,9.9,246.6,17.9,Yes,78.7,Yes,83.7,Good
102453,22.8,58,16,418.0,66.0,25,13.9,12.6,234.6,29.9,Yes,73.6,Yes,73.0,Good
102454,20.9,61,85,675.0,50.0,1,12.3,3.4,161.6,8.1,Yes,56.7,Yes,86.8,Excellent
102455,25.0,61,96,1058.0,36.0,65,7.3,11.8,76.1,13.8,Yes,70.9,Yes,73.7,Good
102456,27.5,34,103,,69.0,113,14.0,15.9,56.4,5.6,Yes,88.4,Yes,38.6,Poor
102457,21.3,33,70,951.0,26.0,84,8.2,2.5,178.5,7.1,Yes,55.3,No,85.2,Excellent
102458,23.7,51,38,1078.0,38.0,85,4.0,2.3,194.4,22.0,Yes,64.8,Yes,71.7,Good
102459,24.5,47,104,1002.0,47.0,2,8.7,5.5,296.8,2.1,Yes,80.9,No,88.7,Excellent
102460,24.4,64,27,1495.0,29.0,34,4.7,2.9,174.3,26.9,Yes,51.1,Yes,89.4,Excellent
102461,23.2,46,50,764.0,46.0,113,9.6,2.0,134.3,19.7,Yes,62.7,Yes,65.3,Fair
102462,25.2,53,141,1194.0,32.0,58,13.2,12.2,188.6,14.3,Yes,64.5,No,82.8,Good
102463,24.4,31,50,1051.0,21.0,37,11.4,3.8,121.4,11.3,Yes,66.1,No,93.7,Excellent
102464,19.3,42,132,989.0,41.0,32,5.3,12.0,77.4,5.5,Yes,56.8,No,82.0,Good
102465,25.6,44,31,598.0,39.0,14,5.6,15.5,83.9,27.8,No,81.7,Yes,81.5,Good
102466,25.7,34,89,416.0,62.0,74,2.8,11.7,145.7,21.9,Yes,87.5,No,59.9,Fair
102467,20.7,32,139,617.0,24.0,73,5.4,2.1,53.8,11.4,No,69.3,Yes,84.3,Good
102468,23.1,66,45,1140.0,25.0,99,3.1,10.3,116.1,4.0,Yes,64.6,No,78.2,Good
102469,25.0,66,29,1049.0,,13,8.0,7.1,286.3,11.1,Yes,66.3,Yes,78.4,Good
102470,22.4,66,76,546.0,20.0,65,10.5,6.2,120.4,7.2,Yes,52.7,No,88.6,Excellent
102471,26.2,32,129,1069.0,54.0,44,11.0,5.7,83.2,24.0,Yes,70.1,No,69.0,Fair
102472,30.1,64,64,1064.0,,47,2.7,16.7,334.7,22.1,Yes,71.7,No,67.1,Fair
102473,20.6,52,75,1255.0,55.0,43,6.1,13.4,236.7,15.9,Yes,47.7,No,70.2,Good
102474,18.9,57,35,729.0,26.0,117,5.5,2.4,68.0,26.8,Yes,83.4,No,69.1,Fair
102475,23.9,59,139,1294.0,48.0,36,3.3,8.6,68.7,7.1,Yes,75.3,No,74.1,Good
102476,25.2,47,65,500.0,34.0,114,6.3,5.7,233.6,14.7,Yes,40.1,No,66.0,Fair
102477,22.3,65,43,726.0,30.0,28,5.6,17.6,212.0,21.9,No,79.7,Yes,96.8,Excellent
102478,27.4,62,65,726.0,37.0,98,9.6,17.6,70.5,3.9,Yes,59.3,Yes,57.0,Fair
102479,19.0,55,64,409.0,63.0,116,12.6,5.8,117.3,12.4,Yes,81.8,No,48.3,Poor
102480,25.1,69,29,752.0,23.0,83,7.5,6.3,328.7,18.0,No,91.0,No,78.8,Good
102481,21.2,46,59,582.0,43.0,84,11.0,10.8,221.6,12.3,Yes,83.9,No,68.5,Fair
102482,28.2,69,93,854.0,30.0,33,3.8,8.6,182.1,15.4,Yes,78.9,Yes,81.4,Good
102483,29.0,36,62,405.0,25.0,58,12.7,3.8,125.0,19.0,Yes,60.4,No,73.1,Good
102484,20.7,37,120,610.0,37.0,112,3.8,11.9,90.1,12.3,Yes,83.5,Yes,70.8,Good
102485,21.4,60,121,450.0,34.0,116,4.3,6.0,170.8,5.0,Yes,82.7,No,70.8,Good
102486,25.6,41,78,1409.0,22.0,42,3.3,11.8,326.7,5.9,Yes,68.1,Yes,81.8,Good
102487,21.8,60,11,776.0,36.0,32,5.7,6.9,64.6,16.8,Yes,70.0,Yes,88.7,Excellent
102488,22.9,48,25,1039.0,52.0,18,8.6,12.6,347.3,6.9,Yes,63.5,Yes,80.2,Good
102489,23.1,39,103,1169.0,53.0,7,13.9,12.0,112.3,26.9,Yes,90.0,No,87.0,Excellent
102490,17.2,68,54,1474.0,49.0,30,11.5,9.2,172.6,25.4,Yes,86.8,No,72.1,Good
102491,23.0,41,135,553.0,38.0,10,6.6,12.7,63.5,11.8,Yes,72.1,Yes,95.9,Excellent
102492,20.9,49,33,981.0,28.0,7,8.9,8.3,225.4,25.3,Yes,79.3,Yes,99.7,Excellent
102493,21.5,66,124,1187.0,59.0,24,9.5,2.1,195.1,16.9,Yes,77.9,No,80.2,Good
102494,27.3,70,132,1190.0,63.0,112,11.9,3.3,250.0,6.5,Yes,83.7,No,37.8,Poor
102495,19.2,36,148,533.0,50.0,19,10.8,4.4,212.8,19.2,Yes,71.9,No,78.2,Good
102496,25.4,43,87,619.0,46.0,37,8.8,1.1,169.5,21.0,Yes,54.0,Yes,71.3,Good
102497,22.2,40,126,562.0,66.0,6,10.0,12.8,271.3,4.3,No,77.8,Yes,80.5,Good
102498,22.2,36,89,1370.0,44.0,116,11.0,6.6,57.5,10.8,Yes,74.4,Yes,71.6,Good
102499,25.4,58,59,1047.0,26.0,76,3.6,1.7,212.3,2.2,Yes,44.5,Yes,70.5,Good
102500,24.0,39,94,968.0,67.0,38,4.4,14.8,84.2,10.9,Yes,47.6,No,66.0,Fair
102501,24.7,58,13,1345.0,26.0,106,10.3,12.3,180.8,11.4,Yes,51.7,Yes,68.4,Fair
102502,25.9,38,70,1088.0,39.0,73,12.2,8.1,287.3,19.6,Yes,63.9,No,68.1,Fair
102503,22.0,65,120,514.0,63.0,71,6.9,4.5,92.7,7.6,Yes,53.2,No,68.6,Fair
102504,21.2,39,87,522.0,68.0,105,13.8,2.7,330.7,2.8,Yes,71.2,Yes,49.1,Poor
102505,19.7,48,92,1203.0,62.0,117,4.6,8.3,316.6,10.8,No,61.4,No,48.5,Poor
102506,20.5,60,142,1238.0,55.0,106,7.0,15.9,174.5,25.1,No,68.0,No,56.2,Fair
102507,31.8,46,109,1492.0,38.0,19,6.5,3.4,51.8,13.2,Yes,41.4,No,64.1,Fair
102508,26.7,38,40,1225.0,21.0,80,13.2,10.2,286.9,13.6,Yes,62.9,No,79.0,Good
102509,18.9,62,128,,53.0,10,5.4,17.3,314.3,15.1,Yes,52.1,Yes,80.6,Good
102510,19.0,63,103,1132.0,36.0,15,7.6,11.5,102.4,23.1,Yes,72.9,No,90.8,Excellent
102511,24.4,53,39,1439.0,43.0,100,4.2,7.9,324.9,15.4,Yes,72.8,Yes,64.7,Fair
102512,24.6,38,64,989.0,28.0,41,8.3,12.9,324.2,4.6,Yes,80.0,No,85.7,Excellent
102513,24.6,36,114,1347.0,20.0,95,12.3,14.8,191.4,,Yes,60.7,No,74.2,Good
102514,22.2,45,50,616.0,61.0,89,5.6,10.6,289.4,7.3,Yes,74.2,Yes,64.6,Fair
102515,22.6,48,83,878.0,47.0,51,11.7,15.7,183.5,16.2,Yes,58.8,Yes,79.6,Good
102516,24.0,68,86,1376.0,34.0,36,12.9,9.3,219.2,2.8,Yes,41.2,Yes,80.9,Good
102517,23.3,35,94,636.0,40.0,51,2.9,14.9,146.0,9.9,No,80.3,Yes,80.7,Good
102518,16.3,40,113,875.0,34.0,8,11.1,17.1,97.8,19.0,Yes,46.0,No,86.2,Excellent
102519,22.3,41,88,997.0,42.0,34,5.1,9.0,274.0,11.9,Yes,82.2,No,83.3,Good
102520,20.4,42,93,528.0,21.0,66,4.1,10.9,50.4,21.8,Yes,64.0,Yes,89.0,Excellent
102521,23.5,41,142,909.0,65.0,94,9.2,11.0,223.9,13.0,Yes,75.3,Yes,57.7,Fair
102522,32.0,50,133,564.0,55.0,105,10.5,14.1,309.4,29.4,Yes,39.7,Yes,32.5,Poor
102523,24.1,39,41,676.0,69.0,6,6.7,14.8,116.4,29.0,Yes,77.7,Yes,73.1,Good
102524,22.1,49,15,656.0,28.0,1,2.5,0.5,149.9,24.4,Yes,89.7,Yes,98.4,Excellent
102525,25.8,65,103,1391.0,21.0,24,12.9,13.2,226.2,28.7,Yes,43.7,No,90.6,Excellent
102526,24.4,57,35,969.0,21.0,103,10.8,14.1,124.1,7.7,Yes,55.3,No,69.9,Fair
102527,24.3,53,46,540.0,37.0,75,5.3,12.6,304.2,23.0,Yes,84.4,No,77.0,Good
102528,24.8,34,22,1085.0,36.0,93,8.0,12.8,160.0,11.0,Yes,57.1,Yes,71.6,Good
102529,29.2,66,102,1086.0,60.0,117,2.3,0.7,224.5,22.3,No,67.9,Yes,41.3,Poor
102530,19.6,41,34,1115.0,27.0,93,6.1,8.0,117.8,12.5,Yes,53.8,No,79.3,Good
102531,24.4,64,29,1422.0,53.0,92,8.3,14.7,62.4,10.1,No,69.8,Yes,63.1,Fair
102532,20.2,69,81,1474.0,53.0,40,8.2,16.8,102.1,28.8,No,75.0,No,77.0,Good
102533,24.7,31,124,577.0,24.0,74,4.5,4.1,63.9,7.9,Yes,84.3,No,78.6,Good
102534,20.2,70,136,1321.0,63.0,114,11.3,10.4,190.6,23.2,Yes,80.8,Yes,45.5,Poor
102535,21.7,68,35,942.0,48.0,51,5.6,14.5,226.0,20.9,Yes,67.9,Yes,81.5,Good
102536,22.1,38,63,1362.0,47.0,86,9.0,13.5,63.4,10.5,Yes,83.8,No,74.8,Good
102537,25.9,51,148,763.0,35.0,80,5.3,11.1,77.1,14.8,Yes,75.0,No,68.7,Fair
102538,25.8,34,134,1478.0,33.0,76,7.1,0.3,195.7,6.0,Yes,89.6,No,73.4,Good
102539,19.3,41,20,1467.0,21.0,96,4.5,13.0,289.8,27.8,Yes,65.7,Yes,72.7,Good
102540,23.2,30,36,992.0,59.0,64,9.6,13.9,238.4,,Yes,50.6,No,64.8,Fair
102541,20.9,51,103,941.0,,103,7.1,13.0,81.4,22.5,Yes,95.1,Yes,80.3,Good
102542,19.2,67,92,721.0,60.0,76,2.2,13.8,316.3,25.8,Yes,72.4,No,59.0,Fair
102543,22.3,48,43,1047.0,50.0,37,2.3,7.8,325.2,4.3,No,77.0,No,83.7,Good
102544,22.1,45,47,413.0,45.0,66,7.7,17.9,147.5,12.8,No,49.8,Yes,73.5,Good
102545,30.3,60,96,1017.0,46.0,79,4.2,13.9,234.8,11.3,Yes,69.0,Yes,48.2,Poor
102546,24.3,32,74,758.0,53.0,41,9.0,10.4,197.7,17.8,Yes,80.6,No,70.7,Good
102547,18.9,52,140,1498.0,50.0,70,6.9,16.8,332.6,7.1,Yes,60.6,No,70.4,Good
102548,21.3,47,61,593.0,67.0,53,9.9,16.3,202.6,17.8,Yes,46.3,No,66.6,Fair
102549,26.1,55,39,762.0,30.0,116,13.4,14.7,338.0,20.3,Yes,65.5,No,64.7,Fair
102550,29.3,42,122,1463.0,27.0,66,8.3,10.1,109.8,5.7,Yes,63.0,No,69.1,Fair
102551,18.2,47,17,1167.0,,77,11.4,9.5,153.7,5.7,Yes,88.3,No,73.3,Good
102552,17.4,32,81,796.0,54.0,63,11.0,5.9,284.4,3.0,Yes,75.6,No,57.8,Fair
102553,28.6,52,41,506.0,64.0,79,13.1,4.5,285.1,23.3,Yes,98.3,Yes,43.6,Poor
102554,24.2,32,104,1440.0,53.0,3,4.6,9.2,269.7,11.3,No,52.9,Yes,83.4,Good
102555,20.4,54,50,926.0,32.0,30,11.9,10.4,307.9,8.3,Yes,74.1,No,94.0,Excellent
102556,24.6,56,84,1410.0,46.0,12,12.9,4.4,260.8,23.8,Yes,59.1,No,83.3,Good
102557,16.0,56,54,1183.0,27.0,26,6.7,16.6,240.8,6.0,No,66.1,No,82.1,Good
102558,23.0,68,22,924.0,66.0,58,5.8,10.0,187.7,14.0,No,71.7,No,64.9,Fair
102559,24.0,54,28,1466.0,40.0,64,13.4,9.5,190.1,22.9,Yes,53.5,No,72.6,Good
102560,25.8,53,62,1025.0,60.0,63,9.5,7.8,171.8,18.1,Yes,74.5,Yes,63.0,Fair
102561,20.0,37,146,,30.0,24,6.6,1.0,236.1,17.5,Yes,63.4,Yes,89.6,Excellent
102562,23.3,38,12,1453.0,41.0,36,11.5,15.9,172.0,6.4,Yes,71.8,Yes,86.4,Excellent
102563,20.2,66,105,1405.0,40.0,113,5.7,5.7,94.2,7.1,Yes,48.4,No,64.9,Fair
102564,23.8,59,145,941.0,47.0,107,4.1,11.6,82.0,18.3,Yes,90.5,Yes,64.8,Fair
102565,20.3,48,23,1361.0,22.0,74,8.5,10.9,327.3,2.7,Yes,57.2,Yes,88.5,Excellent
102566,21.8,45,129,493.0,26.0,72,8.8,10.5,57.4,26.3,Yes,87.7,No,84.0,Good
102567,20.0,53,140,,33.0,70,11.9,9.5,81.6,11.8,Yes,67.2,Yes,80.8,Good
102568,25.0,50,22,488.0,34.0,13,7.5,3.3,183.6,13.7,Yes,82.0,No,87.1,Excellent
102569,25.6,65,81,902.0,28.0,93,11.8,5.1,128.9,9.2,Yes,70.3,No,68.2,Fair
102570,22.3,69,91,1166.0,62.0,23,5.7,9.4,171.8,26.5,Yes,75.6,No,79.1,Good
102571,23.1,68,66,613.0,26.0,66,8.9,14.2,85.2,20.0,Yes,86.8,Yes,85.8,Excellent
102572,18.7,35,16,925.0,31.0,47,4.5,7.8,89.3,14.6,Yes,70.2,Yes,79.0,Good
102573,22.1,34,121,591.0,38.0,102,6.6,3.7,290.2,18.4,Yes,87.9,No,76.1,Good
102574,22.8,43,57,1093.0,46.0,90,12.3,1.6,277.7,12.7,Yes,80.2,Yes,67.8,Fair
102575,30.9,33,89,1041.0,37.0,64,4.6,11.9,81.3,15.0,Yes,66.8,No,59.1,Fair
102576,19.7,37,128,954.0,32.0,37,11.7,7.6,250.3,,Yes,57.0,Yes,90.2,Excellent
102577,27.4,53,129,786.0,62.0,89,5.4,2.3,232.8,13.5,Yes,70.3,No,46.7,Poor
102578,26.0,40,69,1080.0,20.0,69,2.4,12.1,264.0,10.8,Yes,86.2,Yes,79.8,Good
102579,23.8,46,42,1175.0,57.0,58,3.3,3.7,192.3,4.2,Yes,74.1,Yes,66.8,Fair
102580,28.3,50,124,,40.0,105,11.0,9.2,131.0,3.0,Yes,53.2,No,57.7,Fair
102581,24.1,55,137,1409.0,53.0,11,5.1,5.5,249.1,6.9,Yes,49.9,No,79.2,Good
102582,24.2,56,12,846.0,32.0,53,9.8,16.8,161.4,9.0,Yes,84.5,No,79.6,Good
102583,22.8,45,13,1299.0,64.0,50,10.4,4.1,115.7,26.9,Yes,77.9,Yes,65.7,Fair
102584,26.7,55,109,1491.0,60.0,37,6.1,7.6,172.6,19.1,Yes,62.6,No,59.0,Fair
102585,26.3,62,13,,42.0,45,7.7,17.3,279.0,28.8,Yes,92.1,No,69.1,Fair
102586,21.1,60,51,577.0,20.0,98,6.8,5.7,192.7,11.5,Yes,59.1,Yes,83.3,Good
102587,19.0,35,18,1228.0,42.0,9,13.4,11.6,140.0,13.2,Yes,76.7,Yes,88.0,Excellent
102588,22.4,37,60,958.0,47.0,8,5.8,5.7,299.6,22.2,No,74.4,Yes,90.9,Excellent
102589,20.6,36,106,1426.0,51.0,86,4.2,2.0,314.5,18.2,Yes,68.6,Yes,67.0,Fair
102590,22.8,63,29,502.0,27.0,93,6.4,11.3,180.0,16.8,Yes,40.7,No,80.4,Good
102591,26.7,43,31,515.0,45.0,51,10.0,16.5,162.4,18.1,No,70.8,Yes,69.5,Fair
102592,21.6,45,36,1258.0,33.0,50,10.4,8.1,233.8,18.4,Yes,64.2,Yes,88.9,Excellent
102593,22.9,38,52,863.0,43.0,21,13.1,11.3,67.4,23.4,Yes,52.4,Yes,84.8,Good
102594,23.2,39,140,503.0,67.0,110,12.6,11.0,257.4,20.7,Yes,59.8,Yes,51.0,Fair
102595,25.5,46,103,658.0,48.0,72,5.5,7.5,284.7,28.8,Yes,73.5,Yes,60.5,Fair
102596,16.3,41,17,1328.0,23.0,82,7.5,11.1,169.2,28.5,Yes,82.3,Yes,69.1,Fair
102597,21.2,35,95,1209.0,37.0,71,11.0,4.7,102.4,13.8,Yes,78.9,Yes,74.0,Good
102598,23.6,48,98,1041.0,33.0,117,13.0,6.8,58.6,3.0,Yes,50.3,No,64.7,Fair
102599,26.6,70,147,1206.0,46.0,67,6.0,8.0,241.2,2.3,Yes,100.7,Yes,67.7,Fair
102600,21.5,58,122,1422.0,60.0,4,7.3,15.6,130.7,5.4,Yes,78.1,No,84.6,Good
102601,17.4,35,30,959.0,66.0,82,12.8,6.3,189.2,4.1,No,42.9,No,47.0,Poor
102602,24.9,54,18,426.0,22.0,109,6.3,11.4,165.9,12.5,Yes,56.0,No,71.9,Good
102603,21.1,53,45,907.0,49.0,81,7.8,3.8,102.5,3.5,Yes,70.6,No,69.3,Fair
102604,19.4,54,45,926.0,55.0,28,12.9,4.5,202.5,19.5,Yes,75.1,No,75.7,Good
102605,21.1,45,82,1174.0,42.0,82,11.6,11.7,187.9,7.3,Yes,97.8,No,70.4,Good
102606,22.4,45,10,1352.0,37.0,5,4.9,13.7,237.2,16.4,Yes,64.9,Yes,97.2,Excellent
102607,21.2,35,78,697.0,65.0,68,5.9,8.3,125.6,4.9,Yes,67.2,No,61.6,Fair
102608,16.4,66,46,1176.0,66.0,57,6.2,6.0,114.4,25.2,No,61.3,Yes,53.2,Fair
102609,25.7,50,81,760.0,59.0,42,13.0,16.4,294.3,23.8,Yes,62.4,No,70.4,Good
102610,26.8,33,116,903.0,29.0,119,14.0,2.4,260.7,12.8,Yes,46.8,Yes,60.9,Fair
102611,25.0,63,105,987.0,31.0,68,11.3,13.0,281.7,27.5,Yes,57.0,No,72.8,Good
102612,19.6,57,93,429.0,60.0,71,7.8,12.4,87.0,7.2,Yes,71.7,No,63.6,Fair
102613,22.4,67,52,525.0,27.0,90,2.1,12.4,117.2,24.8,No,77.4,Yes,83.4,Good
102614,23.0,70,46,995.0,51.0,36,10.4,16.8,222.7,17.3,No,108.5,Yes,77.6,Good
102615,24.8,57,34,662.0,36.0,106,6.7,13.1,307.2,11.2,No,51.5,No,65.4,Fair
102616,25.0,46,82,1335.0,60.0,57,9.6,5.4,317.6,4.4,Yes,73.3,No,59.3,Fair
102617,20.8,43,51,1271.0,64.0,108,9.3,6.4,299.6,,Yes,71.3,No,54.9,Fair
102618,23.2,36,11,401.0,33.0,101,7.8,7.0,63.0,26.2,Yes,91.4,Yes,72.1,Good
102619,24.4,51,145,793.0,56.0,36,13.3,0.6,296.3,19.0,No,58.4,No,70.3,Good
102620,27.4,30,105,705.0,28.0,81,2.3,16.4,319.7,8.6,Yes,84.8,Yes,66.0,Fair
102621,25.1,58,70,929.0,45.0,25,10.5,1.3,67.0,15.9,Yes,75.7,No,78.6,Good
102622,25.4,60,23,927.0,67.0,41,6.9,12.6,174.9,5.0,Yes,91.9,Yes,62.2,Fair
102623,23.3,59,122,1364.0,43.0,15,10.6,13.1,211.0,4.8,Yes,99.8,No,84.1,Good
102624,27.2,44,86,1070.0,42.0,21,10.1,15.2,119.8,27.4,Yes,111.2,Yes,74.9,Good
102625,24.2,47,30,751.0,50.0,109,2.1,10.0,205.0,14.8,Yes,40.7,No,57.3,Fair
102626,20.4,64,73,1209.0,58.0,22,5.4,13.1,315.8,12.1,No,78.3,No,76.6,Good
102627,27.2,59,66,608.0,63.0,46,4.3,5.4,310.1,28.6,Yes,70.5,No,53.7,Fair
102628,25.1,63,128,1357.0,21.0,66,4.0,13.4,332.0,13.2,Yes,94.6,No,88.6,Excellent
102629,21.7,40,61,604.0,69.0,2,10.7,6.2,195.2,11.4,Yes,69.0,No,76.8,Good
102630,21.6,56,104,1024.0,,11,4.9,16.3,173.2,9.6,Yes,51.6,Yes,97.2,Excellent
102631,23.9,53,149,1120.0,35.0,22,7.7,2.9,249.7,17.8,Yes,68.7,Yes,93.7,Excellent
102632,24.4,64,98,1035.0,48.0,110,5.0,5.7,175.0,17.6,Yes,96.4,No,56.2,Fair
102633,23.6,68,19,1438.0,30.0,10,9.0,9.0,62.6,2.5,Yes,72.6,No,90.8,Excellent
102634,23.9,37,61,1257.0,21.0,105,10.6,14.0,266.0,20.3,Yes,57.2,Yes,75.8,Good
102635,28.1,47,43,875.0,33.0,51,6.0,13.5,134.3,24.1,Yes,48.5,Yes,70.3,Good
102636,26.2,42,124,697.0,23.0,110,9.2,3.8,64.7,19.2,Yes,66.6,No,70.3,Good
102637,23.6,53,145,956.0,58.0,49,11.9,2.6,56.2,26.4,Yes,75.7,No,76.1,Good
102638,25.8,52,134,506.0,53.0,56,3.1,5.5,329.4,9.7,Yes,75.6,No,65.6,Fair
102639,19.9,41,52,527.0,65.0,63,10.5,8.7,125.6,7.4,Yes,76.6,Yes,60.2,Fair
102640,24.2,59,38,858.0,58.0,45,5.9,9.7,184.4,21.5,No,60.4,No,67.8,Fair
102641,28.4,60,115,437.0,28.0,28,3.5,7.7,335.2,7.3,Yes,89.0,No,75.0,Good
102642,22.3,57,129,597.0,59.0,69,8.5,11.9,190.3,4.6,Yes,97.1,Yes,66.5,Fair
102643,20.5,51,90,756.0,60.0,45,4.7,7.7,73.6,4.7,Yes,55.3,No,65.4,Fair
102644,21.0,57,40,406.0,26.0,15,11.9,17.0,215.6,23.5,Yes,84.4,No,92.2,Excellent
102645,19.7,42,137,918.0,36.0,97,2.5,4.7,76.5,2.8,Yes,69.0,No,71.3,Good
102646,20.6,54,47,593.0,42.0,50,3.2,11.3,78.5,10.1,No,62.5,No,76.3,Good
102647,21.9,36,110,715.0,64.0,100,8.3,11.0,305.4,5.6,Yes,47.8,No,60.9,Fair
102648,18.8,35,141,1424.0,30.0,10,9.1,5.1,136.8,23.1,Yes,52.6,Yes,94.2,Excellent
102649,23.0,53,139,1485.0,41.0,10,10.8,7.4,253.6,16.1,Yes,72.0,Yes,87.1,Excellent
102650,25.7,48,21,742.0,37.0,62,5.1,6.6,202.7,7.8,Yes,82.9,Yes,74.2,Good
102651,20.3,48,44,,68.0,52,12.1,3.1,116.7,23.0,Yes,76.2,No,63.0,Fair
102652,27.6,65,119,1441.0,47.0,88,13.4,8.6,205.3,23.0,No,71.3,Yes,52.7,Fair
102653,24.5,38,81,1019.0,35.0,57,8.0,7.0,70.7,16.6,Yes,68.7,No,73.8,Good
102654,26.1,65,119,1221.0,61.0,18,11.1,3.2,154.2,9.7,Yes,70.5,Yes,67.0,Fair
102655,21.0,67,70,634.0,23.0,31,8.3,8.1,206.9,18.4,Yes,70.3,Yes,98.6,Excellent
102656,25.6,69,57,1492.0,55.0,49,2.8,7.6,118.5,28.1,Yes,76.5,No,61.0,Fair
102657,19.7,58,80,846.0,41.0,71,5.9,2.4,248.1,,Yes,73.4,Yes,72.0,Good
102658,25.7,53,143,1009.0,30.0,54,3.0,2.4,65.5,9.5,Yes,65.5,Yes,78.2,Good
102659,23.5,34,77,407.0,40.0,75,13.9,11.7,195.4,10.0,Yes,44.4,No,77.8,Good
102660,24.7,55,31,861.0,59.0,40,4.7,12.7,264.5,,Yes,71.0,No,63.5,Fair
102661,19.5,43,41,1399.0,60.0,98,9.6,16.9,179.0,20.2,Yes,54.2,Yes,55.6,Fair
102662,20.3,68,132,533.0,35.0,69,5.4,1.6,312.4,7.8,Yes,55.6,Yes,79.9,Good
102663,24.8,58,31,784.0,61.0,20,9.8,2.1,239.7,8.1,Yes,78.2,No,75.6,Good
102664,20.2,35,119,455.0,28.0,116,4.5,0.9,337.5,28.0,Yes,63.4,No,67.9,Fair
102665,24.4,36,24,1392.0,54.0,25,11.4,9.6,135.2,23.2,Yes,67.6,Yes,74.8,Good
102666,18.9,66,133,537.0,53.0,119,3.3,11.2,331.6,28.2,Yes,57.6,No,54.1,Fair
102667,25.5,47,53,934.0,28.0,0,12.7,7.3,232.0,25.2,Yes,55.5,Yes,91.4,Excellent
102668,19.3,52,124,543.0,32.0,80,12.1,14.4,273.6,13.3,No,80.2,No,73.9,Good
102669,24.7,67,18,1268.0,25.0,98,10.1,12.4,320.6,5.4,Yes,59.6,Yes,73.4,Good
102670,24.9,30,43,1055.0,23.0,26,2.8,17.7,215.4,19.6,Yes,72.6,No,94.1,Excellent
102671,20.9,33,82,455.0,65.0,49,4.5,2.5,308.7,11.9,No,52.4,Yes,62.7,Fair
102672,24.7,64,54,1019.0,47.0,113,12.3,1.0,212.5,13.9,Yes,63.9,Yes,60.4,Fair
102673,23.8,52,81,1429.0,30.0,65,3.5,4.9,229.8,13.9,Yes,44.8,Yes,85.5,Excellent
102674,21.4,56,67,941.0,53.0,99,3.9,0.3,183.5,28.2,Yes,46.6,Yes,62.6,Fair
102675,20.0,55,124,846.0,54.0,64,8.5,16.8,93.7,3.9,No,56.6,Yes,71.3,Good
102676,17.1,37,28,1273.0,24.0,9,5.3,5.5,216.1,7.4,Yes,65.2,Yes,94.8,Excellent
102677,24.0,45,25,1038.0,58.0,94,4.7,9.9,343.2,19.0,Yes,73.9,No,56.0,Fair
102678,18.3,70,84,1010.0,30.0,36,8.9,5.7,286.2,26.7,Yes,56.3,Yes,77.4,Good
102679,23.3,32,115,1236.0,31.0,68,6.5,4.4,274.2,27.7,No,58.1,No,81.1,Good
102680,22.2,61,145,1179.0,62.0,40,3.7,2.7,243.0,17.6,Yes,62.9,No,76.1,Good
102681,25.0,34,83,1236.0,38.0,45,8.4,5.8,154.4,3.0,Yes,69.4,No,80.0,Good
102682,22.1,49,27,909.0,32.0,116,6.6,11.1,100.9,12.2,Yes,57.0,No,72.6,Good
102683,22.0,43,52,1496.0,23.0,76,10.8,17.5,117.4,27.7,Yes,84.9,No,87.4,Excellent
102684,25.2,61,59,1211.0,33.0,44,3.2,10.0,51.9,16.0,No,90.3,No,80.4,Good
102685,24.0,55,12,963.0,,87,9.4,9.6,252.0,22.3,Yes,60.7,No,50.8,Fair
102686,23.9,35,68,664.0,21.0,26,7.2,0.6,293.6,9.5,No,74.3,No,93.1,Excellent
102687,24.4,65,37,409.0,27.0,64,6.9,15.1,130.7,2.7,Yes,73.0,No,81.4,Good
102688,18.4,69,55,701.0,41.0,112,4.8,0.8,77.6,18.2,Yes,87.7,No,56.1,Fair
102689,25.3,34,73,1204.0,32.0,83,2.4,16.3,150.7,25.4,Yes,56.9,No,72.2,Good
102690,24.8,42,79,1475.0,40.0,7,12.2,9.7,137.6,29.7,No,60.3,Yes,90.4,Excellent
102691,19.9,61,56,498.0,40.0,66,5.9,3.0,185.3,25.7,Yes,48.0,Yes,73.7,Good
102692,22.3,45,144,992.0,47.0,48,10.2,8.1,129.2,17.5,Yes,79.8,Yes,78.1,Good
102693,22.9,30,115,1436.0,52.0,95,13.4,17.9,151.9,19.0,Yes,62.8,Yes,64.0,Fair
102694,22.6,42,90,756.0,48.0,107,8.8,5.5,322.3,25.1,Yes,50.5,No,62.0,Fair
102695,24.0,40,60,1327.0,56.0,88,6.8,4.9,150.5,2.6,Yes,68.3,Yes,65.9,Fair
102696,27.3,37,38,410.0,41.0,88,5.2,2.1,285.7,28.6,Yes,97.1,No,57.8,Fair
102697,26.2,54,122,480.0,45.0,113,13.2,10.7,237.8,16.9,Yes,61.7,No,50.1,Fair
102698,19.1,69,137,405.0,30.0,13,10.2,1.6,151.3,28.7,Yes,78.2,Yes,88.4,Excellent
102699,24.9,61,99,772.0,30.0,61,10.0,13.8,295.3,23.4,Yes,50.3,Yes,78.1,Good
102700,27.0,53,34,880.0,64.0,42,7.1,16.5,228.5,6.3,No,46.2,Yes,62.0,Fair
102701,24.2,57,50,621.0,53.0,26,12.1,16.8,52.6,6.6,Yes,64.3,No,74.5,Good
102702,26.3,43,78,914.0,38.0,111,10.6,1.9,70.6,11.9,Yes,64.6,No,52.5,Fair
102703,29.0,32,13,1483.0,67.0,95,5.4,10.0,275.8,9.4,Yes,80.1,No,40.7,Poor
102704,26.1,65,114,620.0,56.0,26,9.2,1.7,184.0,14.3,Yes,70.3,Yes,74.0,Good
102705,23.7,56,40,748.0,33.0,67,7.2,10.3,171.7,18.9,Yes,54.1,Yes,81.0,Good
102706,26.1,49,140,627.0,48.0,113,2.1,14.7,93.7,14.2,Yes,65.2,No,51.2,Fair
102707,23.4,44,126,689.0,38.0,102,11.7,9.7,97.2,3.6,Yes,72.0,Yes,69.0,Fair
102708,23.1,56,99,692.0,56.0,74,3.5,15.7,289.3,29.3,No,82.9,Yes,65.2,Fair
102709,21.9,70,75,1209.0,40.0,111,8.1,14.4,298.7,13.9,Yes,61.3,Yes,76.3,Good
102710,27.7,57,97,1355.0,43.0,47,6.0,5.0,218.0,25.8,Yes,69.2,No,72.5,Good
102711,20.5,54,33,787.0,45.0,66,6.1,11.3,138.5,4.1,Yes,72.2,Yes,73.3,Good
102712,27.6,62,108,1014.0,60.0,24,7.7,0.1,329.8,24.7,No,67.3,No,60.5,Fair
102713,24.5,43,114,765.0,31.0,63,14.0,7.1,237.2,6.9,Yes,81.0,Yes,82.7,Good
102714,18.8,37,28,1057.0,67.0,118,6.9,4.3,289.0,21.0,Yes,54.7,No,42.5,Poor
102715,24.1,43,75,689.0,38.0,23,4.2,16.9,51.0,20.5,Yes,92.2,Yes,83.9,Good
102716,16.7,30,69,588.0,66.0,8,9.4,7.3,185.1,27.5,Yes,73.2,Yes,64.1,Fair
102717,24.9,45,124,1317.0,68.0,7,4.8,11.8,311.3,11.0,Yes,91.2,No,68.1,Fair
102718,25.7,47,24,1323.0,49.0,102,3.3,13.2,151.5,5.1,Yes,60.3,Yes,58.2,Fair
102719,21.2,36,94,1387.0,34.0,94,2.6,13.9,268.0,26.2,Yes,71.2,No,69.4,Fair
102720,23.4,44,97,774.0,22.0,58,2.3,13.2,247.3,,Yes,44.5,No,87.5,Excellent
102721,28.9,53,16,1159.0,68.0,16,7.2,5.2,95.7,8.5,Yes,46.9,Yes,57.6,Fair
102722,21.5,42,15,616.0,32.0,42,7.1,12.3,282.5,15.6,Yes,54.7,Yes,91.8,Excellent
102723,19.8,38,134,,28.0,94,4.2,9.9,83.8,6.1,Yes,47.9,No,73.2,Good
102724,27.4,44,42,593.0,32.0,67,11.4,10.8,268.4,10.3,Yes,91.3,No,72.2,Good
102725,28.9,64,67,562.0,,3,3.6,0.0,347.3,12.8,Yes,64.2,No,76.8,Good
102726,23.0,53,119,675.0,33.0,100,13.0,4.6,337.4,9.8,Yes,62.8,No,72.8,Good
102727,26.0,62,51,763.0,27.0,7,9.1,16.8,290.1,14.6,Yes,43.7,No,91.2,Excellent
102728,27.0,45,103,1174.0,38.0,41,2.3,5.2,210.4,12.8,Yes,82.7,Yes,76.6,Good
102729,20.8,37,138,879.0,51.0,48,13.6,7.9,252.4,23.7,Yes,49.9,Yes,74.9,Good
102730,21.5,58,88,1088.0,54.0,5,5.7,3.4,268.4,27.7,Yes,79.6,No,85.5,Excellent
102731,26.7,52,104,859.0,42.0,72,7.4,2.5,52.5,4.8,Yes,63.6,No,64.0,Fair
102732,28.1,60,120,938.0,,41,5.4,3.8,80.7,25.1,Yes,58.3,Yes,69.8,Fair
102733,24.7,69,106,1373.0,37.0,71,10.7,10.0,229.1,28.1,Yes,69.8,No,74.0,Good
102734,20.4,43,128,484.0,67.0,31,7.8,16.5,52.0,21.2,Yes,69.0,Yes,66.8,Fair
102735,29.0,59,78,642.0,33.0,14,3.6,5.9,322.7,29.9,Yes,55.5,No,76.7,Good
102736,21.4,68,142,1279.0,35.0,81,3.3,5.8,196.9,11.4,Yes,79.4,No,77.5,Good
102737,22.0,56,61,1056.0,43.0,86,10.7,10.2,127.3,25.2,Yes,79.8,No,73.1,Good
102738,24.0,45,131,487.0,68.0,68,4.8,6.4,168.1,20.9,Yes,79.0,Yes,58.0,Fair
102739,27.7,35,38,1141.0,51.0,113,3.7,16.4,305.2,11.1,Yes,66.3,No,48.5,Poor
102740,25.6,62,145,1384.0,30.0,26,8.0,6.8,328.2,21.7,No,39.9,No,86.8,Excellent
102741,24.2,47,113,870.0,64.0,96,11.6,8.8,84.9,16.3,Yes,41.2,No,50.5,Fair
102742,24.4,45,10,815.0,30.0,65,5.3,9.6,283.4,7.3,Yes,67.8,No,75.1,Good
102743,23.1,41,38,1474.0,23.0,105,5.3,14.1,223.5,6.9,No,93.0,Yes,80.3,Good
102744,24.7,49,78,1081.0,45.0,101,12.0,10.2,225.7,22.0,Yes,73.4,No,56.1,Fair
102745,16.0,69,62,1486.0,65.0,58,3.8,4.3,283.8,21.9,No,83.3,No,48.7,Poor
102746,22.1,58,133,1298.0,24.0,27,9.4,2.2,116.9,16.9,Yes,90.6,Yes,100.0,Excellent
102747,23.7,59,97,1000.0,55.0,23,13.5,16.9,209.3,16.0,Yes,89.7,No,78.8,Good
102748,19.5,55,92,1175.0,52.0,50,12.1,14.4,145.8,7.0,Yes,56.7,No,73.0,Good
102749,24.2,51,21,1300.0,33.0,20,2.7,0.4,78.4,14.0,Yes,38.2,No,92.1,Excellent
102750,22.4,62,61,882.0,51.0,30,5.8,14.8,81.5,26.4,Yes,77.8,No,84.6,Good
102751,28.3,68,138,568.0,26.0,74,3.7,10.6,90.9,25.9,Yes,49.3,Yes,65.2,Fair
102752,27.7,58,144,546.0,29.0,49,13.4,9.3,234.5,20.5,Yes,81.0,No,77.1,Good
102753,21.6,51,136,838.0,21.0,91,13.8,0.2,81.7,29.9,Yes,92.5,No,85.1,Excellent
102754,22.5,42,80,1287.0,29.0,111,4.8,14.1,221.0,27.0,Yes,72.6,No,78.0,Good
102755,22.8,38,26,559.0,54.0,39,10.0,3.6,226.5,,No,80.2,No,74.7,Good
102756,21.6,53,12,1213.0,40.0,67,12.1,13.1,321.2,13.2,Yes,72.2,No,77.6,Good
102757,23.6,44,38,801.0,59.0,106,4.8,0.3,237.9,5.7,Yes,56.3,Yes,55.6,Fair
102758,20.7,65,31,985.0,61.0,105,4.3,14.3,345.7,15.1,Yes,67.8,No,54.2,Fair
102759,19.6,42,63,1263.0,27.0,15,2.1,0.4,59.3,23.7,Yes,87.9,No,99.1,Excellent
102760,24.9,56,116,1441.0,65.0,75,6.9,4.2,261.2,6.4,Yes,51.2,No,49.2,Poor
102761,24.9,66,78,539.0,37.0,85,12.8,4.8,57.9,26.7,Yes,75.5,Yes,74.7,Good
102762,20.6,36,129,727.0,28.0,98,12.8,2.8,268.8,17.9,No,92.8,No,75.4,Good
102763,25.7,37,56,624.0,60.0,106,3.5,8.7,165.8,23.0,Yes,84.9,Yes,45.1,Poor
102764,21.1,66,29,957.0,49.0,62,4.5,5.1,233.4,3.3,Yes,74.7,No,72.9,Good
102765,23.8,70,30,838.0,23.0,55,6.9,17.9,142.9,4.6,Yes,85.4,No,86.7,Excellent
102766,25.5,43,10,785.0,54.0,79,11.4,10.4,97.7,19.4,Yes,83.9,Yes,57.1,Fair
102767,22.9,41,26,920.0,33.0,23,9.3,10.2,267.1,25.5,Yes,63.1,No,91.8,Excellent
102768,24.4,65,60,1019.0,33.0,98,8.2,4.0,321.4,26.5,Yes,79.8,No,69.9,Fair
102769,21.5,69,23,,67.0,27,9.1,7.4,105.1,21.3,Yes,64.7,No,70.9,Good
102770,22.4,46,68,1494.0,56.0,105,3.2,2.2,326.2,7.6,No,62.2,No,59.5,Fair
102771,22.4,69,92,950.0,39.0,92,7.7,13.7,92.1,7.5,Yes,73.7,No,75.6,Good
102772,20.8,58,59,846.0,48.0,84,13.9,6.0,270.7,26.7,Yes,54.7,Yes,65.1,Fair
102773,22.5,56,133,506.0,42.0,111,3.1,13.5,337.8,5.2,Yes,93.5,Yes,67.1,Fair
102774,18.4,30,43,1315.0,66.0,88,8.2,6.7,94.2,21.2,Yes,54.5,No,46.9,Poor
102775,21.5,63,15,1303.0,40.0,102,5.5,17.8,180.5,16.9,Yes,58.2,No,70.1,Good
102776,22.1,33,118,943.0,50.0,30,8.5,3.1,151.2,13.8,Yes,60.8,Yes,85.3,Excellent
102777,22.2,53,58,679.0,51.0,14,8.9,0.0,166.5,14.3,Yes,40.6,Yes,84.8,Good
102778,22.3,50,15,423.0,60.0,110,8.9,10.7,275.9,28.5,Yes,76.8,No,57.2,Fair
102779,22.8,62,126,1351.0,26.0,41,12.2,17.2,248.4,26.1,Yes,54.7,No,94.7,Excellent
102780,24.4,36,127,519.0,32.0,98,6.7,11.6,340.6,26.2,Yes,71.8,Yes,72.4,Good
102781,25.6,30,16,1254.0,42.0,101,8.2,1.5,105.6,13.4,Yes,85.0,No,59.7,Fair
102782,21.1,70,106,1415.0,27.0,49,2.1,9.7,213.0,5.0,No,80.4,Yes,93.1,Excellent
102783,19.4,32,127,,31.0,85,11.5,16.4,184.7,,Yes,69.0,Yes,73.7,Good
102784,19.9,44,138,847.0,55.0,4,5.1,0.1,325.7,6.1,Yes,92.4,Yes,82.3,Good
102785,21.5,60,36,1395.0,35.0,47,11.8,3.0,53.2,16.4,Yes,57.4,No,85.2,Excellent
102786,21.9,45,125,1447.0,45.0,12,5.2,14.7,346.8,9.4,Yes,61.5,No,87.9,Excellent
102787,20.7,39,140,1484.0,48.0,31,2.1,16.1,193.9,16.3,Yes,61.5,Yes,83.7,Good
102788,19.1,58,67,483.0,48.0,66,3.9,12.7,237.7,10.5,Yes,71.4,Yes,64.7,Fair
102789,21.6,35,98,,25.0,78,13.8,17.8,158.0,27.1,Yes,64.8,No,89.0,Excellent
102790,23.5,58,106,585.0,56.0,118,5.8,1.6,305.8,29.1,Yes,84.4,No,50.1,Fair
102791,24.8,46,26,774.0,52.0,90,3.3,9.8,218.6,13.5,Yes,49.6,No,57.0,Fair
102792,21.3,51,110,471.0,50.0,115,3.4,12.3,248.8,4.0,Yes,43.3,No,57.8,Fair
102793,21.8,53,38,473.0,65.0,90,5.7,12.6,244.7,20.6,Yes,68.3,Yes,58.4,Fair
102794,20.2,46,111,552.0,60.0,29,2.5,14.3,159.2,12.5,Yes,74.3,No,71.1,Good
102795,22.9,50,132,495.0,37.0,5,8.1,16.5,72.8,29.6,Yes,77.3,Yes,95.0,Excellent
102796,20.5,40,63,844.0,57.0,24,4.6,6.5,292.3,4.5,Yes,60.9,No,76.9,Good
102797,24.7,36,36,1227.0,66.0,27,8.2,0.8,136.9,5.3,Yes,67.5,Yes,70.1,Good
102798,17.6,68,111,1474.0,50.0,61,3.7,6.5,304.7,21.6,Yes,68.9,Yes,64.0,Fair
102799,21.9,34,126,776.0,35.0,21,7.2,12.1,232.6,,Yes,83.6,No,93.3,Excellent
102800,23.9,50,113,1164.0,59.0,67,9.2,3.8,156.1,15.2,No,82.1,Yes,65.0,Fair
102801,23.6,47,54,,56.0,14,2.7,14.6,228.3,9.8,Yes,89.8,Yes,80.8,Good
102802,31.1,64,123,611.0,33.0,25,6.8,4.0,243.6,10.7,Yes,67.1,No,71.3,Good
102803,24.0,49,96,1123.0,58.0,62,5.6,0.2,262.0,,Yes,96.6,Yes,62.4,Fair
102804,20.0,44,40,1174.0,23.0,17,4.9,9.1,296.7,8.3,Yes,81.4,No,96.0,Excellent
102805,22.7,34,46,730.0,49.0,72,9.3,13.1,97.9,25.8,Yes,40.0,No,74.1,Good
102806,17.7,42,45,1150.0,52.0,62,9.1,6.3,333.2,3.8,Yes,61.0,No,67.3,Fair
102807,22.8,41,128,1223.0,55.0,61,9.6,13.5,173.3,13.4,Yes,87.5,No,67.8,Fair
102808,20.5,50,14,793.0,49.0,115,3.9,7.9,308.1,22.9,Yes,78.1,Yes,54.6,Fair
102809,25.7,66,61,,33.0,67,5.4,3.1,116.1,2.1,Yes,77.5,Yes,73.5,Good
102810,21.4,35,58,1085.0,42.0,47,4.5,1.6,58.7,26.6,Yes,67.0,No,85.4,Excellent
102811,22.6,36,15,1020.0,67.0,49,8.5,12.8,222.0,21.8,Yes,82.0,Yes,67.1,Fair
102812,21.1,55,132,1003.0,47.0,62,7.5,6.9,147.4,,Yes,49.0,Yes,76.5,Good
102813,28.2,37,147,1117.0,26.0,68,6.0,16.4,345.3,27.1,No,69.8,No,73.9,Good
102814,22.0,38,127,748.0,61.0,108,11.4,9.7,81.3,15.6,Yes,68.7,No,54.2,Fair
102815,28.5,56,32,914.0,29.0,5,3.1,6.3,64.2,,No,62.6,Yes,85.2,Excellent
102816,25.4,33,119,798.0,23.0,57,13.7,6.3,63.5,26.7,Yes,82.6,No,86.0,Excellent
102817,24.4,50,53,613.0,63.0,117,3.4,2.4,115.1,26.7,Yes,87.4,Yes,52.0,Fair
102818,24.1,60,50,961.0,57.0,50,11.3,10.7,223.8,13.4,Yes,56.4,No,65.3,Fair
102819,24.2,50,59,657.0,32.0,11,6.4,10.5,201.7,8.7,Yes,64.5,Yes,92.7,Excellent
102820,17.2,69,61,1093.0,40.0,94,12.4,14.4,155.0,9.2,No,56.5,Yes,60.9,Fair
102821,22.2,54,79,,52.0,46,2.9,3.6,76.6,23.4,Yes,67.3,Yes,80.8,Good
102822,25.5,68,118,1397.0,59.0,8,6.5,5.2,120.1,28.0,Yes,101.5,No,73.2,Good
102823,22.9,44,127,,47.0,6,6.0,1.8,105.2,4.0,Yes,43.7,Yes,87.2,Excellent
102824,18.8,64,118,609.0,42.0,28,13.9,5.3,273.7,2.4,Yes,39.1,No,84.2,Good
102825,22.8,70,104,671.0,51.0,77,13.8,7.7,284.0,25.0,Yes,39.7,Yes,67.4,Fair
102826,28.1,66,53,998.0,67.0,50,4.3,17.4,283.1,12.8,Yes,78.2,Yes,48.7,Poor
102827,26.7,57,76,1483.0,24.0,83,9.6,11.8,340.7,9.7,Yes,65.2,No,69.2,Fair
102828,22.8,43,76,1438.0,45.0,111,8.4,14.1,315.3,7.3,No,74.7,No,66.8,Fair
102829,25.9,33,27,1422.0,58.0,54,3.9,5.9,199.3,11.7,Yes,66.4,No,61.1,Fair
102830,21.9,49,69,654.0,45.0,95,4.0,2.6,174.5,29.2,Yes,63.2,No,68.8,Fair
102831,17.9,63,83,1136.0,22.0,58,13.9,4.6,324.7,29.4,Yes,83.7,Yes,77.9,Good
102832,20.2,41,58,1121.0,43.0,55,7.4,4.6,233.4,11.3,Yes,99.6,Yes,74.7,Good
102833,27.7,62,24,934.0,53.0,21,3.5,10.5,138.3,29.0,Yes,64.8,No,67.3,Fair
102834,22.2,53,82,1423.0,53.0,99,4.6,6.1,219.3,10.4,Yes,54.0,No,61.7,Fair
102835,22.3,49,57,416.0,39.0,107,5.2,15.4,347.6,25.9,No,83.8,Yes,72.3,Good
102836,22.1,34,81,1281.0,49.0,17,8.1,17.8,304.8,7.9,Yes,64.9,No,85.2,Excellent
102837,28.7,67,122,1353.0,61.0,57,6.0,6.2,134.4,25.1,Yes,46.1,Yes,51.7,Fair
102838,27.9,59,138,1225.0,39.0,39,7.5,12.7,335.9,11.9,Yes,85.7,No,70.8,Good
102839,29.7,53,144,1391.0,60.0,112,4.0,11.8,344.4,7.5,Yes,65.9,Yes,38.2,Poor
102840,22.5,69,62,1277.0,37.0,88,5.9,3.5,119.4,28.2,Yes,90.5,No,76.0,Good
102841,23.9,36,27,584.0,57.0,30,2.8,16.5,318.7,8.0,Yes,39.1,Yes,76.9,Good
102842,18.5,65,21,1435.0,39.0,55,12.7,3.6,315.0,29.8,Yes,57.6,Yes,77.3,Good
102843,27.4,67,57,479.0,25.0,34,4.4,13.3,61.9,5.0,Yes,60.3,No,81.8,Good
102844,19.5,45,39,1208.0,61.0,25,11.1,6.3,250.9,2.3,No,83.9,Yes,68.4,Fair
102845,23.7,44,106,701.0,44.0,67,6.2,6.6,141.6,26.4,Yes,87.1,No,74.0,Good
102846,19.7,52,16,532.0,60.0,105,7.7,8.2,252.4,18.4,Yes,42.2,No,51.8,Fair
102847,21.2,41,101,1428.0,60.0,111,5.5,15.6,324.1,13.8,No,58.3,No,51.5,Fair
102848,20.5,58,122,1155.0,22.0,83,10.4,2.5,199.6,4.3,Yes,48.8,No,83.3,Good
102849,21.2,44,12,1028.0,63.0,33,12.1,1.0,174.3,18.1,No,75.8,Yes,72.8,Good
102850,21.4,58,116,1409.0,62.0,75,5.4,7.2,326.5,13.0,Yes,86.6,Yes,62.5,Fair
102851,21.4,50,72,1172.0,65.0,15,4.9,1.0,342.2,15.5,Yes,73.2,No,78.1,Good
102852,25.5,44,143,540.0,38.0,41,10.2,12.4,68.7,19.7,Yes,74.9,Yes,80.6,Good
102853,19.7,43,111,882.0,29.0,4,4.3,13.7,326.9,19.9,Yes,61.2,No,98.0,Excellent
102854,23.7,45,24,744.0,24.0,60,9.7,15.4,74.8,28.9,Yes,59.4,Yes,88.0,Excellent
102855,26.7,44,100,873.0,41.0,43,3.1,13.4,151.2,20.3,Yes,51.0,Yes,67.7,Fair
102856,21.5,33,90,1494.0,28.0,34,9.4,16.5,278.8,11.5,Yes,49.1,No,95.2,Excellent
102857,20.8,56,70,574.0,52.0,107,8.2,13.5,283.1,11.2,Yes,64.4,No,59.9,Fair
102858,22.3,52,129,1241.0,34.0,90,3.4,16.8,267.7,15.4,No,50.7,No,75.8,Good
102859,26.5,58,70,1265.0,43.0,0,9.8,3.5,61.7,9.3,Yes,82.2,Yes,86.7,Excellent
102860,23.6,70,62,868.0,49.0,97,7.4,9.0,89.9,12.5,Yes,63.8,No,61.4,Fair
102861,21.4,38,35,1043.0,55.0,42,4.6,17.9,330.9,25.6,Yes,51.9,Yes,75.4,Good
102862,24.5,36,124,1080.0,58.0,31,6.2,12.3,74.4,26.1,Yes,51.1,No,74.0,Good
102863,19.7,33,49,1354.0,25.0,107,7.9,15.8,73.6,19.6,No,69.0,Yes,76.1,Good
102864,25.0,34,97,1248.0,34.0,102,3.1,0.5,300.7,18.3,Yes,54.2,No,64.1,Fair
102865,24.2,34,125,640.0,57.0,62,13.5,15.7,242.4,14.0,Yes,77.0,Yes,67.3,Fair
102866,22.1,40,145,1101.0,58.0,32,10.0,12.6,155.5,19.8,Yes,88.7,Yes,81.9,Good
102867,20.5,70,30,739.0,41.0,94,3.2,3.1,99.7,24.6,No,48.8,No,71.0,Good
102868,20.3,57,52,1192.0,22.0,76,11.9,0.5,315.3,22.7,Yes,60.3,Yes,82.9,Good
102869,24.6,45,30,1143.0,48.0,108,5.9,4.7,346.6,3.0,Yes,39.4,No,57.5,Fair
102870,26.7,70,140,862.0,48.0,65,9.2,16.5,65.0,22.5,Yes,84.8,No,62.2,Fair
102871,21.1,59,40,1200.0,50.0,29,5.3,12.0,216.2,22.2,Yes,79.7,Yes,83.0,Good
102872,24.4,33,36,414.0,64.0,9,10.8,16.6,128.4,4.8,Yes,102.4,Yes,69.6,Fair
102873,16.7,31,82,1464.0,21.0,22,10.7,8.0,299.7,6.2,Yes,66.0,No,83.9,Good
102874,21.2,32,106,607.0,54.0,96,8.6,16.9,153.8,24.1,Yes,53.6,No,57.9,Fair
102875,22.9,50,99,1483.0,64.0,38,4.9,8.3,264.4,17.7,Yes,57.4,Yes,71.3,Good
102876,20.3,35,53,764.0,28.0,44,5.0,3.7,211.9,25.0,Yes,76.2,Yes,92.4,Excellent
102877,20.2,47,52,1007.0,41.0,119,6.6,2.7,212.5,7.2,Yes,54.6,Yes,54.2,Fair
102878,21.0,34,40,559.0,38.0,28,3.7,17.9,307.4,2.9,Yes,73.4,No,89.2,Excellent
102879,23.9,38,126,796.0,69.0,29,6.1,6.0,191.1,6.5,Yes,56.5,No,67.1,Fair
102880,22.4,49,85,1193.0,56.0,33,10.2,2.9,303.7,14.7,Yes,60.9,Yes,78.3,Good
102881,16.3,57,43,899.0,29.0,51,12.0,0.2,159.0,16.7,Yes,40.8,Yes,69.6,Fair
102882,16.6,55,89,608.0,65.0,102,6.0,5.1,102.4,26.0,Yes,62.1,No,40.8,Poor
102883,21.2,47,13,832.0,40.0,80,4.8,16.0,186.6,22.1,Yes,68.8,Yes,80.3,Good
102884,24.4,48,81,1008.0,36.0,21,12.0,9.6,199.5,29.7,Yes,69.4,No,85.3,Excellent
102885,16.0,32,107,788.0,22.0,4,12.7,11.4,193.5,4.2,Yes,73.4,Yes,87.8,Excellent
102886,21.5,38,119,1396.0,26.0,10,6.9,16.6,292.5,5.6,Yes,40.1,No,100.0,Excellent
102887,21.4,65,37,982.0,60.0,85,2.3,9.2,219.4,4.4,Yes,68.0,No,65.7,Fair
102888,27.2,60,139,831.0,56.0,31,10.3,15.1,316.5,17.1,Yes,53.4,No,69.4,Fair
102889,21.8,46,26,750.0,55.0,23,11.4,5.8,204.3,9.5,Yes,69.3,No,87.6,Excellent
102890,24.1,52,67,533.0,22.0,10,2.2,17.6,117.4,21.1,No,65.8,No,98.9,Excellent
102891,23.4,63,136,1489.0,32.0,10,9.1,1.4,88.8,,Yes,65.7,No,96.7,Excellent
102892,16.6,70,18,1038.0,60.0,16,9.1,13.0,310.5,4.9,Yes,61.7,Yes,61.6,Fair
102893,25.3,70,40,516.0,49.0,31,6.5,11.9,66.9,14.9,Yes,82.7,No,79.4,Good
102894,23.6,34,97,548.0,42.0,82,11.0,3.5,85.3,12.5,Yes,59.3,No,71.6,Good
102895,24.5,44,71,578.0,26.0,26,7.1,7.0,69.1,25.2,Yes,72.0,No,94.1,Excellent
102896,32.0,32,28,547.0,49.0,31,10.1,5.6,177.1,25.5,Yes,74.2,Yes,57.7,Fair
102897,16.7,48,90,864.0,48.0,60,8.2,1.7,209.8,5.3,Yes,82.4,Yes,57.9,Fair
102898,28.2,57,116,1375.0,27.0,24,5.0,10.5,56.0,24.7,Yes,74.9,No,76.9,Good
102899,22.1,32,64,968.0,29.0,63,9.3,17.9,204.7,17.8,No,67.5,No,85.1,Excellent
102900,23.9,67,121,1428.0,,63,10.8,10.1,168.1,16.1,Yes,64.6,Yes,71.5,Good
102901,22.9,33,132,925.0,39.0,27,13.7,9.8,282.1,4.7,Yes,82.0,No,88.9,Excellent
102902,21.7,53,74,679.0,48.0,39,6.6,0.7,299.0,22.7,Yes,72.7,No,81.5,Good
102903,21.3,60,133,898.0,48.0,115,2.8,2.5,255.5,3.7,Yes,71.6,Yes,63.1,Fair
102904,24.0,40,12,1235.0,40.0,90,13.9,9.2,192.0,9.8,Yes,70.6,Yes,73.4,Good
102905,18.4,66,147,835.0,20.0,13,9.5,17.7,114.8,4.7,Yes,60.4,No,94.4,Excellent
102906,25.3,30,30,1215.0,53.0,41,13.4,15.8,304.1,16.9,Yes,96.4,Yes,67.1,Fair
102907,21.8,38,46,1086.0,63.0,38,3.2,6.1,152.5,,Yes,69.9,Yes,71.3,Good
102908,19.6,46,24,1227.0,51.0,1,6.1,9.8,156.9,26.9,Yes,63.8,Yes,88.8,Excellent
102909,21.6,30,96,1368.0,64.0,80,3.6,9.9,324.8,22.5,Yes,60.6,No,63.9,Fair
102910,26.8,32,129,1011.0,33.0,0,12.0,12.3,342.7,28.9,Yes,75.5,No,85.3,Excellent
102911,21.4,55,146,994.0,56.0,108,12.6,12.4,319.4,23.3,No,57.4,No,57.3,Fair
102912,24.1,60,53,531.0,54.0,31,8.0,14.2,349.5,10.3,Yes,62.5,No,73.8,Good
102913,20.8,55,48,792.0,43.0,82,4.2,0.4,310.7,17.3,Yes,87.1,No,77.0,Good
102914,25.3,52,142,880.0,68.0,63,3.5,17.0,261.3,,No,77.9,Yes,58.0,Fair
102915,25.1,59,34,1027.0,20.0,77,9.1,1.3,138.1,17.8,Yes,64.3,Yes,84.0,Good
102916,28.5,39,65,818.0,65.0,30,8.1,8.6,335.9,18.0,Yes,87.7,Yes,60.3,Fair
102917,22.5,37,130,1051.0,25.0,57,10.3,16.6,313.0,21.7,Yes,79.1,No,89.6,Excellent
102918,25.0,54,99,1057.0,68.0,81,5.7,8.8,122.2,4.3,Yes,82.9,Yes,52.6,Fair
102919,23.3,51,73,861.0,23.0,115,6.8,1.1,196.7,22.9,Yes,86.8,No,77.2,Good
102920,26.9,44,98,551.0,57.0,77,2.3,4.1,71.0,6.0,Yes,84.3,Yes,57.8,Fair
102921,20.8,70,121,621.0,20.0,110,9.3,10.4,336.0,2.7,Yes,74.2,No,77.3,Good
102922,25.2,39,85,478.0,60.0,13,7.1,1.6,221.8,16.5,Yes,55.6,Yes,72.0,Good
102923,22.4,49,146,498.0,50.0,87,13.0,7.6,123.6,18.3,Yes,79.9,Yes,67.5,Fair
102924,22.8,70,147,1311.0,55.0,68,9.7,5.9,137.7,3.0,Yes,67.2,Yes,72.1,Good
102925,23.3,52,19,612.0,28.0,15,6.8,14.7,344.2,16.4,Yes,58.2,No,100.0,Excellent
102926,23.8,30,71,1101.0,60.0,68,5.2,2.0,234.7,17.0,Yes,85.5,No,66.6,Fair
102927,22.7,31,99,1475.0,64.0,53,12.9,12.3,176.2,3.5,Yes,67.5,No,69.4,Fair
102928,23.6,48,69,1366.0,42.0,12,2.2,7.3,200.0,21.9,Yes,68.4,Yes,84.3,Good
102929,27.7,43,116,534.0,50.0,79,5.9,10.6,79.6,7.9,Yes,110.9,No,52.4,Fair
102930,26.0,37,47,810.0,48.0,78,13.3,3.7,72.5,24.2,Yes,74.2,No,62.5,Fair
102931,25.6,67,143,1184.0,68.0,30,9.8,11.0,227.8,10.7,Yes,68.4,Yes,55.2,Fair
102932,21.6,41,56,1467.0,40.0,68,8.4,12.1,203.6,15.4,Yes,81.5,No,78.9,Good
102933,20.3,55,142,660.0,22.0,20,4.4,1.3,157.7,27.0,Yes,52.8,No,96.6,Excellent
102934,25.9,56,87,1142.0,45.0,29,12.0,14.8,219.8,24.6,Yes,68.9,Yes,75.0,Good
102935,25.6,58,62,944.0,25.0,22,4.5,15.5,71.8,23.9,Yes,96.0,Yes,85.4,Excellent
102936,27.4,44,71,787.0,39.0,37,5.0,1.1,333.2,6.5,Yes,72.0,Yes,72.2,Good
102937,21.2,30,32,415.0,66.0,28,4.3,10.9,138.1,3.3,Yes,72.3,No,77.0,Good
102938,22.3,57,53,1061.0,65.0,76,3.9,10.7,71.5,19.0,Yes,87.9,Yes,60.1,Fair
102939,18.1,32,61,,32.0,31,13.4,0.2,100.9,13.5,Yes,74.8,Yes,83.8,Good
102940,21.8,47,55,1350.0,60.0,111,9.2,6.2,78.6,27.5,Yes,39.8,No,59.6,Fair
102941,26.0,63,93,1330.0,42.0,61,9.7,17.4,103.6,11.8,Yes,89.6,Yes,66.9,Fair
102942,21.6,61,56,424.0,34.0,105,13.5,10.0,175.0,13.5,Yes,68.3,Yes,73.9,Good
102943,24.9,58,100,1495.0,65.0,90,4.8,16.8,271.4,16.7,Yes,86.0,Yes,47.7,Poor
102944,22.4,54,61,417.0,50.0,97,2.1,12.2,131.7,24.3,No,68.5,No,66.5,Fair
102945,24.0,55,33,969.0,23.0,44,9.2,0.5,180.8,9.5,Yes,80.9,Yes,90.0,Excellent
102946,19.6,68,98,1416.0,30.0,48,8.1,1.4,328.6,28.4,Yes,95.8,Yes,86.1,Excellent
102947,23.3,37,73,1230.0,21.0,32,7.7,13.0,138.7,17.1,Yes,58.1,Yes,99.5,Excellent
102948,16.0,48,128,1435.0,35.0,3,2.7,10.0,288.4,25.5,Yes,63.3,Yes,83.5,Good
102949,22.4,51,73,1434.0,50.0,17,7.5,2.3,97.3,16.7,Yes,39.4,No,83.6,Good
102950,18.1,58,95,562.0,67.0,69,5.5,11.1,103.5,23.6,Yes,72.7,No,54.2,Fair
102951,26.6,62,65,1271.0,58.0,63,5.3,14.6,186.8,3.4,Yes,56.9,No,55.5,Fair
102952,25.3,67,68,1234.0,62.0,27,4.7,13.6,120.2,24.4,Yes,72.0,Yes,64.8,Fair
102953,24.4,64,142,1256.0,63.0,107,6.0,4.4,320.9,16.7,Yes,60.7,Yes,48.7,Poor
102954,27.6,32,134,1468.0,23.0,57,6.2,4.6,65.2,14.6,Yes,94.7,Yes,78.2,Good
102955,20.2,48,56,1369.0,67.0,90,5.7,17.4,229.2,5.1,Yes,67.5,Yes,56.2,Fair
102956,28.2,39,130,992.0,47.0,89,13.7,16.0,231.3,22.8,Yes,50.5,No,53.6,Fair
102957,25.8,56,111,654.0,35.0,55,13.2,5.7,69.8,5.7,Yes,85.4,No,72.6,Good
102958,22.3,44,53,466.0,,19,8.9,14.8,269.8,7.4,Yes,81.0,Yes,81.1,Good
102959,26.4,40,24,1317.0,44.0,76,13.8,2.9,190.7,5.5,Yes,77.3,Yes,66.6,Fair
102960,19.7,55,114,1013.0,32.0,91,13.9,3.5,266.9,,Yes,90.4,Yes,76.0,Good
102961,20.5,53,60,1373.0,24.0,33,6.3,3.3,298.1,20.5,No,67.9,No,95.4,Excellent
102962,21.2,42,62,1002.0,49.0,112,7.3,1.6,146.9,9.6,Yes,53.3,Yes,61.9,Fair
102963,21.4,61,43,1465.0,20.0,86,13.5,15.4,195.3,6.2,Yes,52.1,No,88.8,Excellent
102964,19.8,66,133,783.0,24.0,9,9.3,10.4,128.2,11.0,No,78.0,No,100.0,Excellent
102965,26.7,33,86,1365.0,33.0,114,4.6,4.7,110.5,16.0,Yes,48.2,Yes,58.0,Fair
102966,22.2,42,145,884.0,30.0,93,10.3,15.3,50.2,16.1,Yes,68.4,No,80.5,Good
102967,24.1,38,132,438.0,53.0,21,4.5,14.4,339.1,12.3,Yes,70.7,Yes,78.0,Good
102968,21.3,63,79,410.0,48.0,4,6.1,1.8,182.3,15.9,Yes,73.0,Yes,93.5,Excellent
102969,17.5,66,30,1023.0,,116,4.7,11.6,53.9,14.0,No,58.8,No,57.1,Fair
102970,23.8,36,117,808.0,34.0,43,4.9,13.0,52.7,25.0,Yes,47.0,Yes,82.7,Good
102971,17.3,30,117,507.0,65.0,113,2.1,12.9,136.5,2.8,Yes,76.8,Yes,37.2,Poor
102972,22.8,41,144,483.0,44.0,8,12.6,13.0,54.2,26.3,Yes,63.5,No,92.2,Excellent
102973,18.9,50,99,457.0,49.0,42,5.6,3.1,162.4,8.8,Yes,63.5,No,74.1,Good
102974,29.0,40,88,1439.0,64.0,3,3.0,5.7,68.9,22.2,Yes,41.0,Yes,60.1,Fair
102975,25.7,43,51,1390.0,21.0,41,3.0,15.2,61.8,13.3,No,76.9,No,84.8,Good
102976,23.3,63,61,1237.0,59.0,64,8.7,16.2,250.8,10.2,No,58.8,No,68.2,Fair
102977,26.8,63,111,1004.0,46.0,97,13.9,5.0,322.1,19.2,Yes,80.5,Yes,51.6,Fair
102978,20.5,54,114,1368.0,68.0,40,3.7,0.4,172.8,23.5,Yes,55.1,No,64.1,Fair
102979,24.6,33,88,564.0,34.0,63,3.2,15.5,301.0,14.6,Yes,71.8,No,79.9,Good
102980,23.6,55,121,836.0,51.0,54,7.3,6.8,58.8,15.1,Yes,107.4,No,77.4,Good
102981,23.8,45,113,1126.0,39.0,89,8.8,5.9,283.3,3.6,Yes,84.8,No,74.1,Good
102982,26.8,39,25,802.0,33.0,17,5.5,6.2,68.8,27.9,Yes,74.3,Yes,83.5,Good
102983,25.2,31,105,1115.0,46.0,15,5.6,7.5,301.5,25.7,Yes,99.8,No,79.8,Good
102984,23.9,64,46,1213.0,22.0,86,7.1,6.8,314.7,13.1,Yes,64.2,Yes,82.8,Good
102985,18.0,48,55,1121.0,68.0,45,5.8,10.2,285.8,23.4,Yes,76.7,No,57.0,Fair
102986,20.1,35,11,930.0,22.0,35,13.0,1.4,296.2,10.8,No,74.8,Yes,89.9,Excellent
102987,22.6,48,128,692.0,32.0,89,2.5,17.5,218.4,22.5,Yes,55.7,No,78.8,Good
102988,23.3,37,96,1422.0,44.0,65,4.8,16.9,129.5,16.5,Yes,74.1,Yes,77.9,Good
102989,19.6,43,103,861.0,37.0,43,11.7,16.8,243.0,14.9,Yes,78.7,No,82.5,Good
102990,30.2,39,12,1041.0,20.0,115,12.0,15.8,181.9,3.6,No,73.5,Yes,59.4,Fair
102991,27.5,32,120,443.0,58.0,4,3.3,11.9,51.6,29.0,Yes,73.9,Yes,67.1,Fair
102992,24.8,67,10,1291.0,24.0,28,13.7,4.0,193.0,25.4,Yes,43.4,No,91.3,Excellent
102993,23.2,58,114,1035.0,21.0,3,10.3,0.9,245.4,,Yes,98.0,Yes,100.0,Excellent
102994,22.4,44,31,938.0,49.0,110,5.3,1.8,54.2,10.5,Yes,63.2,No,64.9,Fair
102995,20.1,52,143,1261.0,36.0,98,7.5,5.8,236.4,10.1,Yes,69.2,No,66.0,Fair
102996,23.2,52,74,918.0,48.0,85,5.6,9.1,245.8,18.0,Yes,85.5,No,70.4,Good
102997,23.8,47,30,1110.0,61.0,48,3.8,17.9,97.4,25.7,Yes,69.1,No,66.4,Fair
102998,19.3,48,13,488.0,23.0,71,5.5,7.8,179.3,28.2,Yes,79.0,Yes,82.3,Good
102999,24.0,57,140,1441.0,28.0,107,9.0,9.4,339.3,9.5,Yes,66.0,No,69.4,Fair
103000,22.5,55,122,1072.0,40.0,84,11.9,12.5,315.3,19.0,Yes,63.8,Yes,70.7,Good
