DIGITAL_ID,WALKING_MINUTES,RUNNING_MINUTES,CYCLING_MINUTES,WORKOUT_MINUTES,EXERCISE_CALORIES,CODING_HOURS,AI_ASSISTANT_USAGE_HOURS,SOCIAL_MEDIA_HOURS,GAMING_HOURS,READING_HOURS,TV_STREAMING_HOURS,SMARTPHONE_UNLOCKS,NOTIFICATIONS,PRODUCTIVITY_SCORE
102001,118,23,67,64.2,1238,0.7,1.6,5.2,1.2,2.6,4.5,86,233,82.4
102002,34,73,4,52.2,898,1.7,3.8,1.8,5.3,3.6,5.7,24,234,80.5
102003,58,16,88,56.4,1096,8.9,3.5,6.1,4.1,3.2,1.4,78,132,82.5
102004,68,17,85,57.8,1122,6.1,2.0,0.7,1.0,2.2,3.2,95,73,100.0
102005,160,41,91,93.0,1778,9.5,2.3,3.9,4.2,0.1,1.9,23,83,82.7
102006,178,83,38,100.6,1846,10.0,0.0,0.1,4.4,0.3,3.0,35,191,98.5
102007,11,44,22,37.4,660,3.7,0.9,7.7,5.3,0.6,3.3,94,222,51.9
102008,19,81,67,79.2,1422,3.0,,6.0,1.3,1.7,0.2,119,118,80.6
102009,180,16,51,66.0,1288,8.6,3.0,1.3,5.9,0.6,1.4,140,240,84.3
102010,42,72,3,52.8,912,10.0,0.6,2.7,0.9,2.1,4.2,85,54,100.0
102011,125,13,46,51.2,998,6.3,3.5,1.3,3.6,0.9,4.6,155,220,92.1
102012,49,48,20,46.6,836,8.0,2.6,6.1,3.9,3.9,3.4,40,99,83.8
102013,28,28,100,62.4,1192,7.8,0.9,0.5,2.5,4.4,1.6,45,74,100.0
102014,38,3,55,31.4,622,3.6,0.6,6.7,2.9,1.9,2.4,162,97,71.6
102015,170,81,104,124.2,2322,5.7,2.5,7.5,5.3,2.6,0.6,49,55,62.7
102016,177,19,65,72.8,1418,8.3,3.6,5.4,3.9,4.8,5.7,85,55,89.9
102017,150,46,58,80.8,1524,6.9,2.9,1.7,3.0,2.7,5.2,99,183,100.0
102018,171,8,6,41.4,812,0.2,1.4,2.9,0.8,5.0,0.4,32,235,99.8
102019,37,76,48,72.2,1292,3.4,2.3,3.8,0.0,0.7,1.0,20,219,93.7
102020,83,78,15,69.4,1232,1.4,1.2,4.8,0.7,4.3,3.5,175,141,93.0
102021,150,26,16,52.0,988,2.3,4.0,5.3,5.7,2.5,1.4,148,121,62.4
102022,127,14,83,67.0,1312,9.1,3.0,4.4,4.6,0.1,5.6,160,218,77.9
102023,125,18,86,70.2,1368,0.4,2.5,2.8,5.8,4.9,4.5,80,159,75.3
102024,44,89,97,101.0,1842,2.2,1.7,7.1,0.2,4.8,1.6,136,70,89.4
102025,51,51,74,70.4,1306,3.1,2.5,0.7,4.1,1.9,0.0,85,202,88.6
102026,79,25,33,44.0,830,6.2,1.4,3.7,0.3,4.8,4.8,142,242,100.0
102027,177,88,32,101.0,1844,5.3,0.1,6.2,4.7,0.7,2.5,23,43,64.4
102028,123,25,25,49.6,942,2.2,1.6,0.5,2.3,3.4,3.9,160,194,100.0
102029,118,25,65,64.6,1242,1.6,3.7,5.6,0.6,1.0,1.7,55,159,80.8
102030,7,45,62,53.2,974,2.4,2.5,6.6,3.4,1.2,0.9,115,34,65.0
102031,84,48,86,80.0,1504,5.0,0.3,5.3,1.7,,4.1,104,131,92.0
102032,128,81,40,90.2,1642,2.7,3.5,0.1,4.0,1.9,2.7,162,159,90.7
102033,7,52,85,66.6,1228,9.5,1.1,1.4,3.9,0.0,1.4,109,158,93.9
102034,156,2,57,55.2,1100,4.6,1.0,2.7,4.2,2.1,0.8,104,205,83.7
102035,95,65,97,96.8,1806,0.6,1.2,1.9,6.0,1.1,3.5,31,51,66.9
102036,101,41,78,76.0,1438,7.3,2.3,7.7,2.3,3.4,4.4,95,70,82.5
102037,4,18,9,15.2,268,,2.2,5.2,2.8,1.0,1.7,88,182,74.8
102038,85,16,14,32.2,612,6.5,2.0,2.4,4.8,4.2,4.4,61,75,92.0
102039,174,32,41,70.4,1344,2.8,2.9,7.4,3.5,1.3,1.1,179,123,62.4
102040,33,75,92,88.4,1618,5.7,1.3,5.9,0.2,2.0,2.0,149,38,92.8
102041,54,48,56,62.0,1144,7.7,3.1,2.3,5.1,1.5,4.5,27,218,85.2
102042,118,55,86,91.0,1710,9.3,0.7,3.0,0.3,3.2,4.0,73,130,100.0
102043,170,62,16,77.6,1428,,3.1,1.6,1.0,0.5,1.6,155,76,95.3
102044,157,2,59,56.2,1120,3.3,2.7,7.8,0.6,2.4,0.7,107,103,79.6
102045,113,48,8,54.6,996,4.6,2.7,4.1,0.5,1.7,0.3,160,236,95.4
102046,144,54,113,106.4,2020,9.3,1.9,7.2,0.2,4.4,5.0,48,32,100.0
102047,25,25,35,34.0,630,9.0,2.7,2.8,0.3,0.4,0.5,32,37,100.0
102048,135,71,72,98.4,1826,0.9,0.3,6.9,2.7,4.1,0.7,77,182,73.0
102049,46,51,79,71.4,1326,1.3,3.4,0.4,1.5,0.8,1.4,82,65,95.9
102050,112,6,35,40.0,788,5.0,0.2,7.9,0.8,0.4,2.7,106,72,75.6
102051,75,45,47,60.8,1126,1.1,0.6,7.3,4.0,1.0,4.7,106,207,56.0
102052,71,45,50,61.2,1134,3.5,2.3,2.9,1.4,0.5,1.5,93,92,89.9
102053,88,15,96,65.0,1270,1.5,3.0,6.2,0.1,2.6,3.3,57,242,85.5
102054,45,23,118,70.0,1354,6.4,0.3,6.0,2.5,4.9,0.5,88,191,91.0
102055,32,60,94,80.0,1480,9.5,3.7,7.2,1.9,0.2,2.8,88,248,81.3
102056,0,53,69,59.4,1082,10.0,3.9,2.5,1.9,2.3,1.1,148,230,100.0
102057,146,61,73,95.0,1778,3.8,2.4,3.7,2.7,1.9,1.3,149,167,85.0
102058,30,0,79,37.6,752,6.0,1.9,6.9,4.0,1.7,2.2,132,56,69.5
102059,141,48,67,83.8,1580,8.6,3.0,6.2,3.7,1.7,4.6,48,118,79.0
102060,52,24,117,71.6,1384,1.2,1.3,3.1,5.6,4.5,4.5,141,42,75.5
102061,47,9,21,23.2,446,6.9,2.0,6.8,3.1,0.1,2.5,26,80,71.4
102062,68,79,76,91.4,1670,4.1,3.7,0.4,2.8,3.9,0.7,74,97,100.0
102063,104,15,79,61.4,1198,2.1,3.8,6.3,1.3,1.3,1.7,26,153,76.4
102064,89,57,115,98.0,1846,4.0,3.7,1.7,4.5,1.9,3.0,111,173,84.4
102065,62,71,92,91.8,1694,0.8,,2.3,0.8,2.1,5.2,29,169,94.7
102066,72,28,5,33.2,608,7.0,0.9,3.9,2.9,1.5,5.8,99,54,88.4
102067,160,5,25,45.0,890,2.5,1.2,3.6,2.5,0.5,3.8,93,206,79.6
102068,168,15,74,72.2,1414,3.1,1.8,4.2,3.9,0.6,2.1,77,173,71.7
102069,88,19,87,63.8,1238,1.2,1.3,4.4,5.5,1.5,4.2,109,132,61.8
102070,175,79,92,119.2,2226,8.6,1.5,2.7,5.7,4.1,2.0,117,31,90.2
102071,12,70,2,45.2,764,4.9,2.5,1.4,1.0,0.7,3.8,59,102,100.0
102072,72,77,51,81.0,1466,5.7,3.1,6.1,1.6,3.7,1.5,161,152,90.1
102073,76,42,73,69.6,1308,,2.9,3.2,4.9,1.4,1.6,148,156,78.3
102074,158,25,59,70.2,1354,4.1,3.3,4.0,3.1,4.4,0.5,164,106,89.9
102075,67,89,62,91.6,1654,1.9,0.1,5.2,2.7,2.1,2.5,68,107,75.8
102076,97,77,64,91.2,1670,7.5,0.2,7.3,4.3,0.9,3.7,105,105,67.0
102077,124,70,51,87.2,1604,1.3,3.2,5.7,3.6,4.9,4.7,163,192,76.5
102078,101,32,106,81.8,1572,1.0,2.1,0.4,5.8,0.9,4.9,154,179,74.1
102079,131,25,89,76.8,1486,7.1,2.3,6.7,3.5,2.8,6.0,162,242,78.3
102080,101,44,75,76.6,1444,2.1,0.2,7.9,2.8,2.8,0.5,134,77,67.0
102081,18,83,13,58.6,1006,3.1,1.0,3.8,3.3,1.9,3.0,40,143,80.2
102082,81,62,88,88.6,1648,4.8,2.6,7.8,4.9,4.8,3.1,85,93,68.3
102083,140,66,71,96.0,1788,4.5,3.4,4.4,3.7,4.2,4.8,108,224,85.5
102084,22,51,106,77.4,1446,7.1,3.7,3.7,3.9,,1.6,157,179,92.2
102085,82,67,67,83.4,1534,6.2,2.0,2.7,5.8,4.9,0.4,71,102,87.3
102086,108,25,27,47.4,898,6.4,2.2,5.3,3.7,2.3,1.9,177,76,80.0
102087,74,74,70,87.2,1596,7.1,3.3,1.8,2.3,0.5,5.9,53,69,97.0
102088,128,1,9,29.8,594,2.9,2.2,0.8,4.1,3.8,5.4,113,135,93.5
102089,87,13,114,70.8,1390,3.2,2.1,0.2,4.0,1.9,2.4,105,210,91.3
102090,53,29,56,50.4,950,4.4,3.6,2.3,0.1,1.0,5.3,84,147,100.0
102091,88,48,99,86.0,1624,3.1,3.2,3.2,2.8,2.4,0.2,79,32,86.6
102092,142,11,65,61.0,1198,9.8,3.6,4.4,4.5,4.6,1.9,155,124,93.3
102093,64,89,89,101.8,1858,8.1,0.9,2.3,3.0,0.9,4.4,94,130,94.7
102094,75,43,116,87.2,1658,1.6,2.1,7.9,4.7,4.2,1.3,88,163,60.7
102095,142,32,49,67.2,1280,,3.4,2.3,2.7,2.1,1.2,64,171,83.8
102096,148,12,13,42.0,816,0.4,0.4,3.5,5.9,0.7,5.2,68,112,59.4
102097,146,77,15,81.4,1474,2.4,3.2,0.8,1.8,4.2,3.7,81,215,100.0
102098,59,87,53,85.2,1530,1.1,0.7,2.1,0.6,,5.9,168,111,100.0
102099,92,25,42,50.2,954,5.3,3.2,0.4,2.6,1.5,0.8,140,150,100.0
102100,160,20,41,60.4,1168,8.6,2.4,4.5,3.3,1.5,2.1,72,164,87.2
102101,48,27,80,57.8,1102,7.4,0.8,6.0,2.1,2.0,1.9,116,186,86.3
102102,34,47,109,78.6,1478,2.2,1.9,1.6,1.5,4.1,5.3,140,32,100.0
102103,171,39,21,66.0,1242,4.0,2.7,2.9,4.0,0.1,1.5,175,42,76.7
102104,101,65,67,86.0,1590,5.1,2.5,0.1,2.3,1.1,2.1,72,193,100.0
102105,10,72,18,52.4,904,8.1,1.7,6.7,3.8,3.5,0.9,28,134,80.9
102106,98,86,65,97.2,1772,8.4,3.6,6.2,4.7,2.0,4.7,94,118,74.5
102107,109,78,38,83.8,1520,9.1,,0.5,4.6,1.7,1.4,123,121,98.3
102108,73,76,72,89.0,1628,5.1,2.0,2.9,2.3,4.4,0.4,112,195,100.0
102109,173,22,18,55.0,1056,6.9,0.2,7.6,3.4,4.6,2.6,143,104,80.2
102110,8,80,15,55.6,952,,3.7,3.1,2.7,4.7,2.3,141,89,90.4
102111,2,47,53,49.8,902,5.7,0.7,4.2,5.2,1.4,1.1,80,155,72.8
102112,84,1,24,27.0,538,2.5,2.1,2.8,5.3,4.6,0.8,174,102,81.1
102113,25,83,111,99.2,1818,4.3,3.2,4.8,2.1,3.7,5.4,143,51,90.0
102114,71,19,17,32.4,610,6.3,0.9,7.8,0.6,0.8,0.4,169,178,80.8
102115,47,58,22,53.0,944,2.6,2.1,8.0,1.0,3.1,0.6,114,152,77.5
102116,155,45,116,104.4,1998,0.5,1.0,6.2,2.2,0.1,1.5,49,240,65.5
102117,116,2,84,58.0,1156,0.1,3.0,3.2,3.4,3.5,5.7,111,62,80.9
102118,153,54,10,67.0,1232,0.2,2.3,4.0,3.9,3.7,0.5,103,33,76.0
102119,152,11,38,52.2,1022,0.1,3.4,2.9,2.0,3.9,4.9,34,237,90.3
102120,11,39,104,67.2,1266,1.1,3.6,7.9,4.0,0.9,5.4,162,201,53.3
102121,132,65,67,92.2,1714,2.4,2.6,5.7,5.6,3.1,2.3,72,158,63.3
102122,47,77,24,65.2,1150,2.2,2.9,3.6,3.9,0.9,1.8,42,219,73.2
102123,36,15,62,41.0,790,9.9,2.2,0.1,1.0,4.7,4.1,89,236,100.0
102124,43,82,95,95.8,1752,3.1,1.5,4.2,3.5,3.4,4.2,128,179,82.1
102125,14,33,29,34.2,618,1.3,2.6,7.9,3.3,0.5,4.7,163,88,56.0
102126,42,43,44,51.8,950,5.5,3.6,4.2,5.2,0.9,5.0,106,66,70.9
102127,175,5,89,73.6,1462,8.6,1.7,1.5,2.1,3.3,1.6,26,180,100.0
102128,86,76,120,110.8,2064,6.8,1.3,0.2,2.5,,4.1,58,190,100.0
102129,69,63,60,75.6,1386,3.0,1.6,2.8,3.6,3.7,0.8,123,142,87.9
102130,45,21,99,61.2,1182,5.6,1.7,7.3,3.1,1.4,3.1,69,179,70.7
102131,107,17,50,51.6,998,7.1,0.3,8.0,4.3,3.3,3.7,67,221,70.6
102132,122,11,97,69.8,1374,7.3,2.0,7.6,0.2,0.9,1.0,68,156,85.9
102133,170,51,8,67.8,1254,6.7,2.0,5.8,3.4,2.7,0.5,101,219,81.3
102134,20,50,75,64.0,1180,8.7,,4.5,0.7,4.8,1.2,82,147,100.0
102135,150,70,1,72.4,1308,8.7,1.5,4.7,1.9,3.1,2.5,149,211,98.4
102136,106,47,101,89.8,1702,5.8,2.5,4.3,4.0,0.2,5.3,131,215,75.0
102137,79,18,4,28.2,528,4.3,3.5,5.7,0.9,4.9,3.2,173,169,96.0
102138,46,5,61,36.6,722,6.4,3.8,3.4,1.9,0.8,4.5,115,141,92.1
102139,116,83,68,100.2,1838,8.2,2.3,5.4,4.2,3.6,1.0,170,175,84.6
102140,123,26,51,60.6,1160,0.1,0.2,1.0,3.9,2.7,0.6,140,224,84.8
102141,142,52,85,93.6,1768,9.9,3.9,2.1,0.5,1.5,1.4,37,217,100.0
102142,24,47,4,34.6,598,1.8,2.8,6.7,3.5,0.9,1.9,107,154,62.0
102143,35,6,58,33.8,664,4.7,1.3,7.2,0.9,0.9,3.3,87,129,78.8
102144,50,58,67,71.6,1316,8.7,0.6,4.3,1.5,4.3,5.3,79,30,100.0
102145,14,68,8,46.8,800,2.3,0.6,0.3,2.8,4.4,2.6,149,150,100.0
102146,67,10,92,56.2,1104,4.8,,7.4,0.7,2.3,3.1,113,118,83.4
102147,20,14,21,20.8,388,1.3,0.2,5.6,6.0,0.5,0.0,68,49,51.7
102148,140,63,26,76.2,1398,4.0,3.6,3.3,1.0,4.4,0.2,178,46,100.0
102149,18,2,9,8.4,164,1.8,2.2,4.8,4.7,2.4,0.5,99,206,68.1
102150,33,68,79,79.0,1444,3.6,2.8,3.4,5.0,2.2,4.2,146,179,75.2
102151,77,22,105,70.6,1368,3.7,3.3,3.7,6.0,2.0,2.9,72,143,68.6
102152,124,52,105,98.0,1856,9.9,3.2,7.1,2.6,1.8,1.2,83,190,83.8
102153,116,36,60,68.8,1304,9.9,3.5,1.3,5.2,2.6,3.6,52,55,96.4
102154,51,8,50,35.0,684,1.1,3.9,0.8,5.7,3.0,3.3,77,56,79.5
102155,26,14,9,17.2,316,7.3,1.8,0.0,1.0,2.3,0.5,69,217,100.0
102156,156,2,5,34.4,684,0.5,3.8,2.5,2.9,4.5,3.8,83,191,90.0
102157,155,69,61,96.8,1798,0.3,2.9,1.2,0.4,1.6,4.6,150,116,98.6
102158,34,16,112,61.2,1192,1.1,0.3,1.8,3.7,2.9,1.7,144,109,85.2
102159,135,25,4,43.6,822,9.7,2.7,0.1,3.5,1.5,4.1,80,235,100.0
102160,143,20,69,68.2,1324,9.4,2.7,1.8,1.2,3.8,1.2,143,209,100.0
102161,105,71,62,88.4,1626,1.9,3.6,2.7,4.8,0.5,4.5,157,84,70.5
102162,163,20,55,66.6,1292,1.6,1.5,0.3,0.2,0.9,5.5,85,90,100.0
102163,157,10,58,60.6,1192,2.4,2.3,4.9,4.8,4.0,2.7,49,207,73.2
102164,145,37,62,76.0,1446,5.2,0.0,4.6,0.2,0.9,1.5,44,220,93.7
102165,1,71,110,86.8,1594,5.7,1.3,0.8,3.9,3.1,2.4,139,221,98.0
102166,176,87,88,122.6,2278,2.2,0.2,4.8,0.5,4.9,1.5,107,43,97.4
102167,76,34,58,58.8,1108,7.6,2.1,8.0,1.5,2.6,0.0,29,155,83.5
102168,131,13,50,54.0,1054,3.1,3.3,7.6,4.3,0.9,3.9,113,138,57.0
102169,89,13,49,45.2,878,9.2,,0.0,1.7,1.6,0.3,145,247,100.0
102170,88,9,3,24.2,466,6.6,2.1,6.4,3.1,4.1,1.3,118,151,84.4
102171,93,11,103,66.4,1306,4.4,,2.8,5.5,1.8,4.3,107,80,75.5
102172,6,37,47,42.2,770,7.9,0.5,0.5,0.3,3.6,4.0,39,142,100.0
102173,94,33,31,51.0,954,8.2,2.0,2.4,4.9,3.9,0.4,136,184,94.0
102174,107,40,119,93.0,1780,,0.3,2.6,0.4,2.5,4.0,122,197,100.0
102175,73,9,50,40.0,782,3.4,2.3,4.2,0.8,3.9,5.6,118,97,97.7
102176,38,16,51,37.6,720,9.4,0.1,5.3,0.7,1.6,0.4,142,38,98.9
102177,140,16,98,76.8,1504,1.6,0.4,6.0,6.0,2.6,2.5,93,213,57.0
102178,158,66,73,100.4,1876,0.4,2.2,2.0,1.1,3.4,4.4,174,248,97.5
102179,70,61,33,63.8,1154,4.5,2.4,2.6,5.4,0.8,4.0,70,68,74.0
102180,55,0,35,25.0,500,8.0,0.1,2.5,5.9,1.4,1.4,98,172,80.7
102181,169,11,69,68.0,1338,7.7,2.3,2.9,2.3,3.3,1.0,22,118,100.0
102182,41,3,42,26.8,530,9.2,3.4,8.0,3.8,3.3,4.7,176,47,77.3
102183,35,41,109,75.2,1422,5.3,2.9,6.2,4.7,2.5,5.7,99,81,69.8
102184,83,12,15,29.8,572,1.0,0.5,7.8,2.4,4.0,4.6,88,218,70.8
102185,117,84,58,97.0,1772,,2.4,5.5,1.0,2.4,5.8,40,66,92.0
102186,6,85,52,73.0,1290,7.8,2.7,3.3,2.6,4.4,3.6,61,109,100.0
102187,53,3,18,19.6,386,0.9,0.1,3.1,4.6,3.7,5.6,137,210,77.5
102188,128,81,97,113.0,2098,1.7,3.4,3.9,4.7,1.6,4.1,40,169,69.1
102189,171,68,88,110.2,2068,0.1,3.6,3.3,1.4,2.0,5.5,149,238,86.0
102190,119,18,94,72.2,1408,,3.4,6.6,1.0,3.3,1.0,154,182,90.3
102191,172,1,112,79.8,1594,8.9,3.3,3.7,5.5,4.5,4.9,54,108,89.0
102192,105,11,40,43.6,850,6.7,3.0,2.4,0.3,0.9,1.2,49,54,100.0
102193,46,80,80,89.2,1624,9.8,2.5,6.2,4.4,2.6,0.2,74,178,80.6
102194,122,73,46,86.6,1586,0.6,2.7,6.8,0.3,0.6,3.1,20,151,74.3
102195,140,5,93,68.2,1354,9.0,3.2,3.4,5.0,1.4,1.9,144,240,83.6
102196,118,7,102,68.6,1358,8.1,2.6,5.3,5.4,3.4,0.3,130,117,78.2
102197,149,50,53,81.0,1520,3.1,1.3,0.5,1.8,0.4,5.9,148,164,96.4
102198,117,10,54,51.0,1000,9.7,1.5,4.2,0.4,3.3,4.0,82,233,100.0
102199,20,62,94,78.8,1452,2.9,3.6,0.4,2.9,4.5,5.4,105,206,100.0
102200,136,56,18,68.0,1248,8.9,0.1,0.2,1.8,4.8,6.0,96,68,100.0
102201,25,11,61,36.0,698,8.8,2.8,4.9,2.5,1.1,2.4,141,104,88.8
102202,8,72,98,84.0,1536,7.6,3.8,2.4,4.0,3.7,1.5,174,126,96.7
102203,14,1,92,40.2,802,5.6,2.8,5.9,1.3,4.6,1.1,34,78,94.9
102204,9,7,58,29.2,570,1.2,4.0,7.2,2.1,0.5,3.1,146,246,64.6
102205,121,10,64,55.8,1096,5.3,2.8,1.1,4.7,2.1,3.6,156,191,89.0
102206,120,52,67,82.0,1536,3.6,0.1,5.8,3.9,,2.8,88,232,78.3
102207,124,9,27,41.0,802,7.9,3.3,4.1,2.0,1.0,2.3,78,173,92.4
102208,169,84,17,91.0,1652,7.6,1.1,0.9,4.0,4.7,1.0,170,125,100.0
102209,71,83,25,74.0,1314,9.1,1.8,5.2,4.6,2.6,2.7,127,172,82.2
102210,151,7,103,75.6,1498,0.1,1.2,4.9,3.6,0.5,0.5,132,69,64.1
102211,48,35,18,37.8,686,8.1,1.1,4.1,1.4,2.2,5.2,126,236,99.4
102212,153,75,54,97.2,1794,9.4,1.7,7.4,0.0,1.6,0.3,158,36,94.0
102213,90,13,118,73.0,1434,7.9,1.5,4.2,4.8,1.4,2.3,43,130,79.2
102214,36,53,56,61.4,1122,1.3,2.5,7.9,4.9,2.7,0.6,91,69,54.6
102215,67,84,5,65.8,1148,0.8,3.3,4.1,4.2,2.4,4.6,130,223,71.4
102216,49,85,0,60.8,1046,0.2,1.2,0.9,0.5,2.4,1.9,125,99,100.0
102217,151,20,7,45.0,860,6.3,0.9,3.8,3.5,0.4,0.7,178,132,81.1
102218,18,49,96,71.4,1330,6.3,2.7,1.5,4.9,4.0,3.2,169,121,94.1
102219,99,38,50,62.6,1176,9.9,2.7,4.8,2.3,2.4,5.5,33,51,96.3
102220,59,19,106,65.6,1274,4.0,3.6,5.5,1.2,4.1,5.5,24,130,92.3
102221,166,87,84,119.0,2206,3.3,0.1,3.7,3.5,4.1,1.5,146,216,86.6
102222,88,86,87,104.0,1908,6.2,3.4,0.8,5.0,1.6,4.3,36,162,89.0
102223,145,6,24,42.2,832,8.3,2.1,3.7,0.3,,0.2,101,175,100.0
102224,146,8,46,52.4,1032,9.4,2.5,0.7,3.6,4.6,0.8,90,40,100.0
102225,163,0,54,54.2,1084,8.0,0.4,5.5,3.9,3.8,3.0,109,148,85.9
102226,68,25,63,53.8,1026,4.3,1.7,6.3,3.6,0.5,1.4,98,37,66.9
102227,174,37,120,105.0,2026,,0.9,7.7,3.9,3.5,4.8,112,49,72.8
102228,48,37,106,74.2,1410,8.6,1.0,1.2,3.8,0.1,5.6,84,232,93.7
102229,107,60,82,90.2,1684,4.9,2.0,4.3,0.8,0.1,0.0,151,88,88.9
102230,160,43,92,94.6,1806,2.2,3.2,4.5,1.4,2.6,1.4,28,120,87.2
102231,118,85,116,121.0,2250,1.7,3.0,7.4,3.7,0.5,2.6,55,182,56.8
102232,148,43,9,59.0,1094,0.0,2.4,5.0,0.1,4.8,3.4,141,215,93.9
102233,149,73,55,95.6,1766,7.2,2.2,1.2,3.8,4.5,5.5,179,144,100.0
102234,175,61,11,76.0,1398,1.1,1.7,3.5,4.0,3.2,5.4,107,48,77.8
102235,36,5,32,23.0,450,2.4,3.9,5.2,1.4,0.3,3.8,140,154,77.9
102236,142,16,119,85.6,1680,3.0,2.2,5.6,3.6,1.6,1.5,165,159,70.4
102237,162,50,70,90.4,1708,5.6,1.0,6.9,3.2,1.9,4.7,162,135,73.3
102238,159,37,16,60.4,1134,4.0,0.9,1.4,1.6,2.4,1.2,39,215,100.0
102239,10,23,60,39.8,750,6.7,2.4,7.6,2.8,0.8,5.8,77,95,71.4
102240,137,50,9,61.0,1120,0.6,2.1,0.5,5.5,2.9,0.0,59,36,80.4
102241,77,9,30,32.8,638,1.2,0.0,7.9,2.6,2.2,3.4,85,80,64.4
102242,76,71,59,81.4,1486,5.0,3.3,6.9,3.8,4.7,0.5,108,124,77.5
102243,152,20,69,70.0,1360,3.4,2.8,5.3,0.2,4.7,2.4,160,190,98.7
102244,1,69,16,48.0,822,3.0,2.6,5.9,0.5,2.8,3.8,32,104,88.3
102245,63,84,49,82.6,1484,0.7,0.3,0.6,0.5,3.2,4.1,81,133,100.0
102246,34,56,36,54.8,984,9.0,,0.3,4.7,0.7,4.7,175,42,95.4
102247,6,38,81,56.4,1052,6.9,3.7,0.8,2.1,1.1,3.6,65,167,100.0
102248,84,87,61,93.4,1694,1.2,3.5,0.7,1.4,,1.5,162,142,100.0
102249,145,32,89,83.8,1612,0.7,1.1,4.4,4.5,3.5,5.3,112,88,71.8
102250,66,58,112,92.8,1740,9.7,0.6,1.7,1.0,0.9,4.9,42,67,100.0
102251,41,17,117,65.2,1270,6.8,1.8,6.9,1.5,2.9,1.0,120,49,87.2
102252,117,55,79,88.0,1650,4.2,1.4,3.6,2.6,4.7,5.0,86,242,95.1
102253,124,56,71,86.8,1624,7.0,2.7,5.6,2.0,1.7,5.8,133,43,86.7
102254,166,75,87,113.0,2110,7.6,3.9,5.2,3.5,0.9,3.8,85,245,79.6
102255,168,47,76,92.2,1750,7.8,1.5,2.6,2.0,4.7,1.7,69,69,100.0
102256,23,41,28,40.4,726,,0.2,1.9,2.4,2.3,3.6,160,164,96.9
102257,45,26,31,37.0,688,4.3,3.6,2.7,5.2,2.1,2.1,21,226,78.1
102258,18,73,87,82.2,1498,0.1,0.2,6.4,5.3,1.3,4.1,53,35,52.0
102259,67,51,79,75.6,1410,9.3,3.8,4.7,5.0,4.5,3.3,59,197,88.3
102260,101,41,10,48.8,894,6.0,2.7,2.0,5.2,4.2,5.6,88,210,90.6
102261,41,31,95,64.8,1234,2.0,3.8,6.5,3.4,2.0,3.7,172,38,67.0
102262,31,25,5,23.2,414,9.2,0.8,0.4,3.9,0.2,1.3,96,135,97.9
102263,166,24,34,61.2,1176,9.1,0.2,5.6,3.3,2.2,4.4,47,94,85.9
102264,108,74,32,78.8,1428,9.9,2.0,3.5,4.7,0.9,1.8,132,177,85.0
102265,35,22,17,27.0,496,8.7,1.8,5.9,3.3,0.7,1.6,75,163,79.4
102266,96,56,36,67.2,1232,10.0,1.3,7.4,0.7,2.0,2.4,131,125,92.9
102267,163,51,12,68.0,1258,2.4,3.8,6.0,4.9,0.5,0.1,173,234,57.8
102268,130,86,73,106.8,1964,8.4,3.3,3.5,4.6,4.8,5.8,174,68,94.2
102269,72,30,100,72.4,1388,8.2,2.6,1.2,4.9,0.2,3.2,45,152,87.7
102270,135,63,89,100.4,1882,2.3,0.7,6.5,1.1,2.0,4.6,34,50,79.1
102271,96,70,109,104.8,1956,1.0,2.9,3.7,1.6,0.8,1.5,69,66,81.6
102272,122,32,80,75.6,1448,9.8,2.9,0.6,1.8,3.4,4.5,153,41,100.0
102273,69,84,63,89.4,1620,3.0,1.7,5.8,3.0,0.4,3.4,87,227,69.0
102274,168,1,0,34.2,682,8.7,3.7,2.3,0.8,2.7,2.5,151,44,100.0
102275,12,17,62,37.4,714,0.0,0.7,0.4,2.3,3.9,5.8,177,178,98.6
102276,48,46,88,72.4,1356,0.2,1.1,7.2,1.1,4.8,3.0,96,114,80.5
102277,59,32,33,44.2,820,4.7,0.3,3.9,1.6,3.5,3.9,28,121,96.3
102278,129,83,102,116.4,2162,2.4,3.2,2.2,4.2,0.5,0.1,33,129,76.5
102279,4,34,9,24.8,428,,2.5,5.7,5.1,0.4,1.8,59,238,66.7
102280,171,50,83,97.4,1848,5.7,1.3,7.1,0.1,3.7,5.3,150,203,93.6
102281,26,17,6,17.8,322,0.8,0.7,0.0,3.4,1.1,4.6,52,228,87.9
102282,159,87,55,106.0,1946,1.6,0.2,5.5,0.2,2.2,3.2,98,244,86.8
102283,148,71,79,103.8,1934,3.9,0.7,6.1,0.5,4.9,5.4,79,138,95.6
102284,7,29,36,33.2,606,1.9,1.8,1.7,4.2,4.1,2.9,83,115,88.3
102285,49,43,28,46.8,850,7.9,1.0,3.9,4.4,4.2,3.4,81,167,90.8
102286,66,52,11,48.8,872,4.2,1.0,0.7,4.9,4.3,2.3,98,111,94.0
102287,43,9,16,20.4,390,0.9,3.5,6.0,2.8,3.1,3.7,154,95,73.1
102288,124,86,47,95.2,1732,4.8,2.1,6.8,5.2,3.7,1.9,95,147,67.5
102289,57,51,83,75.2,1402,0.9,2.9,0.9,1.0,1.8,2.3,69,233,98.6
102290,2,48,25,39.2,688,,0.1,6.5,1.5,5.0,5.8,58,146,84.1
102291,85,10,111,67.4,1328,,1.5,6.2,0.8,1.4,0.7,124,196,80.2
102292,69,65,82,85.6,1582,8.6,1.9,2.8,4.8,3.0,0.6,89,51,91.0
102293,129,57,110,104.0,1966,9.2,,5.5,1.4,1.4,0.3,45,115,93.6
102294,171,89,11,92.0,1662,8.3,0.5,0.0,0.9,0.6,1.9,77,199,100.0
102295,1,35,20,29.2,514,3.3,3.5,7.5,3.7,2.8,2.4,92,243,66.5
102296,101,32,41,55.8,1052,2.7,3.8,4.4,0.5,1.8,0.6,71,163,90.7
102297,34,46,60,58.4,1076,5.5,0.3,5.0,0.3,2.9,3.3,163,139,98.2
102298,97,12,57,49.4,964,7.2,1.4,5.3,0.6,2.8,3.5,67,209,98.6
102299,29,39,53,50.4,930,9.9,3.8,4.5,0.0,2.7,4.5,46,194,100.0
102300,115,88,33,89.0,1604,1.3,0.3,6.9,4.2,0.6,5.9,170,241,55.8
102301,7,67,6,44.0,746,0.5,2.6,4.9,3.4,2.2,3.7,119,35,71.0
102302,149,41,108,97.6,1870,6.9,3.9,7.3,1.3,4.1,0.7,41,102,90.4
102303,43,18,34,33.0,624,8.3,3.9,4.7,1.4,1.6,0.5,61,186,95.6
102304,35,81,14,61.2,1062,8.5,1.9,1.4,4.9,2.2,4.7,128,130,93.5
102305,76,18,64,51.6,996,6.8,0.7,7.3,3.0,2.5,3.9,52,226,76.9
102306,30,57,89,75.8,1402,9.5,0.8,5.5,4.2,4.3,1.0,128,208,88.9
102307,46,22,98,61.6,1188,5.1,3.6,5.6,2.7,3.3,1.5,157,106,84.2
102308,54,53,24,52.2,938,9.1,3.6,7.9,1.4,0.5,4.5,66,56,81.1
102309,105,79,105,110.4,2050,9.7,2.4,0.6,5.8,4.3,3.4,115,244,100.0
102310,157,64,58,93.0,1732,8.5,3.1,3.4,3.4,4.2,3.5,144,194,99.0
102311,120,11,78,61.8,1214,3.1,3.0,1.9,0.8,3.8,1.3,98,203,100.0
102312,54,23,85,58.6,1126,2.0,2.6,5.0,2.4,2.3,3.8,58,127,78.9
102313,143,33,5,50.4,942,5.5,3.3,6.5,2.0,3.8,4.6,141,54,86.4
102314,11,52,51,53.8,972,4.5,2.7,7.7,1.3,2.4,5.3,65,194,78.9
102315,144,7,78,64.2,1270,8.8,2.1,3.6,5.6,3.7,4.4,91,180,86.3
102316,143,17,87,73.6,1438,1.0,0.9,6.3,5.3,4.4,3.5,70,249,63.5
102317,139,56,20,69.4,1276,2.6,3.0,7.3,1.2,4.5,4.0,44,183,83.5
102318,135,4,70,57.4,1140,7.5,1.9,5.5,2.1,2.3,2.9,101,105,89.4
102319,2,25,120,63.4,1218,0.9,1.2,1.9,4.6,4.3,1.4,162,149,84.1
102320,143,29,92,82.8,1598,3.2,,4.9,1.3,0.5,5.3,77,209,81.8
102321,29,53,95,75.6,1406,,2.8,7.8,3.5,0.5,3.2,45,32,60.6
102322,22,12,31,24.0,456,6.2,3.7,7.9,4.2,2.7,3.6,60,102,67.9
102323,91,82,52,88.2,1600,1.6,0.7,5.1,3.9,,5.9,63,140,73.2
102324,114,28,58,62.8,1200,8.6,2.6,7.1,4.2,0.8,5.9,104,108,70.2
102325,103,2,68,49.0,976,4.5,1.0,1.6,4.2,2.4,3.5,41,101,88.8
102326,117,89,61,101.2,1846,9.2,3.6,2.0,5.8,0.5,0.2,129,185,82.9
102327,4,57,3,36.2,610,4.7,0.4,7.6,2.1,3.0,2.4,56,247,77.5
102328,103,75,85,99.6,1842,2.8,2.6,1.1,5.3,4.3,5.6,137,237,87.6
102329,107,1,17,28.8,574,1.4,3.2,1.5,0.1,3.7,1.7,120,63,100.0
102330,64,74,98,96.4,1780,0.0,1.4,3.4,1.7,1.9,6.0,161,113,83.6
102331,120,27,80,72.2,1390,5.3,3.8,4.7,0.3,5.0,0.5,23,94,100.0
102332,29,81,113,99.6,1830,1.1,3.4,4.8,3.9,3.3,3.4,43,245,73.4
102333,148,76,113,120.4,2256,3.9,1.2,2.3,0.6,4.1,3.1,84,58,100.0
102334,83,85,55,89.6,1622,5.9,0.0,7.4,5.1,3.3,1.5,85,33,66.6
102335,149,75,23,84.0,1530,2.8,1.2,7.3,3.9,4.9,5.7,32,225,71.6
102336,31,1,65,32.8,654,1.8,1.1,3.1,0.2,4.1,3.7,46,148,100.0
102337,160,6,12,40.4,796,7.7,3.6,3.5,4.3,2.6,1.4,135,219,87.7
102338,15,25,61,42.4,798,9.5,3.9,5.6,5.2,1.8,2.3,100,195,76.0
102339,37,89,53,82.0,1462,1.0,0.3,5.3,4.0,3.4,4.3,140,224,71.0
102340,141,87,14,86.0,1546,1.6,1.9,3.1,0.2,3.0,1.8,128,159,98.8
102341,35,75,68,79.2,1434,9.6,2.2,3.3,5.1,3.1,5.3,164,142,89.8
102342,150,15,2,39.8,766,0.4,0.4,2.8,4.4,1.7,1.0,88,121,72.7
102343,113,22,36,50.2,960,9.8,1.5,1.9,2.3,2.1,1.6,76,105,100.0
102344,65,39,36,50.8,938,,1.3,3.7,2.0,2.8,0.9,91,154,83.6
102345,104,59,100,96.2,1806,8.7,2.1,5.5,2.9,4.2,0.6,127,73,93.5
102346,84,72,2,60.8,1072,3.1,2.6,5.9,5.2,3.8,1.8,92,236,68.0
102347,1,31,62,43.6,810,9.4,2.8,6.2,1.5,0.6,6.0,37,143,88.3
102348,74,14,34,36.8,708,3.2,0.5,3.0,0.6,1.2,0.6,35,134,95.0
102349,66,12,51,40.8,792,6.5,3.3,6.1,5.2,0.1,1.3,115,124,62.9
102350,179,4,86,72.6,1444,0.8,2.7,0.1,0.2,0.0,1.6,59,146,100.0
102351,150,74,27,85.2,1556,2.4,3.6,3.8,5.5,1.1,3.7,58,130,65.4
102352,153,73,93,111.6,2086,7.7,1.8,6.4,1.8,4.0,4.5,75,61,92.8
102353,54,51,17,48.2,862,5.3,3.6,5.0,3.0,4.5,4.5,136,243,89.1
102354,5,76,115,92.6,1700,9.3,3.5,3.8,0.8,2.0,0.1,73,160,100.0
102355,162,40,35,70.4,1328,4.3,1.8,5.2,5.4,2.8,3.9,65,46,69.2
102356,149,52,32,73.8,1372,8.7,1.5,7.3,4.5,3.5,3.8,179,148,76.2
102357,170,49,63,88.6,1674,4.5,3.7,4.5,5.5,4.8,3.1,62,169,77.9
102358,142,14,25,46.8,908,9.8,2.9,6.4,4.1,4.6,2.3,23,93,87.3
102359,85,6,47,39.4,776,9.6,3.7,7.8,1.1,0.3,4.8,24,220,83.4
102360,59,39,39,50.8,938,3.3,3.2,5.6,1.8,1.2,2.1,132,107,78.8
102361,100,27,16,42.6,798,8.9,2.4,4.6,2.9,0.2,1.4,77,229,85.5
102362,11,31,39,36.4,666,8.5,0.5,0.3,3.6,3.1,1.9,56,70,100.0
102363,48,14,6,20.4,380,2.1,,3.0,5.6,3.6,2.6,173,31,75.0
102364,41,84,56,81.0,1452,6.2,3.9,4.5,2.3,1.5,1.3,28,210,87.4
102365,165,69,7,77.2,1406,0.7,1.3,6.4,4.2,4.3,3.6,34,63,67.7
102366,81,64,116,101.0,1892,8.4,0.4,3.5,5.8,2.3,5.3,107,154,80.7
102367,172,3,55,58.2,1158,1.7,2.8,7.7,0.9,5.0,3.6,118,117,83.1
102368,34,10,30,24.8,476,0.7,2.9,2.2,5.2,0.0,2.7,124,141,66.6
102369,157,25,58,69.6,1342,4.0,1.1,6.0,2.5,0.5,4.8,173,241,73.0
102370,157,60,57,90.2,1684,,1.2,3.4,4.4,1.5,4.5,124,231,80.5
102371,133,36,11,52.6,980,8.5,1.9,3.9,1.8,0.1,2.2,46,69,92.7
102372,66,22,47,45.2,860,9.7,0.1,6.4,2.0,3.9,3.6,102,228,95.5
102373,79,84,30,78.2,1396,4.4,3.2,2.4,0.2,,4.4,178,222,99.1
102374,6,90,107,98.0,1780,0.6,1.3,0.8,5.8,3.7,1.5,51,84,80.1
102375,179,39,82,92.0,1762,7.5,3.4,4.2,4.9,0.3,2.2,149,155,74.6
102376,13,76,62,73.0,1308,5.7,3.2,4.2,0.6,1.3,0.6,37,103,95.5
102377,72,22,73,56.8,1092,4.5,2.6,6.4,6.0,4.2,5.9,47,208,66.0
102378,142,15,38,52.6,1022,3.1,1.3,7.7,3.6,4.8,0.5,90,34,71.8
102379,148,60,75,95.6,1792,5.0,2.1,0.4,5.1,2.1,1.0,136,85,89.2
102380,162,67,19,80.2,1470,3.4,1.8,4.7,0.4,4.8,2.9,119,147,100.0
102381,65,79,100,100.4,1850,7.6,,5.5,2.3,,5.2,107,178,91.0
102382,90,30,47,54.8,1036,5.4,3.4,7.9,4.0,2.1,2.1,111,87,65.5
102383,129,52,104,98.6,1868,8.8,1.9,7.5,0.6,4.0,4.6,172,230,96.6
102384,162,24,70,74.8,1448,5.4,3.3,5.7,2.9,1.5,4.1,58,122,78.0
102385,19,43,115,75.6,1426,2.4,0.4,4.2,2.7,1.3,3.8,151,60,78.4
102386,9,11,53,29.6,570,8.5,0.6,1.3,1.3,3.3,5.1,71,203,100.0
102387,24,89,77,89.0,1602,5.6,3.9,3.1,1.8,2.0,0.1,141,184,95.8
102388,24,8,74,39.2,768,2.1,2.4,4.7,5.8,0.7,5.6,87,227,58.5
102389,53,11,70,45.2,882,6.2,2.0,5.8,1.7,0.3,5.0,76,136,81.6
102390,32,68,28,58.4,1032,3.6,2.1,5.1,1.3,3.9,5.6,32,188,92.0
102391,163,53,73,93.6,1766,8.4,0.9,5.7,3.2,3.4,4.8,82,198,88.2
102392,94,53,92,87.4,1642,4.5,2.9,3.4,4.0,2.1,5.3,90,74,81.7
102393,13,27,72,47.6,898,7.3,0.3,5.8,4.4,4.5,1.2,172,193,82.9
102394,64,55,99,85.4,1598,1.0,2.3,1.1,4.5,2.1,1.9,42,31,81.4
102395,109,68,47,81.4,1492,4.0,2.3,1.3,0.2,3.6,1.9,49,91,100.0
102396,79,76,73,90.6,1660,9.8,3.7,1.3,2.4,4.5,0.7,132,178,100.0
102397,53,57,82,77.6,1438,8.1,2.1,7.1,4.6,4.2,4.4,154,191,77.4
102398,124,77,55,93.0,1706,1.6,0.5,0.6,5.4,2.6,0.8,73,115,81.6
102399,179,74,94,117.8,2208,,2.3,6.4,3.6,3.4,0.3,128,42,72.2
102400,130,41,16,57.0,1058,3.3,0.4,1.9,0.3,2.1,4.7,164,48,100.0
102401,168,37,8,59.0,1106,6.5,0.8,3.7,2.4,,5.4,116,190,95.8
102402,133,67,108,110.0,2066,7.6,0.1,7.3,0.4,1.3,4.6,79,153,87.9
102403,24,52,96,74.4,1384,7.5,2.1,4.7,4.5,2.2,5.0,85,131,80.3
102404,140,32,33,60.4,1144,5.1,0.3,1.7,0.4,1.0,3.6,160,133,100.0
102405,116,70,44,82.8,1516,8.1,1.9,2.3,1.1,0.2,5.3,71,78,100.0
102406,135,55,87,94.8,1786,4.4,3.7,7.4,2.5,2.9,3.0,51,32,75.4
102407,148,71,8,75.4,1366,1.2,2.9,3.4,2.8,4.3,5.9,28,195,87.7
102408,24,50,6,37.2,644,5.6,0.3,4.7,2.4,0.1,0.6,36,240,80.7
102409,78,73,15,65.4,1162,9.5,0.9,3.7,2.8,1.0,4.9,145,100,93.2
102410,67,42,18,45.8,832,7.9,2.7,3.0,4.3,2.3,3.8,101,44,89.2
102411,172,14,102,83.6,1644,5.8,3.6,1.8,2.2,3.3,3.5,59,67,100.0
102412,11,37,5,26.4,454,6.5,0.1,5.5,3.3,0.9,4.4,123,182,77.2
102413,31,14,113,59.8,1168,9.3,3.2,5.7,1.8,0.3,5.0,147,90,87.7
102414,127,4,114,73.4,1460,4.3,2.2,2.2,2.1,2.6,5.2,175,243,97.1
102415,95,82,10,72.2,1280,3.3,2.2,6.3,3.7,4.1,1.1,37,244,75.2
102416,91,53,75,80.0,1494,9.8,3.8,6.8,2.9,0.2,1.2,160,207,78.5
102417,140,50,60,82.0,1540,8.6,3.0,7.4,4.3,1.7,0.1,162,39,71.2
102418,30,9,41,27.8,538,3.2,3.4,1.3,3.4,3.3,0.8,25,129,94.1
102419,77,11,12,26.8,514,4.6,1.4,2.4,4.8,0.7,1.6,64,130,77.7
102420,19,3,11,10.0,194,4.2,2.2,6.9,2.7,1.2,4.3,117,207,70.9
102421,145,17,84,72.8,1422,1.5,2.5,1.6,2.9,2.7,2.9,138,152,90.2
102422,59,79,73,88.4,1610,9.6,1.3,0.0,4.0,4.8,4.5,97,71,100.0
102423,133,35,19,55.2,1034,4.0,2.3,7.0,1.3,1.4,2.9,67,228,77.7
102424,159,24,49,65.8,1268,8.8,0.9,2.6,2.3,2.4,3.3,130,209,100.0
102425,92,86,35,84.0,1508,1.9,0.6,3.3,3.7,2.0,0.7,102,203,78.1
102426,42,75,91,89.8,1646,5.5,1.5,3.6,0.2,4.5,4.7,123,246,100.0
102427,129,35,87,81.6,1562,0.2,3.0,6.8,2.6,0.4,4.5,93,69,61.4
102428,59,66,68,78.6,1440,7.6,3.7,2.7,3.6,2.8,1.8,74,215,94.8
102429,150,8,36,49.2,968,5.8,1.8,7.1,5.8,4.2,2.0,80,53,66.8
102430,30,60,11,46.4,808,6.3,2.6,4.9,5.3,4.9,1.3,21,98,81.2
102431,4,52,98,71.2,1320,0.5,0.4,4.2,1.7,3.5,4.9,135,114,86.2
102432,161,17,39,58.0,1126,2.1,3.6,2.6,3.0,1.9,4.5,21,197,84.5
102433,9,42,53,48.2,880,0.7,2.3,1.9,0.3,2.1,3.7,95,177,98.6
102434,88,34,1,38.4,700,2.9,3.1,5.0,1.4,1.8,1.4,29,58,84.2
102435,129,62,49,82.6,1528,6.3,3.2,3.6,4.6,3.0,1.0,95,66,84.2
102436,125,77,40,87.2,1590,5.7,1.0,7.3,0.7,3.7,0.3,21,49,89.8
102437,10,3,44,21.4,422,6.1,2.1,3.9,1.5,4.1,0.3,140,175,100.0
102438,177,40,102,100.2,1924,5.5,3.8,4.1,5.7,2.1,1.1,84,33,72.4
102439,158,44,105,100.0,1912,2.7,0.4,3.3,4.9,3.6,0.6,100,168,78.5
102440,55,49,8,43.6,774,2.4,2.7,6.3,4.7,4.6,3.3,104,221,69.9
102441,82,78,61,87.6,1596,1.4,3.8,3.4,5.2,4.6,2.1,63,115,77.0
102442,136,27,85,77.4,1494,8.5,1.2,2.2,4.5,3.5,2.7,53,81,96.2
102443,98,41,46,62.6,1170,6.2,3.4,6.9,0.7,3.2,3.6,92,72,90.9
102444,148,79,4,78.6,1414,1.9,3.7,4.8,3.1,2.7,4.0,125,171,77.2
102445,72,75,75,89.4,1638,1.8,3.0,4.7,2.7,0.9,3.9,179,151,74.0
102446,155,68,0,71.8,1300,8.7,0.9,4.9,1.9,0.6,1.6,24,202,90.1
102447,114,0,43,40.0,800,7.4,1.3,5.8,5.0,2.4,4.9,129,185,73.8
102448,6,38,21,32.4,572,6.6,0.1,2.5,2.8,0.8,5.5,88,161,91.6
102449,79,89,37,84.0,1502,4.1,3.3,0.3,0.4,2.9,1.9,73,173,100.0
102450,143,16,114,83.8,1644,2.6,3.4,6.5,1.6,3.2,0.1,57,195,80.8
102451,96,90,18,80.4,1428,9.8,2.5,1.0,1.4,2.6,5.4,156,220,100.0
102452,3,87,79,84.4,1514,8.0,1.4,5.8,5.3,0.2,5.5,80,180,66.9
102453,3,34,30,33.0,592,3.0,0.3,0.7,3.9,0.3,0.3,114,106,84.6
102454,102,45,114,93.0,1770,8.5,3.0,3.0,3.4,0.6,0.0,40,177,89.8
102455,39,41,66,58.8,1094,7.6,2.9,0.5,3.0,0.8,4.9,55,226,100.0
102456,16,38,86,60.4,1132,3.0,3.7,4.2,3.9,,1.8,20,112,84.4
102457,100,89,41,89.8,1618,4.3,2.9,5.2,4.5,1.7,5.5,169,178,70.4
102458,102,48,81,81.6,1536,1.9,3.3,1.4,3.3,1.5,1.3,162,199,86.2
102459,123,61,25,71.2,1302,1.1,3.0,3.0,5.6,,5.2,65,98,63.1
102460,51,37,12,37.2,670,7.2,2.5,7.4,5.9,3.2,0.4,84,43,64.9
102461,51,22,57,46.2,880,2.7,1.7,3.5,6.0,3.3,1.6,25,99,71.3
102462,163,21,17,52.0,998,8.2,3.6,6.4,4.0,0.9,5.8,100,34,73.5
102463,123,3,66,52.8,1050,10.0,2.6,7.4,5.6,4.6,1.4,170,181,76.2
102464,165,48,86,96.2,1828,0.8,1.6,7.8,2.4,4.0,0.8,167,186,70.4
102465,177,58,2,71.0,1304,4.7,0.3,7.2,5.2,1.2,5.1,47,31,58.2
102466,62,72,54,77.2,1400,8.0,1.2,2.5,5.5,2.4,0.7,154,35,85.7
102467,115,67,88,98.4,1834,7.9,2.2,7.7,5.4,2.3,0.6,68,63,64.9
102468,61,70,90,90.2,1664,7.6,1.1,6.5,5.0,1.7,1.9,43,233,69.3
102469,6,86,57,75.6,1340,3.5,0.9,6.7,2.4,4.1,3.8,99,51,80.5
102470,154,1,107,74.2,1482,4.5,2.1,0.1,1.0,0.5,4.3,32,161,100.0
102471,91,48,62,71.8,1340,5.9,0.7,7.6,2.0,2.1,5.3,111,142,77.7
102472,13,87,90,90.8,1642,9.7,3.2,6.2,4.6,2.1,3.2,154,163,77.9
102473,85,30,51,55.4,1048,3.3,1.9,6.1,1.4,2.3,2.4,34,96,82.1
102474,132,39,102,90.6,1734,9.2,2.3,0.7,2.9,4.3,2.2,106,106,100.0
102475,129,47,88,89.2,1690,2.7,,1.9,3.4,1.1,5.1,170,220,84.1
102476,61,50,23,51.4,928,9.9,1.3,7.7,3.6,0.5,4.3,143,244,72.5
102477,148,42,71,83.2,1580,6.7,1.6,4.0,5.6,3.1,5.4,88,119,78.7
102478,78,54,8,51.2,916,4.6,3.2,3.2,4.0,0.9,5.8,110,145,79.1
102479,148,87,109,125.4,2334,6.1,3.1,6.7,4.7,0.4,1.8,79,230,63.1
102480,137,48,36,70.6,1316,2.7,0.9,0.7,3.5,2.1,3.2,29,116,91.4
102481,57,89,93,102.0,1862,2.7,2.5,3.3,5.0,1.1,3.8,70,97,70.5
102482,119,79,116,117.6,2194,1.1,1.0,3.0,1.6,1.8,1.0,83,191,87.6
102483,166,56,82,99.6,1880,1.1,4.0,2.8,1.3,1.3,0.3,125,130,88.4
102484,132,76,52,92.8,1704,3.5,3.8,2.5,5.6,0.5,5.2,75,229,70.5
102485,64,14,79,52.8,1028,7.6,2.3,1.7,4.2,2.8,3.2,179,191,95.8
102486,12,26,23,27.2,492,6.1,2.8,1.4,4.0,0.1,3.4,170,86,86.9
102487,180,67,107,119.0,2246,1.0,3.2,5.1,2.8,4.8,3.3,110,194,82.0
102488,81,79,20,71.6,1274,8.5,2.9,7.4,2.3,1.7,4.5,104,163,81.0
102489,172,63,99,111.8,2110,6.0,2.8,4.1,3.3,3.5,0.9,126,100,89.6
102490,159,29,39,64.8,1238,9.6,3.8,2.4,0.7,4.1,3.7,98,202,100.0
102491,163,35,102,94.4,1818,6.7,2.4,1.3,2.7,1.4,2.8,128,198,98.9
102492,138,66,110,111.2,2092,1.8,2.5,6.6,2.7,3.7,5.4,121,132,74.8
102493,148,85,61,105.0,1930,4.7,3.4,7.8,3.2,4.2,3.1,167,162,74.8
102494,51,85,69,88.8,1606,6.5,2.7,2.8,3.8,1.2,5.7,162,89,86.4
102495,116,48,68,79.2,1488,0.3,2.9,2.3,5.7,5.0,2.1,48,224,77.9
102496,25,75,13,55.2,954,0.1,0.9,4.8,3.9,0.1,5.8,89,174,61.8
102497,33,54,116,85.4,1600,1.3,1.5,6.2,5.3,1.1,5.3,99,240,54.6
102498,51,84,108,103.8,1908,2.5,0.6,3.6,3.3,3.9,3.5,84,138,85.8
102499,111,55,41,71.6,1322,4.3,2.0,5.0,3.8,1.0,2.1,35,222,72.6
102500,81,67,49,76.0,1386,4.9,1.8,5.7,0.4,3.5,2.3,73,130,95.5
102501,179,43,60,85.6,1626,1.4,4.0,7.7,0.8,4.3,4.6,116,212,80.9
102502,156,30,3,50.4,948,6.7,2.4,1.3,3.5,4.8,3.5,26,38,100.0
102503,165,57,71,95.6,1798,6.0,3.1,8.0,2.4,2.4,2.4,79,161,75.2
102504,41,86,87,94.6,1720,2.9,1.3,3.1,4.8,4.9,3.8,29,199,84.1
102505,20,52,74,64.8,1192,0.1,3.3,5.8,3.3,2.1,4.4,72,203,66.8
102506,41,83,16,64.4,1122,0.8,2.5,4.6,5.3,1.1,0.1,27,103,60.0
102507,140,78,113,120.0,2244,3.9,2.8,3.9,5.8,2.6,0.5,145,125,71.0
102508,112,22,84,69.2,1340,1.5,1.2,5.6,0.9,3.2,0.6,104,158,85.7
102509,104,27,56,59.4,1134,3.8,2.2,3.2,2.4,2.3,1.4,109,116,89.7
102510,16,15,89,47.8,926,6.3,2.5,1.0,4.0,2.8,2.6,56,144,97.0
102511,119,36,106,87.8,1684,5.5,2.4,3.9,1.8,2.1,4.8,151,174,92.7
102512,136,20,47,58.0,1120,2.3,3.7,4.2,1.6,2.6,2.1,103,145,87.6
102513,168,78,43,97.6,1796,3.4,3.6,1.6,4.9,4.8,0.1,123,157,90.3
102514,128,16,44,52.8,1024,6.1,3.9,7.5,5.9,2.5,2.9,42,120,60.2
102515,129,36,90,83.4,1596,8.6,2.7,1.8,4.6,1.3,6.0,156,108,90.9
102516,59,76,79,89.0,1628,7.5,3.9,3.3,3.1,3.8,2.1,64,147,97.7
102517,47,18,118,67.4,1312,5.5,3.3,1.2,2.7,1.7,5.8,165,36,97.8
102518,28,29,89,58.6,1114,3.6,1.1,4.3,3.2,4.1,0.6,65,162,86.3
102519,96,44,116,92.0,1752,3.7,1.7,2.5,2.8,,1.0,21,209,84.3
102520,9,17,32,24.8,462,8.8,1.0,3.9,3.0,1.7,4.3,36,145,92.1
102521,57,77,30,69.6,1238,0.4,0.0,1.8,1.2,0.5,3.0,137,132,89.1
102522,20,61,111,85.0,1578,9.9,0.8,0.4,5.4,0.4,4.6,35,82,92.4
102523,27,35,46,44.8,826,6.6,0.0,6.2,4.5,,5.2,129,148,75.8
102524,33,83,5,58.4,1002,6.8,2.9,5.1,4.1,1.9,1.5,67,32,78.4
102525,7,51,107,74.8,1394,0.4,1.7,2.7,5.7,4.4,4.1,171,91,74.7
102526,176,18,71,74.4,1452,6.1,1.3,0.4,1.7,2.6,3.6,114,61,100.0
102527,78,43,70,69.4,1302,4.8,3.0,6.9,0.5,1.5,5.2,111,31,84.0
102528,144,6,33,45.6,900,1.1,3.3,1.4,5.0,3.6,2.6,125,109,82.4
102529,86,43,107,85.8,1630,2.8,3.9,7.4,6.0,3.1,0.3,122,153,55.3
102530,87,67,52,78.4,1434,8.9,2.6,3.8,3.5,4.0,3.4,151,110,97.1
102531,172,33,13,59.4,1122,5.5,1.8,2.7,0.4,3.2,5.8,20,82,100.0
102532,68,65,15,58.6,1042,4.1,1.2,5.9,4.7,0.8,0.1,52,169,63.5
102533,159,68,42,89.4,1652,0.7,0.9,7.0,0.4,3.4,1.4,150,153,81.6
102534,171,54,115,112.6,2144,7.1,0.9,3.0,3.2,2.0,1.9,120,162,92.2
102535,86,9,72,51.4,1010,7.0,1.6,3.3,1.7,2.3,4.6,64,33,99.2
102536,100,41,73,73.8,1394,6.1,4.0,3.5,5.5,,1.9,40,85,84.5
102537,7,40,80,57.4,1068,5.1,0.0,7.4,2.7,1.8,1.4,92,109,72.5
102538,76,76,11,65.2,1152,4.3,0.8,5.5,5.4,3.1,3.9,76,239,68.9
102539,86,68,69,85.6,1576,5.9,0.8,2.0,1.8,,0.3,81,221,100.0
102540,42,9,18,21.0,402,2.3,2.9,1.5,2.3,0.5,1.0,140,74,88.6
102541,128,9,106,73.4,1450,9.4,1.4,1.8,5.7,2.3,2.4,43,217,90.0
102542,108,90,40,91.6,1652,5.9,1.8,2.1,1.2,3.0,2.1,171,177,100.0
102543,178,59,52,91.8,1718,3.1,0.6,1.8,3.5,2.0,2.1,157,82,87.5
102544,151,50,28,71.4,1328,4.5,1.6,5.3,2.3,2.0,0.7,118,102,82.3
102545,151,20,69,69.8,1356,8.1,0.4,0.9,4.6,4.1,2.2,87,45,100.0
102546,16,7,58,30.6,598,1.6,2.1,3.1,0.8,0.1,4.8,76,122,87.1
102547,132,64,88,100.0,1872,2.9,0.4,5.0,2.6,1.5,2.5,94,142,77.3
102548,147,77,120,123.6,2318,6.8,3.2,2.3,4.2,4.1,3.5,126,59,95.7
102549,20,84,63,79.6,1424,3.2,2.3,0.5,2.4,4.6,1.0,67,49,100.0
102550,57,29,23,38.0,702,7.9,2.9,0.7,0.4,2.1,0.4,96,135,100.0
102551,158,84,88,117.2,2176,1.3,1.7,1.0,4.2,4.4,5.3,174,243,90.8
102552,109,48,15,56.6,1036,7.6,1.5,6.7,3.0,1.0,2.0,49,116,76.4
102553,138,8,51,52.8,1040,0.7,0.4,5.3,0.1,1.1,2.1,65,209,83.0
102554,179,16,79,77.0,1508,0.1,2.1,0.5,3.7,4.2,5.3,159,65,92.3
102555,142,68,5,71.2,1288,9.0,2.1,3.1,5.5,4.5,4.2,139,51,91.6
102556,134,57,36,75.4,1394,,1.9,2.2,0.7,1.1,4.5,79,158,100.0
102557,27,56,84,72.6,1340,3.5,3.0,4.6,3.5,0.3,4.1,166,50,72.0
102558,50,61,3,47.8,834,2.3,3.3,4.2,4.4,0.5,0.6,123,205,67.3
102559,4,51,97,70.2,1302,6.2,3.0,3.8,0.4,1.3,5.7,87,240,99.1
102560,4,60,91,73.2,1344,5.1,0.6,2.5,0.1,3.8,5.5,137,229,100.0
102561,93,39,37,56.8,1058,9.9,2.5,1.1,2.8,2.5,1.4,143,34,100.0
102562,95,37,40,57.2,1070,9.8,0.3,5.9,4.7,2.3,4.8,136,149,79.4
102563,7,42,91,63.0,1176,6.4,2.8,7.0,1.0,2.9,2.5,26,197,88.5
102564,63,62,80,81.8,1512,4.4,1.5,7.6,5.0,4.5,4.1,101,111,66.9
102565,137,18,13,43.4,832,4.9,0.5,0.5,3.9,0.5,1.0,72,108,89.8
102566,37,49,70,64.8,1198,6.8,3.4,5.9,2.0,3.5,3.2,155,74,90.5
102567,110,32,85,75.2,1440,1.0,2.5,5.8,3.1,4.6,0.8,169,188,77.1
102568,111,12,50,49.4,964,3.3,1.4,7.6,5.8,1.1,3.2,45,172,50.5
102569,80,77,64,87.8,1602,0.8,0.1,2.0,1.3,4.2,1.5,136,87,99.7
102570,135,61,92,100.4,1886,0.7,2.1,5.9,3.0,3.5,2.7,100,210,73.3
102571,103,42,51,66.2,1240,2.0,3.7,0.4,3.7,0.1,4.0,60,74,84.2
102572,152,48,94,96.8,1840,4.9,2.4,5.0,0.8,1.2,5.3,130,224,89.4
102573,72,35,29,47.0,870,,3.9,2.8,0.3,3.0,1.0,101,199,100.0
102574,177,9,56,63.2,1246,4.9,0.5,6.2,0.1,2.5,5.4,174,181,92.0
102575,48,5,78,43.8,866,3.4,2.3,6.9,1.9,2.6,2.3,89,67,77.5
102576,35,56,81,73.0,1348,0.8,3.2,2.9,0.4,1.2,5.1,117,80,91.6
102577,125,0,98,64.2,1284,5.5,2.1,4.2,4.8,3.4,3.1,24,53,80.4
102578,67,70,113,100.6,1872,2.7,0.4,0.9,6.0,1.3,5.2,176,234,75.7
102579,77,57,29,61.2,1110,6.1,2.3,3.3,0.4,1.9,4.0,141,120,100.0
102580,104,90,97,113.6,2092,9.8,2.4,2.9,2.6,,3.1,31,190,100.0
102581,168,20,41,62.0,1200,1.1,2.9,1.5,0.2,,1.9,172,176,100.0
102582,121,79,10,75.6,1354,2.1,3.0,7.2,0.8,0.5,5.8,94,54,72.9
102583,118,55,26,67.0,1230,4.7,3.1,1.2,1.9,1.0,4.8,43,99,98.1
102584,113,86,23,83.4,1496,9.7,2.7,5.1,2.4,1.0,2.3,134,246,90.0
102585,9,19,98,52.4,1010,7.7,0.9,7.1,5.6,0.5,1.0,132,244,60.5
102586,148,53,38,76.6,1426,9.0,1.6,7.3,2.4,1.0,4.7,82,78,79.8
102587,163,24,71,75.4,1460,3.3,3.1,6.3,3.0,3.0,5.9,157,46,75.4
102588,139,27,114,89.6,1738,9.9,3.8,1.4,1.5,3.7,1.7,152,178,100.0
102589,90,4,17,27.2,536,1.0,0.3,6.5,0.0,3.3,5.5,108,72,85.9
102590,1,20,76,42.6,812,0.5,2.1,2.2,5.4,2.4,0.8,47,241,72.4
102591,117,17,44,51.2,990,8.6,1.3,7.4,0.5,0.3,5.7,64,233,86.0
102592,12,46,87,64.8,1204,9.3,0.9,5.7,5.8,4.8,4.5,130,234,81.2
102593,180,69,114,123.0,2322,0.9,2.0,6.3,0.8,0.8,2.1,143,111,75.0
102594,159,56,86,99.8,1884,1.1,2.4,0.7,3.6,3.3,1.8,110,179,91.3
102595,94,18,11,34.0,644,0.3,0.0,4.7,6.0,4.6,3.9,155,92,65.6
102596,143,64,48,86.2,1596,1.0,3.1,6.6,0.8,3.5,3.6,46,53,82.1
102597,31,2,93,44.6,888,2.1,3.3,6.9,2.5,1.1,5.5,164,62,67.4
102598,31,41,30,42.8,774,9.7,3.9,0.2,4.7,1.6,4.6,50,224,99.9
102599,123,20,91,73.0,1420,6.7,0.7,7.5,0.2,0.2,3.2,24,238,83.0
102600,10,39,21,33.8,598,7.8,2.4,0.3,4.1,3.1,5.6,79,46,100.0
102601,9,66,43,58.6,1040,7.8,1.7,4.9,0.5,3.1,3.6,108,205,100.0
102602,14,24,91,53.6,1024,5.4,1.3,5.5,1.4,3.6,5.1,166,73,92.6
102603,16,54,63,60.8,1108,8.0,2.3,0.9,1.0,0.1,5.0,120,182,100.0
102604,167,83,76,113.6,2106,6.0,3.1,0.4,5.4,4.1,5.5,61,229,95.7
102605,145,51,24,69.2,1282,3.1,0.1,6.3,1.1,3.7,0.4,42,136,86.6
102606,152,43,107,99.0,1894,5.6,3.9,3.1,0.2,0.7,3.5,140,128,99.9
102607,58,84,50,82.0,1472,5.3,3.2,0.9,3.5,1.7,2.8,128,217,94.6
102608,77,55,109,92.0,1730,8.2,3.0,6.1,2.1,3.2,2.9,96,58,91.1
102609,123,54,6,59.4,1080,9.8,3.0,6.8,2.4,2.5,2.8,36,41,87.9
102610,113,86,108,117.4,2176,4.1,1.6,4.7,0.7,0.6,5.0,133,129,87.7
102611,21,69,5,47.6,814,7.6,3.0,1.3,4.5,0.4,1.9,77,156,88.7
102612,157,76,23,86.2,1572,1.0,1.5,0.1,3.6,3.9,2.8,150,166,95.3
102613,171,86,18,93.0,1688,7.8,3.6,5.6,2.2,0.8,1.2,115,247,84.6
102614,31,72,82,82.2,1500,3.7,0.7,4.4,1.0,0.9,1.5,64,115,87.5
102615,178,80,99,123.2,2304,0.4,1.2,5.2,3.6,4.2,4.0,54,82,74.6
102616,173,65,114,119.2,2254,3.6,2.2,6.5,4.7,3.1,0.7,21,90,67.0
102617,112,18,8,36.4,692,6.1,1.3,3.5,1.9,3.0,1.1,66,188,97.7
102618,119,82,111,117.4,2184,1.2,1.7,1.0,0.2,2.4,3.2,22,142,100.0
102619,148,6,35,47.2,932,9.2,2.0,7.5,1.3,2.8,0.3,176,77,90.3
102620,121,62,101,101.8,1912,0.8,3.4,4.4,4.1,3.0,0.8,147,137,72.5
102621,31,41,39,46.4,846,9.3,2.1,4.9,5.9,4.8,5.2,39,108,83.9
102622,118,41,92,85.0,1618,7.1,1.4,7.5,0.1,1.1,5.1,59,76,87.0
102623,38,58,23,51.6,916,3.3,1.0,7.5,1.8,1.1,2.1,128,190,70.9
102624,11,19,47,32.4,610,3.9,1.6,4.6,0.4,0.3,2.1,84,96,88.3
102625,174,72,62,102.8,1912,7.4,2.1,2.4,1.9,3.3,5.6,109,93,100.0
102626,17,16,68,40.2,772,6.0,3.0,8.0,2.4,2.7,0.2,82,151,76.1
102627,148,26,52,66.0,1268,6.7,0.5,5.4,5.5,0.6,3.5,75,174,66.1
102628,140,46,53,76.8,1444,3.9,0.9,3.3,0.5,1.8,3.6,179,73,97.5
102629,148,1,41,46.6,930,,1.5,4.5,4.7,0.9,4.7,85,34,71.0
102630,125,62,118,109.4,2064,9.9,1.4,3.3,2.4,1.7,5.7,115,123,99.7
102631,135,61,44,81.2,1502,2.1,1.6,7.1,4.9,4.8,2.1,176,219,65.7
102632,45,18,89,55.4,1072,4.2,3.2,3.9,3.1,3.4,2.6,135,220,87.5
102633,103,16,13,35.4,676,2.9,1.3,6.6,0.2,0.0,4.0,106,108,78.4
102634,134,68,102,108.4,2032,7.7,2.0,6.7,5.7,1.3,5.8,70,68,64.0
102635,150,38,28,64.0,1204,7.6,2.5,6.6,0.5,0.1,5.3,31,229,86.6
102636,85,81,115,111.6,2070,2.9,0.9,5.8,3.6,3.6,4.0,63,199,75.4
102637,149,70,5,73.8,1336,0.8,2.9,6.8,5.3,2.3,5.1,157,131,54.8
102638,88,80,6,68.0,1200,0.1,2.2,3.1,0.5,,0.5,102,121,100.0
102639,21,38,36,41.4,752,4.3,1.8,0.9,3.3,3.7,2.3,109,50,99.6
102640,91,35,52,60.0,1130,4.1,3.2,6.7,4.9,2.6,0.1,28,204,64.7
102641,28,39,17,35.8,638,9.9,1.0,4.0,5.9,4.0,1.1,176,103,86.3
102642,12,44,86,63.2,1176,4.7,3.5,1.0,4.3,,3.8,176,57,94.4
102643,1,3,107,44.8,890,2.6,2.2,0.9,1.7,1.2,5.3,111,178,96.7
102644,28,24,37,34.8,648,8.9,2.4,1.3,4.2,2.7,3.8,144,142,99.7
102645,179,68,58,99.8,1860,4.9,3.5,6.0,4.2,,4.0,83,57,73.2
102646,26,29,0,22.6,394,6.0,3.3,5.7,4.2,2.3,0.6,150,115,75.1
102647,49,75,67,81.6,1482,1.0,2.4,1.6,5.1,0.9,4.0,134,131,72.8
102648,94,67,114,104.6,1958,3.8,3.0,6.8,0.5,1.1,2.7,142,48,81.2
102649,150,87,43,99.4,1814,9.4,1.7,2.3,0.7,1.4,3.9,151,92,100.0
102650,87,28,46,52.6,996,5.9,2.2,6.3,3.8,0.1,2.0,161,145,67.9
102651,43,72,34,65.4,1164,3.4,0.2,3.9,5.7,4.6,3.5,121,209,76.5
102652,21,67,86,78.8,1442,,0.4,5.9,2.8,3.4,2.5,96,67,85.2
102653,170,50,90,100.0,1900,9.1,3.3,3.1,5.8,3.4,3.4,175,75,87.0
102654,164,23,59,70.2,1358,2.7,0.2,2.8,5.6,2.9,0.9,82,181,74.9
102655,96,13,89,62.6,1226,,0.7,6.7,5.4,3.4,2.4,127,121,66.6
102656,2,68,51,61.6,1096,9.6,3.2,0.3,5.5,4.9,2.2,167,202,100.0
102657,117,17,7,36.4,694,1.7,0.0,7.8,5.4,1.9,4.4,47,234,50.9
102658,18,41,106,70.6,1330,7.2,1.1,5.2,4.9,3.6,4.2,143,38,79.9
102659,22,56,79,69.6,1280,6.1,2.3,3.5,4.2,1.8,5.5,161,38,82.6
102660,156,82,40,96.4,1764,6.8,2.4,5.0,0.1,4.3,3.8,96,50,100.0
102661,29,11,2,13.2,242,3.5,3.1,1.0,0.8,4.3,1.9,94,53,100.0
102662,38,81,95,94.2,1722,3.1,2.0,4.1,0.8,4.5,4.7,121,124,99.3
102663,107,16,68,58.2,1132,6.8,2.0,7.9,0.1,0.0,3.0,58,221,81.5
102664,110,29,83,72.6,1394,2.2,2.9,1.9,0.7,1.5,1.2,162,122,97.8
102665,24,87,13,62.2,1070,4.2,2.0,5.8,5.5,0.7,4.5,92,69,59.8
102666,127,74,95,107.8,2008,1.9,2.4,3.5,4.0,2.3,0.8,150,231,76.7
102667,110,22,25,45.2,860,0.1,3.6,5.2,1.9,2.5,1.1,24,209,77.4
102668,135,80,110,119.0,2220,9.7,1.6,1.6,4.8,1.3,4.6,111,161,92.9
102669,105,0,69,48.6,972,4.3,1.5,3.8,2.9,3.6,4.6,162,160,89.7
102670,143,78,57,98.2,1808,9.7,0.0,7.8,0.9,1.3,4.7,22,170,87.6
102671,71,31,99,72.4,1386,1.4,2.5,1.6,5.3,4.3,1.8,154,50,82.8
102672,128,8,39,46.0,904,5.9,,5.1,2.0,0.9,5.2,113,37,84.1
102673,107,14,50,49.8,968,2.0,2.0,4.6,4.2,1.8,4.3,171,149,70.0
102674,4,27,4,18.6,318,7.9,3.2,4.5,1.7,3.1,5.0,178,230,98.6
102675,2,23,76,44.6,846,7.8,,4.9,3.0,3.0,4.3,97,139,90.0
102676,131,59,31,74.0,1362,1.1,1.1,4.0,4.9,0.4,3.5,99,158,62.9
102677,103,34,79,72.6,1384,9.1,3.1,0.1,0.9,4.2,0.7,134,43,100.0
102678,63,85,0,63.6,1102,1.9,1.1,7.2,5.9,3.0,4.3,23,105,54.5
102679,105,26,76,67.0,1288,6.1,2.9,6.6,0.4,4.3,4.1,150,65,96.7
102680,97,82,53,89.8,1632,9.9,2.4,1.4,3.2,4.3,1.9,147,179,100.0
102681,9,75,10,50.8,866,8.8,0.7,3.3,5.5,2.7,4.4,28,146,85.0
102682,148,19,52,61.8,1198,9.6,3.6,6.2,5.7,,3.3,87,193,79.7
102683,127,64,7,66.6,1204,,0.8,7.8,1.4,4.2,3.4,137,74,81.2
102684,45,84,24,69.0,1212,1.1,4.0,7.6,0.9,4.8,2.2,107,173,81.7
102685,154,48,39,75.2,1408,1.9,0.0,7.2,4.3,4.3,0.7,158,40,66.4
102686,65,0,31,25.4,508,5.0,1.1,1.3,0.3,4.1,1.3,144,96,100.0
102687,168,9,87,73.8,1458,7.9,0.8,7.3,2.9,2.3,4.6,91,127,79.0
102688,111,46,27,60.6,1120,1.5,0.1,7.0,4.8,1.1,1.6,149,182,54.3
102689,12,58,77,68.0,1244,6.6,2.9,3.0,3.4,4.6,0.0,69,119,98.0
102690,136,61,108,107.0,2018,3.2,2.8,3.2,1.1,3.6,6.0,22,224,98.9
102691,163,85,2,84.4,1518,3.4,3.2,3.7,2.9,1.4,1.3,86,241,81.7
102692,85,17,99,66.8,1302,6.6,1.0,5.2,5.5,1.7,3.9,104,188,70.0
102693,89,45,90,80.8,1526,4.7,1.8,2.1,3.7,3.4,5.6,134,142,92.7
102694,57,31,83,63.2,1202,8.1,2.6,0.2,4.3,,3.6,81,222,100.0
102695,53,26,110,70.2,1352,1.6,1.8,1.1,2.0,0.4,4.8,33,119,90.0
102696,11,17,78,43.6,838,7.9,2.8,3.5,1.1,0.7,5.9,141,118,98.4
102697,13,38,61,49.8,920,0.6,2.5,2.3,1.5,3.7,5.2,42,40,95.6
102698,120,48,26,63.2,1168,1.9,0.5,6.1,3.2,1.6,3.3,142,109,68.2
102699,161,81,116,127.2,2382,6.6,3.1,0.9,1.7,2.5,2.2,96,113,100.0
102700,180,43,44,79.4,1502,8.5,2.9,7.3,3.3,3.8,2.9,35,135,82.7
102701,120,71,104,108.2,2022,2.5,2.6,7.2,4.2,3.8,5.1,165,145,66.6
102702,19,53,91,72.0,1334,3.3,0.6,7.3,4.4,0.8,5.1,32,195,57.8
102703,74,33,24,44.2,818,,1.1,5.9,1.0,0.5,5.1,144,31,83.7
102704,143,70,105,112.6,2112,2.1,1.6,0.9,4.5,3.0,3.6,75,83,87.1
102705,69,35,60,58.8,1106,8.1,1.1,3.5,4.0,3.7,2.9,59,122,93.3
102706,55,17,43,38.4,734,7.7,0.9,1.1,0.1,0.7,1.9,122,36,100.0
102707,100,37,109,85.8,1642,1.5,3.2,7.9,0.4,1.9,0.0,178,206,75.1
102708,131,58,96,99.4,1872,4.6,2.6,2.7,3.9,4.4,4.6,123,69,92.1
102709,110,8,45,44.8,880,7.7,2.3,4.7,2.3,4.7,1.7,51,74,99.2
102710,124,72,13,73.2,1320,3.4,0.9,6.2,0.9,2.3,2.0,148,211,84.4
102711,131,71,7,71.6,1290,6.3,3.7,7.4,0.3,0.4,5.1,54,246,82.7
102712,19,50,47,52.6,952,0.5,0.8,6.0,1.0,1.3,0.3,55,218,75.9
102713,137,34,13,53.0,992,6.1,3.2,5.4,5.7,1.2,5.6,111,161,65.7
102714,23,81,64,78.8,1414,1.5,3.9,3.7,4.4,1.2,0.0,85,136,69.8
102715,153,4,79,64.6,1284,8.3,2.9,4.8,3.2,2.5,5.6,48,63,88.9
102716,36,13,81,47.4,922,3.6,4.0,0.8,5.6,2.9,2.7,176,246,84.7
102717,53,29,6,30.4,550,2.8,2.6,7.1,3.7,0.6,0.6,62,37,60.5
102718,102,3,78,53.4,1062,8.4,0.9,4.4,4.4,4.4,4.0,38,61,90.4
102719,148,38,87,87.2,1668,0.5,0.8,0.3,1.7,3.1,5.4,140,175,100.0
102720,37,83,48,76.4,1362,4.0,1.3,7.4,3.5,3.0,2.6,117,197,69.9
102721,173,63,114,118.0,2234,3.7,0.0,3.9,0.9,4.9,4.1,50,104,100.0
102722,3,24,54,36.6,684,2.8,2.7,6.9,2.4,3.1,5.9,120,213,75.3
102723,56,27,12,32.2,590,9.1,1.1,6.9,0.2,4.6,1.4,38,66,100.0
102724,172,75,72,108.2,2014,7.5,3.3,6.5,1.3,1.4,4.9,48,212,86.7
102725,19,65,55,64.8,1166,0.6,1.4,0.5,0.4,1.2,1.8,92,65,100.0
102726,16,77,55,71.4,1274,7.1,1.9,2.0,2.3,2.6,2.6,154,39,100.0
102727,118,21,14,41.8,794,5.3,3.9,7.0,5.1,2.5,1.7,95,99,64.6
102728,70,30,56,54.4,1028,9.0,1.0,7.2,2.3,1.1,2.7,101,237,81.0
102729,3,22,57,36.6,688,3.1,2.9,3.7,5.0,3.5,0.0,69,147,76.9
102730,13,47,34,44.4,794,5.7,,3.5,3.9,0.1,1.8,168,246,78.2
102731,2,19,87,46.6,894,5.0,0.9,1.4,3.1,3.5,2.7,156,220,99.4
102732,79,37,96,76.4,1454,4.9,2.0,7.7,1.4,2.3,3.8,53,191,78.9
102733,54,54,15,49.2,876,4.6,1.4,1.7,5.5,3.4,3.8,66,124,85.1
102734,131,67,7,69.2,1250,2.1,3.1,1.5,0.3,2.4,3.5,43,101,100.0
102735,119,78,92,107.4,1992,7.6,2.5,5.3,4.1,4.9,1.8,99,174,88.2
102736,23,87,86,91.2,1650,4.5,1.9,1.9,3.7,1.7,5.7,47,152,88.0
102737,161,88,44,102.6,1876,9.6,3.1,7.5,2.6,4.9,2.4,70,90,90.9
102738,157,0,94,69.0,1380,2.6,,0.1,1.4,0.3,1.3,130,235,98.7
102739,81,6,39,35.4,696,6.8,3.0,0.0,2.6,3.4,3.3,25,175,100.0
102740,146,56,112,107.6,2040,9.4,3.5,4.0,5.2,2.3,4.5,137,218,83.7
102741,158,11,53,59.4,1166,6.6,3.5,3.9,5.0,4.1,0.1,72,65,84.9
102742,59,4,118,61.4,1220,8.7,3.1,1.3,5.6,3.9,1.7,79,242,95.9
102743,146,49,13,63.8,1178,8.3,1.6,4.0,1.8,4.0,4.9,30,210,100.0
102744,48,41,58,57.4,1066,3.6,3.9,3.3,2.3,0.5,3.0,23,190,84.0
102745,62,11,116,65.4,1286,6.0,1.5,7.1,0.1,4.1,2.5,33,180,95.4
102746,109,17,93,69.2,1350,1.6,2.6,0.1,5.7,1.1,5.6,160,221,77.6
102747,149,65,52,89.6,1662,5.4,0.6,7.8,2.0,0.1,0.5,162,67,69.9
102748,151,73,102,114.8,2150,2.3,3.9,5.0,2.4,1.1,3.7,132,226,75.9
102749,108,78,26,78.8,1420,7.4,2.8,1.2,5.4,2.4,2.1,27,236,90.2
102750,75,16,46,43.0,828,5.3,3.0,0.4,3.2,3.7,0.4,107,187,100.0
102751,29,67,79,77.6,1418,4.1,0.3,4.3,3.4,1.1,1.3,30,173,77.3
102752,57,70,114,99.0,1840,2.7,3.1,1.9,1.1,0.6,3.8,131,211,94.1
102753,116,61,5,61.8,1114,10.0,3.1,2.4,3.0,3.2,0.2,118,216,100.0
102754,158,40,54,77.2,1464,0.7,2.7,2.0,5.5,4.9,3.6,42,133,80.6
102755,99,33,96,78.0,1494,0.4,1.2,5.2,3.4,3.0,5.7,128,121,72.0
102756,18,69,43,62.2,1106,2.2,2.0,4.4,1.5,3.5,4.8,26,35,89.8
102757,175,44,17,68.2,1276,9.7,0.4,0.6,0.2,2.8,2.1,88,162,100.0
102758,172,57,15,74.6,1378,9.8,1.9,4.2,2.0,3.9,0.8,179,246,100.0
102759,93,50,11,53.0,960,6.5,1.0,6.3,3.4,,2.8,150,121,85.5
102760,112,33,19,49.8,930,8.8,1.4,0.6,0.3,2.7,2.4,113,30,100.0
102761,145,43,44,72.4,1362,2.1,0.7,7.1,3.7,2.1,5.8,141,43,63.6
102762,62,14,63,46.0,892,9.7,0.9,4.6,3.1,4.3,5.9,63,112,98.4
102763,115,77,103,110.4,2054,1.4,0.3,7.6,4.7,4.8,2.5,70,60,63.3
102764,112,69,58,87.0,1602,1.0,3.7,1.2,0.2,0.6,0.9,80,208,98.0
102765,46,49,92,75.4,1410,1.1,2.1,7.9,4.7,2.9,5.5,70,150,55.8
102766,56,31,93,67.0,1278,5.7,1.6,5.2,3.1,4.0,4.8,39,108,87.1
102767,117,66,89,98.6,1840,7.8,2.1,4.5,2.2,2.7,3.1,49,176,94.7
102768,44,2,21,18.4,364,3.7,2.5,4.1,5.8,2.0,2.2,140,131,68.0
102769,160,85,96,121.4,2258,9.8,3.7,0.2,1.0,3.3,2.7,63,61,100.0
102770,144,85,116,126.2,2354,4.3,0.7,7.5,3.2,1.4,5.4,105,86,66.8
102771,3,73,102,85.2,1558,1.5,1.2,5.2,1.9,1.7,1.1,176,60,77.8
102772,147,50,46,77.8,1456,4.7,3.9,0.7,3.2,5.0,4.8,168,87,100.0
102773,46,66,28,60.0,1068,6.8,1.5,0.2,3.3,3.2,0.1,131,183,100.0
102774,142,75,85,107.4,1998,8.3,0.1,0.4,0.5,4.4,5.5,158,77,100.0
102775,46,47,44,55.0,1006,4.6,0.6,4.9,4.0,4.0,3.0,29,152,81.6
102776,77,16,76,55.4,1076,5.9,0.1,4.9,3.8,3.3,1.4,54,70,83.1
102777,123,6,8,31.4,616,2.7,4.0,4.0,4.6,4.2,0.0,173,182,79.0
102778,74,12,23,31.2,600,6.5,1.1,2.5,0.5,1.4,3.4,142,204,100.0
102779,102,65,14,65.0,1170,9.9,3.7,4.3,1.8,3.2,1.5,133,211,100.0
102780,136,3,35,43.0,854,,4.0,4.1,3.9,3.0,3.8,151,150,74.1
102781,89,9,12,28.0,542,8.9,2.4,0.2,0.8,3.1,1.7,93,214,100.0
102782,143,87,90,116.8,2162,5.6,,2.3,4.1,0.8,0.5,58,229,83.9
102783,68,16,43,40.4,776,2.5,0.3,0.4,0.4,1.4,3.0,113,90,100.0
102784,60,51,100,82.6,1550,9.5,1.9,7.2,2.0,1.4,3.4,86,161,84.4
102785,137,5,70,58.4,1158,4.8,1.6,5.8,5.1,3.0,2.7,108,188,69.9
102786,49,82,71,87.4,1584,3.3,2.4,8.0,4.6,4.9,2.7,121,149,66.3
102787,2,68,100,81.2,1488,1.8,1.8,2.4,3.9,4.8,3.5,125,125,88.9
102788,106,73,104,106.6,1986,2.4,3.7,7.0,5.2,1.1,3.2,55,141,54.1
102789,112,8,77,58.0,1144,8.3,2.1,4.8,4.3,1.5,0.8,23,224,80.4
102790,93,90,75,102.6,1872,6.1,2.8,3.6,3.1,0.2,1.2,93,70,82.9
102791,117,76,35,83.0,1508,9.1,3.6,1.8,5.9,2.0,0.9,32,55,87.5
102792,80,82,115,111.2,2060,2.3,0.6,5.9,4.2,4.2,4.2,89,225,72.6
102793,108,20,60,57.6,1112,1.2,0.9,7.2,3.6,4.6,3.2,26,223,69.4
102794,50,23,103,65.0,1254,0.1,0.4,1.9,2.5,1.2,2.6,175,48,83.7
102795,146,3,80,63.0,1254,5.1,0.6,1.4,5.4,1.3,4.8,141,116,81.5
102796,169,23,39,63.2,1218,10.0,2.1,5.6,1.8,1.1,2.0,56,54,91.9
102797,34,58,116,88.0,1644,6.9,1.3,7.8,0.1,1.8,3.4,162,76,87.5
102798,45,2,92,47.0,936,3.1,1.7,6.0,1.2,4.0,0.4,49,228,88.2
102799,153,67,26,81.2,1490,8.8,3.9,2.3,0.7,3.2,4.5,123,37,100.0
102800,68,39,0,37.0,662,7.8,0.6,3.4,1.9,3.9,4.2,93,32,100.0
102801,92,47,115,92.6,1758,0.2,2.2,3.1,5.0,2.9,4.8,31,244,71.7
102802,63,53,33,57.6,1046,8.2,0.4,6.8,3.9,1.3,5.3,100,62,73.6
102803,164,34,67,80.0,1532,3.0,1.3,6.2,1.0,1.1,4.5,131,141,79.5
102804,48,55,87,77.4,1438,1.5,2.1,4.7,4.7,0.0,5.1,49,185,60.7
102805,148,88,20,90.4,1632,2.3,3.8,2.2,3.0,3.9,2.1,148,51,92.5
102806,73,39,32,50.8,938,4.7,1.6,7.5,3.1,4.2,2.1,55,128,76.5
102807,4,76,6,48.8,824,4.2,0.3,5.2,2.2,3.8,5.7,142,127,88.0
102808,99,67,64,85.6,1578,2.9,1.6,7.8,5.2,0.4,5.5,107,59,49.8
102809,69,45,104,82.4,1558,1.7,0.6,4.6,1.9,3.8,3.3,40,76,86.9
102810,89,77,2,64.8,1142,7.6,0.9,6.6,0.6,0.2,2.2,125,193,86.4
102811,3,12,107,50.6,988,9.9,2.5,6.5,1.8,0.5,5.2,51,88,86.3
102812,125,26,50,60.6,1160,7.8,0.3,2.7,4.3,2.2,1.9,82,43,89.9
102813,38,5,78,41.8,826,3.0,1.9,7.7,3.9,2.4,0.9,160,102,62.9
102814,162,16,94,79.6,1560,2.4,2.4,0.2,1.1,4.1,3.8,63,243,100.0
102815,128,35,53,67.8,1286,2.2,1.7,6.1,0.7,3.4,0.3,168,249,86.7
102816,23,80,79,84.2,1524,1.4,0.1,7.7,4.0,0.8,2.3,165,134,54.4
102817,56,1,73,41.0,818,5.5,3.9,2.7,4.1,1.1,4.8,65,43,83.0
102818,99,76,117,112.2,2092,,1.5,5.2,2.2,1.4,1.8,173,236,84.6
102819,69,51,92,81.2,1522,7.1,3.1,4.5,5.1,0.6,5.6,24,213,72.5
102820,40,65,58,70.2,1274,6.8,1.3,6.1,5.9,1.4,5.7,152,181,63.9
102821,173,51,5,67.2,1242,2.9,1.9,6.9,1.2,3.6,4.9,50,78,83.0
102822,59,42,28,48.2,880,3.3,1.6,4.8,3.5,1.2,5.9,175,200,73.5
102823,107,89,16,81.2,1446,6.8,1.4,6.5,0.0,4.2,3.2,96,32,100.0
102824,56,21,116,70.2,1362,3.5,0.1,2.5,4.3,,3.4,94,52,82.4
102825,30,54,59,62.0,1132,2.1,1.4,1.8,2.5,1.6,5.0,146,177,89.3
102826,83,66,21,64.6,1160,3.7,3.6,3.4,1.2,2.1,3.0,32,138,94.1
102827,151,59,23,74.8,1378,2.7,,5.4,4.5,3.5,2.4,141,172,71.8
102828,35,57,80,73.2,1350,0.9,0.6,1.5,4.9,2.6,3.7,165,72,79.1
102829,157,11,84,71.6,1410,8.3,2.4,5.4,0.7,0.0,3.9,171,237,91.5
102830,151,87,50,102.4,1874,8.5,3.6,3.2,0.2,4.6,4.5,176,100,100.0
102831,107,68,49,81.8,1500,2.2,2.8,6.4,2.0,0.3,4.0,175,190,69.7
102832,105,83,10,74.8,1330,0.6,0.6,0.3,3.8,4.7,4.5,121,84,95.1
102833,157,38,55,76.2,1448,7.4,3.5,5.3,4.8,0.1,4.0,136,155,69.9
102834,85,12,70,52.2,1020,2.1,1.2,5.2,3.3,3.9,2.9,103,240,78.6
102835,134,40,41,67.2,1264,3.9,1.8,7.5,3.5,2.7,0.8,30,111,68.4
102836,162,56,38,81.2,1512,0.6,2.1,5.7,4.8,2.5,4.7,70,70,61.9
102837,13,52,68,61.0,1116,2.3,3.4,6.4,3.2,0.4,0.2,78,175,64.2
102838,119,11,107,73.2,1442,7.9,3.7,7.2,3.7,1.2,6.0,103,160,72.1
102839,137,12,47,53.4,1044,8.0,3.7,5.4,3.1,3.9,5.0,124,32,90.6
102840,79,73,56,82.0,1494,2.1,0.0,2.3,5.3,4.5,4.0,32,129,82.0
102841,143,56,20,70.2,1292,3.4,3.7,7.0,1.4,2.6,5.8,66,173,79.6
102842,105,39,81,76.8,1458,1.3,0.2,6.0,1.6,1.8,3.7,107,200,76.0
102843,69,79,98,100.4,1850,0.7,1.1,3.4,0.8,0.3,0.3,171,52,84.7
102844,43,44,19,42.6,764,9.9,2.1,5.7,4.9,3.4,3.4,82,244,82.7
102845,72,34,14,40.4,740,6.6,1.9,6.9,2.5,1.4,1.7,164,172,77.3
102846,44,2,68,37.2,740,5.4,2.4,7.8,2.1,0.3,2.2,88,230,70.0
102847,106,4,76,54.0,1072,7.7,1.9,7.6,5.9,3.3,2.8,73,156,65.4
102848,83,89,50,90.0,1622,8.4,3.7,2.6,5.6,2.4,4.6,161,87,85.6
102849,81,10,75,52.2,1024,8.1,1.0,3.4,5.8,0.1,3.0,34,197,73.9
102850,106,70,61,87.6,1612,0.2,1.1,0.9,0.9,0.6,2.8,157,147,94.1
102851,20,55,118,84.2,1574,1.9,3.7,2.0,5.3,3.5,1.8,169,195,79.8
102852,177,9,84,74.4,1470,6.5,0.3,7.1,2.0,0.3,3.2,114,146,75.5
102853,160,33,36,66.2,1258,3.8,2.4,2.9,0.1,4.3,1.5,32,111,100.0
102854,6,66,5,42.8,724,9.8,2.7,5.0,2.3,1.6,1.6,100,131,92.9
102855,69,71,70,84.4,1546,6.7,2.0,5.3,3.1,0.4,4.5,84,163,77.9
102856,126,30,25,53.2,1004,9.6,2.8,6.3,0.6,3.8,2.1,161,137,100.0
102857,142,74,105,114.8,2148,2.0,,1.5,3.2,2.6,0.3,63,75,89.8
102858,159,70,111,118.2,2224,8.6,3.4,2.4,4.9,1.5,2.1,136,35,87.6
102859,147,65,7,71.2,1294,3.2,0.6,3.6,2.3,2.0,3.8,46,242,86.5
102860,142,69,72,98.6,1834,9.9,1.6,2.9,2.1,0.1,4.9,76,152,98.0
102861,175,40,90,95.0,1820,1.6,0.3,7.9,2.0,3.3,5.8,41,121,71.5
102862,148,62,3,68.0,1236,5.2,2.2,6.7,5.5,1.8,4.5,53,177,61.5
102863,169,31,20,60.4,1146,7.9,2.7,3.8,0.3,3.6,2.6,156,48,100.0
102864,153,19,30,54.0,1042,4.3,3.8,7.0,2.7,3.1,1.8,69,43,76.4
102865,119,56,20,65.4,1196,4.7,3.0,2.8,1.6,3.3,0.8,73,94,100.0
102866,127,49,103,96.0,1822,9.9,2.2,6.3,5.4,4.0,3.8,119,248,79.6
102867,141,79,24,85.2,1546,4.3,3.7,1.8,0.6,3.2,3.1,81,125,100.0
102868,56,24,102,66.4,1280,6.0,1.9,6.2,2.5,2.1,4.1,103,186,81.0
102869,164,11,14,45.0,878,,2.2,3.7,2.4,1.9,1.4,46,188,79.9
102870,57,70,116,99.8,1856,8.4,2.4,0.9,5.3,0.6,1.9,144,182,88.5
102871,20,38,34,40.4,732,6.5,1.6,2.2,1.3,3.9,1.8,83,228,100.0
102872,81,16,48,45.0,868,4.0,3.4,3.2,3.9,3.8,4.8,150,75,87.1
102873,68,44,42,56.8,1048,0.2,0.7,6.0,0.8,1.2,1.0,146,209,76.0
102874,130,10,40,48.0,940,5.9,2.2,0.6,5.7,4.3,3.7,30,45,93.8
102875,86,69,36,73.0,1322,0.1,2.9,5.3,3.6,2.9,0.3,43,137,69.7
102876,164,22,56,68.4,1324,0.0,3.6,5.7,3.8,2.4,3.3,48,168,65.4
102877,48,90,41,80.0,1420,6.2,3.5,5.2,2.6,0.1,0.4,27,47,78.9
102878,146,69,46,89.0,1642,1.9,2.0,6.1,2.1,1.9,1.1,38,137,74.6
102879,114,37,91,81.4,1554,1.9,2.6,1.4,1.3,3.2,0.7,87,213,100.0
102880,88,1,60,42.2,842,6.5,1.6,4.7,3.6,0.4,2.1,118,213,77.4
102881,84,85,13,73.0,1290,0.5,1.9,7.5,5.7,2.3,2.1,143,214,49.4
102882,127,83,67,102.0,1874,3.1,3.6,4.9,2.2,5.0,5.0,67,98,90.6
102883,139,88,52,101.4,1852,1.5,3.7,4.9,5.3,3.6,1.4,121,149,67.7
102884,168,78,83,113.6,2116,5.8,3.6,5.9,0.9,2.7,0.5,163,223,91.6
102885,160,71,33,87.8,1614,6.6,0.6,2.7,5.6,2.7,3.6,83,231,82.5
102886,177,36,75,87.0,1668,7.2,3.4,5.6,2.1,0.2,4.1,27,247,82.1
102887,116,48,96,90.4,1712,2.6,3.8,7.3,2.3,4.8,1.8,128,117,78.9
102888,126,51,23,65.0,1198,,1.4,0.1,2.8,4.6,3.6,152,119,100.0
102889,70,32,19,40.8,752,0.8,2.1,7.0,4.3,3.4,4.7,142,45,62.3
102890,85,21,68,56.8,1094,4.3,3.1,1.7,4.3,0.5,2.1,172,246,81.8
102891,32,4,101,49.2,976,9.5,2.2,3.6,2.9,1.0,3.2,72,131,93.1
102892,80,17,29,37.8,722,2.2,4.0,6.8,3.1,0.9,0.9,68,163,64.4
102893,151,37,87,87.2,1670,2.6,1.8,6.6,0.2,2.6,0.1,91,209,85.6
102894,60,36,106,76.0,1448,1.0,2.9,7.1,1.8,1.0,5.9,168,154,67.6
102895,60,63,103,91.0,1694,6.1,3.2,7.5,2.1,3.5,1.8,70,149,82.2
102896,97,9,6,27.2,526,6.8,2.0,3.6,3.4,2.7,1.7,28,212,90.3
102897,27,78,35,66.2,1168,6.4,3.4,5.3,3.3,0.1,5.8,83,105,75.4
102898,42,41,37,47.8,874,8.6,2.2,3.1,4.3,3.7,4.4,42,102,94.4
102899,168,47,79,93.4,1774,4.9,1.6,2.8,4.3,0.9,3.5,155,206,79.8
102900,166,43,51,79.4,1502,1.3,0.4,3.5,1.4,4.1,4.2,73,229,93.9
102901,85,81,14,71.2,1262,2.9,1.6,5.9,4.6,1.8,4.3,111,213,64.6
102902,176,86,45,104.8,1924,6.6,2.9,4.0,0.1,1.7,4.6,34,70,100.0
102903,16,15,22,21.0,390,6.1,3.7,6.5,4.3,0.1,0.4,71,228,65.0
102904,97,53,11,55.6,1006,5.3,1.0,6.0,0.6,4.9,2.5,23,135,98.3
102905,97,34,92,76.6,1464,6.8,1.4,0.2,4.4,3.1,1.8,120,213,100.0
102906,64,27,43,46.2,870,6.4,0.6,5.0,3.2,2.1,0.4,171,150,83.1
102907,73,1,111,59.6,1190,8.8,2.8,3.5,2.6,0.5,2.5,168,118,92.1
102908,84,12,14,29.6,568,5.9,3.8,3.7,4.1,3.5,3.7,149,220,87.0
102909,4,40,92,61.6,1152,7.8,2.6,6.5,0.2,1.4,1.1,26,147,92.8
102910,1,79,108,90.8,1658,2.5,2.5,4.4,1.3,4.9,1.8,94,185,95.6
102911,21,58,106,81.4,1512,6.8,2.2,7.1,3.7,4.8,3.8,95,232,81.1
102912,111,68,48,82.2,1508,9.0,0.4,5.7,5.1,3.7,3.5,54,188,80.8
102913,56,52,20,50.4,904,3.9,2.9,4.4,2.3,4.9,5.2,173,212,93.4
102914,65,44,14,45.0,812,7.8,2.4,6.0,1.6,0.5,4.7,165,209,85.1
102915,73,19,13,31.2,586,7.2,2.6,0.3,3.1,1.4,5.8,83,231,100.0
102916,97,23,41,49.6,946,0.6,3.6,0.2,3.7,1.3,3.6,141,95,85.8
102917,143,60,107,107.4,2028,5.8,3.1,0.7,2.5,0.4,4.2,75,75,97.5
102918,111,90,79,107.8,1976,1.3,3.1,3.5,5.3,4.9,5.2,74,137,76.8
102919,178,57,14,75.4,1394,9.7,3.7,1.9,3.1,0.3,5.0,159,33,97.2
102920,124,26,105,82.4,1596,8.1,4.0,7.9,0.2,4.3,4.3,56,179,96.5
102921,166,25,62,73.0,1410,1.1,2.3,4.3,1.3,3.8,3.0,71,202,89.9
102922,85,6,67,47.4,936,1.2,0.4,5.3,2.7,1.9,1.6,166,185,73.4
102923,75,41,26,50.0,918,5.9,1.8,2.2,4.2,0.1,5.3,34,167,82.3
102924,87,46,86,79.4,1496,3.4,3.2,2.6,1.3,0.0,4.7,146,223,89.9
102925,167,52,92,101.4,1924,0.3,0.1,2.7,5.9,1.0,5.0,105,206,63.3
102926,37,58,104,83.8,1560,5.4,0.2,5.6,1.9,2.5,0.8,103,124,86.4
102927,58,37,52,54.6,1018,3.9,0.3,3.8,3.2,2.3,1.9,126,135,83.5
102928,137,68,51,88.6,1636,1.0,2.9,4.1,0.1,2.9,2.5,96,244,93.8
102929,98,86,62,96.0,1748,8.0,2.0,4.7,5.3,3.9,5.0,173,109,82.4
102930,62,52,72,72.4,1344,9.2,1.5,6.2,4.7,1.9,5.4,64,230,75.8
102931,48,14,52,38.8,748,7.6,0.4,0.7,1.2,0.8,1.7,115,80,100.0
102932,31,25,56,43.6,822,8.2,2.9,6.2,5.6,4.0,4.1,40,200,75.6
102933,134,47,119,102.6,1958,2.2,1.3,4.5,1.9,1.7,0.5,100,163,82.0
102934,20,18,51,35.2,668,2.6,1.1,5.4,4.2,1.4,2.5,72,150,66.8
102935,19,8,106,51.0,1004,2.1,2.6,2.6,4.9,3.8,2.9,176,182,80.7
102936,153,63,42,85.2,1578,7.7,2.2,3.3,4.4,4.7,4.6,132,33,94.3
102937,126,53,6,59.4,1082,9.5,1.4,1.8,5.5,4.6,5.4,166,233,98.1
102938,67,50,116,89.8,1696,7.2,2.6,7.8,5.2,0.7,2.0,97,181,59.3
102939,109,38,41,61.0,1144,8.8,1.1,4.0,6.0,2.5,3.2,146,213,79.1
102940,115,3,3,26.0,514,6.4,3.2,8.0,1.1,0.5,3.9,138,120,76.8
102941,142,2,68,56.8,1132,3.9,0.9,3.9,1.8,4.8,2.0,122,212,97.6
102942,119,63,4,63.2,1138,4.3,0.6,1.8,3.8,1.1,5.9,106,83,85.7
102943,78,28,74,62.0,1184,0.8,3.1,4.1,4.4,1.0,5.3,124,32,66.2
102944,115,10,104,70.6,1392,0.3,2.8,0.3,3.2,4.4,1.8,21,233,96.6
102945,91,57,91,88.8,1662,7.0,0.7,7.2,0.4,4.8,3.0,134,204,97.6
102946,13,74,79,78.6,1424,4.4,0.5,6.5,5.0,3.5,1.4,51,59,68.3
102947,154,26,40,62.4,1196,5.5,3.4,5.8,5.8,0.6,3.1,121,105,60.6
102948,124,20,117,83.6,1632,5.6,3.1,4.9,2.4,2.4,4.1,81,70,86.8
102949,167,38,93,93.4,1792,,1.3,4.6,1.3,4.1,0.5,116,135,93.0
102950,57,45,3,39.6,702,4.8,2.6,8.0,0.1,2.9,5.2,141,212,85.8
102951,27,65,1,44.8,766,4.7,0.5,2.2,1.4,0.7,3.6,154,88,95.7
102952,25,90,109,102.6,1872,3.9,2.0,6.2,4.2,0.9,5.9,117,69,64.7
102953,112,35,66,69.8,1326,8.2,0.1,4.7,5.5,4.3,0.2,103,74,83.0
102954,65,74,113,102.6,1904,4.5,1.6,7.8,0.6,2.6,5.0,169,179,82.6
102955,152,81,20,87.0,1578,6.0,0.3,6.6,3.3,3.5,4.8,176,44,79.6
102956,130,64,69,92.0,1712,9.0,1.9,8.0,4.2,1.9,0.8,126,249,70.7
102957,43,62,42,62.6,1128,8.7,1.7,4.7,1.7,2.7,2.0,120,46,98.2
102958,96,34,116,86.0,1652,8.9,1.8,1.6,3.4,4.9,5.3,150,216,100.0
102959,41,30,81,58.6,1112,2.7,0.2,4.0,4.3,,3.1,41,137,72.7
102960,5,27,107,60.0,1146,0.3,1.4,5.7,5.0,3.4,2.4,103,54,63.0
102961,166,0,68,60.4,1208,2.6,3.0,6.2,2.7,0.9,5.4,108,72,69.6
102962,179,24,8,53.4,1020,2.8,1.5,0.0,4.5,0.6,0.6,125,221,84.9
102963,22,42,83,62.8,1172,9.1,2.9,4.0,1.8,3.9,2.8,112,208,100.0
102964,88,83,27,78.2,1398,6.5,1.5,1.9,1.3,4.2,3.9,157,90,100.0
102965,122,66,25,74.0,1348,0.8,1.7,7.0,1.1,3.3,3.7,122,202,78.0
102966,177,62,81,105.0,1976,1.4,2.3,1.2,2.2,0.8,1.6,120,160,89.4
102967,170,50,82,96.8,1836,1.6,3.8,5.3,0.2,,3.4,59,193,84.6
102968,146,1,2,30.6,610,6.3,0.4,2.1,1.7,4.6,4.3,133,236,100.0
102969,50,81,72,87.4,1586,7.4,0.1,2.9,3.9,1.4,3.5,167,221,87.9
102970,10,63,99,79.4,1462,8.6,2.4,7.5,3.9,4.1,4.1,144,57,80.0
102971,11,73,94,83.6,1526,9.4,3.8,1.9,0.4,1.4,1.5,106,136,100.0
102972,73,68,48,74.6,1356,2.0,4.0,0.8,1.7,4.7,5.0,30,153,100.0
102973,7,8,16,12.6,236,3.1,1.9,0.6,3.4,4.6,2.7,155,202,100.0
102974,151,1,62,55.6,1110,2.4,1.9,4.0,1.9,0.2,5.9,112,113,79.9
102975,40,33,54,49.4,922,3.6,2.6,5.1,2.5,3.9,0.1,55,178,86.0
102976,163,59,22,76.8,1418,9.1,2.2,2.6,4.3,0.8,2.3,172,56,88.7
102977,84,60,33,66.0,1200,5.8,2.5,5.5,0.1,,1.1,117,112,92.4
102978,71,30,104,73.8,1416,7.4,3.5,0.5,1.7,2.3,3.3,130,129,100.0
102979,54,9,104,57.8,1138,4.9,3.0,6.9,0.9,2.9,1.5,115,105,86.4
102980,136,75,68,99.4,1838,0.3,2.0,6.5,0.8,1.6,4.4,81,64,75.4
102981,46,35,14,35.8,646,0.6,1.8,7.9,5.8,2.9,5.3,124,205,49.3
102982,142,84,46,97.2,1776,5.4,,7.5,2.3,0.9,1.3,168,126,72.0
102983,175,48,2,64.6,1196,7.2,1.8,2.8,3.2,0.1,1.0,166,129,87.5
102984,103,69,82,94.8,1758,2.2,1.8,3.2,4.4,2.9,5.3,172,180,78.3
102985,41,48,27,47.8,860,7.2,0.1,6.0,0.3,2.6,2.2,106,221,96.7
102986,59,2,2,13.8,272,8.1,0.7,1.1,1.4,3.4,2.6,152,42,100.0
102987,11,73,101,86.4,1582,4.1,2.0,2.5,5.0,3.2,1.3,146,187,82.8
102988,129,4,3,29.4,580,7.5,3.3,0.9,5.2,4.5,2.6,102,231,98.9
102989,6,89,87,89.4,1610,4.0,1.1,3.6,2.2,2.3,1.4,31,177,89.5
102990,79,60,30,63.8,1156,6.8,2.1,4.4,2.2,0.0,4.0,122,35,85.0
102991,130,84,44,94.0,1712,7.6,1.4,1.7,4.5,3.2,3.0,172,176,95.5
102992,108,89,58,98.2,1786,9.9,0.4,0.2,1.8,3.4,4.7,24,224,100.0
102993,2,25,44,33.0,610,3.5,3.8,5.8,0.7,2.6,1.9,95,103,88.1
102994,26,71,74,77.4,1406,4.1,3.4,0.2,1.5,3.4,3.0,174,39,100.0
102995,113,4,36,39.4,780,1.7,0.3,7.8,2.3,1.6,1.6,23,213,65.5
102996,106,14,64,55.2,1076,2.0,2.9,1.8,0.3,0.7,5.6,135,50,97.4
102997,39,15,8,20.0,370,6.9,,5.3,2.9,3.3,3.1,102,156,88.0
102998,160,0,16,38.4,768,9.2,4.0,3.5,4.4,1.2,1.0,125,85,86.0
102999,128,15,117,81.4,1598,3.9,1.2,0.5,3.1,2.3,1.6,175,86,97.2
103000,7,36,64,48.6,900,1.8,1.0,3.8,0.4,2.5,0.5,54,159,93.9
101001,119,55,70,84.8,1586,,3.1,3.0,0.6,2.0,2.9,28,129,100.0
101002,136,82,111,120.8,2252,5.7,1.0,1.7,5.3,1.5,4.3,179,173,82.6
101003,161,38,20,63.0,1184,3.8,2.9,5.8,4.0,1.6,2.8,109,31,69.2
101004,75,50,18,52.2,944,9.3,1.0,6.5,5.3,1.0,5.4,112,172,69.1
101005,34,11,88,48.6,950,4.3,1.6,1.1,6.0,2.1,2.3,61,198,80.5
101006,0,78,46,65.2,1148,5.4,3.9,3.9,3.1,1.0,3.2,166,92,82.7
101007,39,54,21,48.6,864,4.5,1.0,2.0,0.6,3.5,0.0,112,206,100.0
101008,63,77,74,88.4,1614,5.6,1.5,1.3,1.0,0.6,1.9,136,183,100.0
101009,149,10,32,48.6,952,4.7,1.2,5.9,1.9,4.7,5.2,146,123,90.4
101010,59,25,31,39.2,734,0.5,0.4,4.3,0.6,0.4,2.0,54,95,82.0
101011,63,41,63,62.4,1166,8.8,2.0,1.7,4.9,4.7,1.5,155,147,100.0
101012,92,26,84,67.6,1300,4.4,1.5,2.5,1.8,4.2,3.3,130,58,100.0
101013,71,10,38,35.4,688,5.9,2.8,7.7,5.9,3.4,0.5,62,227,61.7
101014,10,37,83,57.4,1074,1.4,3.3,6.8,4.2,4.6,3.2,64,217,68.4
101015,104,42,71,74.4,1404,,2.2,7.0,1.0,0.7,1.8,153,222,69.1
101016,13,18,41,29.8,560,2.5,0.1,3.7,2.9,0.9,2.3,32,69,78.4
101017,59,63,100,89.6,1666,,2.5,5.0,2.8,1.3,4.7,30,40,83.9
101018,29,5,8,12.0,230,1.0,0.2,3.0,3.0,1.2,4.0,121,209,78.6
101019,34,45,24,43.4,778,9.1,2.5,0.6,3.2,1.6,2.7,154,155,100.0
101020,164,41,88,92.6,1770,2.2,2.7,3.2,0.2,2.9,3.5,74,116,99.3
101021,4,64,96,77.6,1424,2.0,0.8,4.8,4.1,0.1,4.6,38,119,64.6
101022,82,71,1,59.4,1046,1.8,3.3,2.3,2.9,1.9,4.5,126,108,85.6
101023,122,58,18,66.4,1212,0.1,3.6,6.8,4.7,1.2,1.1,25,230,53.1
101024,77,51,109,89.6,1690,7.7,3.3,1.2,4.9,3.0,1.8,28,221,95.1
101025,153,46,19,65.8,1224,8.8,1.2,2.9,1.4,4.9,2.1,167,132,100.0
101026,61,6,105,57.8,1144,6.1,2.3,1.0,0.3,2.6,1.1,44,110,100.0
101027,131,10,104,73.8,1456,1.9,3.7,3.2,4.2,2.1,0.1,69,128,76.3
101028,88,60,105,95.6,1792,2.9,1.3,0.3,5.9,1.8,1.0,91,129,80.5
101029,41,67,92,85.2,1570,4.8,3.3,2.2,2.7,3.9,4.8,85,160,99.0
101030,88,24,69,59.6,1144,9.5,0.0,3.2,1.6,0.4,3.3,76,40,99.4
101031,145,11,16,42.0,818,2.5,0.0,3.8,0.9,4.8,2.0,41,57,99.7
101032,39,25,88,58.0,1110,7.3,3.0,4.3,1.7,2.1,3.7,75,219,95.2
101033,71,11,101,61.2,1202,4.4,3.0,2.2,2.0,1.6,4.4,55,77,94.8
101034,38,42,67,59.6,1108,3.0,3.2,4.2,2.5,4.9,2.1,87,57,91.4
101035,103,50,93,87.8,1656,4.6,3.7,4.1,3.9,4.7,2.8,20,75,87.4
101036,13,36,83,57.4,1076,0.7,0.5,2.5,1.6,3.2,0.4,67,221,93.0
101037,31,45,2,34.0,590,8.0,0.9,6.6,0.3,0.1,3.6,171,84,88.4
101038,178,52,86,101.2,1920,2.4,3.6,4.4,2.2,3.7,2.1,77,112,87.3
101039,124,87,50,97.0,1766,7.3,0.7,2.7,5.1,1.7,2.6,67,148,83.4
101040,165,79,81,112.8,2098,0.7,2.7,7.6,3.0,1.9,2.5,118,31,61.7
101041,96,12,25,36.4,704,9.6,2.1,6.8,5.8,0.8,3.8,145,232,65.4
101042,22,88,55,79.2,1408,1.9,0.3,7.9,3.0,2.6,3.4,133,173,65.0
101043,62,53,99,83.8,1570,8.8,1.1,5.5,1.7,3.7,2.5,109,40,98.2
101044,142,56,63,87.2,1632,8.1,2.1,3.0,1.2,1.4,0.1,132,32,100.0
101045,152,3,7,35.0,694,9.7,3.4,2.2,4.2,4.7,3.7,126,212,100.0
101046,144,74,80,105.2,1956,4.8,2.8,5.3,3.2,1.0,5.3,173,71,75.4
101047,52,48,94,76.8,1440,7.3,2.5,7.8,3.6,0.3,4.6,124,186,66.3
101048,103,6,36,38.6,760,3.7,2.0,5.0,4.5,3.2,5.9,152,226,74.5
101049,103,10,108,69.8,1376,1.8,1.2,7.1,4.4,4.2,0.8,37,121,65.8
101050,178,53,120,115.4,2202,4.4,0.5,2.6,0.3,,1.3,131,188,100.0
101051,38,86,96,97.6,1780,1.7,1.6,3.3,4.8,3.8,3.2,59,106,77.6
101052,178,44,26,72.4,1360,9.8,0.1,7.3,3.2,,1.4,121,182,77.4
101053,133,22,44,57.4,1104,1.0,0.8,6.1,2.4,4.9,0.2,132,149,80.3
101054,66,27,3,30.6,558,5.9,1.7,7.9,3.2,4.6,2.4,77,163,78.0
101055,134,56,85,94.4,1776,6.3,1.7,6.2,3.7,0.8,1.7,104,217,71.7
101056,178,25,89,86.2,1674,5.4,0.2,3.6,0.9,2.8,1.6,171,145,100.0
101057,41,24,95,60.6,1164,6.6,2.4,4.2,2.5,2.8,5.7,175,96,92.3
101058,14,53,87,69.4,1282,1.2,2.2,7.2,2.0,2.2,1.4,65,179,70.2
101059,110,28,109,82.4,1592,5.6,0.3,4.4,2.1,4.9,0.8,91,70,97.8
101060,156,82,98,119.6,2228,2.9,3.8,2.0,0.5,0.3,0.8,52,210,96.2
101061,32,35,36,41.8,766,9.4,0.4,3.5,1.0,3.1,4.8,86,217,100.0
101062,154,13,95,76.6,1506,7.6,3.4,4.1,1.0,1.0,4.3,132,68,96.8
101063,163,77,70,106.8,1982,9.7,0.0,0.8,2.2,2.6,0.8,103,84,100.0
101064,156,34,32,64.4,1220,0.4,3.5,6.0,5.4,3.9,1.3,58,187,61.5
101065,37,29,30,36.8,678,2.9,0.1,0.9,1.2,1.2,4.5,90,100,99.8
101066,96,16,54,50.4,976,2.0,3.0,3.2,2.5,2.0,1.6,24,246,84.7
101067,154,66,11,74.8,1364,0.1,1.4,6.4,1.9,4.8,5.9,20,159,79.5
101068,32,79,10,57.8,998,2.4,3.0,3.7,4.7,3.8,3.2,144,37,77.9
101069,85,29,87,69.2,1326,6.8,1.6,6.7,0.3,2.9,1.2,154,143,94.0
101070,65,44,71,67.8,1268,2.3,0.3,2.7,1.2,1.1,5.2,132,92,91.1
101071,9,78,31,61.0,1064,5.1,3.1,7.7,1.3,2.1,1.9,27,216,79.2
101072,4,88,56,76.0,1344,8.9,0.3,1.7,6.0,3.9,1.7,127,126,92.7
101073,122,50,37,69.2,1284,6.9,3.7,0.3,3.4,4.1,2.0,145,185,100.0
101074,73,46,59,65.8,1224,3.9,0.2,7.0,0.8,1.2,4.6,145,103,79.4
101075,96,52,85,84.4,1584,3.7,1.9,6.0,1.6,3.3,1.0,47,195,85.3
101076,117,63,97,100.0,1874,4.6,2.9,1.9,1.0,0.5,2.3,173,47,98.1
101077,37,37,18,36.8,662,1.8,1.6,7.9,0.7,0.1,0.2,53,219,68.8
101078,140,63,115,111.8,2110,6.3,0.9,4.0,4.8,2.7,5.0,115,234,80.7
101079,158,86,83,116.4,2156,3.6,3.0,7.6,3.0,1.1,2.0,41,242,65.1
101080,46,88,55,84.0,1504,8.5,3.1,4.0,3.8,0.4,1.5,143,126,83.2
101081,108,6,13,30.4,596,7.6,3.7,3.8,2.0,3.6,3.5,167,52,100.0
101082,179,21,32,61.2,1182,6.1,1.5,3.6,3.3,2.5,4.2,161,222,88.8
101083,14,80,9,54.4,928,3.6,2.0,2.7,1.5,4.0,4.9,170,153,100.0
101084,156,81,79,111.4,2066,2.1,1.5,4.3,1.8,3.3,2.1,86,197,87.9
101085,135,40,63,76.2,1444,7.8,1.0,3.6,3.9,3.6,4.9,166,89,92.5
101086,4,73,63,69.8,1250,4.9,3.0,0.3,0.9,1.5,2.8,97,114,100.0
101087,156,9,61,61.0,1202,2.2,1.4,2.1,3.7,1.3,0.6,58,34,81.4
101088,46,56,67,69.6,1280,2.0,1.7,1.7,5.1,3.0,5.1,118,128,80.7
101089,67,6,90,53.0,1048,1.7,1.6,6.9,0.7,1.0,3.3,148,175,75.3
101090,75,49,91,80.8,1518,7.8,2.9,4.8,5.4,4.1,3.6,38,195,81.7
101091,172,90,42,105.2,1924,2.3,3.7,6.1,0.5,,5.6,34,140,85.5
101092,129,51,79,88.0,1658,5.3,2.7,7.7,2.1,1.1,3.4,20,186,72.6
101093,154,32,58,73.2,1400,4.5,,5.2,3.7,3.1,0.0,50,183,79.0
101094,94,0,51,39.2,784,5.8,3.1,7.9,3.4,4.7,5.2,105,89,77.1
101095,114,52,96,92.4,1744,8.8,2.6,2.5,0.6,0.4,1.7,69,193,100.0
101096,163,59,111,112.4,2130,8.7,0.2,1.5,4.8,0.5,3.0,39,143,88.9
101097,35,33,18,34.0,614,4.5,0.4,3.2,5.8,4.2,1.2,124,111,79.8
101098,25,3,20,14.8,290,0.2,0.2,3.8,1.1,0.5,1.8,62,186,81.2
101099,42,16,21,26.4,496,4.3,1.8,7.2,5.4,0.2,4.1,24,188,53.4
101100,26,3,8,10.2,198,6.1,3.3,4.5,3.3,1.7,2.6,85,220,82.8
101101,68,42,8,42.0,756,5.6,1.3,2.3,5.6,2.3,3.8,159,135,80.9
101102,147,89,72,111.6,2054,,1.5,5.9,1.1,2.8,4.9,147,170,92.3
101103,10,3,26,14.2,278,1.5,3.6,4.0,4.8,2.5,2.0,90,147,70.5
101104,73,0,16,21.0,420,6.5,3.3,1.3,0.4,4.6,3.4,85,228,100.0
101105,103,70,43,79.8,1456,1.8,2.7,4.6,5.3,3.8,4.7,92,152,70.1
101106,37,49,120,84.8,1598,7.5,1.1,7.3,4.0,4.9,4.3,174,197,80.5
101107,133,72,44,87.4,1604,3.4,0.5,6.7,2.2,2.4,3.2,175,150,76.2
101108,22,60,7,43.2,744,7.1,0.1,4.7,1.1,0.4,2.3,98,227,91.1
101109,46,34,79,61.2,1156,0.5,0.4,3.0,4.9,4.8,2.4,38,31,78.9
101110,89,7,17,28.8,562,4.1,1.2,0.7,3.6,0.0,2.6,32,147,87.4
101111,45,23,32,35.6,666,7.1,2.2,3.8,2.2,3.9,2.1,64,165,99.7
101112,106,82,0,70.4,1244,2.3,0.3,6.0,2.7,0.2,4.2,25,103,67.7
101113,139,35,75,78.8,1506,8.0,0.5,2.9,5.0,3.8,0.8,148,156,90.8
101114,140,49,5,59.4,1090,6.3,0.7,1.9,2.0,4.7,5.8,125,147,100.0
101115,103,42,40,61.8,1152,5.9,2.5,7.5,0.5,1.9,4.7,140,137,85.0
101116,110,26,54,59.2,1132,3.5,2.5,6.6,5.5,1.2,1.8,44,72,56.7
101117,103,31,4,40.8,754,4.8,2.2,5.1,2.3,1.1,0.3,173,206,81.0
101118,59,77,58,81.2,1470,6.0,1.0,1.1,2.1,2.5,4.3,160,141,100.0
101119,170,17,79,75.8,1482,4.7,1.5,1.2,1.2,0.9,4.4,38,179,100.0
101120,99,27,17,42.8,802,7.0,0.4,0.8,5.4,3.4,5.8,157,231,94.0
101121,67,28,48,49.4,932,4.3,0.9,4.9,1.3,1.8,1.5,90,192,87.9
101122,132,15,81,67.8,1326,2.0,3.6,0.9,3.8,1.6,0.5,34,48,86.2
101123,119,46,64,77.0,1448,2.1,3.9,6.7,5.3,2.3,5.5,126,161,57.8
101124,36,58,82,74.8,1380,0.1,2.6,7.9,0.2,2.7,1.6,178,48,75.7
101125,71,30,53,53.4,1008,3.0,3.7,2.9,5.0,0.7,4.3,145,49,71.5
101126,126,3,60,51.0,1014,7.5,2.6,3.6,2.5,3.5,0.4,155,33,98.6
101127,105,36,7,45.4,836,7.9,0.1,5.7,3.9,4.4,4.6,49,78,86.7
101128,91,16,2,28.6,540,2.0,4.0,7.5,2.2,1.4,0.8,117,183,67.2
101129,30,38,24,38.4,692,9.6,0.4,7.2,4.2,0.9,4.2,116,32,72.1
101130,121,47,68,79.6,1498,5.0,,0.5,1.5,3.8,3.2,20,81,100.0
101131,136,45,54,75.8,1426,9.2,1.0,1.4,0.1,0.9,5.7,35,157,100.0
101132,50,89,39,79.0,1402,7.1,1.6,6.0,5.7,0.2,0.2,133,65,62.3
101133,28,47,82,66.6,1238,7.2,2.6,5.5,0.1,3.1,1.8,30,198,100.0
101134,39,38,81,63.0,1184,0.9,1.7,1.1,4.9,1.2,0.4,174,227,76.5
101135,40,3,49,29.4,582,2.2,1.0,4.0,1.0,0.9,5.3,105,208,86.1
101136,10,29,116,65.8,1258,0.1,1.3,6.2,2.4,4.9,3.6,89,132,78.1
101137,150,29,94,85.0,1642,7.2,1.4,1.8,4.9,1.5,3.2,139,248,87.2
101138,0,21,32,25.4,466,3.4,3.8,7.0,1.2,4.5,0.8,58,45,86.3
101139,45,74,110,97.4,1800,7.9,3.2,0.4,5.2,0.9,2.9,150,76,90.9
101140,100,65,17,65.8,1186,3.4,1.8,6.3,3.0,4.1,2.4,20,109,78.9
101141,148,11,56,58.6,1150,8.2,0.8,4.9,2.2,2.5,1.9,42,75,93.3
101142,89,35,102,79.6,1522,1.3,3.2,2.5,4.0,0.4,4.6,134,129,73.8
101143,109,17,15,38.0,726,1.7,0.6,5.8,2.0,,0.4,164,212,81.3
101144,163,89,79,117.6,2174,3.4,0.8,6.3,2.1,4.5,3.9,67,127,84.6
101145,56,52,110,86.4,1624,4.1,1.5,7.5,4.4,0.8,4.9,110,245,58.6
101146,0,70,37,56.8,996,3.5,3.5,2.9,1.9,3.6,5.4,72,153,96.7
101147,62,0,40,28.4,568,7.6,0.5,5.5,1.2,2.2,4.5,80,196,93.8
101148,54,57,6,47.4,834,1.0,0.5,4.8,4.8,3.8,1.7,122,163,70.2
101149,114,89,77,107.0,1962,3.5,2.0,4.2,4.8,3.6,3.6,121,113,77.0
101150,167,86,106,127.4,2376,8.4,1.1,7.1,3.0,0.1,0.8,158,90,73.7
101151,142,89,52,102.6,1874,0.7,2.3,0.0,3.2,0.9,0.7,162,38,88.1
101152,148,5,62,57.4,1138,9.4,1.8,2.3,4.2,2.4,3.8,109,242,95.8
101153,174,69,111,120.6,2274,9.9,1.7,4.3,3.1,4.7,5.1,137,168,100.0
101154,52,43,88,71.4,1342,0.9,0.4,1.4,2.5,1.7,0.4,158,94,88.8
101155,136,71,31,82.2,1502,2.9,0.6,7.3,6.0,3.1,0.6,154,120,55.9
101156,179,23,37,64.4,1242,,3.3,5.2,0.9,,3.4,66,151,82.4
101157,56,85,21,70.6,1242,7.8,3.5,3.8,3.6,3.6,1.3,155,88,93.2
101158,116,18,15,40.0,764,6.0,0.9,6.5,5.3,3.0,3.7,24,141,68.5
101159,153,17,51,61.2,1190,6.4,,3.6,4.1,3.6,1.3,106,142,88.7
101160,168,29,28,62.2,1186,7.6,0.2,4.5,5.3,4.5,0.7,110,227,84.2
101161,34,41,15,37.4,666,1.2,2.4,0.0,2.0,0.7,3.3,82,147,94.5
101162,62,32,75,61.6,1168,8.3,2.9,2.9,1.6,1.3,5.2,40,36,100.0
101163,24,73,16,55.0,954,7.1,1.5,1.1,5.1,5.0,4.1,138,141,99.3
101164,89,11,100,64.4,1266,5.8,2.7,5.5,2.4,0.8,4.9,140,151,80.0
101165,74,26,63,55.6,1060,8.9,2.9,3.8,4.3,3.6,1.6,121,90,91.9
101166,37,38,90,66.2,1248,7.0,3.7,2.4,0.9,3.6,5.3,109,86,100.0
101167,129,8,88,65.8,1300,2.0,0.3,3.7,4.5,3.4,2.3,159,115,76.9
101168,134,20,12,43.6,832,4.3,0.8,1.7,3.3,1.1,5.1,131,191,88.6
101169,161,75,71,105.6,1962,4.9,0.3,7.4,1.6,1.1,2.8,158,113,75.5
101170,90,28,55,56.8,1080,,3.5,0.4,3.0,3.3,1.6,157,74,94.5
101171,16,32,4,24.0,416,9.5,3.2,6.9,4.2,0.9,1.6,138,74,73.1
101172,127,61,11,66.4,1206,1.3,2.3,4.1,0.1,3.3,3.4,35,44,95.6
101173,170,14,40,58.4,1140,7.0,0.3,5.0,3.8,2.5,0.5,162,166,82.5
101174,107,1,2,22.8,454,5.1,1.1,2.4,3.2,1.9,5.6,138,239,90.3
101175,178,51,98,105.4,2006,0.3,1.2,7.7,1.3,1.5,1.6,103,203,67.8
101176,151,43,32,68.8,1290,9.2,2.2,2.3,4.5,4.7,2.0,151,203,100.0
101177,24,53,120,84.6,1586,8.5,1.0,4.7,1.8,2.5,1.4,41,65,96.7
101178,179,17,85,80.0,1566,5.2,0.3,7.9,1.7,2.8,0.0,161,75,78.7
101179,87,2,49,38.2,760,2.3,2.9,7.0,2.8,4.7,4.2,113,71,76.7
101180,160,6,55,57.6,1140,1.2,1.2,4.3,4.1,3.3,3.5,50,187,74.6
101181,176,42,107,103.2,1980,3.6,1.8,7.9,5.6,4.8,4.9,89,168,62.0
101182,28,81,8,57.4,986,2.6,0.5,5.6,0.8,0.5,0.2,110,147,80.3
101183,62,37,104,76.2,1450,5.1,3.2,1.7,2.4,4.2,5.6,147,62,100.0
101184,149,36,81,83.8,1604,,2.3,3.2,0.4,1.7,2.0,30,155,100.0
101185,153,57,49,84.4,1574,5.7,3.6,2.7,4.6,4.1,5.5,55,139,89.9
101186,155,32,28,61.4,1164,8.9,,2.8,2.7,4.3,0.6,99,197,100.0
101187,113,58,38,72.6,1336,6.5,3.8,6.1,4.2,1.4,4.5,43,99,71.8
101188,48,10,90,51.6,1012,4.8,3.6,4.7,1.9,2.0,3.5,132,200,87.3
101189,80,67,99,95.8,1782,8.5,2.3,0.3,5.1,3.6,2.1,61,139,100.0
101190,83,81,44,82.8,1494,4.7,3.7,7.0,3.2,0.5,0.5,40,196,66.9
101191,104,67,16,67.4,1214,8.7,1.3,2.4,5.7,3.8,3.6,115,154,90.7
101192,176,87,55,109.4,2014,2.9,1.5,8.0,0.5,0.6,0.2,70,243,73.1
101193,147,21,97,80.8,1574,1.3,0.2,7.6,3.1,4.6,3.0,100,68,70.5
101194,117,65,45,80.4,1478,8.6,2.4,7.5,4.6,1.4,3.6,74,210,68.4
101195,85,43,66,69.2,1298,5.9,2.9,6.5,3.6,2.9,4.4,143,112,76.5
101196,62,5,68,42.6,842,8.9,3.1,1.8,0.1,0.6,5.9,151,243,100.0
101197,103,41,13,50.4,926,9.4,0.6,4.3,5.8,1.3,1.6,81,188,76.5
101198,48,24,66,50.4,960,0.5,1.8,1.8,1.8,2.0,1.9,106,135,90.8
101199,70,56,22,56.4,1016,5.0,0.7,2.1,1.5,2.4,2.0,172,92,100.0
101200,0,84,102,91.2,1656,3.7,2.6,4.9,2.9,0.0,4.4,161,54,73.3
101201,140,54,93,97.6,1844,6.3,0.6,0.3,3.3,4.4,5.6,60,70,100.0
101202,178,15,113,89.8,1766,7.9,3.6,7.8,4.6,0.0,5.8,60,207,61.6
101203,122,13,108,75.4,1482,2.8,0.9,7.3,2.4,3.9,5.7,64,88,76.1
101204,61,38,60,59.0,1104,5.6,1.2,3.0,2.6,2.4,5.3,145,206,93.4
101205,31,27,22,31.2,570,7.1,3.4,4.1,3.2,2.6,5.9,115,59,89.6
101206,157,50,26,71.8,1336,1.3,1.8,3.7,2.4,,2.3,163,74,78.8
101207,28,48,53,55.6,1016,8.1,0.1,7.1,5.5,,5.7,38,225,69.3
101208,48,8,9,18.0,344,6.1,2.0,5.5,5.1,2.7,4.6,56,82,72.8
101209,172,57,88,103.8,1962,9.5,0.3,2.2,2.7,0.8,1.0,104,183,99.1
101210,29,44,76,62.6,1164,3.4,3.9,3.6,0.0,1.2,0.3,45,228,96.0
101211,143,21,15,47.2,902,1.1,2.4,3.4,5.4,0.3,1.3,113,69,62.5
101212,167,31,40,68.0,1298,5.1,1.0,7.7,0.7,0.3,4.7,123,169,76.8
101213,18,68,97,83.2,1528,0.9,2.3,1.4,1.5,,3.8,144,30,89.0
101214,17,86,54,76.6,1360,9.7,0.3,0.7,0.9,1.1,1.3,160,99,100.0
101215,0,68,100,80.8,1480,0.4,3.2,7.0,1.1,3.4,4.5,110,158,77.5
101216,77,41,60,64.0,1198,7.5,3.7,7.2,4.8,1.6,0.8,106,165,67.0
101217,114,52,85,88.0,1656,5.3,3.5,7.0,3.5,1.7,4.9,142,141,70.2
101218,174,58,80,101.6,1916,3.7,1.4,4.1,5.7,0.7,4.8,117,62,64.6
101219,112,73,86,100.6,1866,0.7,1.3,5.3,1.4,2.9,5.8,42,225,81.9
101220,113,38,117,92.2,1768,6.2,0.1,4.5,2.9,1.7,0.9,127,144,85.0
101221,165,14,99,81.0,1592,5.9,2.6,0.6,5.9,3.4,5.4,167,207,90.1
101222,178,70,48,96.8,1796,2.8,2.1,4.8,5.0,3.7,2.0,73,133,72.5
101223,62,28,72,58.0,1104,9.1,1.8,0.1,4.4,2.9,2.5,78,163,100.0
101224,131,2,51,47.8,952,3.0,3.6,2.6,1.1,1.4,2.8,167,217,94.3
101225,128,82,1,75.2,1340,4.5,0.7,7.5,4.6,2.5,3.8,58,220,63.5
101226,7,9,95,44.8,878,5.4,0.0,2.4,2.1,1.3,6.0,97,209,94.6
101227,156,28,119,95.6,1856,1.0,0.3,7.5,3.2,4.5,3.6,110,160,69.5
101228,54,78,49,77.2,1388,9.3,0.9,2.0,3.7,3.8,5.6,179,108,100.0
101229,102,34,116,87.2,1676,3.7,0.1,2.5,3.7,2.5,1.5,88,227,86.4
101230,130,5,85,63.0,1250,0.8,2.0,5.0,4.4,4.8,2.4,87,35,74.0
101231,31,11,42,29.6,570,3.9,1.3,6.1,4.0,2.7,3.0,106,66,71.5
101232,9,37,76,54.4,1014,6.0,0.7,4.0,0.4,,1.9,40,208,98.8
101233,109,76,7,70.2,1252,5.1,3.0,7.1,2.7,0.5,5.9,171,56,69.8
101234,161,18,58,66.2,1288,6.9,0.8,0.3,4.0,2.7,4.4,163,135,100.0
101235,123,66,64,89.8,1664,0.6,2.8,7.4,1.8,4.3,2.9,51,203,75.5
101236,86,7,80,53.4,1054,2.8,1.4,1.6,1.9,4.3,4.5,173,98,100.0
101237,54,7,11,19.4,374,8.2,,7.1,0.7,3.0,2.8,22,152,93.5
101238,31,83,3,57.2,978,0.8,3.7,3.2,2.5,2.0,0.1,101,174,82.3
101239,177,46,116,109.4,2096,8.6,0.1,6.7,5.9,3.3,3.3,140,244,70.8
101240,134,3,76,59.0,1174,0.9,2.0,5.4,1.7,3.8,3.8,135,46,83.1
101241,92,50,94,86.0,1620,8.3,3.4,1.4,3.2,2.1,5.9,154,134,100.0
101242,7,84,40,67.8,1188,3.6,2.4,7.3,4.5,2.4,0.2,107,147,62.7
101243,64,66,6,54.8,964,6.1,1.1,2.0,0.1,3.4,3.1,163,52,100.0
101244,56,44,86,72.0,1352,1.5,1.6,2.0,5.4,4.4,0.6,72,68,81.2
101245,66,7,87,52.2,1030,0.7,2.7,6.5,2.3,4.0,0.9,23,190,75.9
101246,71,86,68,93.0,1688,2.2,3.6,0.8,5.2,0.1,3.7,51,223,75.5
101247,53,15,68,46.8,906,1.3,0.2,1.8,0.2,0.6,1.4,102,39,96.2
101248,66,76,80,90.8,1664,3.1,0.3,4.0,0.9,4.3,4.5,121,112,98.6
101249,50,66,29,61.2,1092,5.1,1.3,6.6,1.9,4.2,3.1,77,197,86.9
101250,96,8,72,52.8,1040,5.9,0.9,1.2,2.1,1.9,1.3,32,102,100.0
101251,91,59,5,55.6,994,7.9,,4.4,5.1,2.9,3.0,169,172,81.4
101252,7,77,88,82.8,1502,6.6,0.9,5.7,0.1,4.5,0.0,63,72,100.0
101253,161,76,18,85.0,1548,6.1,0.8,6.9,3.8,4.6,5.2,49,117,79.4
101254,34,70,79,80.4,1468,4.1,0.5,7.5,0.8,3.9,0.1,170,41,85.9
101255,95,14,84,61.0,1192,4.7,3.7,6.3,4.9,1.0,0.0,31,51,62.7
101256,87,70,65,85.4,1568,4.1,0.6,5.2,4.7,3.7,3.7,33,47,75.0
101257,77,40,9,43.0,780,8.4,0.8,3.5,3.0,0.5,5.8,55,223,89.3
101258,31,21,15,24.8,454,2.3,1.0,0.9,1.3,,5.1,64,91,100.0
101259,119,23,36,52.0,994,0.1,3.7,5.7,3.8,0.7,1.5,43,218,60.5
101260,45,43,78,66.0,1234,6.5,,7.9,0.9,3.3,1.2,138,217,86.8
101261,143,0,76,59.0,1180,,3.2,5.9,1.1,3.1,3.8,150,108,84.2
101262,164,9,76,68.6,1354,8.9,0.4,0.1,3.8,3.9,4.9,97,196,100.0
101263,141,79,31,88.0,1602,8.6,3.3,4.0,5.9,2.8,2.2,57,230,80.1
101264,54,71,108,96.6,1790,0.8,1.6,4.9,5.3,0.3,2.6,111,179,56.4
101265,175,55,46,86.4,1618,1.1,1.1,5.5,3.6,3.5,0.7,106,238,72.7
101266,6,88,109,97.6,1776,5.0,2.3,5.8,3.2,1.9,0.9,39,171,76.5
101267,73,49,71,72.4,1350,6.1,3.3,4.5,6.0,1.6,3.4,116,134,69.0
101268,6,11,42,24.6,470,2.7,3.1,1.8,3.3,5.0,0.6,21,36,96.7
101269,160,88,81,117.2,2168,7.2,,7.5,2.5,3.0,1.2,173,192,80.9
101270,150,80,119,125.6,2352,5.9,3.7,5.6,5.5,3.6,1.4,21,63,72.7
101271,84,59,35,66.2,1206,3.2,1.0,1.9,1.4,2.6,2.7,61,224,99.6
101272,146,25,25,54.2,1034,0.3,1.7,2.6,0.6,3.8,0.3,59,92,98.6
101273,111,77,9,72.0,1286,7.5,0.1,7.4,3.8,3.8,3.0,156,159,77.8
101274,124,40,30,60.8,1136,2.1,3.5,7.1,0.6,3.3,5.6,149,138,82.7
101275,146,35,96,88.6,1702,8.3,0.6,3.2,2.2,5.0,0.1,175,248,100.0
101276,35,22,28,31.4,584,,3.4,0.3,2.5,,3.8,22,202,100.0
101277,28,42,4,32.4,564,5.8,1.3,0.4,3.3,3.5,5.0,35,92,100.0
101278,81,5,76,49.6,982,8.7,,2.3,5.9,4.0,1.9,151,159,90.7
101279,1,68,0,41.0,684,8.6,0.2,5.0,1.3,,0.8,42,211,96.4
101280,128,42,86,85.2,1620,3.7,1.3,4.7,2.3,2.3,0.3,121,80,84.0
101281,46,24,103,64.8,1248,2.1,3.6,5.1,0.8,4.8,3.9,96,70,94.2
101282,147,17,2,40.4,774,7.8,0.1,5.7,3.6,0.2,3.3,153,162,75.4
101283,10,61,66,65.0,1178,4.3,1.6,0.2,4.4,1.7,1.4,74,114,90.9
101284,129,12,70,61.0,1196,1.9,0.1,0.8,2.9,2.4,5.0,155,100,93.3
101285,118,42,99,88.4,1684,9.0,,2.9,1.5,0.0,4.4,92,182,98.9
101286,139,77,34,87.6,1598,2.0,0.7,1.2,3.7,4.5,1.7,117,30,94.2
101287,19,27,14,25.6,458,0.3,1.0,0.6,3.2,1.4,4.5,100,38,86.4
101288,4,17,103,52.2,1010,0.2,3.5,5.1,1.0,1.3,1.5,133,223,78.9
101289,36,58,66,68.4,1252,6.2,1.7,6.5,2.4,4.1,4.1,86,224,86.7
101290,165,59,92,105.2,1986,6.6,1.1,6.0,2.6,1.4,0.7,60,137,80.4
101291,136,62,29,76.0,1396,3.1,2.4,6.5,5.9,3.3,4.2,59,130,60.6
101292,52,56,102,84.8,1584,3.2,0.6,5.3,5.1,4.1,1.4,122,151,72.0
101293,171,50,81,96.6,1832,3.4,1.0,5.9,4.4,4.0,3.4,174,137,73.2
101294,98,55,74,82.2,1534,6.8,2.2,2.2,5.3,3.9,1.0,58,33,90.0
101295,85,26,42,49.4,936,0.6,1.0,7.9,4.4,0.4,4.4,72,178,48.8
101296,107,31,112,84.8,1634,9.3,2.7,1.5,5.4,0.4,0.4,59,90,86.8
101297,23,8,59,33.0,644,2.2,2.0,1.7,0.3,1.5,1.0,71,55,100.0
101298,80,83,101,106.2,1958,10.0,3.1,2.3,2.7,0.2,1.1,56,146,97.9
101299,157,67,39,87.2,1610,1.7,3.8,7.8,4.5,2.5,0.2,86,201,57.2
101300,119,45,64,76.4,1438,7.7,0.5,7.9,3.5,2.0,4.5,166,194,72.3
101301,58,66,28,62.4,1116,2.2,1.3,6.4,1.1,2.8,5.9,104,107,81.7
101302,127,25,73,69.6,1342,0.8,1.3,5.0,2.0,1.5,4.7,85,167,76.1
101303,113,7,91,63.2,1250,8.7,0.6,4.2,1.9,2.4,5.2,157,247,98.3
101304,114,5,120,73.8,1466,8.6,3.2,7.8,1.6,1.7,0.0,71,231,83.1
101305,13,79,94,87.6,1594,4.0,3.0,5.6,2.1,1.0,0.7,21,111,78.1
101306,8,23,18,22.6,406,7.0,1.9,7.6,3.1,3.2,3.4,148,248,77.7
101307,39,47,2,36.8,642,5.6,2.2,2.5,5.1,3.4,5.9,116,110,85.9
101308,24,44,35,45.2,816,8.5,0.2,2.7,4.5,4.1,4.0,41,231,96.0
101309,102,12,42,44.4,864,3.2,2.2,6.8,5.0,4.4,2.2,132,104,67.4
101310,21,68,14,50.6,876,5.2,3.2,1.2,5.3,3.5,0.9,101,76,89.6
101311,3,24,96,53.4,1020,4.9,2.3,7.6,2.5,3.4,0.9,140,117,77.1
101312,153,19,40,58.0,1122,3.5,1.1,4.1,2.1,0.3,2.2,22,112,81.0
101313,28,81,106,96.6,1770,8.9,2.7,7.4,0.3,0.5,4.3,137,237,88.2
101314,108,81,114,115.8,2154,1.7,1.4,2.7,5.6,4.1,0.2,163,180,76.9
101315,97,65,108,101.6,1902,1.5,2.2,5.7,0.4,1.2,5.1,158,149,81.8
101316,36,73,89,86.6,1586,5.8,2.0,3.9,4.4,1.8,5.6,29,152,79.4
101317,74,44,79,72.8,1368,6.6,1.5,5.0,2.3,0.7,5.3,44,233,83.8
101318,69,46,35,55.4,1016,1.9,2.9,4.0,5.7,1.0,5.5,139,83,62.3
101319,145,62,96,104.6,1968,3.9,3.5,7.7,2.5,3.9,0.1,25,216,76.2
101320,127,75,83,103.6,1922,9.5,0.0,5.5,4.9,1.3,5.9,129,176,76.4
101321,84,76,76,92.8,1704,2.5,3.7,2.0,1.7,2.2,2.2,27,54,95.1
101322,41,54,32,53.4,960,6.7,2.0,7.3,1.8,,5.2,60,96,77.6
101323,99,74,4,65.8,1168,7.4,2.8,2.4,3.6,3.4,1.1,129,170,97.4
101324,40,18,100,58.8,1140,4.5,3.4,3.0,6.0,3.6,2.7,20,50,77.8
101325,165,34,77,84.2,1616,9.4,1.9,0.8,3.1,1.8,0.3,150,51,100.0
101326,33,52,90,73.8,1372,7.4,3.3,7.2,5.6,3.9,0.2,71,204,69.7
101327,16,25,86,52.6,1002,4.6,0.7,2.3,4.7,1.2,5.7,121,220,80.1
101328,164,13,13,45.8,890,5.7,0.6,2.1,4.8,3.5,4.9,96,58,89.5
101329,152,44,103,98.0,1872,6.9,2.6,7.4,2.6,3.6,3.2,66,78,82.0
101330,121,43,67,76.8,1450,5.9,3.5,6.4,2.3,4.8,3.2,133,136,89.1
101331,75,87,102,108.0,1986,8.8,3.6,1.1,1.2,1.2,4.5,102,54,100.0
101332,86,64,115,101.6,1904,3.6,2.6,6.2,5.8,0.5,2.1,38,180,54.9
101333,116,50,82,86.0,1620,3.0,2.1,7.3,5.8,1.3,4.6,89,105,51.7
101334,105,42,46,64.6,1208,2.1,1.3,0.6,4.5,0.6,2.9,66,78,81.1
101335,85,85,53,89.2,1614,0.4,3.9,6.6,1.8,0.8,3.8,136,180,67.8
101336,26,22,3,19.6,348,0.4,1.3,4.4,1.5,1.7,5.8,97,34,80.8
101337,56,55,93,81.4,1518,,3.0,5.4,5.9,2.1,2.8,24,186,72.6
101338,30,18,82,49.6,956,6.8,2.1,3.9,0.4,4.5,2.5,83,34,100.0
101339,133,81,94,112.8,2094,6.6,2.4,5.6,5.1,1.0,5.4,126,68,68.3
101340,167,75,94,116.0,2170,6.1,1.6,0.3,2.1,4.9,5.4,55,192,100.0
101341,97,54,8,55.0,992,8.5,3.9,6.1,2.5,4.1,6.0,156,110,92.4
101342,11,59,52,58.4,1050,4.8,2.3,0.3,5.0,4.4,3.3,170,59,96.6
101343,52,58,76,75.6,1396,8.7,3.8,3.6,0.5,4.6,2.1,179,213,100.0
101344,137,32,77,77.4,1484,3.6,0.0,1.2,2.1,3.8,1.4,175,31,100.0
101345,172,18,118,92.4,1812,9.3,2.3,6.6,5.7,3.9,0.2,30,44,75.4
101346,144,27,59,68.6,1318,7.0,2.9,2.5,4.2,2.2,4.4,166,80,89.6
101347,153,51,45,79.2,1482,2.6,3.0,3.6,4.5,2.6,1.4,83,52,76.1
101348,121,48,53,74.2,1388,5.6,3.6,3.4,4.5,4.7,3.6,84,55,89.2
101349,45,36,73,59.8,1124,5.3,0.0,6.2,0.4,1.9,5.5,92,40,89.5
101350,63,25,111,72.0,1390,1.4,0.0,3.8,1.2,0.2,5.7,76,157,82.2
101351,129,39,94,86.8,1658,5.9,1.9,6.3,2.9,3.8,0.0,85,53,83.5
101352,53,79,36,72.4,1290,3.1,0.1,0.6,2.2,2.9,1.9,151,166,100.0
101353,106,37,22,52.2,970,,3.9,1.5,2.5,4.1,5.0,176,235,94.8
101354,50,76,26,66.0,1168,9.5,0.9,4.4,4.7,0.4,3.2,23,245,79.1
101355,180,86,69,115.2,2132,6.4,1.9,7.6,0.1,3.1,4.8,143,100,91.2
101356,35,53,89,74.4,1382,8.8,0.2,0.6,4.0,1.2,5.1,148,167,98.8
101357,114,21,65,61.4,1186,6.8,2.1,0.3,0.0,4.5,2.7,111,126,100.0
101358,25,15,108,57.2,1114,3.6,1.5,1.3,0.4,0.5,2.2,37,139,100.0
101359,28,27,60,45.8,862,5.1,0.2,5.1,2.4,4.2,2.7,160,248,90.4
101360,148,34,76,80.4,1540,6.8,1.3,3.2,5.0,0.4,3.9,89,101,77.0
101361,10,59,50,57.4,1030,9.6,1.6,6.6,0.9,0.1,2.2,122,235,88.6
101362,39,44,49,53.8,988,2.5,4.0,0.6,3.3,1.2,4.6,105,100,89.7
101363,10,45,18,36.2,634,8.7,0.8,1.6,4.1,,5.4,49,239,95.6
101364,163,71,0,75.2,1362,9.2,2.2,2.4,1.4,3.1,1.7,174,214,100.0
101365,112,54,39,70.4,1300,6.7,3.9,5.0,3.1,0.7,5.8,126,119,80.0
101366,38,85,31,71.0,1250,9.3,3.2,5.5,5.5,2.2,3.7,175,156,75.7
101367,53,84,21,69.4,1220,4.0,4.0,1.0,3.1,1.0,5.3,149,152,91.5
101368,97,25,111,78.8,1526,9.5,3.9,7.6,0.9,4.3,0.6,39,172,97.0
101369,54,84,92,98.0,1792,7.0,,2.7,3.8,0.2,1.5,97,62,84.8
101370,110,24,65,62.4,1200,0.4,2.8,5.7,3.6,1.8,1.9,171,168,65.4
101371,151,64,39,84.2,1556,9.1,0.4,4.2,0.2,3.2,1.8,96,176,100.0
101372,149,5,37,47.6,942,4.8,1.8,1.8,0.5,4.6,1.0,91,199,100.0
101373,68,22,47,45.6,868,4.6,3.2,6.8,0.9,4.3,5.2,168,239,90.4
101374,55,63,54,70.4,1282,5.7,,6.5,0.8,4.5,2.5,169,243,94.9
101375,32,86,74,87.6,1580,1.5,2.8,3.2,1.6,0.3,5.8,92,87,83.1
101376,35,42,80,64.2,1200,4.7,3.0,4.7,2.7,4.2,3.5,125,175,89.7
101377,147,22,54,64.2,1240,8.3,1.0,2.1,2.2,3.9,0.8,147,175,100.0
101378,80,29,50,53.4,1010,0.2,3.5,5.5,5.3,4.5,3.3,126,51,65.4
101379,108,76,106,109.6,2040,2.7,1.8,2.5,3.7,1.6,6.0,30,118,81.7
101380,153,17,59,64.4,1254,0.0,0.8,6.8,5.3,4.6,3.4,99,147,60.1
101381,72,86,7,68.8,1204,4.2,3.5,1.7,3.2,2.0,0.0,28,209,91.6
101382,39,78,85,88.6,1616,7.3,1.7,0.1,0.5,3.2,5.6,119,73,100.0
101383,16,20,67,42.0,800,8.0,3.0,2.1,2.8,2.1,1.4,71,188,99.9
101384,128,56,74,88.8,1664,9.5,2.2,1.5,4.9,2.1,4.1,134,38,94.8
101385,60,22,71,53.6,1028,6.1,1.5,4.1,1.2,2.7,3.1,160,79,97.9
101386,170,90,8,91.2,1644,2.5,3.2,1.6,0.5,1.8,2.0,148,148,100.0
101387,103,44,89,82.6,1564,9.2,2.3,6.1,2.0,4.0,1.7,94,90,96.0
101388,41,43,1,34.4,602,7.8,1.6,1.9,2.3,3.2,5.6,171,48,100.0
101389,24,81,79,85.0,1538,,0.4,5.7,1.8,3.4,5.5,152,81,89.8
101390,38,87,94,97.4,1774,7.0,3.6,4.6,0.8,1.2,3.1,167,84,95.2
101391,34,46,69,62.0,1148,9.2,0.1,7.9,1.5,4.8,1.6,162,54,93.7
101392,130,39,116,95.8,1838,7.1,3.5,8.0,4.1,,0.6,87,236,71.6
101393,107,50,84,85.0,1600,3.7,1.4,7.0,2.3,1.0,0.9,73,98,70.9
101394,171,41,89,94.4,1806,7.1,2.6,6.1,3.8,3.8,3.1,30,104,82.2
101395,178,6,58,62.4,1236,0.4,3.7,3.1,3.2,0.9,1.8,170,170,75.1
101396,101,49,18,56.8,1038,3.9,0.6,6.0,3.3,0.3,0.3,148,191,68.2
101397,97,47,27,58.4,1074,4.1,2.3,7.7,1.5,2.6,2.7,66,101,77.7
101398,11,83,71,80.4,1442,1.7,3.1,0.2,3.1,2.8,4.5,134,54,95.5
101399,18,90,13,62.8,1076,0.2,3.0,4.3,0.1,0.9,5.4,57,120,85.4
101400,100,5,23,32.2,634,1.3,2.1,1.7,2.6,1.7,3.5,149,104,87.9
101401,43,90,111,107.0,1960,6.5,2.5,4.5,3.4,4.7,4.3,64,93,92.1
101402,48,8,43,31.6,616,8.0,3.0,3.7,1.1,1.4,2.2,174,111,99.9
101403,16,56,100,76.8,1424,9.9,3.4,4.6,1.5,0.8,3.0,80,167,96.3
101404,73,30,55,54.6,1032,3.5,3.0,4.4,1.3,5.0,4.4,101,126,97.9
101405,56,20,89,58.8,1136,6.0,1.4,7.7,0.4,1.5,4.4,30,129,83.7
101406,54,89,94,101.8,1858,9.4,4.0,4.4,2.1,3.4,2.5,176,46,100.0
101407,46,39,119,80.2,1526,1.7,1.7,6.8,5.9,1.2,3.3,44,34,50.3
101408,11,44,50,48.6,884,7.2,0.1,2.6,2.1,2.8,5.5,97,244,100.0
101409,61,76,31,70.2,1252,,1.5,3.5,2.8,1.9,3.8,60,96,92.7
101410,79,48,49,64.2,1188,0.9,0.5,3.8,3.9,4.8,3.9,60,130,81.5
101411,82,86,40,84.0,1508,8.6,0.5,2.2,3.9,2.2,4.7,120,167,95.5
101412,7,19,65,38.8,738,8.1,1.1,3.0,5.7,2.9,0.7,158,184,84.4
101413,148,16,24,48.8,944,,0.2,4.8,5.1,4.7,3.1,51,213,70.0
101414,80,27,115,78.2,1510,0.9,2.8,4.6,4.8,4.9,5.8,68,164,74.1
101415,117,40,107,90.2,1724,0.5,0.3,5.1,5.7,0.5,2.2,25,142,53.6
101416,24,65,60,67.8,1226,3.3,0.8,2.8,1.4,4.2,1.8,76,58,100.0
101417,88,24,65,58.0,1112,5.1,0.4,2.5,3.7,1.9,3.6,25,78,87.4
101418,11,57,41,52.8,942,5.3,0.3,4.9,5.3,3.0,1.3,66,196,73.5
101419,142,40,64,78.0,1480,2.7,1.1,1.1,3.7,,3.3,82,227,88.2
101420,58,5,35,28.6,562,9.1,2.3,2.0,5.9,2.0,0.9,169,38,86.7
101421,153,74,120,123.0,2312,3.7,3.9,0.3,0.6,0.8,3.5,86,229,100.0
101422,108,37,75,73.8,1402,0.5,3.5,0.6,2.6,2.9,3.6,166,218,94.3
101423,25,5,8,11.2,214,3.0,3.5,1.9,5.9,2.7,2.5,60,107,77.0
101424,46,44,35,49.6,904,5.3,0.7,0.2,2.3,0.9,2.3,124,211,100.0
101425,31,74,104,92.2,1696,4.1,1.1,2.0,4.4,,1.5,26,166,86.3
101426,9,13,91,46.0,894,2.7,0.3,5.2,0.2,4.9,2.0,76,89,98.3
101427,15,65,37,56.8,1006,1.3,3.1,0.5,4.2,3.6,3.0,35,81,90.4
101428,144,39,32,65.0,1222,8.2,,3.5,5.6,2.4,1.5,78,150,81.6
101429,150,2,41,47.6,948,10.0,2.2,7.3,2.3,4.6,4.7,156,104,93.1
101430,25,23,60,42.8,810,3.3,1.0,6.3,0.1,2.9,4.3,53,40,89.6
101431,85,18,45,45.8,880,,1.0,2.4,0.2,0.7,1.6,65,133,99.1
101432,134,17,85,71.0,1386,6.2,4.0,7.4,5.4,2.7,0.6,62,192,63.9
101433,13,63,88,75.6,1386,7.2,3.0,2.6,4.3,0.9,0.0,66,104,85.2
101434,78,87,60,91.8,1662,3.9,3.3,0.6,0.6,3.8,3.6,153,65,100.0
101435,116,34,17,50.4,940,9.0,,8.0,0.3,4.8,1.3,131,212,98.9
101436,6,61,69,65.4,1186,5.6,3.5,7.0,4.8,1.8,0.1,142,160,64.6
101437,136,0,81,59.6,1192,4.5,2.6,3.7,4.9,2.2,2.2,80,138,76.3
101438,114,24,115,83.2,1616,6.5,3.8,5.3,0.7,2.1,5.8,151,112,94.6
101439,175,44,79,93.0,1772,9.5,1.1,5.4,1.8,1.4,4.1,152,229,92.6
101440,71,48,14,48.6,876,7.9,2.4,1.6,4.7,4.0,5.1,89,210,97.9
101441,58,88,47,83.2,1488,0.4,2.8,1.6,3.2,3.1,0.9,79,57,87.7
101442,81,15,71,53.6,1042,3.3,1.6,3.8,5.7,0.3,0.4,107,82,63.8
101443,115,18,12,38.6,736,4.7,3.5,7.3,2.9,4.2,0.1,111,83,78.3
101444,166,22,118,93.6,1828,3.1,,0.1,4.1,0.9,5.7,96,210,88.0
101445,145,82,42,95.0,1736,7.0,2.0,6.3,3.1,4.9,1.8,125,94,88.0
101446,102,24,59,58.4,1120,8.3,1.6,0.5,5.7,1.9,2.8,101,82,91.8
101447,16,15,56,34.6,662,7.3,1.9,3.8,2.4,3.1,2.4,26,69,96.7
101448,13,53,70,62.4,1142,9.9,3.4,5.1,1.4,0.4,4.4,50,70,93.6
101449,158,72,16,81.2,1480,2.7,2.6,5.5,2.0,1.7,1.9,104,195,78.5
101450,151,0,49,49.8,996,8.7,0.2,0.5,5.1,4.0,3.2,67,104,100.0
101451,107,41,31,58.4,1086,7.7,2.2,3.3,3.0,2.4,6.0,61,58,94.4
101452,44,18,21,28.0,524,3.6,0.1,4.7,2.1,4.5,2.7,109,188,91.4
101453,97,33,54,60.8,1150,7.3,3.1,0.5,3.3,2.9,3.3,49,218,100.0
101454,130,79,114,119.0,2222,1.0,1.3,1.1,0.8,4.6,3.0,136,231,100.0
101455,36,54,56,62.0,1132,7.9,1.9,5.3,0.0,4.9,4.8,145,69,100.0
101456,170,17,12,49.0,946,5.3,3.2,4.2,1.7,2.3,1.6,70,159,92.2
101457,167,33,46,71.6,1366,2.9,0.2,1.3,3.6,2.8,1.0,70,77,91.0
101458,107,88,86,108.6,1996,6.6,0.6,4.3,4.3,4.2,4.5,139,30,87.1
101459,38,44,61,58.4,1080,6.4,1.6,7.3,5.0,1.1,2.5,128,88,61.9
101460,14,5,53,27.0,530,2.1,,0.1,5.6,4.3,5.5,177,189,88.7
101461,119,20,28,47.0,900,0.3,1.4,5.1,2.5,3.0,3.9,166,117,76.7
101462,3,69,21,50.4,870,4.3,4.0,0.6,4.4,3.6,3.4,69,31,95.0
101463,92,47,64,72.2,1350,5.7,3.3,0.1,0.4,0.4,0.4,102,88,100.0
101464,152,38,28,64.4,1212,8.8,3.5,1.2,0.3,3.8,4.4,105,160,100.0
101465,140,30,47,64.8,1236,9.3,3.7,3.4,0.7,1.6,4.1,151,230,100.0
101466,160,9,4,39.0,762,5.3,1.4,6.4,2.7,4.0,3.8,31,78,83.5
101467,15,29,34,34.0,622,7.5,1.2,2.3,1.3,2.5,1.6,162,245,100.0
101468,169,17,118,91.2,1790,4.4,0.9,5.0,1.7,1.4,5.7,162,105,84.5
101469,107,59,73,86.0,1602,7.5,3.3,3.3,3.9,4.8,1.9,157,63,96.7
101470,125,87,82,110.0,2026,2.0,2.7,1.9,2.2,3.8,0.9,137,91,96.8
101471,54,72,100,94.0,1736,3.7,0.9,4.1,3.3,4.9,5.9,80,63,89.2
101472,169,14,70,70.2,1376,6.3,1.5,6.4,2.5,1.8,4.5,166,52,79.9
101473,33,3,45,26.4,522,0.2,2.0,6.7,1.0,3.2,2.5,76,48,78.2
101474,157,62,34,82.2,1520,7.2,2.1,6.8,0.4,3.1,5.6,28,209,94.5
101475,12,39,44,43.4,790,8.4,3.6,2.7,1.4,3.4,0.5,48,89,100.0
101476,140,8,12,37.6,736,4.0,1.5,6.3,0.3,0.2,0.5,26,156,81.9
101477,17,8,9,11.8,220,4.5,3.6,1.7,3.7,1.5,4.1,124,125,88.2
101478,159,25,65,72.8,1406,8.5,1.8,5.9,4.8,4.5,1.1,164,185,82.9
101479,95,3,69,48.4,962,7.8,3.0,7.6,2.0,2.1,5.5,98,119,81.5
101480,122,80,71,100.8,1856,2.9,3.7,0.1,2.3,4.8,5.0,163,78,100.0
101481,38,15,99,56.2,1094,3.2,3.6,3.5,4.9,1.1,1.8,125,74,71.2
101482,45,14,24,27.0,512,6.8,0.2,5.2,1.3,5.0,5.3,102,105,100.0
101483,28,51,43,53.4,966,5.6,0.8,5.6,0.7,3.5,0.3,108,136,95.8
101484,61,68,59,76.6,1396,1.6,1.9,1.4,3.0,3.9,3.3,95,89,94.3
101485,15,4,46,23.8,468,3.1,1.7,7.8,3.9,2.0,5.6,29,232,61.5
101486,120,19,39,51.0,982,9.0,2.6,4.9,3.6,4.5,5.1,171,213,93.9
101487,9,78,6,51.0,864,6.9,3.8,1.3,4.3,2.7,2.1,69,161,95.2
101488,157,17,45,59.6,1158,9.9,0.4,0.2,0.3,3.4,1.1,145,175,100.0
101489,152,1,22,39.8,794,7.7,,6.3,2.6,0.5,1.3,62,186,78.7
101490,102,12,82,60.4,1184,9.4,0.8,0.6,1.4,3.2,3.1,73,149,100.0
101491,83,3,45,36.4,722,2.2,3.6,1.1,4.6,4.4,3.6,62,196,90.2
101492,132,41,85,85.0,1618,7.7,3.9,4.6,5.2,0.9,0.2,56,84,73.7
101493,64,73,12,61.4,1082,0.2,1.9,4.8,1.7,3.7,2.5,147,215,83.8
101494,176,60,20,79.2,1464,6.7,0.4,5.5,0.6,0.1,5.0,148,204,88.7
101495,2,7,0,4.6,78,4.7,3.1,3.1,1.5,4.6,2.7,112,60,100.0
101496,172,66,18,81.2,1492,3.5,2.8,6.2,0.6,4.9,1.0,35,144,93.9
101497,141,62,59,89.0,1656,8.6,1.4,7.8,1.9,1.8,5.7,56,185,81.9
101498,119,8,32,41.4,812,8.5,3.5,2.2,3.2,0.5,1.6,154,184,93.7
101499,157,10,3,38.6,752,0.2,3.9,5.6,5.8,3.3,4.8,59,59,58.9
101500,67,41,105,80.0,1518,6.1,2.2,7.4,2.4,0.1,1.2,83,78,70.9
101501,145,12,2,37.0,716,3.7,2.3,5.5,1.3,2.4,2.5,133,199,86.1
101502,36,35,90,64.2,1214,4.2,1.2,5.4,1.0,1.4,2.9,41,104,86.0
101503,152,12,51,58.0,1136,8.3,2.3,1.8,1.0,2.4,3.0,62,235,100.0
101504,175,11,104,83.2,1642,3.1,1.8,4.3,1.2,0.1,3.1,81,97,83.3
101505,180,36,98,96.8,1864,9.4,1.2,4.5,4.6,0.3,1.3,174,129,78.7
101506,72,73,27,69.0,1234,1.8,0.3,5.6,0.4,0.1,3.1,48,158,79.5
101507,142,72,69,99.2,1840,6.6,1.0,8.0,6.0,3.1,2.9,35,201,60.5
101508,48,51,69,67.8,1254,6.7,0.8,0.3,3.1,2.8,1.3,158,132,100.0
101509,120,70,54,87.6,1612,2.5,2.2,0.5,3.3,1.2,5.9,40,194,90.1
101510,87,1,56,40.4,806,3.2,2.4,0.6,2.1,3.2,5.2,156,190,100.0
101511,139,55,107,103.6,1962,8.3,2.4,5.9,4.1,4.4,5.3,46,178,85.7
101512,36,59,86,77.0,1422,7.6,1.6,1.1,2.8,1.4,4.1,146,117,100.0
101513,60,22,96,63.6,1228,3.3,1.7,5.0,2.0,4.2,1.0,105,197,89.2
101514,170,39,15,63.4,1190,5.3,3.3,2.6,1.6,3.3,3.4,126,218,100.0
101515,123,63,23,71.6,1306,0.6,1.9,3.7,5.6,,4.9,170,143,59.0
101516,38,84,68,85.2,1536,2.1,4.0,1.7,1.7,1.9,0.2,70,42,94.6
101517,62,22,40,41.6,788,4.9,1.8,6.9,2.6,2.5,3.0,99,142,76.7
101518,45,28,105,67.8,1300,0.9,2.6,4.7,2.1,3.7,2.4,150,195,83.6
101519,87,77,76,94.0,1726,8.4,0.2,7.6,0.5,1.4,1.3,163,186,88.1
101520,10,89,46,73.8,1298,7.2,2.6,4.6,1.1,4.9,2.3,155,210,100.0
101521,61,50,75,72.2,1344,9.4,3.4,1.0,1.1,3.4,5.9,109,93,100.0
101522,76,68,68,83.2,1528,6.9,3.8,1.4,4.2,1.9,4.3,67,65,92.9
101523,152,88,100,123.2,2288,9.4,4.0,7.9,2.4,0.5,1.8,73,133,76.7
101524,51,30,30,40.2,744,5.5,1.1,5.8,4.7,0.9,3.6,122,140,67.0
101525,3,49,91,66.4,1230,6.0,2.3,0.4,4.3,,1.5,55,34,96.1
101526,58,19,91,59.4,1150,9.8,1.8,5.6,1.2,2.5,3.7,25,177,98.7
101527,71,54,29,58.2,1056,6.4,2.3,3.3,3.4,3.8,5.4,31,168,94.0
101528,147,80,17,84.2,1524,0.3,0.6,2.5,4.5,3.6,3.3,122,101,78.9
101529,92,1,43,36.2,722,7.2,3.4,1.2,3.8,1.0,4.4,84,185,93.6
101530,62,24,26,37.2,696,9.1,,6.7,3.6,,2.7,108,206,82.4
101531,53,12,98,57.0,1116,8.0,1.8,0.5,4.4,0.1,3.1,110,198,92.3
101532,116,69,25,74.6,1354,5.8,1.1,2.3,0.3,2.0,4.2,106,175,100.0
101533,109,66,120,109.4,2056,6.7,0.6,2.5,4.4,3.8,4.9,40,187,92.8
101534,73,57,102,89.6,1678,9.9,2.7,1.3,1.6,2.0,4.0,107,157,100.0
101535,106,81,112,114.6,2130,0.9,1.2,4.1,3.4,4.2,5.9,32,171,81.0
101536,56,74,114,101.2,1876,6.7,3.6,0.1,1.5,4.9,4.9,139,85,100.0
101537,168,83,59,107.0,1974,2.8,2.7,2.4,5.0,3.0,4.7,162,102,80.0
101538,2,63,17,45.0,774,6.4,2.6,7.5,2.9,0.7,5.1,148,231,70.4
101539,119,68,96,103.0,1924,6.1,2.2,2.5,3.9,1.9,1.7,70,246,88.4
101540,5,82,88,85.4,1544,1.5,0.2,2.9,4.8,0.0,2.6,61,209,67.4
101541,4,85,55,73.8,1306,2.1,3.7,3.8,5.4,3.0,3.4,81,120,71.0
101542,4,58,30,47.6,836,6.2,2.5,4.5,4.4,4.1,2.8,114,223,84.7
101543,53,59,100,86.0,1602,1.3,4.0,6.5,0.9,3.1,5.1,179,224,81.4
101544,46,82,58,81.6,1468,2.7,2.1,1.5,5.1,3.9,0.2,119,58,85.6
101545,176,61,1,72.2,1322,8.4,2.8,7.0,3.7,4.0,1.3,80,157,82.3
101546,8,15,96,49.0,950,3.3,0.2,6.1,3.7,4.3,5.3,112,56,76.6
101547,98,87,38,87.0,1566,4.9,2.5,5.8,5.5,1.3,0.4,171,97,63.0
101548,19,67,60,68.0,1226,9.4,3.1,0.7,1.5,4.4,1.4,174,192,100.0
101549,121,14,106,75.0,1472,2.3,3.1,0.2,1.4,3.3,2.1,40,120,100.0
101550,60,88,106,107.2,1968,3.9,3.1,4.8,3.1,1.4,4.5,37,240,77.3
101551,122,54,62,81.6,1524,6.1,0.9,6.9,4.5,4.9,3.4,74,39,76.8
101552,162,34,95,90.8,1748,7.6,3.9,4.7,2.7,,5.7,87,156,97.3
101553,177,54,17,74.6,1384,9.0,4.0,1.7,3.8,2.9,1.4,66,55,100.0
101554,81,13,16,30.4,582,9.2,0.3,0.7,2.7,4.2,5.2,73,100,100.0
101555,61,48,97,79.8,1500,,3.7,5.6,3.7,1.3,1.7,37,120,78.6
101556,144,82,38,93.2,1700,2.3,1.2,5.8,4.9,2.1,1.5,147,123,63.2
101557,2,6,70,32.0,628,0.2,2.8,1.4,1.1,0.9,3.0,68,105,92.0
101558,159,29,105,91.2,1766,3.8,1.4,0.2,4.2,2.6,0.4,113,133,93.6
101559,12,82,53,72.8,1292,1.4,3.9,3.3,4.7,2.5,2.3,76,218,73.6
101560,119,48,116,99.0,1884,7.1,0.4,4.7,2.7,1.1,2.1,25,226,85.2
101561,124,88,98,116.8,2160,6.6,2.0,5.6,1.9,3.4,1.0,97,213,91.5
101562,88,15,93,63.8,1246,0.4,1.7,6.5,0.1,0.6,5.2,39,106,76.1
101563,72,50,75,74.4,1388,8.4,1.3,4.9,4.8,0.3,2.3,69,221,74.1
101564,67,71,34,69.6,1250,2.5,2.6,0.9,2.0,1.9,5.9,28,70,97.1
101565,141,81,10,80.8,1454,4.3,0.5,5.5,2.1,,5.4,161,161,82.1
101566,100,79,60,91.4,1670,6.7,2.9,7.9,2.0,1.6,1.2,139,95,76.6
101567,97,82,43,85.8,1552,4.3,3.9,7.2,3.0,1.3,3.0,170,194,68.7
101568,10,41,120,74.6,1410,4.4,3.2,7.0,4.2,1.7,3.6,67,63,64.9
101569,104,16,67,57.2,1112,0.7,3.4,2.4,4.6,0.8,4.9,99,151,71.2
101570,66,62,24,60.0,1076,4.0,1.4,6.0,2.4,2.0,5.3,75,79,78.0
101571,122,44,47,69.6,1304,7.6,1.3,6.8,4.0,,3.7,140,227,81.5
101572,28,76,31,63.6,1120,9.2,2.1,5.4,4.3,1.1,0.2,59,119,78.6
101573,136,6,83,64.0,1268,4.1,0.2,2.0,1.8,3.4,2.9,116,232,100.0
101574,152,26,113,91.2,1772,4.2,3.8,7.6,0.6,0.7,5.3,105,71,77.1
101575,75,9,94,58.0,1142,7.0,0.6,3.6,5.4,1.8,4.3,62,158,78.0
101576,169,33,3,54.8,1030,9.4,3.6,1.0,4.1,1.6,5.2,141,63,99.1
101577,8,35,117,69.4,1318,2.7,0.3,0.9,3.9,4.7,4.0,178,242,96.4
101578,39,24,37,37.0,692,4.4,3.3,5.2,0.4,2.1,0.3,89,167,92.3
101579,24,5,116,54.2,1074,8.0,0.6,3.5,4.9,,5.8,119,34,88.0
101580,4,23,62,39.4,742,6.1,0.2,0.8,3.4,3.0,5.5,150,119,100.0
101581,138,17,46,56.2,1090,1.1,2.9,5.9,5.1,0.7,0.8,151,201,55.2
101582,123,86,0,76.2,1352,6.3,1.1,6.4,5.8,4.7,0.7,174,176,72.1
101583,37,5,2,11.2,214,1.9,2.9,5.8,5.7,1.7,3.2,108,178,57.2
101584,71,28,100,71.0,1364,5.1,2.2,1.6,5.1,0.2,4.5,46,150,78.9
101585,132,24,85,74.8,1448,5.3,0.4,5.5,0.1,1.5,2.3,124,191,92.6
101586,175,54,61,91.8,1728,8.8,3.7,0.1,5.3,1.7,0.8,119,58,95.8
101587,89,80,63,91.0,1660,4.6,1.8,2.4,0.5,0.5,3.1,79,131,98.6
101588,145,45,16,62.4,1158,,2.9,3.2,5.1,3.1,2.0,55,236,76.6
101589,36,23,77,51.8,990,2.3,2.0,6.7,1.7,1.7,2.1,137,69,74.4
101590,59,74,104,97.8,1808,8.7,2.4,3.1,3.7,3.1,3.9,80,237,95.8
101591,175,25,61,74.4,1438,1.7,1.2,0.1,0.2,0.0,5.3,26,144,100.0
101592,27,27,34,35.2,650,4.3,0.8,2.8,4.6,4.9,3.4,177,47,89.1
101593,80,2,12,22.0,436,1.9,2.2,4.0,0.7,0.9,4.1,69,152,87.0
101594,113,74,34,80.6,1464,7.7,1.8,7.6,2.5,3.3,4.0,135,78,82.4
101595,39,37,42,46.8,862,4.7,,7.5,4.9,3.6,3.3,147,218,65.7
101596,44,60,1,45.2,784,3.5,2.7,1.4,4.2,0.9,1.9,24,94,83.1
101597,61,77,55,80.4,1454,3.6,2.8,1.5,0.0,0.6,2.3,89,232,100.0
101598,92,50,110,92.4,1748,8.5,0.2,1.3,2.4,0.8,1.9,51,193,100.0
101599,114,89,76,106.6,1954,5.5,1.4,6.3,0.3,1.2,5.5,98,249,87.9
101600,66,47,50,61.4,1134,7.2,1.6,0.0,4.0,0.8,5.0,134,99,96.8
101601,55,20,53,44.2,844,9.0,0.4,1.0,5.8,3.4,3.5,96,36,95.2
101602,39,53,15,45.6,806,9.0,0.9,4.3,3.9,2.1,5.5,93,90,87.6
101603,97,55,17,59.2,1074,3.3,0.2,2.0,1.3,2.7,5.3,76,221,100.0
101604,39,58,6,45.0,784,9.5,4.0,0.7,2.1,0.2,5.6,30,133,100.0
101605,90,71,44,78.2,1422,0.2,2.9,2.9,5.9,4.3,1.3,123,117,72.2
101606,32,50,35,50.4,908,3.8,0.3,2.2,1.3,0.9,4.3,149,231,95.0
101607,5,19,40,28.4,530,9.0,0.1,4.1,3.4,1.8,3.7,137,187,90.0
101608,146,85,93,117.4,2178,2.7,,7.8,2.4,0.4,4.4,139,46,63.4
101609,79,58,41,67.0,1224,2.7,1.8,1.0,4.6,0.7,1.6,68,201,80.5
101610,167,70,104,117.0,2200,3.0,3.1,3.0,5.2,3.3,4.2,57,229,77.9
101611,91,8,6,25.4,492,6.1,3.7,7.5,2.0,,2.5,35,105,82.7
101612,96,0,14,24.8,496,4.4,2.4,7.0,4.0,3.4,5.0,139,55,71.0
101613,58,28,59,52.0,984,,0.7,3.2,3.3,2.8,4.8,107,174,93.7
101614,58,62,39,64.4,1164,8.9,3.1,5.6,1.7,4.8,1.3,138,192,100.0
101615,47,71,82,84.8,1554,,3.8,0.7,1.6,2.5,1.1,97,203,100.0
101616,168,55,106,109.0,2070,2.0,2.3,5.7,3.2,2.2,4.3,46,137,71.8
101617,12,67,36,57.0,1006,9.3,2.7,7.8,0.9,1.2,3.3,93,162,86.5
101618,106,34,65,67.6,1284,2.6,1.3,4.3,4.9,0.5,3.3,142,74,65.0
101619,44,2,105,52.0,1036,1.5,,4.0,0.4,2.7,4.5,175,104,93.1
101620,88,6,111,65.6,1300,0.9,2.9,1.5,0.6,1.6,5.1,64,173,97.6
101621,180,26,54,73.2,1412,5.6,3.7,5.1,2.1,2.6,1.4,147,87,88.1
101622,169,0,76,64.2,1284,1.1,2.5,4.7,0.7,1.0,3.3,79,71,82.9
101623,99,90,103,115.0,2120,1.4,,5.2,2.9,4.2,5.0,145,123,80.1
101624,154,79,104,119.8,2238,3.0,0.7,0.2,2.4,5.0,5.2,54,217,100.0
101625,165,70,106,117.4,2208,2.8,0.8,4.4,4.3,1.6,1.7,60,213,71.3
101626,6,43,106,69.4,1302,6.0,2.1,4.8,5.7,4.2,0.6,152,163,76.9
101627,132,86,118,125.2,2332,8.2,0.7,1.7,4.5,4.4,1.4,24,49,100.0
101628,44,40,94,70.4,1328,7.6,2.5,1.7,1.1,5.0,5.7,169,241,100.0
101629,57,74,79,87.4,1600,2.6,1.2,2.2,5.6,1.7,2.8,53,53,73.5
101630,30,41,105,72.6,1370,2.5,3.2,5.7,2.4,3.8,2.5,164,120,81.6
101631,22,32,55,45.6,848,9.7,3.2,4.9,2.8,1.1,0.1,70,224,89.1
101632,169,49,43,80.4,1510,0.1,1.9,6.8,2.5,3.1,0.3,156,245,69.8
101633,137,62,56,87.0,1616,8.8,0.7,2.4,1.7,3.5,4.0,144,81,100.0
101634,159,36,5,55.4,1036,2.0,2.6,7.3,5.4,3.7,3.5,162,167,58.9
101635,106,58,91,92.4,1732,9.5,4.0,5.9,2.0,1.0,3.5,128,182,88.4
101636,180,80,31,96.4,1768,3.4,2.5,3.2,3.5,4.2,0.7,176,249,89.1
101637,157,47,107,102.4,1954,4.4,0.1,0.8,1.4,2.1,2.1,172,239,100.0
101638,38,4,73,39.2,776,7.1,0.1,2.1,4.8,1.1,4.9,104,135,85.1
101639,158,47,113,105.0,2006,5.9,1.3,7.7,4.6,2.7,1.0,47,202,66.1
101640,81,2,17,24.2,480,3.2,0.8,2.5,1.8,4.3,5.3,170,235,100.0
101641,99,46,67,74.2,1392,5.5,3.3,2.6,4.1,4.8,0.7,122,30,94.5
101642,1,61,72,65.6,1190,,3.4,1.5,4.2,3.7,1.0,119,241,98.7
101643,76,13,6,25.4,482,,1.0,6.5,3.4,0.0,2.9,22,54,57.8
101644,11,62,113,84.6,1568,0.1,1.3,2.2,3.6,0.7,5.7,52,233,75.5
101645,38,60,7,46.4,808,4.6,0.9,2.6,3.4,0.4,2.0,88,141,83.0
101646,12,30,63,45.6,852,1.3,3.6,3.3,0.5,0.5,3.9,109,132,88.4
101647,45,16,106,61.0,1188,6.6,2.0,3.5,4.0,1.9,3.5,36,230,84.9
101648,154,23,6,47.0,894,2.1,2.6,3.3,2.8,1.7,0.9,100,166,82.1
101649,112,22,40,51.6,988,4.3,1.7,4.0,2.6,0.6,1.5,130,199,81.4
101650,16,81,39,67.4,1186,2.0,2.5,6.5,5.2,4.4,5.6,86,220,65.2
101651,103,49,2,50.8,918,5.5,1.5,6.6,0.1,3.1,1.1,86,134,93.4
101652,97,77,16,72.0,1286,1.2,1.4,6.4,1.5,4.0,4.2,53,182,81.3
101653,87,78,65,90.2,1648,0.2,2.5,0.8,0.7,1.9,5.8,27,77,99.4
101654,108,78,78,99.6,1836,0.5,2.4,6.4,0.2,2.1,0.7,64,212,80.7
101655,162,69,109,117.4,2210,9.5,1.2,1.0,1.7,1.6,2.4,79,249,100.0
101656,69,26,92,66.2,1272,1.4,0.6,1.0,5.9,2.2,1.3,89,95,75.9
101657,157,14,113,85.0,1672,7.1,1.5,7.6,1.6,3.1,1.3,120,246,85.1
101658,73,49,111,88.4,1670,0.7,1.7,6.6,4.0,2.5,0.7,128,239,62.5
101659,62,35,51,53.8,1006,1.1,2.5,4.4,0.7,4.2,3.9,169,53,93.7
101660,155,7,21,43.6,858,5.1,3.7,7.0,3.6,4.5,4.5,131,111,77.7
101661,59,78,3,59.8,1040,4.6,0.1,7.9,5.9,2.3,4.1,71,120,55.0
101662,78,2,120,64.8,1292,9.5,1.0,4.9,1.8,1.2,5.5,138,201,94.0
101663,36,61,115,89.8,1674,9.4,0.8,4.9,5.1,4.7,0.9,93,213,87.8
101664,21,46,5,33.8,584,7.8,2.0,6.0,6.0,3.7,1.9,85,64,72.7
101665,147,76,37,89.8,1644,6.0,1.7,1.9,3.5,3.2,2.1,168,63,96.5
101666,95,87,25,81.2,1450,4.5,2.9,1.3,1.9,3.7,1.4,171,35,100.0
101667,67,60,10,53.4,948,3.6,1.0,6.1,4.0,0.4,0.9,140,206,64.0
101668,16,31,89,57.4,1086,9.5,2.4,2.8,5.1,0.3,2.9,32,173,83.2
101669,11,12,16,15.8,292,6.0,3.5,1.1,1.0,0.8,5.0,83,244,100.0
101670,149,0,87,64.6,1292,5.8,3.6,2.5,2.7,,5.7,24,249,90.2
101671,144,33,91,85.0,1634,2.3,3.8,2.9,1.9,2.1,0.8,165,170,89.8
101672,137,61,98,103.2,1942,0.5,3.1,7.7,1.7,0.8,4.9,135,41,64.1
101673,117,78,30,82.2,1488,9.5,3.6,5.6,5.2,4.3,4.9,56,168,83.5
101674,21,77,76,80.8,1462,3.1,0.9,4.2,2.5,2.9,2.3,73,76,85.6
101675,119,81,117,119.2,2222,4.4,0.8,7.8,2.0,,0.7,51,89,73.0
101676,49,70,34,65.4,1168,1.1,0.0,7.2,3.6,0.3,5.9,47,78,56.3
101677,13,30,15,26.6,472,8.4,2.8,4.1,1.3,3.0,3.9,105,81,100.0
101678,174,63,78,103.8,1950,,3.7,7.2,1.4,0.6,5.9,64,90,66.6
101679,28,24,106,62.4,1200,8.3,0.7,3.2,3.1,3.7,2.9,47,243,99.4
101680,163,37,17,61.6,1158,1.4,2.5,1.8,2.5,4.0,2.4,84,124,95.1
101681,179,13,110,87.6,1726,8.9,3.0,1.9,1.8,2.7,1.5,89,149,100.0
101682,124,7,100,69.0,1366,7.3,3.7,5.3,0.3,0.7,5.9,61,248,94.0
101683,6,90,111,99.6,1812,1.6,2.6,4.0,3.1,3.9,1.5,35,248,83.4
101684,28,53,61,61.8,1130,5.7,3.9,5.3,4.9,1.5,0.1,160,69,70.2
101685,138,1,111,72.6,1450,3.1,1.4,5.5,5.1,1.1,3.1,168,119,62.0
101686,32,80,112,99.2,1824,1.8,1.4,0.2,1.4,2.4,2.3,78,100,100.0
101687,133,77,104,114.4,2134,8.6,2.2,0.4,3.6,4.6,1.6,66,232,100.0
101688,110,88,26,85.2,1528,4.0,1.5,4.3,5.1,1.5,3.8,129,210,69.8
101689,78,55,118,95.8,1806,4.0,0.0,1.5,2.5,4.5,2.2,145,90,100.0
101690,159,83,34,95.2,1738,1.7,2.9,5.1,5.6,0.3,2.4,62,179,55.9
101691,178,84,115,132.0,2472,3.8,,4.4,5.4,0.4,0.1,174,240,64.2
101692,57,60,44,65.0,1180,8.7,3.0,4.7,1.2,3.5,3.5,128,67,100.0
101693,25,21,117,64.4,1246,3.6,1.4,2.4,1.6,1.0,0.7,133,241,92.6
101694,173,34,34,68.6,1304,9.5,2.1,5.1,1.1,1.6,1.3,22,90,97.9
101695,28,15,27,25.4,478,,1.4,6.6,1.2,0.7,4.3,95,240,88.7
101696,3,49,102,70.8,1318,1.4,0.1,8.0,5.4,1.7,1.9,26,112,48.9
101697,98,42,101,85.2,1620,1.8,,6.7,5.6,1.4,1.0,39,129,53.0
101698,140,16,8,40.8,784,8.6,0.5,4.5,0.3,3.7,3.5,98,147,100.0
101699,38,79,75,85.0,1542,3.9,0.3,1.5,3.6,3.5,1.3,84,76,94.3
101700,14,57,14,42.6,738,0.0,3.0,5.5,3.4,4.8,1.6,134,56,75.4
101701,118,1,20,32.2,642,2.7,0.0,7.5,2.3,3.6,3.7,161,238,74.7
101702,28,3,51,27.8,550,6.0,3.8,1.7,3.8,3.5,4.4,117,175,96.7
101703,156,84,34,95.2,1736,8.0,2.1,2.0,5.7,3.5,4.4,68,154,90.0
101704,74,38,105,79.6,1516,1.3,3.9,1.2,1.0,4.4,2.9,93,49,100.0
101705,115,5,96,64.4,1278,1.1,0.2,5.9,0.7,1.5,2.7,56,71,79.6
101706,31,80,50,74.2,1324,9.2,2.3,3.3,0.2,1.5,4.7,153,70,100.0
101707,129,88,82,111.4,2052,7.5,1.4,0.5,2.2,3.7,1.2,25,101,100.0
101708,174,68,54,97.2,1808,5.9,3.4,7.0,2.0,1.1,0.9,47,87,77.1
101709,83,68,86,91.8,1700,7.7,1.4,4.5,2.6,4.6,4.0,121,69,98.2
101710,21,19,76,46.0,882,4.3,1.0,2.6,3.0,2.7,2.5,140,232,91.3
101711,26,63,43,60.2,1078,7.6,3.4,2.8,4.5,1.5,4.3,160,148,86.0
101712,80,15,64,50.6,982,3.7,1.5,2.3,2.4,3.9,1.5,32,187,97.9
101713,125,50,114,100.6,1912,2.4,0.1,3.6,2.0,1.6,1.9,142,169,85.2
101714,91,36,92,76.6,1460,7.3,1.6,2.7,5.0,4.8,5.4,29,147,93.2
101715,20,72,87,82.0,1496,4.2,2.6,4.4,5.1,,2.5,99,91,80.0
101716,46,68,79,81.6,1496,9.8,1.0,6.2,1.4,3.3,3.5,118,219,97.7
101717,100,41,24,54.2,1002,3.5,1.7,5.4,1.9,0.6,0.6,170,116,77.7
101718,83,56,118,97.4,1836,9.2,0.2,2.4,5.0,1.3,1.1,56,99,87.7
101719,5,65,86,74.4,1358,9.3,2.4,4.2,0.5,2.6,0.2,140,128,100.0
101720,146,8,91,70.4,1392,2.4,3.0,6.7,2.0,4.3,2.5,27,172,80.9
101721,130,85,46,95.4,1738,8.0,1.7,0.5,2.7,0.9,5.9,105,153,100.0
101722,0,63,79,69.4,1262,4.3,1.7,0.6,1.1,0.5,5.2,24,249,100.0
101723,57,85,106,104.8,1926,9.2,0.4,4.4,1.1,0.4,3.8,141,36,96.5
101724,123,21,55,59.2,1142,4.5,0.8,5.1,2.5,2.5,5.2,46,163,83.6
101725,165,33,37,67.6,1286,7.4,0.6,1.7,4.5,4.4,3.6,143,56,98.7
101726,14,54,10,39.2,676,4.7,1.9,6.0,5.0,0.2,2.2,166,31,61.0
101727,161,28,66,75.4,1452,2.3,2.1,5.2,5.9,1.1,1.0,62,163,57.6
101728,162,37,14,60.2,1130,2.0,3.8,7.4,0.4,3.5,3.9,54,90,82.9
101729,63,17,0,22.8,422,4.3,0.3,1.4,1.3,4.1,1.2,74,189,100.0
101730,24,70,6,49.2,844,7.6,2.4,6.0,4.5,4.0,2.5,80,186,80.7
101731,23,64,0,43.0,732,6.1,2.1,0.7,3.2,3.9,5.0,66,94,100.0
101732,11,0,48,21.4,428,6.9,2.1,4.5,2.0,0.6,0.8,121,172,87.6
101733,17,87,95,93.6,1698,2.8,3.5,4.4,1.2,2.0,0.8,96,167,88.0
101734,14,3,72,33.4,662,4.8,0.8,3.1,1.7,4.9,1.3,75,39,100.0
101735,26,3,28,18.2,358,0.4,0.2,6.8,2.6,4.9,3.3,101,39,75.3
101736,71,81,25,72.8,1294,8.2,2.7,0.0,1.1,3.0,1.5,165,66,100.0
101737,59,26,86,61.8,1184,9.9,1.4,4.2,5.8,3.5,3.0,72,61,84.5
101738,173,42,44,77.4,1464,4.1,0.1,1.7,0.6,4.8,1.8,108,65,100.0
101739,144,58,106,106.0,2004,0.1,1.0,5.9,5.9,2.2,3.0,104,93,53.7
101740,92,31,92,73.8,1414,1.7,1.2,0.3,5.1,0.7,1.7,158,246,78.8
101741,52,32,115,75.6,1448,6.5,2.5,6.7,2.5,3.3,5.9,131,172,83.6
101742,7,27,101,58.0,1106,6.1,0.7,6.7,4.4,4.8,3.0,148,102,77.8
101743,78,54,96,86.4,1620,7.9,1.7,6.7,4.0,3.5,4.5,115,45,79.5
101744,26,59,70,68.6,1254,2.5,1.9,1.2,1.3,4.0,4.2,27,134,100.0
101745,173,69,11,80.4,1470,7.6,1.8,5.0,2.0,2.1,2.9,166,112,91.5
101746,49,61,94,84.0,1558,6.9,3.9,0.1,3.1,0.5,1.4,35,203,99.4
101747,130,79,31,85.8,1558,3.2,0.2,6.8,3.8,0.8,3.1,85,151,62.6
101748,92,33,117,85.0,1634,5.5,3.8,5.8,3.3,4.9,4.1,31,201,86.0
101749,171,86,19,93.4,1696,1.5,2.3,4.2,2.8,2.5,2.8,112,105,79.7
101750,180,87,118,135.4,2534,4.5,3.2,5.8,2.7,0.1,0.5,93,64,72.6
101751,23,55,50,57.6,1042,8.8,1.7,0.8,3.0,4.8,0.1,105,154,100.0
101752,59,12,80,51.0,996,4.2,1.8,4.2,2.6,2.5,2.0,117,80,86.1
101753,121,55,35,71.2,1314,8.4,3.5,2.3,3.2,4.2,0.9,40,136,100.0
101754,130,17,66,62.6,1218,5.9,3.6,7.8,5.3,2.7,5.4,56,215,62.2
101755,147,53,0,61.2,1118,1.9,1.0,6.9,3.8,0.5,1.1,24,34,58.7
101756,45,76,113,99.8,1844,5.8,0.8,5.9,4.3,3.1,2.4,179,195,75.8
101757,14,42,26,38.4,684,,2.0,7.5,3.6,5.0,4.3,86,35,77.2
101758,152,38,116,99.6,1916,4.0,3.6,2.8,3.9,0.2,4.9,29,208,77.9
101759,16,60,110,83.2,1544,1.2,1.3,7.2,3.5,4.2,2.9,107,171,68.7
101760,125,41,39,65.2,1222,4.2,2.6,2.6,0.2,1.2,1.1,103,205,100.0
101761,83,80,96,103.0,1900,0.7,2.8,5.9,6.0,2.0,1.6,81,41,53.8
101762,8,78,83,81.6,1476,1.0,3.1,5.9,0.2,1.9,2.5,56,143,83.1
101763,165,17,13,48.4,934,4.2,2.3,0.1,2.4,4.5,2.2,68,243,100.0
101764,175,22,99,87.8,1712,3.1,1.6,2.9,0.6,2.5,2.1,43,209,99.1
101765,62,53,68,71.4,1322,9.3,3.9,0.2,0.6,2.2,0.8,101,143,100.0
101766,116,29,86,75.0,1442,3.8,2.4,8.0,4.8,4.1,5.5,173,97,63.9
101767,129,57,108,103.2,1950,7.6,2.9,1.0,2.6,,0.2,125,136,98.8
101768,87,67,119,105.2,1970,5.3,1.4,4.3,4.8,0.4,2.6,74,88,70.6
101769,71,66,78,85.0,1568,7.0,2.7,6.3,1.6,0.1,5.9,26,47,81.1
101770,138,70,5,71.6,1292,2.6,1.0,1.6,1.5,3.4,4.0,149,210,100.0
101771,63,17,32,35.6,678,9.4,1.0,3.9,1.5,,2.1,177,60,100.0
101772,71,6,54,39.4,776,5.3,2.9,4.9,3.7,4.4,0.9,142,64,85.7
101773,20,39,18,34.6,614,8.3,2.1,1.3,4.9,2.5,5.8,39,33,94.4
101774,17,69,76,75.2,1366,3.7,2.7,6.2,2.7,1.1,0.1,75,38,72.4
101775,63,85,28,74.8,1326,1.0,1.1,2.4,2.3,4.0,4.1,43,138,92.9
101776,81,64,60,78.6,1444,6.7,2.4,1.7,5.8,1.5,5.3,127,172,82.1
101777,109,67,69,89.6,1658,0.1,1.8,4.5,0.7,4.7,0.2,159,71,92.8
101778,94,48,78,78.8,1480,4.8,2.4,3.3,2.9,1.3,4.4,110,216,85.8
101779,165,51,79,95.2,1802,1.9,1.2,7.4,2.5,0.8,6.0,34,114,64.1
101780,31,28,23,32.2,588,6.3,2.9,7.0,0.6,2.5,3.8,92,125,89.1
101781,10,20,22,22.8,416,9.8,3.2,3.9,1.6,0.3,2.5,80,230,96.9
101782,44,89,111,106.6,1954,4.6,1.0,2.9,0.2,,5.2,47,141,97.2
101783,32,77,9,56.2,970,8.2,1.2,2.6,5.3,2.5,3.3,129,61,87.0
101784,101,8,53,46.2,908,5.1,2.6,2.1,3.6,1.1,4.5,22,109,87.1
101785,168,46,104,102.8,1964,5.0,2.8,4.4,4.9,0.0,3.5,35,74,67.9
101786,135,75,40,88.0,1610,9.3,2.8,6.4,3.1,1.5,0.2,151,34,82.0
101787,10,41,48,45.8,834,8.9,2.7,2.5,3.6,2.4,1.3,28,188,97.0
101788,178,50,16,72.0,1340,7.9,1.6,1.5,4.2,2.0,0.5,129,182,94.8
101789,87,55,112,95.2,1794,3.0,1.6,3.8,5.4,0.7,0.6,31,213,65.9
101790,40,50,55,60.0,1100,5.5,1.0,0.6,0.6,2.9,0.1,93,30,100.0
101791,144,69,107,113.0,2122,2.2,,5.6,2.0,3.6,2.5,63,90,82.8
101792,75,19,44,44.0,842,4.4,2.8,4.1,4.3,3.4,1.1,127,96,81.1
101793,120,87,29,87.8,1582,4.8,0.4,4.0,5.8,2.0,5.1,166,242,70.6
101794,45,26,43,41.8,784,8.3,,2.4,5.9,0.7,4.5,32,249,79.6
101795,159,37,109,97.6,1878,9.0,3.3,7.2,3.8,2.5,3.4,84,96,77.7
101796,79,71,73,87.6,1610,4.1,3.4,0.7,1.2,4.5,2.9,111,199,100.0
101797,53,64,54,70.6,1284,0.2,3.6,7.0,0.7,2.3,1.5,123,125,75.8
101798,85,53,18,56.0,1014,8.6,1.6,3.0,5.7,1.0,2.8,135,123,79.7
101799,91,23,28,43.2,818,1.7,3.4,7.0,2.6,0.5,3.8,150,88,63.9
101800,147,46,1,57.4,1056,6.2,0.6,5.8,1.2,4.7,4.7,128,207,97.3
101801,160,70,35,88.0,1620,0.2,0.1,0.8,5.6,3.7,0.5,172,234,80.3
101802,167,82,18,89.8,1632,4.0,3.1,6.7,0.6,1.6,4.3,140,63,83.0
101803,159,85,6,85.2,1534,9.9,0.3,5.5,4.4,1.5,4.5,127,141,80.3
101804,96,62,25,66.4,1204,1.0,4.0,0.3,3.8,4.5,3.4,35,97,95.3
101805,1,56,78,65.0,1188,4.2,2.7,1.1,0.5,0.9,1.3,62,211,100.0
101806,32,54,110,82.8,1548,3.1,3.0,5.1,2.0,2.7,3.2,75,239,83.9
101807,157,59,119,114.4,2170,9.1,1.0,5.3,0.9,3.6,3.0,155,171,100.0
101808,160,61,37,83.4,1546,8.7,2.7,6.0,3.6,2.0,2.9,122,189,81.4
101809,76,29,2,33.4,610,2.4,0.2,5.8,2.9,0.2,2.8,170,227,67.7
101810,115,21,101,76.0,1478,0.8,3.4,5.3,0.0,1.1,0.7,25,136,83.7
101811,153,74,79,106.6,1984,6.3,0.7,6.1,5.9,4.5,1.1,62,110,72.2
101812,149,83,65,105.6,1946,3.4,2.8,4.6,2.1,2.6,0.6,63,37,85.7
101813,102,28,94,74.8,1440,6.7,0.9,2.1,1.5,4.1,1.5,137,192,100.0
101814,165,40,91,93.4,1788,0.3,0.3,7.3,1.3,2.8,1.6,99,53,73.3
101815,102,41,70,73.0,1378,1.3,1.9,0.1,1.0,4.7,1.5,42,32,100.0
101816,89,64,93,93.4,1740,6.9,0.7,2.9,6.0,4.5,1.3,163,110,85.7
101817,173,30,42,69.4,1328,2.1,2.9,5.8,1.8,,4.4,28,65,79.2
101818,121,29,61,66.0,1262,8.6,1.0,3.4,2.4,1.6,4.9,156,208,96.4
101819,142,17,70,66.6,1298,0.6,1.4,0.2,5.2,3.0,2.0,78,133,83.4
101820,105,16,99,70.2,1372,2.2,2.3,0.5,3.9,3.4,1.8,170,110,93.1
101821,118,37,92,82.6,1578,10.0,1.1,5.2,2.2,2.5,5.1,88,214,95.7
101822,171,13,23,51.2,998,4.3,1.5,7.7,5.4,4.1,3.7,166,88,63.1
101823,48,86,115,107.2,1972,7.0,3.3,4.4,4.5,0.9,1.8,54,123,76.6
101824,103,88,38,88.6,1596,1.8,0.7,4.1,1.4,1.7,4.3,116,246,85.3
101825,60,78,67,85.6,1556,6.1,0.3,2.5,3.9,3.4,2.1,129,51,92.9
101826,122,55,92,94.2,1774,7.3,1.3,2.1,5.5,1.2,3.5,59,194,82.3
101827,133,21,43,56.4,1086,3.1,1.7,0.2,3.0,2.2,6.0,161,232,97.0
101828,8,66,4,42.8,724,8.3,2.2,2.2,4.4,4.8,1.8,103,155,100.0
101829,5,55,54,55.6,1002,6.0,1.5,3.6,5.8,3.1,5.6,135,41,77.9
101830,72,18,92,62.0,1204,3.9,3.2,1.6,4.1,4.7,1.9,32,178,95.0
101831,102,56,29,65.6,1200,5.6,0.2,0.7,0.6,3.6,3.2,72,172,100.0
101832,159,43,28,68.8,1290,5.8,1.7,5.7,1.5,3.6,2.8,99,41,92.1
101833,40,34,25,38.4,700,1.7,1.5,7.2,3.6,3.0,4.7,114,115,65.6
101834,113,0,82,55.4,1108,4.0,2.6,7.5,1.7,0.7,0.4,58,132,71.6
101835,7,51,25,42.0,738,3.4,3.9,4.9,5.7,2.6,3.8,103,85,66.5
101836,71,84,36,79.0,1412,4.0,2.0,0.4,2.4,1.3,4.6,140,135,98.3
101837,177,69,90,112.8,2118,7.6,3.9,5.9,2.7,5.0,2.8,84,173,93.1
101838,91,36,93,77.0,1468,4.8,1.2,0.9,4.2,1.3,0.6,59,62,88.9
101839,61,64,114,96.2,1796,9.4,0.1,5.4,3.1,1.2,1.5,154,146,85.3
101840,83,50,52,67.4,1248,2.9,0.7,6.2,2.3,3.1,4.1,64,200,78.8
101841,61,0,29,23.8,476,4.2,1.6,5.8,0.5,2.6,5.4,41,78,90.5
101842,110,90,2,76.8,1356,7.9,1.3,7.6,3.6,0.1,2.5,154,107,67.7
101843,126,20,42,54.0,1040,5.5,0.4,5.9,5.2,0.6,3.4,141,47,63.2
101844,6,52,6,34.8,592,5.5,1.7,5.5,4.1,,1.4,71,173,80.8
101845,83,15,48,44.8,866,0.5,1.4,2.1,2.3,2.4,2.5,119,197,88.3
101846,131,60,120,110.2,2084,4.0,0.5,7.4,0.8,0.7,2.0,87,224,76.5
101847,133,53,72,87.2,1638,2.7,1.2,1.4,4.9,2.3,3.9,86,136,82.2
101848,57,39,116,81.2,1546,10.0,,7.2,5.7,1.3,5.9,22,219,66.6
101849,21,25,40,35.2,654,3.1,1.2,2.5,2.3,1.1,4.9,77,119,88.0
101850,153,79,105,120.0,2242,8.8,2.9,1.0,4.4,,1.2,139,108,100.0
101851,126,64,76,94.0,1752,6.8,,6.6,2.5,1.8,3.5,119,129,80.1
101852,2,73,78,75.4,1362,3.4,1.7,0.0,3.0,0.2,0.4,28,184,92.4
101853,126,63,53,84.2,1558,5.4,1.0,6.7,5.0,4.9,1.5,35,147,73.7
101854,40,42,68,60.4,1124,8.4,1.5,2.1,0.5,4.0,1.0,31,149,100.0
101855,105,16,92,67.4,1316,8.8,2.4,7.1,3.2,1.3,2.0,121,156,77.1
101856,13,58,98,76.6,1416,1.6,1.4,5.5,1.3,2.0,4.1,167,110,80.7
101857,11,22,90,51.4,984,3.4,0.9,5.3,2.0,4.3,3.0,50,171,88.5
101858,86,6,26,31.2,612,3.4,,2.9,3.9,1.8,5.6,40,223,81.1
101859,11,43,7,30.8,530,0.4,3.5,0.5,0.2,2.8,1.3,150,184,100.0
101860,140,52,31,71.6,1328,6.0,1.8,6.6,3.6,2.7,2.2,40,83,75.7
101861,24,70,83,80.0,1460,8.5,2.5,1.4,1.7,,2.0,111,117,100.0
101862,44,78,63,80.8,1460,3.8,2.0,3.0,4.0,3.2,1.4,47,217,85.2
101863,121,33,9,47.6,886,7.4,3.5,4.8,0.8,2.4,6.0,152,197,98.8
101864,146,45,12,61.0,1130,6.3,,3.9,4.4,0.1,2.3,90,202,75.3
101865,54,67,62,75.8,1382,3.8,1.9,1.6,3.9,4.1,5.6,92,128,94.0
101866,99,77,92,102.8,1902,1.4,3.7,1.1,5.8,0.6,2.3,167,97,71.2
101867,172,77,34,94.2,1730,,2.9,1.0,5.5,2.3,1.2,135,247,89.6
101868,135,15,60,60.0,1170,8.5,0.4,6.9,1.7,2.9,0.7,77,225,89.6
101869,118,70,53,86.8,1596,6.9,0.7,0.3,0.2,3.5,5.1,164,220,100.0
101870,52,18,7,24.0,444,0.2,3.1,7.8,3.9,2.1,0.2,61,234,56.0
101871,31,1,28,18.0,358,2.2,3.3,1.6,3.6,3.7,5.8,116,197,91.1
101872,50,9,94,53.0,1042,0.7,2.2,0.9,0.2,0.7,2.5,179,70,98.9
101873,43,49,40,54.0,982,5.7,2.2,4.6,0.7,3.3,1.5,81,218,99.4
101874,81,80,29,75.8,1356,7.6,,0.6,3.5,4.1,3.7,115,222,100.0
101875,145,11,85,69.6,1370,1.1,1.8,4.8,5.5,4.4,0.8,131,30,68.7
101876,149,69,20,79.2,1446,8.4,2.7,6.8,5.4,2.9,0.4,139,38,71.3
101877,36,21,75,49.8,954,5.6,0.4,0.4,0.9,1.6,5.0,106,104,100.0
101878,95,31,10,41.6,770,6.9,3.8,6.4,2.3,0.8,2.5,168,109,79.1
101879,55,83,1,61.2,1058,9.7,3.0,3.2,0.3,1.7,3.1,153,122,100.0
101880,104,0,49,40.4,808,0.8,2.5,1.3,2.8,2.7,1.1,132,172,90.5
101881,58,53,40,59.4,1082,9.0,1.3,1.4,4.5,1.0,0.4,111,88,92.9
101882,130,57,65,86.2,1610,1.3,0.6,7.4,4.7,4.8,2.2,85,223,63.9
101883,155,69,97,111.2,2086,3.9,1.6,0.9,3.0,4.5,3.0,51,39,100.0
101884,34,82,2,56.8,972,8.5,2.6,6.9,0.6,0.2,4.6,83,206,87.0
101885,92,17,79,60.2,1170,9.1,2.5,4.4,2.3,2.8,3.0,173,168,97.5
101886,96,5,50,42.2,834,5.1,1.5,0.3,5.6,3.9,4.7,24,59,92.7
101887,134,44,67,80.0,1512,5.9,2.5,3.7,1.4,1.2,0.7,158,52,93.6
101888,75,22,86,62.6,1208,7.1,3.3,6.5,1.9,2.6,0.4,147,51,86.5
101889,48,22,120,70.8,1372,8.3,0.1,5.8,4.5,2.0,1.0,93,208,76.9
101890,93,25,113,78.8,1526,1.2,1.8,3.9,4.4,1.0,4.6,111,71,67.8
101891,158,76,83,110.4,2056,8.1,3.0,6.9,5.5,3.1,4.6,79,58,70.4
101892,23,6,24,17.8,344,4.8,2.2,1.0,2.3,5.0,0.8,21,202,100.0
101893,147,78,29,87.8,1600,4.5,2.6,7.3,3.1,1.8,0.2,108,190,69.7
101894,36,43,81,65.4,1222,4.2,2.1,6.8,2.8,2.8,4.1,126,196,75.6
101895,3,26,105,58.2,1112,5.1,4.0,5.7,5.6,1.6,5.1,134,230,64.2
101896,107,25,10,40.4,758,9.5,0.2,6.5,4.6,,4.5,95,94,83.2
101897,125,78,92,108.6,2016,5.5,2.0,4.4,5.0,4.3,1.2,172,239,81.3
101898,19,35,16,31.2,554,9.5,0.4,5.4,0.8,0.9,3.5,95,207,96.1
101899,151,54,25,72.6,1344,1.8,0.6,4.5,4.8,4.5,4.5,147,141,75.1
101900,49,63,119,95.2,1778,,1.5,2.8,2.6,0.8,1.5,40,115,92.6
101901,176,90,120,137.2,2564,8.1,0.6,4.6,0.1,0.5,3.2,167,77,98.8
101902,178,56,22,78.0,1448,6.8,3.9,2.1,0.4,3.3,1.9,38,66,100.0
101903,95,68,55,81.8,1500,6.1,3.8,3.5,4.1,1.9,1.4,82,235,83.4
101904,104,60,51,77.2,1424,5.6,1.3,2.2,2.2,2.7,5.8,38,115,99.5
101905,163,1,47,52.0,1038,8.6,2.6,1.0,5.2,3.3,5.5,132,190,97.1
101906,116,54,19,63.2,1156,8.2,2.1,2.6,4.4,0.3,2.7,175,163,84.9
101907,97,79,108,110.0,2042,1.2,3.3,6.8,0.1,1.5,0.8,41,120,79.2
101908,65,86,1,65.0,1128,8.5,2.5,3.0,4.1,2.3,4.4,70,99,91.4
101909,78,37,87,72.6,1378,4.1,0.0,6.0,1.2,1.3,1.5,107,84,82.1
101910,161,79,30,91.6,1674,2.5,3.1,1.4,2.5,0.2,1.0,142,201,87.5
101911,163,77,26,89.2,1630,8.7,3.0,3.4,3.7,0.4,2.3,82,79,86.5
101912,5,28,1,18.2,308,4.3,2.0,0.9,5.2,4.0,3.2,81,83,91.0
101913,38,25,120,70.6,1362,8.1,3.6,1.1,2.7,4.6,0.6,176,220,100.0
101914,169,34,77,85.0,1632,2.6,3.6,4.9,4.9,0.8,3.4,93,134,63.5
101915,114,78,3,70.8,1260,0.0,2.1,4.9,4.7,1.2,0.1,51,45,60.5
101916,124,66,112,109.2,2052,5.0,2.4,1.7,2.5,3.3,5.4,172,157,100.0
101917,11,86,12,58.6,1000,1.0,4.0,3.8,3.0,4.8,5.5,163,76,86.2
101918,130,28,99,82.4,1592,7.5,1.2,6.9,4.2,1.5,4.4,34,214,70.9
101919,17,33,34,36.8,670,2.8,1.3,1.4,0.2,4.3,2.8,67,159,100.0
101920,39,40,107,74.6,1412,4.4,0.7,0.2,5.3,2.5,1.5,37,194,89.0
101921,20,40,117,74.8,1416,0.9,3.6,5.2,4.6,4.8,4.5,42,122,72.4
101922,142,22,118,88.8,1732,2.9,3.0,0.4,1.5,0.7,5.6,74,52,98.8
101923,98,70,71,90.0,1660,7.8,0.4,7.8,5.9,4.9,1.0,61,242,69.6
101924,25,2,65,32.2,640,1.5,3.9,4.9,1.1,2.2,2.8,150,170,84.5
101925,7,57,5,37.6,638,6.5,2.9,3.8,5.5,4.8,1.9,122,144,84.7
101926,99,31,30,50.4,946,9.2,3.4,3.4,1.9,2.3,2.1,71,94,100.0
101927,86,30,117,82.0,1580,6.8,0.2,4.6,4.6,2.7,2.4,30,77,80.3
101928,41,81,9,60.4,1046,8.1,2.0,0.7,2.7,4.0,5.7,74,36,100.0
101929,171,42,107,102.2,1960,1.1,2.8,7.4,4.4,3.6,1.6,107,188,61.4
101930,13,6,20,14.2,272,2.5,2.2,5.0,0.9,3.1,3.0,133,220,89.8
101931,77,0,105,57.4,1148,8.9,2.7,1.5,1.6,2.1,5.7,44,202,100.0
101932,1,60,73,65.4,1188,7.2,3.3,4.5,0.6,4.0,2.9,111,85,100.0
101933,118,13,22,40.2,778,6.4,1.5,1.1,5.2,4.7,5.2,106,221,96.5
101934,36,51,2,38.6,670,6.6,3.4,0.1,1.8,0.0,0.4,100,51,100.0
101935,68,5,31,29.0,570,4.1,0.7,5.0,4.2,,5.7,28,92,75.9
101936,165,9,19,46.0,902,0.4,1.1,5.2,4.9,4.3,1.1,118,109,68.4
101937,40,70,73,79.2,1444,7.8,0.2,4.7,5.4,3.3,5.9,55,57,79.7
101938,61,89,28,76.8,1358,6.8,1.5,1.5,0.6,4.0,1.1,76,201,100.0
101939,59,29,104,70.8,1358,4.7,1.5,4.8,5.4,,2.7,82,132,76.7
101940,124,20,51,57.2,1104,9.0,3.2,0.5,1.2,3.8,1.9,101,246,100.0
101941,110,59,114,103.0,1942,3.4,2.6,4.9,4.4,3.6,2.6,39,171,76.0
101942,13,80,45,68.6,1212,2.9,1.7,4.4,4.4,4.8,1.5,66,114,80.6
101943,83,73,33,73.6,1326,8.7,2.6,5.2,0.1,4.3,5.8,39,176,100.0
101944,129,62,100,103.0,1936,8.0,0.2,7.2,1.3,4.1,1.8,25,217,93.0
101945,69,41,83,71.6,1350,5.1,0.7,6.8,3.0,0.4,3.9,92,106,69.2
101946,144,50,60,82.8,1556,1.3,2.5,7.8,2.5,1.2,0.8,126,31,62.5
101947,122,63,71,90.6,1686,2.2,2.6,7.8,5.5,2.8,4.9,112,80,54.1
101948,88,75,70,90.6,1662,,,6.2,2.2,3.5,3.3,48,107,87.9
101949,27,55,69,66.0,1210,3.9,1.6,7.7,5.6,1.5,5.9,119,191,53.5
101950,65,79,10,64.4,1130,8.4,2.9,6.9,2.8,0.5,2.5,130,111,76.7
101951,162,40,107,99.2,1904,9.5,2.7,5.8,5.8,1.6,1.2,140,245,71.6
101952,4,31,81,51.8,974,8.1,3.9,0.6,4.4,3.9,2.1,68,80,100.0
101953,167,14,114,87.4,1720,3.8,0.9,0.4,5.0,4.4,4.4,127,176,94.2
101954,163,61,105,111.2,2102,7.9,2.2,6.7,0.6,4.6,4.0,153,193,99.8
101955,44,26,120,72.4,1396,3.5,2.4,3.9,3.5,1.9,4.7,58,242,79.6
101956,150,27,92,83.0,1606,1.7,4.0,6.5,0.9,1.9,0.4,51,240,78.6
101957,46,80,88,92.4,1688,0.3,0.8,2.5,1.8,2.0,3.5,62,147,87.6
101958,30,63,62,68.6,1246,3.9,2.1,3.2,3.7,1.9,5.6,127,183,82.2
101959,138,58,20,70.4,1292,9.0,1.4,5.6,4.4,3.3,0.6,47,192,83.5
101960,9,57,109,79.6,1478,2.4,2.1,7.3,0.2,1.8,0.6,64,92,80.0
101961,117,1,2,24.8,494,2.1,0.9,0.7,3.2,0.1,4.3,84,133,85.7
101962,13,35,81,56.0,1050,9.7,,6.9,3.4,2.2,1.9,69,161,81.4
101963,79,70,87,92.6,1712,0.3,2.3,6.3,0.5,1.1,4.0,73,114,76.2
101964,92,12,110,69.6,1368,7.9,1.3,2.5,3.0,0.1,3.3,70,32,91.1
101965,9,14,101,50.6,984,3.2,0.7,2.8,4.3,2.4,5.9,62,34,80.9
101966,75,88,9,71.4,1252,0.4,1.3,0.4,0.3,1.0,5.3,83,186,100.0
101967,93,86,26,80.6,1440,9.2,0.2,0.1,4.6,2.3,4.1,49,148,100.0
101968,104,59,11,60.6,1094,1.4,3.8,3.8,3.5,1.4,1.6,106,48,74.3
101969,0,21,6,15.0,258,5.5,2.3,0.8,5.0,3.0,1.6,85,144,91.8
101970,132,62,16,70.0,1276,2.7,3.3,1.6,1.3,5.0,5.3,88,174,100.0
101971,19,89,64,82.8,1478,0.7,1.7,6.8,5.0,2.7,3.5,34,63,57.3
101972,7,74,63,71.0,1272,0.5,3.6,4.6,0.6,3.2,4.7,129,49,89.2
101973,170,73,113,123.0,2314,1.2,1.9,5.1,2.4,4.6,2.7,153,185,83.8
101974,0,24,25,24.4,440,0.7,,1.5,1.2,1.9,0.6,43,102,95.1
101975,56,47,14,45.0,806,7.6,2.0,6.6,5.3,0.8,2.0,140,224,64.7
101976,63,42,114,83.4,1584,4.9,2.9,6.9,4.2,1.4,1.0,104,167,65.4
101977,117,37,32,58.4,1094,3.4,2.3,4.2,0.2,2.0,4.7,161,178,95.0
101978,27,40,61,53.8,996,4.2,1.1,7.3,0.1,3.2,4.2,159,145,88.3
101979,120,44,100,90.4,1720,9.3,0.6,6.8,1.7,0.0,0.5,87,33,82.9
101980,106,87,46,91.8,1662,9.1,2.4,5.9,0.9,4.3,3.7,141,51,100.0
101981,164,39,94,93.8,1798,7.2,2.0,5.9,3.8,0.4,5.2,63,100,73.0
101982,174,16,34,58.0,1128,,0.4,0.8,4.0,4.5,4.2,104,219,100.0
101983,164,87,64,110.6,2038,3.2,1.6,2.2,5.7,4.7,3.1,60,41,83.2
101984,48,56,71,71.6,1320,3.8,2.1,0.5,5.7,5.0,1.9,141,168,92.1
101985,119,1,75,54.4,1086,6.1,3.3,0.1,4.0,4.0,5.3,63,179,100.0
101986,43,61,117,92.0,1718,6.2,0.3,1.3,0.0,0.7,2.5,94,186,100.0
101987,55,87,120,111.2,2050,4.8,1.4,7.0,2.2,3.5,5.1,111,218,81.1
101988,155,8,82,68.6,1356,4.0,3.3,1.9,3.1,1.0,4.7,35,90,87.9
101989,110,67,24,71.8,1302,9.9,,7.8,3.0,4.5,4.9,105,56,87.1
101990,133,80,56,97.0,1780,8.2,1.2,4.8,3.6,1.6,5.9,152,204,84.0
101991,107,16,31,43.4,836,4.3,3.4,1.9,5.8,1.6,4.5,156,113,76.8
101992,147,49,62,83.6,1574,7.3,2.0,4.0,5.3,4.6,0.2,96,171,85.9
101993,113,39,11,50.4,930,2.7,2.0,1.8,0.7,0.1,1.2,58,36,95.0
101994,77,57,62,74.4,1374,1.0,,7.9,1.6,1.0,0.2,106,172,65.4
101995,129,74,76,100.6,1864,3.5,3.8,6.8,5.0,2.1,1.1,174,203,61.1
101996,36,84,91,94.0,1712,4.0,1.4,0.2,4.9,3.5,0.4,179,185,93.2
101997,19,20,0,15.8,276,0.2,0.6,7.6,1.7,3.2,3.0,83,200,71.1
101998,25,17,50,35.2,670,8.1,1.3,5.8,4.4,3.3,0.2,125,39,80.9
101999,28,54,69,65.6,1204,3.6,0.1,0.7,4.0,4.4,2.8,109,208,97.6
102000,0,28,7,19.6,336,5.8,0.1,5.4,2.8,0.6,5.4,165,32,77.8
104001,106,84,111,116.0,2152,0.0,3.8,3.7,3.7,2.1,2.6,167,195,73.0
104002,42,68,58,72.4,1312,5.6,3.1,4.7,4.2,3.5,5.8,54,148,81.9
104003,79,9,89,56.8,1118,5.9,3.1,4.1,5.5,3.5,4.6,166,123,78.4
104004,161,5,119,82.8,1646,9.7,2.5,6.6,4.7,3.5,4.3,123,166,80.0
104005,7,12,54,30.2,580,3.6,3.4,1.9,1.3,1.5,2.9,82,141,97.6
104006,140,64,19,74.0,1352,3.9,3.0,3.0,5.0,3.3,2.7,101,72,80.7
104007,105,19,80,64.4,1250,2.0,2.4,6.3,0.7,1.8,3.2,26,54,80.7
104008,7,56,16,41.4,716,0.7,3.8,4.2,3.7,4.7,1.8,174,123,80.2
104009,95,45,67,72.8,1366,7.7,0.8,3.2,5.3,1.7,5.4,58,95,81.2
104010,93,7,4,24.4,474,2.5,3.8,0.2,0.6,3.0,4.8,49,46,100.0
104011,64,9,59,41.8,818,6.1,1.6,6.0,5.1,3.8,4.8,42,138,74.1
104012,170,72,22,86.0,1576,6.9,2.1,7.8,4.8,4.5,2.6,103,164,72.1
104013,38,66,45,65.2,1172,4.7,0.5,5.0,3.0,2.2,0.4,170,51,81.0
104014,80,10,51,42.4,828,8.8,2.2,6.9,1.9,1.8,4.1,66,39,85.9
104015,83,11,9,26.8,514,4.4,2.4,4.1,2.4,2.2,2.2,114,119,87.0
104016,87,9,45,40.8,798,2.8,4.0,1.9,5.8,1.6,5.2,82,170,73.8
104017,85,24,27,42.2,796,9.0,3.9,0.1,1.2,3.3,4.7,139,71,100.0
104018,92,48,96,85.6,1616,8.6,3.9,5.2,3.5,4.7,0.9,156,57,93.0
104019,85,48,42,62.6,1156,1.6,1.4,3.9,0.5,0.6,3.6,170,129,86.9
104020,43,88,25,71.4,1252,0.3,4.0,6.3,1.3,2.8,4.2,136,216,77.3
104021,136,10,54,54.8,1076,0.9,1.8,5.6,4.6,4.5,3.4,106,40,69.9
104022,164,61,113,114.6,2170,2.9,3.4,7.9,1.8,0.5,3.1,93,166,66.7
104023,73,35,47,54.4,1018,9.7,0.9,4.1,5.9,2.5,1.4,85,237,81.0
104024,35,38,28,41.0,744,5.6,2.0,3.4,3.0,4.3,1.4,56,110,95.5
104025,100,52,26,61.6,1128,3.7,3.9,2.3,3.1,4.5,4.6,144,84,96.2
104026,155,89,17,91.2,1646,8.9,3.8,3.8,0.2,2.6,0.1,20,34,100.0
104027,169,77,103,121.2,2270,4.5,2.7,7.0,5.7,0.1,4.7,101,98,52.8
104028,170,55,59,90.6,1702,3.2,3.2,0.3,1.0,,3.2,54,67,100.0
104029,169,0,73,63.0,1260,9.4,0.7,7.8,3.2,2.9,5.6,90,95,80.3
104030,103,55,105,95.6,1802,8.5,2.9,7.9,2.4,0.6,6.0,127,248,75.2
104031,65,3,68,42.0,834,,2.5,4.8,2.5,0.7,4.0,105,240,87.2
104032,54,29,73,57.4,1090,5.1,0.4,2.7,3.9,3.9,2.5,44,93,91.6
104033,175,11,113,86.8,1714,7.9,0.5,1.8,4.0,3.8,2.9,61,182,100.0
104034,90,34,20,46.4,860,1.8,0.4,2.2,0.9,4.2,1.2,170,209,100.0
104035,21,76,23,59.0,1028,5.7,2.9,0.4,3.0,0.5,0.6,28,195,96.3
104036,100,51,101,91.0,1718,9.8,0.6,3.8,4.7,1.0,3.5,174,106,83.9
104037,154,30,2,49.6,932,2.9,1.9,0.5,2.7,4.2,4.8,70,48,100.0
104038,120,86,103,116.8,2164,7.9,1.4,5.7,1.0,3.6,1.6,76,128,98.8
104039,92,67,94,96.2,1790,4.9,2.2,3.0,1.9,4.0,2.5,101,54,100.0
104040,107,51,61,76.4,1426,0.4,2.8,1.6,1.3,4.9,3.3,32,77,100.0
104041,140,79,104,117.0,2182,7.6,2.7,4.4,0.8,4.3,5.4,47,102,100.0
104042,172,6,100,78.0,1548,1.7,2.1,7.8,2.3,2.6,0.8,105,218,68.5
104043,9,21,1,14.8,254,6.3,1.9,5.6,3.2,1.6,1.4,130,64,79.0
104044,8,74,65,72.0,1292,0.9,1.6,3.9,0.4,2.8,5.5,177,208,92.6
104045,154,55,102,104.6,1982,9.5,3.4,6.2,3.6,3.2,0.2,64,172,85.8
104046,33,57,112,85.6,1598,2.9,1.3,5.9,6.0,1.7,3.9,57,243,57.3
104047,128,63,41,79.8,1470,2.3,1.0,7.1,5.8,3.9,3.8,39,234,58.9
104048,159,11,107,81.2,1602,1.3,3.0,1.6,5.0,0.5,2.3,116,78,72.7
104049,88,6,33,34.4,676,9.5,1.4,6.9,1.6,3.9,2.8,121,187,95.1
104050,92,54,41,67.2,1236,7.1,3.4,2.4,0.1,0.2,5.1,78,178,100.0
104051,70,61,19,58.2,1042,7.4,1.3,7.5,5.0,2.5,1.0,161,246,67.3
104052,66,89,96,105.0,1922,5.0,2.8,2.2,0.3,4.3,1.4,61,118,100.0
104053,147,72,67,99.4,1844,4.7,0.2,7.4,1.2,0.4,3.1,78,115,75.0
104054,116,76,44,86.4,1576,1.1,1.5,7.7,3.3,2.6,2.5,27,198,62.7
104055,93,54,107,93.8,1768,5.6,1.4,1.2,1.1,0.8,3.4,76,160,100.0
104056,162,35,74,83.0,1590,2.5,3.3,7.8,5.0,4.5,5.5,169,154,62.3
104057,98,88,41,88.8,1600,9.8,3.9,0.7,4.7,4.2,5.5,121,102,100.0
104058,112,23,46,54.6,1046,8.0,1.8,1.7,4.5,4.7,1.4,103,181,100.0
104059,102,43,4,47.8,870,,3.3,3.6,4.9,4.4,1.8,40,140,82.5
104060,90,16,88,62.8,1224,1.5,2.8,7.9,1.3,3.7,1.0,147,174,76.0
104061,89,1,48,37.6,750,7.9,3.9,3.9,4.4,0.9,5.6,175,134,80.9
104062,16,12,36,24.8,472,1.2,3.2,4.4,2.1,1.5,2.4,68,117,78.8
104063,17,30,33,34.6,632,1.9,0.3,5.6,4.0,2.5,2.7,170,37,68.9
104064,172,27,72,79.4,1534,2.1,2.9,7.7,0.7,2.9,4.8,73,163,78.6
104065,115,59,69,86.0,1602,5.6,2.1,6.3,4.2,3.9,3.1,170,38,76.7
104066,92,26,17,40.8,764,7.9,0.1,1.8,5.8,1.1,0.7,87,44,82.9
104067,180,14,77,75.2,1476,3.1,1.0,2.4,0.3,0.6,2.6,65,93,96.9
104068,90,78,18,72.0,1284,,3.7,0.8,0.6,2.4,3.8,175,245,100.0
104069,81,32,77,66.2,1260,4.6,3.7,5.2,0.7,0.8,4.3,114,207,87.3
104070,67,19,39,40.4,770,7.5,3.2,1.4,2.6,3.5,3.9,116,153,100.0
104071,113,41,16,53.6,990,2.2,3.9,2.1,1.7,2.9,0.7,69,40,96.2
104072,0,11,59,30.2,582,2.2,3.2,7.1,4.8,3.7,1.8,102,124,63.1
104073,57,72,98,93.8,1732,9.5,0.0,2.6,2.8,,4.4,82,149,95.5
104074,153,22,92,80.6,1568,9.5,1.2,4.5,2.9,4.8,5.3,29,203,100.0
104075,108,71,41,80.6,1470,9.9,0.1,3.2,4.3,0.0,0.3,108,74,85.5
104076,147,13,80,69.2,1358,8.1,0.4,0.6,2.2,1.6,0.3,160,106,100.0
104077,115,90,106,119.4,2208,1.9,0.9,2.9,2.1,3.4,3.9,89,123,91.9
104078,86,24,71,60.0,1152,2.1,2.0,3.3,4.5,0.2,3.3,49,88,69.1
104079,9,76,64,73.0,1308,3.4,3.4,7.2,4.7,0.4,0.9,99,182,55.7
104080,58,84,108,105.2,1936,,3.4,2.6,0.1,0.4,3.3,91,169,96.7
104081,40,30,52,46.8,876,9.6,2.5,3.0,0.9,2.9,5.8,158,114,100.0
104082,104,53,99,92.2,1738,7.9,3.7,6.3,1.3,4.5,3.8,142,245,97.6
104083,132,4,6,31.2,616,7.2,2.0,6.1,2.1,2.8,2.7,148,55,87.9
104084,121,12,109,75.0,1476,1.9,3.6,6.4,1.7,3.0,5.0,165,143,78.7
104085,144,27,4,46.6,878,9.1,1.8,7.6,4.0,1.7,1.3,119,233,72.9
104086,21,42,23,38.6,688,8.3,1.1,6.4,5.0,0.1,2.5,30,66,66.3
104087,97,88,27,83.0,1484,1.6,3.7,3.3,1.2,0.1,3.2,103,242,84.3
104088,168,46,61,85.6,1620,8.7,1.6,6.6,3.4,4.4,3.0,157,52,87.2
104089,67,70,106,97.8,1816,2.7,2.0,4.1,2.2,0.5,5.5,80,94,79.5
104090,138,37,16,56.2,1050,0.8,1.3,2.2,3.0,5.0,1.8,157,74,92.8
104091,55,66,100,90.6,1680,6.6,2.7,2.4,3.7,0.8,0.3,120,103,87.5
104092,178,61,19,79.8,1474,6.5,4.0,1.8,5.4,3.4,5.5,141,192,89.0
104093,148,38,2,53.2,988,0.9,0.1,1.2,1.2,4.7,1.3,79,131,100.0
104094,98,36,36,55.6,1040,3.2,3.6,1.5,0.5,1.8,2.3,133,205,100.0
104095,75,85,89,101.6,1862,,0.0,0.5,3.8,3.7,3.2,169,57,100.0
104096,25,7,14,14.8,282,6.8,1.5,7.1,2.4,1.8,5.9,94,158,78.6
104097,114,80,50,90.8,1656,7.3,0.7,7.4,1.0,1.5,3.2,118,101,84.5
104098,146,51,47,78.6,1470,2.1,3.0,4.7,0.7,1.0,2.7,28,70,84.9
104099,108,90,7,78.4,1388,0.8,0.2,6.7,3.4,4.1,3.5,162,52,70.1
104100,46,32,12,33.2,600,2.8,2.2,1.5,1.8,1.3,5.8,102,241,94.5
104101,70,80,47,80.8,1456,2.5,1.2,7.2,6.0,1.4,4.9,56,189,50.4
104102,153,41,2,56.0,1038,2.3,0.5,4.1,2.4,5.0,1.0,89,116,91.2
104103,39,75,64,78.4,1418,1.9,3.1,0.5,1.3,1.6,4.8,150,36,100.0
104104,132,26,72,70.8,1364,5.7,0.9,1.1,3.8,2.1,5.0,29,232,94.3
104105,148,7,30,45.8,902,3.3,0.9,2.5,1.5,5.0,4.1,151,212,100.0
104106,131,22,104,81.0,1576,8.2,1.1,0.3,3.0,1.8,3.9,75,101,100.0
104107,22,63,117,89.0,1654,1.8,2.3,2.5,2.9,1.8,2.6,52,72,84.5
104108,105,19,25,42.4,810,4.6,2.6,0.5,2.7,4.1,3.9,168,171,100.0
104109,83,15,80,57.6,1122,0.1,0.1,1.9,4.8,1.6,4.4,122,43,73.4
104110,142,16,55,60.0,1168,4.8,1.0,2.1,1.3,1.2,0.7,138,129,98.3
104111,115,79,33,83.6,1514,0.6,1.7,8.0,5.4,2.1,1.5,64,198,48.5
104112,108,18,8,35.6,676,9.8,1.3,1.9,4.7,3.5,1.2,76,140,99.0
104113,135,7,61,55.6,1098,7.9,3.5,1.9,2.0,0.2,5.0,145,120,98.8
104114,40,37,119,77.8,1482,4.9,3.2,5.5,1.1,1.9,4.1,146,113,88.0
104115,111,37,114,90.0,1726,0.9,2.5,6.9,1.7,1.7,2.7,29,131,70.8
104116,146,52,12,65.2,1200,5.9,1.4,3.1,2.0,1.2,5.0,93,246,93.0
104117,111,89,68,102.8,1878,7.6,2.8,7.0,3.3,3.3,4.3,85,43,80.6
104118,102,30,40,54.4,1028,1.9,3.4,2.7,0.3,1.4,5.5,121,57,95.7
104119,45,43,76,65.2,1218,5.7,2.4,1.6,5.5,3.0,0.5,104,59,86.5
104120,155,59,0,66.4,1210,8.1,3.1,2.6,0.6,2.5,3.1,177,108,100.0
104121,67,75,88,93.6,1722,7.7,3.0,4.9,1.7,1.1,4.2,101,83,90.6
104122,121,16,46,52.2,1012,8.0,2.3,2.9,0.7,1.3,1.2,54,216,100.0
104123,14,78,3,50.8,860,8.8,1.2,5.4,1.5,0.9,2.0,72,242,91.2
104124,164,72,99,115.6,2168,,3.0,1.9,5.0,0.3,2.5,131,169,87.1
104125,128,38,62,73.2,1388,4.1,0.8,5.6,3.7,3.1,4.8,41,143,76.6
104126,110,41,51,67.0,1258,5.7,3.1,2.8,1.4,3.4,3.0,86,149,100.0
104127,23,47,9,36.4,634,7.9,3.2,3.6,5.2,0.8,3.0,119,104,77.8
104128,26,11,27,22.6,430,7.0,3.3,4.5,4.8,3.1,2.6,99,196,81.3
104129,39,88,120,108.6,1996,10.0,1.9,5.5,4.5,4.9,1.4,119,99,90.2
104130,163,17,5,44.8,862,0.1,0.8,1.9,5.1,0.4,5.5,94,96,68.3
104131,23,78,26,61.8,1080,3.6,0.4,6.7,3.7,2.5,1.9,139,44,69.4
104132,23,5,119,55.2,1094,2.8,3.0,5.8,3.0,3.7,3.4,36,161,78.5
104133,3,42,11,30.2,520,2.6,3.5,1.9,2.2,0.2,0.9,166,127,87.2
104134,66,34,61,58.0,1092,2.2,2.6,7.8,1.3,3.9,2.6,91,131,78.4
104135,33,53,51,58.8,1070,7.1,0.6,5.3,3.3,4.9,5.4,143,201,91.2
104136,176,61,47,90.6,1690,0.8,3.7,3.6,5.3,0.4,6.0,109,196,61.9
104137,180,68,66,103.2,1928,7.4,4.0,1.3,3.6,4.1,2.2,70,134,100.0
104138,115,81,45,89.6,1630,6.9,1.7,4.3,5.5,1.9,0.9,76,227,74.8
104139,22,15,96,51.8,1006,2.5,2.4,1.3,2.1,0.7,1.9,157,115,91.4
104140,108,7,73,55.0,1086,2.5,3.1,3.4,4.2,2.5,2.0,51,66,77.9
104141,68,88,94,104.0,1904,6.3,2.9,3.3,3.9,0.4,3.9,98,215,81.1
104142,94,89,14,77.8,1378,7.6,3.9,5.8,4.0,2.6,3.0,142,189,79.8
104143,180,85,70,115.0,2130,8.8,0.5,1.5,3.9,0.1,4.6,141,152,92.4
104144,61,30,35,44.2,824,8.5,,6.6,1.3,3.6,4.2,87,185,94.9
104145,168,9,13,44.2,866,9.6,2.8,2.6,0.9,2.4,1.5,47,247,100.0
104146,56,55,119,91.8,1726,5.8,3.6,3.6,5.9,2.3,4.7,151,161,74.6
104147,53,75,111,100.0,1850,9.1,3.5,6.2,0.3,1.0,5.1,96,39,94.9
104148,69,69,77,86.0,1582,8.1,3.9,5.0,2.8,1.8,3.6,159,56,87.6
104149,100,19,2,32.2,606,8.9,2.0,2.5,2.6,0.9,5.6,34,113,97.5
104150,56,4,112,58.4,1160,0.1,3.3,3.1,2.2,3.7,4.7,48,193,87.9
104151,137,22,116,87.0,1696,9.7,1.7,2.4,4.7,1.0,3.6,106,34,89.3
104152,167,8,109,81.8,1620,4.7,1.7,4.8,4.5,3.1,5.4,32,238,77.0
104153,134,57,113,106.2,2010,8.0,1.0,2.7,5.4,1.4,3.6,57,207,82.4
104154,102,58,66,81.6,1516,1.3,3.3,5.8,2.4,3.3,3.1,129,189,77.3
104155,165,79,85,114.4,2130,4.0,3.9,4.6,3.4,2.7,2.1,54,128,80.7
104156,84,53,18,55.8,1010,2.7,1.0,1.2,5.4,2.1,5.3,95,180,79.9
104157,60,45,98,78.2,1474,2.9,0.2,2.5,6.0,3.4,0.7,129,234,76.0
104158,2,21,75,43.0,818,1.2,3.3,1.8,5.8,2.1,2.8,24,218,72.5
104159,127,63,53,84.4,1562,8.1,2.5,3.1,4.3,4.1,3.2,21,158,94.6
104160,178,7,68,67.0,1326,0.1,3.8,4.1,0.9,3.6,3.3,49,60,90.1
104161,85,19,9,32.0,602,3.1,1.0,4.1,0.1,2.7,3.9,118,48,97.4
104162,46,50,104,80.8,1516,1.7,0.3,6.0,5.0,4.4,3.0,138,244,67.6
104163,75,77,32,74.0,1326,5.9,2.0,1.5,5.0,4.1,1.5,29,83,93.1
104164,37,38,12,35.0,624,2.5,0.3,7.6,4.5,2.7,5.1,92,157,60.2
104165,163,36,98,93.4,1796,2.6,1.0,2.7,1.7,0.3,3.9,143,191,86.8
104166,168,49,50,83.0,1562,4.9,0.5,2.4,3.8,2.8,5.1,57,161,89.6
104167,140,33,31,60.2,1138,6.5,0.9,5.5,1.9,1.8,1.7,113,205,86.9
104168,86,74,74,91.2,1676,1.2,0.4,6.4,2.7,2.7,3.8,138,77,71.4
104169,57,32,111,75.0,1436,,3.8,3.0,2.3,3.2,4.3,90,78,89.7
104170,49,30,101,68.2,1304,2.5,1.1,6.0,5.5,3.2,2.3,159,217,63.1
104171,29,53,23,46.8,830,9.7,1.8,7.1,1.4,3.4,4.9,117,146,94.2
104172,100,43,34,59.4,1102,4.0,3.6,6.1,3.5,3.4,0.0,146,201,76.3
104173,24,33,82,57.4,1082,6.0,2.7,0.3,2.2,0.5,3.6,86,191,100.0
104174,111,70,69,91.8,1696,2.4,2.5,6.6,4.0,1.0,3.7,52,85,61.4
104175,154,61,39,83.0,1538,4.9,2.8,6.2,3.4,3.2,3.2,123,103,77.6
104176,178,22,53,70.0,1356,0.7,3.3,5.4,5.5,2.0,3.8,160,35,58.3
104177,125,45,108,95.2,1814,0.3,3.5,6.1,0.6,3.8,1.0,167,105,84.6
104178,122,55,43,74.6,1382,4.7,2.6,7.8,1.3,0.6,4.1,53,233,73.5
104179,46,6,61,37.2,732,4.0,3.6,3.4,4.6,1.0,2.0,69,142,74.4
104180,117,88,105,118.2,2188,1.4,2.1,0.5,2.2,2.8,2.7,156,155,98.2
104181,38,60,98,82.8,1536,,1.1,3.7,1.0,2.5,2.0,26,239,100.0
104182,15,2,67,31.0,616,9.9,3.5,0.4,3.0,1.3,2.8,156,65,100.0
104183,21,37,32,39.2,710,4.0,2.2,2.4,3.9,2.0,3.7,125,192,84.9
104184,53,83,76,90.8,1650,,3.6,4.7,0.3,0.2,5.0,173,54,92.7
104185,148,33,55,71.4,1362,9.6,0.2,2.5,1.7,0.2,2.9,149,206,100.0
104186,15,43,35,42.8,770,8.3,1.6,5.5,4.9,0.5,1.9,24,84,71.6
104187,58,29,53,50.2,946,4.6,3.8,6.6,3.1,2.9,2.9,132,198,76.0
104188,30,16,106,58.0,1128,7.4,1.0,3.4,0.2,4.3,4.1,85,86,100.0
104189,169,58,18,75.8,1400,1.3,3.8,7.2,1.7,1.3,2.1,135,179,69.2
104190,31,9,42,28.4,550,5.1,3.8,0.6,3.8,0.2,2.5,157,201,89.4
104191,161,83,11,86.4,1562,2.8,3.5,6.7,1.2,3.5,3.4,178,186,83.3
104192,8,17,10,15.8,282,1.6,2.3,6.6,5.0,4.3,1.8,127,100,64.7
104193,138,44,69,81.6,1544,4.3,2.6,2.6,4.1,0.7,1.3,130,77,79.8
104194,9,90,11,60.2,1024,1.3,3.5,2.4,2.8,1.9,0.8,153,133,84.7
104195,16,58,90,74.0,1364,7.0,3.1,2.4,5.5,0.8,2.1,33,32,79.3
104196,67,61,40,66.0,1198,4.6,2.5,6.5,2.4,0.5,0.3,97,114,72.7
104197,47,58,24,53.8,960,5.3,3.9,6.7,1.4,3.2,3.5,34,202,86.4
104198,179,48,105,106.6,2036,1.5,2.7,2.6,4.0,4.8,1.1,140,49,87.0
104199,110,62,2,60.0,1076,1.4,3.9,4.7,3.4,3.4,2.3,167,102,77.2
104200,152,86,2,82.8,1484,5.8,0.2,1.1,2.0,4.9,1.6,40,193,100.0
104201,122,31,83,76.2,1462,9.9,0.6,3.8,2.1,,3.8,48,89,100.0
104202,148,9,27,45.8,898,1.0,1.8,8.0,2.4,4.5,5.1,92,107,71.5
104203,100,10,22,34.8,676,2.9,1.5,1.3,1.7,1.0,3.8,112,47,95.1
104204,101,69,47,80.4,1470,8.7,3.1,7.6,4.3,0.6,3.3,66,126,67.3
104205,64,61,66,75.8,1394,0.7,0.6,6.6,3.9,3.5,4.0,28,95,66.0
104206,50,46,41,54.0,988,8.8,3.9,7.8,2.6,1.9,0.2,131,60,79.1
104207,35,33,87,61.6,1166,5.2,1.3,1.4,2.4,1.6,0.7,49,243,97.6
104208,80,16,106,68.0,1328,4.1,1.7,1.7,2.2,3.4,0.6,36,38,100.0
104209,126,53,39,72.6,1346,3.1,1.1,0.1,1.7,1.7,0.6,78,177,100.0
104210,87,75,5,64.4,1138,3.0,2.3,5.8,0.5,2.9,1.6,138,177,89.0
104211,103,84,19,78.6,1404,3.1,0.2,5.2,1.6,1.5,3.2,151,76,81.9
104212,14,39,10,30.2,526,8.8,0.6,1.4,1.9,3.9,0.7,115,30,100.0
104213,95,18,95,67.8,1320,7.2,3.0,6.3,3.3,1.6,5.6,154,112,77.5
104214,166,66,26,83.2,1532,6.7,0.7,2.4,4.6,2.7,5.1,57,129,88.9
104215,122,81,20,81.0,1458,8.0,0.9,1.1,2.4,0.1,5.8,51,171,99.9
104216,0,52,107,74.0,1376,2.6,3.2,3.4,5.7,4.0,0.3,88,158,75.1
104217,150,63,111,112.2,2118,6.2,0.4,0.7,5.0,3.1,5.1,86,226,93.9
104218,121,82,113,118.6,2208,4.6,,2.1,5.9,1.0,4.8,75,39,74.3
104219,166,46,12,65.6,1220,7.8,0.1,3.0,5.3,1.1,5.4,39,230,80.4
104220,125,5,85,62.0,1230,3.1,1.4,6.8,3.7,1.3,3.2,139,206,64.4
104221,56,15,34,33.8,646,6.4,,6.3,3.6,2.9,4.7,164,171,78.3
104222,80,71,46,77.0,1398,8.8,0.4,3.5,0.8,2.7,0.3,163,217,100.0
104223,161,17,85,76.4,1494,4.0,3.6,5.8,4.3,1.4,0.5,30,239,67.5
104224,168,51,27,75.0,1398,0.7,3.6,4.5,3.6,3.5,0.7,160,71,75.9
104225,72,47,20,50.6,918,5.2,0.4,2.7,3.0,4.4,5.5,165,153,97.8
104226,140,42,109,96.8,1852,3.5,4.0,5.8,4.2,0.2,0.4,33,216,63.4
104227,69,38,17,43.4,792,6.7,1.2,5.5,2.7,2.1,0.6,53,54,84.2
104228,5,48,30,41.8,740,9.5,0.3,5.0,3.1,3.0,5.6,105,193,92.5
104229,83,11,59,46.8,914,4.9,0.0,4.9,2.4,2.9,0.6,144,124,86.9
104230,51,9,109,59.2,1166,4.7,1.6,5.5,4.3,0.1,5.2,173,64,66.2
104231,2,70,36,56.8,996,6.5,2.5,3.1,5.3,1.1,4.7,149,248,77.4
104232,80,54,20,56.4,1020,1.0,1.3,7.0,5.0,0.3,0.2,69,243,49.9
104233,62,0,13,17.6,352,2.5,3.3,1.3,4.7,2.8,0.1,132,168,84.7
104234,48,48,88,73.6,1376,9.2,2.9,7.1,0.1,3.2,3.2,163,39,99.1
104235,75,35,90,72.0,1370,6.7,1.4,2.7,5.5,0.8,6.0,81,37,77.5
104236,111,20,103,75.4,1468,0.1,2.9,1.0,1.6,1.7,5.3,117,134,93.3
104237,174,36,59,80.0,1528,2.0,3.8,4.8,5.3,1.6,1.9,158,249,63.1
104238,108,23,22,44.2,838,6.8,0.4,3.0,1.2,4.1,2.3,146,180,100.0
104239,64,54,94,82.8,1548,,1.2,6.5,2.6,,2.3,49,163,79.2
104240,80,24,110,74.4,1440,8.4,1.9,3.4,4.5,2.7,4.4,174,235,88.8
104241,14,6,28,17.6,340,2.9,2.0,5.3,3.8,3.9,2.0,105,153,77.3
104242,99,80,46,86.2,1564,9.3,2.2,2.5,2.5,4.1,0.9,100,245,100.0
104243,31,70,29,59.8,1056,5.5,1.2,1.7,4.1,3.3,4.5,98,93,93.6
104244,95,70,114,106.6,1992,7.0,2.7,3.1,3.3,1.5,2.7,156,230,89.6
104245,127,23,89,74.8,1450,6.0,2.6,4.9,1.7,4.1,0.5,95,75,96.2
104246,145,10,83,68.2,1344,,2.3,5.3,3.9,3.7,4.7,149,133,72.8
104247,112,72,37,80.4,1464,9.6,0.5,4.6,1.2,3.5,3.5,68,67,100.0
104248,82,11,82,55.8,1094,1.2,1.9,7.9,4.2,0.3,2.9,67,182,50.7
104249,42,34,26,39.2,716,2.5,1.4,5.5,0.0,0.2,4.0,74,115,83.6
104250,115,62,88,95.4,1784,8.1,2.0,7.5,3.3,3.5,3.0,99,31,80.2
104251,162,67,103,113.8,2142,6.2,3.7,0.9,2.4,4.7,3.9,86,246,100.0
104252,77,56,101,89.4,1676,8.4,1.9,0.5,1.8,3.9,5.2,134,53,100.0
104253,57,12,115,64.6,1268,5.2,0.1,2.5,3.1,4.2,3.7,131,130,97.5
104254,32,22,86,54.0,1036,3.8,1.8,1.1,3.9,2.7,4.0,178,96,91.8
104255,13,82,92,88.6,1608,9.2,3.3,4.2,5.8,,3.7,126,119,77.1
104256,161,38,14,60.6,1136,0.4,3.1,4.2,5.0,3.4,3.2,45,123,69.2
104257,131,87,58,101.6,1858,8.6,2.1,4.6,4.3,3.6,1.0,129,122,88.1
104258,58,79,2,59.8,1038,2.3,1.0,6.0,2.9,3.4,2.0,85,100,76.3
104259,156,11,9,41.4,806,8.5,1.9,7.8,2.4,4.7,4.2,177,218,87.9
104260,82,33,78,67.4,1282,,2.3,7.0,0.2,1.8,2.6,120,166,79.2
104261,133,70,119,116.2,2184,5.8,4.0,0.9,2.2,0.2,2.4,20,202,97.6
104262,120,74,79,100.0,1852,8.9,2.6,2.7,5.1,4.5,4.6,89,45,95.0
104263,176,30,16,59.6,1132,4.7,2.8,2.0,2.3,0.8,0.0,169,148,92.3
104264,167,61,82,102.8,1934,7.5,2.0,1.4,2.8,3.5,4.1,132,137,100.0
104265,82,12,10,27.6,528,8.0,1.4,4.4,1.6,4.4,2.9,73,171,100.0
104266,26,30,47,42.0,780,7.4,3.3,4.4,1.6,,2.3,161,183,94.0
104267,79,1,4,18.0,358,9.3,2.0,1.8,0.4,4.2,2.0,33,203,100.0
104268,133,14,68,62.2,1216,4.5,4.0,5.7,3.7,1.7,1.0,38,130,72.8
104269,12,56,63,61.2,1112,1.7,1.8,5.9,2.7,4.0,2.0,173,215,78.3
104270,63,74,13,62.2,1096,0.5,0.3,0.2,3.6,0.3,2.3,78,231,83.1
104271,146,33,49,68.6,1306,2.5,2.7,3.2,3.3,3.3,2.6,169,59,85.6
104272,79,67,25,66.0,1186,1.4,0.2,7.1,4.8,3.4,4.0,25,243,60.6
104273,122,74,71,97.2,1796,5.6,1.0,4.2,4.5,2.5,2.7,82,153,79.4
104274,42,28,68,52.4,992,1.8,1.4,2.8,4.6,3.4,4.8,96,85,79.6
104275,88,65,6,59.0,1050,0.4,3.0,2.0,3.0,4.6,3.8,93,123,91.6
104276,147,15,15,44.4,858,0.4,2.0,1.9,2.1,3.7,1.1,146,61,93.8
104277,94,38,54,63.2,1188,8.3,0.1,0.8,5.6,4.8,1.7,166,107,99.8
104278,171,76,77,110.6,2060,5.9,2.5,6.5,0.3,2.2,0.5,114,52,90.9
104279,150,36,100,91.6,1760,3.6,1.6,0.7,0.9,2.6,5.7,29,46,100.0
104280,1,80,55,70.2,1244,,3.7,2.3,2.5,1.3,5.3,56,151,100.0
104281,119,20,104,77.4,1508,0.7,2.0,0.4,3.7,4.9,0.5,164,181,96.0
104282,21,43,3,31.2,538,9.8,2.8,6.3,0.0,0.3,3.4,152,204,95.3
104283,114,18,99,73.2,1428,6.2,0.9,0.3,4.3,1.8,5.8,168,168,95.1
104284,56,70,47,72.0,1300,1.8,3.0,2.5,3.4,1.5,4.5,137,70,81.1
104285,71,7,119,66.0,1306,6.8,2.9,4.6,2.9,1.9,3.0,167,44,86.4
104286,6,76,16,53.2,912,7.6,3.6,3.3,2.5,4.6,1.4,162,243,100.0
104287,118,65,110,106.6,2002,4.3,0.1,2.3,3.1,1.8,1.7,98,120,89.3
104288,113,40,35,60.6,1132,8.6,,2.2,1.0,4.6,4.4,72,81,100.0
104289,15,74,69,75.0,1352,1.5,2.7,6.4,0.7,2.1,4.7,52,191,80.2
104290,82,87,79,100.2,1830,2.8,0.4,7.8,1.7,4.3,3.2,141,89,78.8
104291,178,69,92,113.8,2138,0.9,1.6,2.8,4.3,2.6,0.7,51,86,76.9
104292,71,60,99,89.8,1676,2.1,,0.3,3.5,1.6,5.6,98,62,90.3
104293,123,25,37,54.4,1038,2.4,1.7,0.3,2.9,2.2,5.1,175,178,95.7
104294,112,70,100,104.4,1948,9.2,3.9,6.1,3.4,2.1,0.8,22,181,83.3
104295,11,82,111,95.8,1752,0.8,0.2,4.4,3.4,1.3,0.3,72,49,70.9
104296,125,69,61,90.8,1678,4.3,2.9,6.3,1.8,1.4,3.2,21,142,78.6
104297,52,28,120,75.2,1448,5.3,2.3,5.6,0.6,0.9,1.7,140,97,87.9
104298,74,65,47,72.6,1322,9.0,2.0,7.3,5.4,1.7,1.7,169,130,66.9
104299,132,18,9,40.8,780,10.0,3.9,7.1,3.6,3.1,0.5,172,130,82.9
104300,26,67,104,87.0,1606,7.5,0.5,6.3,4.2,1.9,5.7,179,217,74.5
104301,139,57,35,76.0,1406,,3.6,3.8,2.8,3.6,5.0,154,203,100.0
104302,144,69,28,81.4,1490,7.9,2.8,2.5,4.5,4.9,0.7,81,62,98.0
104303,133,56,77,91.0,1708,9.6,1.0,4.1,3.5,1.9,5.3,50,60,91.0
104304,96,36,3,42.0,768,7.1,3.6,4.0,0.3,2.3,4.1,82,191,100.0
104305,4,60,43,54.0,960,0.8,1.7,4.9,5.3,0.8,2.0,56,51,57.9
104306,56,29,55,50.6,954,4.0,3.3,1.5,1.8,2.0,5.2,87,135,99.0
104307,155,70,41,89.4,1648,6.5,1.6,5.2,0.8,3.6,3.6,98,59,99.0
104308,77,72,99,98.2,1820,3.5,3.4,3.7,0.5,1.1,5.1,156,34,93.0
104309,68,24,113,73.2,1416,2.7,2.5,5.0,4.3,0.9,2.8,65,198,66.6
104310,117,64,108,105.0,1972,5.8,0.6,1.9,4.2,1.9,3.0,114,202,88.7
104311,119,5,12,31.6,622,9.3,2.6,3.5,4.2,4.1,1.7,53,244,95.9
104312,58,17,45,39.8,762,0.3,0.8,1.7,5.5,3.1,2.3,127,90,75.6
104313,32,9,81,44.2,866,7.7,1.6,7.0,2.1,4.8,3.4,79,146,91.3
104314,61,10,32,31.0,600,7.2,0.7,3.9,3.4,,5.7,160,42,95.3
104315,49,64,20,56.2,996,9.6,0.1,1.8,3.7,0.8,3.6,55,166,95.9
104316,111,76,79,99.4,1836,9.3,0.8,0.3,5.9,0.2,0.9,67,235,88.5
104317,18,83,78,84.6,1526,7.6,2.1,5.4,1.9,2.0,0.0,112,238,90.1
104318,122,64,117,109.6,2064,5.2,1.9,1.7,5.7,2.6,5.1,25,192,82.9
104319,46,51,56,62.2,1142,2.0,2.0,7.9,0.9,2.6,2.2,152,47,75.7
104320,166,66,68,100.0,1868,5.5,1.0,4.3,4.6,0.7,1.9,122,156,72.9
104321,32,81,69,82.6,1490,7.7,2.7,2.3,3.8,0.6,4.8,93,169,89.0
104322,140,77,101,114.6,2138,9.0,2.8,5.3,4.9,0.2,5.7,93,148,72.9
104323,83,30,66,61.0,1160,7.9,1.4,2.2,0.2,4.3,4.5,132,198,100.0
104324,134,90,47,99.6,1812,2.0,3.5,6.6,0.5,4.7,1.0,171,173,89.2
104325,78,16,75,55.2,1072,6.0,2.6,2.5,0.4,0.6,2.3,26,42,100.0
104326,13,54,99,74.6,1384,3.3,2.9,7.9,3.6,1.1,4.6,105,153,60.3
104327,146,35,32,63.0,1190,0.1,1.1,4.8,3.6,0.4,5.4,77,175,64.2
104328,127,25,35,54.4,1038,2.0,0.0,6.8,5.4,4.4,6.0,168,105,63.0
104329,53,52,32,54.6,988,1.1,3.5,0.6,2.8,4.8,3.1,63,147,100.0
104330,147,16,30,51.0,988,8.4,3.3,2.8,0.4,1.3,4.9,44,127,100.0
104331,28,85,20,64.6,1122,2.6,0.5,5.9,1.3,1.5,0.3,114,208,79.6
104332,23,24,26,29.4,540,2.8,1.5,5.2,0.0,1.8,1.7,135,62,90.2
104333,81,1,90,52.8,1054,9.6,2.6,1.6,4.7,2.5,2.2,162,227,96.8
104334,62,85,71,91.8,1666,3.8,2.6,2.8,4.9,3.4,5.9,176,111,82.1
104335,104,4,119,70.8,1408,0.1,3.4,2.1,6.0,2.5,0.0,102,96,69.3
104336,56,3,100,53.0,1054,2.8,0.6,4.9,2.5,4.8,1.8,71,83,87.9
104337,135,35,61,72.4,1378,1.2,1.7,2.8,0.1,0.5,5.6,36,35,92.2
104338,61,5,95,53.2,1054,1.0,0.4,2.5,1.4,4.0,1.8,55,65,97.0
104339,156,20,25,53.2,1024,0.8,1.6,1.7,3.5,1.7,1.4,170,84,82.4
104340,16,76,65,74.8,1344,5.9,0.1,3.3,5.8,1.9,4.4,101,156,75.3
104341,65,88,11,70.2,1228,1.9,3.6,1.6,0.6,3.5,4.5,147,207,100.0
104342,5,25,21,24.4,438,3.6,2.1,7.7,0.7,4.6,2.8,99,243,86.7
104343,57,54,16,50.2,896,8.6,3.4,1.2,4.2,3.6,5.7,175,100,100.0
104344,68,38,6,38.8,700,,0.2,7.3,4.0,3.9,1.2,79,123,70.9
104345,155,83,106,123.2,2298,9.2,0.9,3.4,1.5,3.8,5.5,179,223,100.0
104346,61,32,67,58.2,1100,5.0,1.0,3.0,4.9,1.6,4.5,77,172,78.3
104347,168,13,36,55.8,1090,4.0,1.5,1.9,0.8,3.8,2.2,101,51,100.0
104348,81,55,37,64.0,1170,7.5,,5.1,5.6,3.9,4.8,63,78,78.3
104349,168,80,95,119.6,2232,0.7,1.5,5.5,1.2,2.7,0.8,168,195,81.5
104350,176,20,10,51.2,984,0.9,0.8,3.7,0.5,2.7,0.8,143,165,92.6
104351,176,45,0,62.2,1154,6.5,0.3,0.4,2.0,3.8,5.6,20,165,100.0
104352,70,15,24,32.6,622,4.9,0.3,7.3,1.1,4.1,0.6,116,129,87.4
104353,130,15,41,51.4,998,7.9,3.0,7.8,3.2,1.7,0.0,40,241,73.7
104354,9,83,51,72.0,1274,9.2,1.8,3.4,4.1,4.0,2.3,118,66,96.3
104355,97,28,23,45.4,852,3.9,2.9,4.9,2.9,4.1,0.6,174,229,86.0
104356,88,7,52,42.6,838,6.0,2.7,3.6,4.0,1.2,5.2,167,107,81.2
104357,34,87,106,101.4,1854,5.0,0.5,2.6,2.2,3.6,5.5,163,241,99.4
104358,1,2,55,23.4,464,9.8,0.6,0.6,0.2,0.9,2.9,67,150,100.0
104359,123,88,62,102.2,1868,8.3,3.0,3.6,5.8,0.5,2.6,51,182,74.7
104360,23,18,80,47.4,912,9.1,2.9,6.5,4.9,2.9,3.2,51,239,76.4
104361,73,65,7,56.4,998,2.5,1.5,0.1,0.4,4.5,1.4,143,211,100.0
104362,165,78,58,103.0,1904,7.7,0.3,4.7,2.7,0.2,1.8,149,50,83.7
104363,21,85,44,72.8,1286,2.7,0.0,7.0,3.8,4.1,0.6,41,130,70.7
104364,153,73,26,84.8,1550,2.1,1.2,1.7,1.1,2.5,2.7,71,156,99.4
104365,170,81,51,103.0,1898,9.4,0.0,1.5,3.5,4.3,3.7,115,216,100.0
104366,38,21,17,27.0,498,0.2,0.9,6.2,3.2,4.2,5.6,164,188,72.2
104367,156,45,90,94.2,1794,9.7,1.7,2.0,1.2,4.4,4.4,42,35,100.0
104368,19,90,85,91.8,1656,1.5,0.5,1.5,0.8,3.8,4.3,52,199,100.0
104369,40,12,15,21.2,400,,0.4,3.0,4.6,4.2,1.8,176,148,94.0
104370,147,32,65,74.6,1428,2.8,3.6,3.1,1.9,0.9,5.3,38,209,86.4
104371,107,4,4,25.4,500,3.5,2.3,7.0,1.5,1.5,5.7,140,204,76.0
104372,146,89,81,115.0,2122,2.2,3.7,4.9,4.4,1.2,5.6,88,241,66.4
104373,83,76,2,63.0,1108,5.9,1.4,3.2,4.4,3.7,0.2,56,185,88.1
104374,110,26,90,73.6,1420,3.5,2.7,4.3,1.7,0.8,3.6,142,193,83.7
104375,65,77,117,106.0,1966,6.6,0.8,7.6,5.2,0.9,3.9,173,157,59.5
104376,157,23,80,77.2,1498,0.2,2.5,0.9,4.1,4.4,1.8,43,69,89.5
104377,52,66,79,81.6,1500,0.6,0.5,1.7,2.1,3.5,6.0,73,247,94.4
104378,33,62,69,71.4,1304,1.0,0.0,7.7,2.6,4.4,1.7,40,170,71.4
104379,149,47,114,103.6,1978,4.2,3.7,7.7,4.4,0.7,1.3,116,206,57.7
104380,66,62,6,52.8,932,8.1,2.2,1.4,1.3,2.0,2.9,109,161,100.0
104381,133,77,49,92.4,1694,8.9,3.7,1.2,2.8,1.4,1.9,157,127,100.0
104382,26,11,13,17.0,318,2.4,1.3,3.4,3.9,0.0,5.5,61,151,71.7
104383,9,27,37,32.8,602,5.7,1.3,0.4,3.2,1.4,2.6,176,130,98.0
104384,72,43,103,81.4,1542,7.7,1.6,5.2,3.6,1.9,2.5,47,93,82.3
104385,95,42,78,75.4,1424,2.9,2.8,0.6,3.3,0.5,3.8,159,127,88.4
104386,47,16,110,63.0,1228,4.1,2.3,0.5,1.2,2.8,0.5,77,109,100.0
104387,69,39,46,55.6,1034,5.2,3.7,3.9,2.5,1.9,4.5,146,52,88.0
104388,99,48,111,93.0,1764,1.3,0.1,7.7,3.2,0.2,4.6,26,215,56.4
104389,58,84,32,74.8,1328,0.3,2.8,3.4,4.7,3.5,2.8,163,116,74.0
104390,1,56,42,50.6,900,1.5,1.3,2.9,3.9,3.6,5.7,112,172,82.7
104391,156,86,90,118.8,2204,6.3,0.7,8.0,2.6,4.2,3.5,54,118,80.2
104392,64,83,28,73.8,1310,0.7,2.0,4.3,5.8,2.4,4.2,111,122,62.4
104393,82,63,56,76.6,1406,1.9,2.0,3.0,0.6,4.8,5.5,26,129,100.0
104394,153,74,100,115.0,2152,3.4,0.5,3.1,1.2,4.6,4.0,33,156,100.0
104395,9,56,4,37.0,628,0.8,0.8,1.6,2.0,2.8,2.6,78,108,93.6
104396,52,73,92,91.0,1674,1.9,1.6,4.1,1.4,2.2,0.1,81,130,87.0
104397,78,73,95,97.4,1802,9.1,1.6,3.5,3.8,0.0,4.4,139,128,85.2
104398,58,69,59,76.6,1394,0.2,1.3,2.2,0.2,3.6,5.8,85,203,100.0
104399,149,87,116,128.4,2394,,0.6,1.3,1.1,2.8,2.8,41,68,100.0
104400,178,75,69,108.2,2014,3.8,0.0,2.5,1.8,4.7,2.0,163,76,100.0
104401,47,42,1,35.0,616,6.7,3.9,4.1,4.1,3.0,3.1,118,66,85.5
104402,148,22,69,70.4,1364,5.9,3.8,0.5,5.3,5.0,4.4,139,198,98.3
104403,122,26,109,83.6,1620,2.2,1.9,1.2,4.8,4.3,0.0,62,121,88.5
104404,21,57,42,55.2,990,8.5,4.0,7.6,1.1,4.8,5.3,116,202,95.5
104405,99,36,3,42.6,780,4.9,2.7,4.3,3.4,1.6,5.3,117,59,80.4
104406,97,5,55,44.4,878,8.2,0.3,0.5,0.2,0.7,3.2,135,228,100.0
104407,157,64,92,106.6,2004,4.1,0.5,5.5,1.9,4.0,0.7,167,97,88.7
104408,24,5,58,31.0,610,9.8,3.7,0.5,4.8,3.9,4.0,157,36,100.0
104409,27,49,88,70.0,1302,7.7,2.5,5.9,2.7,1.1,0.8,166,126,81.6
104410,112,21,8,38.2,722,9.7,3.4,6.0,0.9,3.8,3.0,31,76,100.0
104411,44,87,119,108.6,1998,,,5.2,2.6,2.9,0.6,157,76,85.1
104412,67,24,2,28.6,524,4.7,1.8,5.9,1.2,0.5,3.5,90,239,81.3
104413,6,78,89,83.6,1516,7.6,0.2,0.7,2.4,2.5,1.9,123,108,100.0
104414,48,89,47,81.8,1458,8.8,0.8,5.8,2.9,4.7,5.0,30,155,94.0
104415,136,71,42,86.6,1590,9.6,0.3,1.1,2.1,2.5,4.8,80,128,100.0
104416,163,50,90,98.6,1872,3.2,0.8,2.7,5.6,3.9,6.0,145,130,79.3
104417,82,87,99,108.2,1990,8.0,,7.5,3.4,0.1,1.5,36,217,69.3
104418,128,47,95,91.8,1742,2.1,0.5,4.0,5.1,3.6,0.4,73,162,73.5
104419,137,69,0,68.8,1238,5.5,0.7,7.7,4.6,4.7,2.7,172,205,71.3
104420,163,64,56,93.4,1740,1.8,1.8,0.7,4.0,2.5,0.5,125,116,88.3
104421,72,59,52,70.6,1294,3.5,1.4,3.8,3.0,1.7,1.1,178,231,81.9
104422,45,45,117,82.8,1566,9.3,1.9,0.5,0.0,3.2,3.6,125,246,100.0
104423,105,35,15,48.0,890,1.5,1.7,5.0,3.7,4.6,3.6,58,179,78.3
104424,159,57,50,86.0,1606,,2.6,0.6,2.1,0.9,0.3,39,124,100.0
104425,31,75,111,95.6,1762,5.9,3.7,1.4,0.7,2.0,2.7,92,180,100.0
104426,5,37,74,52.8,982,1.2,0.4,2.1,2.7,0.8,3.2,62,121,82.9
104427,175,10,89,76.6,1512,3.3,0.4,6.0,4.4,2.5,1.6,135,202,68.1
104428,165,11,103,80.8,1594,5.6,3.4,1.3,5.8,2.7,5.2,148,236,85.1
104429,144,41,54,75.0,1418,1.9,2.0,6.8,2.2,4.7,1.0,74,81,79.7
104430,73,38,0,37.4,672,8.0,3.1,1.1,3.3,2.1,1.5,127,228,100.0
104431,113,70,89,100.2,1864,9.7,0.9,0.3,5.1,2.8,0.9,122,203,100.0
104432,26,10,27,22.0,420,2.1,3.3,3.2,2.0,4.4,0.7,152,67,94.6
104433,53,35,52,52.4,978,1.9,3.7,7.8,0.9,1.6,5.3,159,197,72.9
104434,177,51,57,88.8,1674,4.5,2.5,0.9,1.7,3.4,1.7,33,172,100.0
104435,162,30,72,79.2,1524,7.5,0.4,0.8,5.4,3.8,4.3,122,142,96.2
104436,84,32,59,59.6,1128,2.8,3.6,6.0,1.0,1.7,2.6,59,226,81.7
104437,126,12,58,55.6,1088,0.2,,2.5,2.0,0.8,3.8,127,169,82.8
104438,152,17,107,83.4,1634,5.4,3.0,5.7,2.8,2.5,5.6,156,106,81.5
104439,155,40,21,63.4,1188,9.6,0.1,1.6,5.1,1.8,5.1,61,96,92.7
104440,110,57,7,59.0,1066,3.9,3.2,3.7,5.6,1.3,0.4,52,214,68.9
104441,14,55,48,55.0,990,4.2,0.6,2.1,2.6,4.9,5.1,44,150,100.0
104442,131,23,41,56.4,1082,9.7,0.9,3.6,5.6,2.5,2.7,137,48,84.5
104443,92,72,26,72.0,1296,6.9,2.3,6.2,1.0,4.3,2.1,97,119,96.9
104444,122,30,38,57.6,1092,7.2,1.1,6.1,0.9,1.0,4.0,28,59,88.5
104445,72,54,82,79.6,1484,5.6,2.6,4.1,5.7,4.7,5.7,138,121,80.4
104446,154,9,24,45.8,898,,2.4,7.4,3.1,4.0,0.6,138,236,86.3
104447,153,59,37,80.8,1498,6.9,0.4,2.1,1.1,4.0,4.6,110,47,100.0
104448,146,1,84,63.4,1266,9.0,2.6,1.9,2.9,1.9,1.2,77,92,100.0
104449,91,14,23,35.8,688,7.0,3.7,4.9,4.7,2.4,2.3,172,36,78.1
104450,16,2,23,13.6,268,7.4,0.6,5.0,5.0,3.0,5.2,135,217,78.8
104451,42,42,59,57.2,1060,2.9,2.4,0.4,5.2,,3.3,51,235,89.9
104452,120,30,82,74.8,1436,3.0,1.4,4.9,3.4,4.2,0.4,41,117,82.0
104453,40,69,49,69.0,1242,7.8,1.8,3.0,5.2,0.4,3.0,112,145,78.8
104454,169,66,110,117.4,2216,3.0,1.1,6.0,3.1,4.5,4.7,74,92,80.0
104455,177,55,65,94.4,1778,5.6,1.4,6.5,3.6,4.7,3.2,127,214,81.3
104456,167,62,13,75.8,1392,2.5,0.1,4.4,4.6,3.0,1.0,96,117,73.4
104457,38,74,52,72.8,1308,8.2,3.9,0.0,2.6,0.9,2.7,80,104,100.0
104458,112,14,31,43.2,836,1.1,2.5,5.1,0.4,4.1,5.5,141,152,92.1
104459,150,9,105,77.4,1530,8.3,2.0,6.0,2.1,2.7,3.9,111,68,90.2
104460,110,37,95,82.2,1570,6.0,1.5,2.0,3.7,4.1,4.4,86,200,97.8
104461,179,46,91,99.8,1904,1.9,2.2,3.7,1.2,4.1,4.7,149,213,95.3
104462,46,56,47,61.6,1120,5.4,,7.7,0.9,0.4,0.5,133,167,76.7
104463,62,49,38,57.0,1042,2.8,1.4,2.4,1.8,3.0,3.5,140,136,96.0
104464,109,70,39,79.4,1448,3.2,1.9,1.8,0.2,2.4,2.3,82,49,100.0
104465,68,14,41,38.4,740,3.5,1.1,1.7,4.5,4.7,0.8,163,135,91.8
104466,42,17,110,62.6,1218,0.6,0.7,4.5,1.6,1.5,1.2,148,221,79.7
104467,175,81,103,124.8,2334,9.9,2.2,7.6,0.7,1.0,4.7,104,196,88.9
104468,33,87,76,89.2,1610,0.3,3.4,4.9,4.2,4.5,1.0,83,243,73.5
104469,39,1,75,38.4,766,6.6,0.6,2.4,5.1,0.7,1.9,139,128,80.2
104470,60,83,7,64.6,1126,3.7,0.1,5.1,0.1,3.4,1.7,88,144,96.7
104471,177,42,78,91.8,1752,6.5,1.0,5.0,1.4,1.5,0.3,143,185,90.5
104472,61,25,25,37.2,694,3.6,3.9,4.8,5.7,2.8,2.8,140,187,67.9
104473,57,70,11,57.8,1016,6.7,3.3,1.3,2.3,3.1,4.6,164,87,100.0
104474,160,37,42,71.0,1346,7.3,2.4,5.1,5.6,2.1,0.1,59,99,72.5
104475,74,41,50,59.4,1106,,3.7,3.4,1.6,4.9,0.7,121,91,100.0
104476,15,4,109,49.0,972,1.1,1.8,0.1,1.3,0.7,4.3,148,158,97.4
104477,81,10,90,58.2,1144,6.6,3.9,4.3,1.3,2.0,3.6,32,225,95.5
104478,93,64,81,89.4,1660,2.8,1.2,7.9,0.5,2.2,4.3,37,182,78.1
104479,47,33,108,72.4,1382,0.3,1.0,2.8,5.4,3.2,1.4,87,196,72.0
104480,137,0,99,67.0,1340,4.1,2.6,7.7,5.9,2.0,4.8,130,168,53.9
104481,81,82,62,90.2,1640,4.3,1.5,0.8,5.7,0.5,2.9,33,88,78.4
104482,37,1,48,27.2,542,4.7,2.5,5.9,5.1,4.7,3.7,152,194,74.4
104483,126,84,114,121.2,2256,7.0,1.2,0.9,5.1,2.1,0.6,81,233,91.2
104484,18,19,26,25.4,470,3.1,2.5,2.2,4.0,1.7,1.2,45,186,82.5
104485,163,60,8,71.8,1316,3.2,1.1,4.6,5.0,2.2,4.6,49,127,69.6
104486,62,86,118,111.2,2052,0.6,0.2,4.7,1.3,1.1,1.3,81,111,79.2
104487,76,20,38,42.4,808,6.9,3.6,6.2,2.3,0.5,0.6,100,166,79.0
104488,173,87,64,112.4,2074,5.7,3.5,4.9,3.8,0.7,3.6,89,75,74.9
104489,130,67,70,94.2,1750,3.5,3.9,4.7,5.2,0.8,3.3,110,233,64.6
104490,101,11,89,62.4,1226,7.1,2.9,7.3,4.0,1.0,3.6,55,166,68.0
104491,64,21,70,53.4,1026,5.4,2.7,3.6,5.0,2.1,3.7,26,222,77.7
104492,119,19,115,81.2,1586,4.7,2.2,1.8,2.8,3.1,3.0,84,100,97.5
104493,90,81,6,69.0,1218,5.1,0.5,1.3,4.3,3.1,3.0,96,132,92.8
104494,7,0,71,29.8,596,6.4,0.8,3.2,5.9,0.0,5.5,60,71,70.5
104495,178,29,79,84.6,1634,6.6,1.2,5.7,0.9,4.6,3.2,51,191,99.7
104496,72,23,66,54.6,1046,2.9,3.6,0.3,5.6,4.1,3.7,161,57,88.9
104497,133,13,108,77.6,1526,1.4,0.7,1.0,3.1,4.8,1.6,49,247,97.7
104498,106,35,9,45.8,846,1.6,3.7,0.8,3.9,1.8,5.2,25,129,85.9
104499,88,68,113,103.6,1936,6.4,2.1,4.7,5.3,3.3,0.1,29,90,77.4
104500,38,74,70,80.0,1452,8.7,2.9,1.9,2.5,0.8,3.3,122,69,99.7
104501,112,23,84,69.8,1350,4.1,0.4,1.3,2.5,4.1,2.3,39,211,100.0
104502,27,59,52,61.6,1114,1.7,1.1,4.7,3.2,0.8,3.6,108,88,71.0
104503,96,54,100,91.6,1724,7.6,3.8,6.1,0.1,1.6,2.2,143,235,95.1
104504,36,76,94,90.4,1656,8.3,1.1,2.7,3.0,2.5,4.3,137,202,98.3
104505,136,79,86,109.0,2022,8.8,1.2,4.6,1.7,3.0,0.1,31,237,99.7
104506,81,23,56,52.4,1002,6.1,0.8,0.8,5.6,2.8,2.4,41,196,89.4
104507,55,76,90,92.6,1700,8.6,0.5,7.5,0.5,0.5,5.0,95,199,86.2
104508,84,23,119,78.2,1518,0.2,0.9,2.7,2.8,2.1,1.5,33,168,81.9
104509,1,53,85,66.0,1214,,2.6,8.0,5.7,4.6,0.3,125,232,55.5
104510,57,25,102,67.2,1294,0.9,1.8,7.8,5.4,,3.0,55,195,56.8
104511,106,65,120,108.2,2034,7.1,2.2,6.2,4.2,3.0,5.9,74,86,77.4
104512,122,79,26,82.2,1486,0.7,0.5,0.2,3.5,2.9,0.4,33,152,91.8
104513,167,37,53,76.8,1462,5.0,3.2,4.3,1.7,0.6,0.4,21,169,86.1
104514,163,64,112,115.8,2188,4.7,3.1,0.7,2.2,1.0,3.6,21,199,98.6
104515,113,74,3,68.2,1216,3.1,0.1,7.2,0.5,,1.5,80,220,78.8
104516,106,50,87,86.0,1620,8.7,1.5,6.3,4.7,2.4,2.5,126,166,75.9
104517,36,34,22,36.4,660,1.7,0.3,7.8,1.9,3.7,5.0,126,179,73.8
104518,78,42,47,59.6,1108,3.5,3.2,4.9,4.0,2.3,1.2,153,195,74.3
104519,91,28,82,67.8,1300,7.7,2.9,4.2,2.1,0.6,4.3,172,230,89.9
104520,17,36,41,41.4,756,0.3,3.6,4.2,2.8,2.2,3.0,42,86,76.4
104521,97,80,2,68.2,1204,6.7,0.9,3.1,3.3,0.8,5.4,92,96,86.9
104522,62,57,90,82.6,1538,8.2,1.8,3.7,4.8,3.8,5.8,114,59,89.0
104523,149,53,2,62.4,1142,9.3,0.7,5.1,1.3,0.8,2.9,47,150,94.1
104524,138,38,27,61.2,1148,8.8,1.5,7.5,2.4,2.4,3.5,44,183,82.8
104525,3,41,62,50.0,918,3.2,2.1,4.8,0.8,3.5,4.5,118,229,93.7
104526,134,27,80,75.0,1446,5.9,0.2,6.9,0.5,1.1,1.9,84,83,85.0
104527,60,28,30,40.8,760,0.8,,6.9,3.6,0.4,1.4,62,61,57.2
104528,106,42,9,50.0,916,2.6,2.2,4.2,1.1,2.8,5.8,59,51,91.3
104529,53,2,48,31.0,616,0.9,3.3,2.8,0.4,0.3,2.6,42,165,89.5
104530,87,9,85,56.8,1118,3.2,1.1,5.1,5.4,2.9,0.0,27,138,67.7
104531,67,58,93,85.4,1592,8.8,3.6,3.6,3.2,3.8,5.0,147,95,98.6
104532,128,13,112,78.2,1538,3.5,4.0,0.7,0.8,1.6,3.6,26,43,100.0
104533,54,75,20,63.8,1126,5.6,3.7,3.0,0.3,2.4,1.0,40,162,100.0
104534,2,46,99,67.6,1260,4.3,3.1,8.0,0.7,4.6,0.2,54,42,86.9
104535,165,41,52,78.4,1486,4.6,3.2,0.4,2.8,2.4,1.7,120,116,100.0
104536,120,31,86,77.0,1478,9.7,2.3,5.6,4.0,5.0,5.6,118,153,92.0
104537,128,31,101,84.6,1630,3.0,0.8,6.7,3.8,0.8,5.6,101,106,62.6
104538,101,41,75,74.8,1414,6.3,2.7,5.2,0.9,3.5,1.9,80,112,97.8
104539,37,31,88,61.2,1162,,2.9,4.6,3.8,3.3,5.0,93,53,80.9
104540,84,25,53,53.0,1010,0.6,3.9,5.7,2.4,4.4,2.7,177,64,79.6
104541,156,0,56,53.6,1072,4.9,2.2,3.4,2.8,0.5,3.9,128,235,83.7
104542,132,55,19,67.0,1230,8.1,1.1,0.7,4.8,,2.0,87,97,93.6
104543,91,1,112,63.6,1270,1.0,2.7,7.7,2.0,0.7,3.1,156,183,63.3
104544,20,80,48,71.2,1264,0.7,3.9,3.5,0.9,4.7,1.8,36,103,97.0
104545,108,29,105,81.0,1562,,0.7,5.3,5.2,2.1,0.4,62,195,62.1
104546,46,70,6,53.6,932,7.6,1.3,4.3,1.3,,0.8,122,63,100.0
104547,83,51,28,58.4,1066,7.2,2.2,0.4,1.8,1.5,1.7,107,63,100.0
104548,82,90,47,89.2,1604,5.7,0.7,7.6,4.2,0.6,5.9,122,48,61.8
104549,34,8,92,48.4,952,4.7,0.1,6.3,4.1,1.5,5.8,160,32,68.2
104550,68,21,12,31.0,578,8.9,1.3,1.2,4.8,3.0,5.0,173,145,98.0
104551,128,33,2,46.2,858,7.7,3.5,7.9,1.1,4.2,1.4,81,65,90.9
104552,139,48,1,57.0,1044,8.1,0.2,5.9,2.1,1.9,2.6,38,33,87.8
104553,26,0,15,11.2,224,8.1,1.7,3.8,0.8,4.6,2.6,100,151,100.0
104554,55,72,93,91.4,1684,6.4,3.0,4.9,3.2,1.2,2.3,49,183,80.8
104555,22,83,101,94.6,1726,4.6,3.8,0.9,1.8,3.5,0.3,146,232,100.0
104556,152,52,5,63.6,1168,8.6,3.9,4.5,4.1,3.7,3.2,32,160,89.8
104557,20,82,44,70.8,1252,9.3,1.7,0.6,0.0,1.4,0.4,101,157,100.0
104558,60,39,70,63.4,1190,0.2,3.8,4.4,0.4,0.1,4.8,140,206,81.1
104559,62,44,4,40.4,720,0.5,0.1,4.4,2.6,,4.1,135,38,75.8
104560,121,67,55,86.4,1594,9.6,3.0,7.0,5.7,0.2,2.1,130,75,63.3
104561,51,8,70,43.0,844,2.8,2.6,5.8,5.3,4.5,3.9,28,223,69.4
104562,87,21,97,68.8,1334,8.7,1.0,2.0,6.0,4.8,1.4,48,43,93.8
104563,152,17,31,53.0,1026,3.9,2.0,7.1,2.5,3.7,1.6,112,32,78.0
104564,54,75,48,75.0,1350,1.2,0.5,4.6,0.3,3.6,1.9,129,31,93.3
104565,45,42,12,39.0,696,0.8,3.5,4.9,1.8,1.2,4.8,155,115,76.6
104566,31,38,29,40.6,736,,1.4,1.4,4.1,0.4,1.3,127,190,78.3
104567,54,72,24,63.6,1128,2.5,2.5,6.9,0.8,4.0,3.4,100,129,85.4
104568,95,5,84,55.6,1102,4.9,0.6,7.4,1.8,2.8,1.2,34,167,79.6
104569,132,82,59,99.2,1820,7.0,0.8,6.2,0.3,3.4,1.7,24,140,97.9
104570,35,47,58,58.4,1074,9.9,4.0,7.5,2.8,3.9,1.4,117,82,87.5
104571,109,6,84,59.0,1168,4.4,3.0,2.4,1.3,2.0,3.9,28,201,98.7
104572,176,79,27,93.4,1710,5.2,3.8,6.9,0.5,0.7,3.2,24,195,82.4
104573,105,68,111,106.2,1988,5.2,1.2,3.9,2.5,4.0,4.3,174,178,94.3
104574,57,15,57,43.2,834,5.4,0.7,1.3,2.1,,1.3,132,192,100.0
104575,38,0,19,15.2,304,,2.0,5.4,3.2,4.1,0.1,136,224,85.1
104576,79,36,33,50.6,940,0.1,2.0,5.5,4.5,2.2,4.1,103,112,62.3
104577,96,82,4,70.0,1236,0.0,0.7,2.3,0.7,1.1,0.7,66,51,90.6
104578,112,36,81,76.4,1456,1.0,2.9,0.2,4.7,0.9,1.5,81,49,80.4
104579,60,80,59,83.6,1512,1.0,1.4,1.6,0.2,3.7,1.8,64,129,100.0
104580,136,63,102,105.8,1990,7.0,0.7,3.2,2.7,2.9,4.5,85,240,96.4
104581,5,89,42,71.2,1246,2.0,1.3,1.3,3.5,,3.8,42,139,87.3
104582,108,85,56,95.0,1730,8.9,,1.6,5.7,2.5,1.1,117,97,90.4
104583,34,61,56,65.8,1194,9.3,2.9,3.1,3.4,2.7,3.6,112,125,97.3
104584,38,71,74,79.8,1454,9.8,1.9,7.7,1.0,1.2,4.2,62,37,87.4
104585,149,60,53,87.0,1620,9.4,2.1,6.1,3.1,1.9,2.3,177,80,84.6
104586,168,32,80,84.8,1632,2.7,0.6,2.6,2.4,1.5,1.5,86,183,87.5
104587,117,65,111,106.8,2006,5.1,3.7,7.6,2.9,1.9,4.1,157,80,71.0
104588,4,29,44,35.8,658,1.8,3.7,5.2,1.2,2.5,3.7,147,222,84.3
104589,169,19,85,79.2,1546,8.1,2.7,3.6,3.0,0.9,0.5,75,183,89.5
104590,86,59,36,67.0,1222,8.9,0.1,3.7,0.9,2.0,4.0,53,76,100.0
104591,75,81,83,96.8,1774,8.5,2.1,3.3,4.5,1.9,2.9,84,72,87.0
104592,157,73,47,94.0,1734,4.3,2.5,1.9,3.6,1.4,4.5,25,166,87.2
104593,56,23,117,71.8,1390,7.6,4.0,3.1,0.5,5.0,1.1,35,192,100.0
104594,126,3,53,48.2,958,1.0,4.0,4.2,5.3,0.4,1.5,152,239,59.9
104595,28,36,47,46.0,848,0.4,3.4,4.2,3.7,3.2,3.3,44,176,75.1
104596,164,3,111,79.0,1574,7.5,0.3,6.1,1.9,0.9,2.9,46,205,83.8
104597,86,76,109,106.4,1976,4.3,3.8,2.9,0.3,4.2,2.3,136,109,100.0
104598,140,88,5,82.8,1480,10.0,2.5,5.7,3.8,4.6,4.5,143,185,92.0
104599,159,76,33,90.6,1660,1.0,3.2,4.6,2.2,2.0,3.4,74,32,78.6
104600,45,17,62,44.0,846,8.6,1.6,7.7,5.4,4.1,4.3,126,175,71.7
104601,115,87,77,106.0,1946,4.8,1.3,3.1,0.2,1.2,0.9,45,42,99.8
104602,111,65,47,80.0,1470,8.3,1.9,7.2,0.2,0.7,4.4,35,184,88.9
104603,150,47,22,67.0,1246,8.2,0.6,6.6,5.7,1.6,2.8,128,69,66.3
104604,44,32,83,61.2,1160,9.2,1.4,5.1,5.8,1.7,0.2,127,68,74.1
104605,144,57,12,67.8,1242,3.0,3.4,5.2,0.2,2.0,1.4,109,87,90.2
104606,103,82,46,88.2,1600,9.5,0.2,0.7,4.3,1.9,0.2,120,86,100.0
104607,84,72,43,77.2,1400,1.5,0.6,7.6,1.3,2.1,2.7,175,53,72.4
104608,133,27,104,84.4,1634,0.8,0.5,0.9,4.2,3.6,2.0,177,148,87.8
104609,107,34,31,54.2,1016,4.3,1.6,4.5,5.2,1.2,5.9,145,51,68.2
104610,17,9,25,18.8,358,8.3,4.0,2.6,0.6,0.1,5.2,141,80,100.0
104611,93,64,113,102.2,1916,4.7,0.7,3.4,1.4,2.4,5.0,108,247,96.0
104612,149,41,52,75.2,1422,8.3,0.6,4.9,0.1,,3.0,166,241,100.0
104613,32,84,13,62.0,1072,7.3,3.7,7.3,0.3,0.3,4.8,32,245,84.8
104614,157,8,51,56.6,1116,2.1,3.5,3.7,0.2,0.7,1.6,94,105,90.5
104615,125,59,120,108.4,2050,9.5,0.1,7.9,4.8,2.5,3.4,131,239,70.9
104616,159,14,35,54.2,1056,0.6,3.0,4.7,1.8,1.2,2.4,170,233,77.0
104617,169,56,7,70.2,1292,9.0,2.6,1.3,3.0,4.4,1.0,33,195,100.0
104618,121,68,39,80.6,1476,3.0,3.1,1.5,4.7,0.9,0.4,117,156,79.2
104619,137,21,85,74.0,1438,5.0,2.0,5.7,3.0,0.1,3.3,123,90,72.5
104620,114,63,21,69.0,1254,4.2,4.0,0.4,2.6,2.2,0.6,170,78,100.0
104621,163,40,15,62.6,1172,1.7,0.2,3.8,0.1,4.9,4.3,83,52,100.0
104622,161,86,90,119.8,2224,3.6,0.9,1.2,3.4,3.2,5.5,39,33,95.0
104623,27,70,119,95.0,1760,1.9,1.6,3.5,0.7,1.8,1.0,179,105,91.7
104624,10,55,59,58.6,1062,2.0,1.8,6.0,4.6,0.1,2.8,97,238,57.3
104625,166,22,59,70.0,1356,1.9,3.7,3.7,1.5,2.4,4.4,43,242,88.7
104626,46,24,9,27.2,496,4.9,2.2,1.3,4.0,1.0,1.7,65,66,87.6
104627,126,90,24,88.8,1596,8.0,0.2,2.0,3.9,3.2,5.5,37,122,98.1
104628,146,5,30,44.2,874,5.7,1.6,2.9,3.7,2.9,5.3,130,163,90.0
104629,117,33,20,51.2,958,8.9,1.7,0.6,1.6,1.3,0.6,113,185,100.0
104630,142,62,90,101.6,1908,6.4,3.9,4.7,1.6,0.3,0.2,161,165,86.9
104631,125,8,80,61.8,1220,6.9,2.4,4.9,5.2,3.8,5.9,168,177,79.6
104632,155,59,32,79.2,1466,6.7,2.5,0.5,0.1,2.9,5.7,117,173,100.0
104633,151,48,30,71.0,1324,4.5,2.9,3.2,1.1,4.2,2.5,24,170,100.0
104634,71,50,113,89.4,1688,6.9,3.1,3.3,3.7,1.3,0.3,147,108,86.0
104635,106,59,105,98.6,1854,0.7,2.5,2.7,4.9,3.3,3.7,178,91,76.0
104636,136,69,89,104.2,1946,8.6,0.9,4.5,2.2,0.6,1.8,106,234,90.0
104637,174,36,20,64.4,1216,7.8,3.5,2.8,3.9,1.5,5.6,139,140,89.4
104638,32,30,35,38.4,708,2.5,2.9,3.3,3.3,3.3,4.8,83,223,85.2
104639,18,40,64,53.2,984,7.7,3.0,6.4,0.4,4.1,3.9,113,149,100.0
104640,73,61,3,52.4,926,0.1,4.0,1.3,3.7,1.6,1.7,140,82,81.3
104641,167,57,67,94.4,1774,2.2,3.2,5.0,4.9,4.0,4.2,119,151,71.9
104642,174,13,89,78.2,1538,0.7,3.3,4.0,6.0,3.4,1.7,154,241,65.6
104643,156,35,3,53.4,998,7.8,3.8,2.4,0.2,1.7,0.2,78,57,100.0
104644,177,35,112,101.2,1954,7.6,0.6,5.8,4.0,4.4,3.1,88,47,85.2
104645,97,78,8,69.4,1232,8.1,2.0,4.4,2.5,2.5,2.9,68,36,93.6
104646,140,7,29,43.8,862,0.0,2.3,3.8,0.1,3.2,4.6,30,50,93.9
104647,128,25,114,86.2,1674,5.0,1.3,5.3,3.7,2.5,5.2,120,70,77.8
104648,161,35,44,70.8,1346,7.0,3.4,6.4,0.7,2.3,2.1,149,196,91.8
104649,92,47,3,47.8,862,1.6,3.0,7.8,2.3,4.2,2.7,129,230,73.1
104650,175,84,68,112.6,2084,6.5,2.9,5.0,1.6,1.5,2.8,46,137,89.5
104651,47,27,108,68.8,1322,0.8,4.0,7.0,2.2,0.2,1.9,163,167,63.2
104652,176,67,22,84.2,1550,1.8,1.0,0.0,3.0,4.4,4.5,83,60,100.0
104653,63,61,15,55.2,982,4.8,2.9,4.2,2.2,,3.1,109,71,94.1
104654,60,79,21,67.8,1198,6.5,2.2,1.7,3.3,1.8,5.5,35,234,95.1
104655,156,85,100,122.2,2274,1.5,1.3,0.8,1.4,0.9,3.9,92,226,95.5
104656,38,75,71,81.0,1470,1.9,0.6,4.3,3.8,3.4,1.3,135,88,77.8
104657,127,79,47,91.6,1674,2.0,3.6,6.0,5.1,0.4,1.0,152,147,55.7
104658,87,50,61,71.8,1336,2.4,2.4,3.3,1.3,2.1,2.2,26,133,91.4
104659,25,41,96,68.0,1278,2.3,3.3,5.4,3.0,0.4,2.1,80,195,69.2
104660,16,28,118,67.2,1288,4.0,2.2,3.9,3.9,3.0,2.4,115,72,81.9
104661,70,81,59,86.2,1562,6.5,0.9,3.5,3.4,0.1,1.1,176,159,82.3
104662,12,9,101,48.2,946,4.4,1.4,2.3,2.2,3.1,5.9,139,163,97.9
104663,68,38,106,78.8,1500,7.8,1.5,3.1,3.9,3.4,0.9,177,106,93.9
104664,25,81,79,85.2,1542,7.2,3.9,2.8,0.2,2.4,3.9,50,186,100.0
104665,48,0,4,11.2,224,1.3,0.0,5.2,2.2,0.9,0.1,67,235,73.5
104666,6,38,79,55.6,1036,0.5,3.9,0.9,3.2,,2.4,110,187,82.9
104667,57,20,6,25.8,476,8.8,3.9,0.7,0.1,1.6,1.9,25,118,100.0
104668,48,64,50,68.0,1232,0.8,4.0,5.3,3.0,2.3,2.3,48,197,72.3
104669,102,14,64,54.4,1060,1.5,1.9,4.4,3.9,3.2,3.0,156,128,75.5
104670,52,3,8,15.4,302,0.2,3.9,3.4,4.6,0.0,3.6,103,66,63.8
104671,61,59,81,80.0,1482,6.3,1.6,1.2,0.7,3.6,3.5,133,147,100.0
104672,16,60,44,56.8,1016,5.8,0.1,3.3,5.9,3.6,3.8,158,164,79.7
104673,170,19,46,63.8,1238,9.9,0.9,6.3,3.6,2.2,5.1,38,207,83.2
104674,24,9,66,36.6,714,8.9,3.8,7.1,2.2,1.7,5.3,93,175,83.5
104675,130,86,23,86.8,1564,4.1,0.1,5.6,1.5,4.2,4.4,152,165,90.9
104676,28,33,91,61.8,1170,3.7,2.2,0.5,3.4,3.9,0.5,122,228,100.0
104677,116,47,9,55.0,1006,3.0,0.3,5.4,5.3,4.9,5.8,89,129,72.6
104678,159,32,72,79.8,1532,1.5,1.1,1.9,3.1,1.9,5.7,114,84,85.6
104679,25,60,76,71.4,1308,1.4,0.4,2.5,4.0,4.5,4.3,37,134,86.3
104680,123,9,47,48.8,958,1.3,3.4,1.6,2.1,0.4,3.1,40,205,86.9
104681,143,53,34,74.0,1374,1.1,2.4,6.2,2.3,2.1,1.5,162,103,72.2
104682,24,83,53,75.8,1350,2.4,3.6,5.2,1.7,,4.5,25,87,82.4
104683,53,64,86,83.4,1540,3.1,2.8,4.9,4.2,2.2,5.3,43,133,72.2
104684,155,76,110,120.6,2260,9.6,3.9,5.3,2.2,3.1,4.0,79,45,96.3
104685,72,0,80,46.4,928,5.8,2.0,1.9,1.1,0.9,3.8,47,182,100.0
104686,119,4,109,69.8,1388,,2.6,3.6,2.2,4.3,1.2,93,58,100.0
104687,55,79,70,86.4,1570,3.7,2.3,5.1,5.1,2.8,2.1,42,37,69.9
104688,64,14,115,67.2,1316,4.6,1.9,5.1,4.4,4.5,4.3,98,241,80.3
104689,92,27,15,40.6,758,3.2,3.4,6.3,2.0,0.0,0.1,65,129,71.2
104690,85,22,52,51.0,976,1.8,2.6,2.3,5.4,3.1,3.8,131,152,76.7
104691,79,16,39,41.0,788,1.4,,6.2,0.4,2.1,4.6,56,212,82.3
104692,168,12,99,80.4,1584,9.5,3.1,3.5,0.3,2.5,2.0,161,81,100.0
104693,107,13,19,36.8,710,9.9,0.8,5.4,0.8,3.7,0.5,67,120,100.0
104694,178,10,87,76.4,1508,0.4,2.6,3.6,0.7,1.1,4.9,97,106,86.2
104695,117,27,110,83.6,1618,1.5,0.8,7.6,0.5,1.0,0.9,134,183,73.1
104696,156,41,68,83.0,1578,4.2,2.3,1.4,4.0,3.5,2.2,55,135,93.3
104697,82,60,44,70.0,1280,1.9,2.7,5.4,3.6,2.6,4.2,79,54,72.0
104698,146,63,5,69.0,1254,3.6,4.0,4.6,3.9,1.2,4.9,98,121,72.9
104699,168,30,91,88.0,1700,1.3,0.1,1.4,4.1,2.4,5.2,132,102,83.7
104700,172,80,68,109.6,2032,4.6,0.4,0.5,4.5,2.3,3.2,116,150,91.6
104701,14,72,48,65.2,1160,2.7,0.3,6.4,1.2,3.5,2.9,130,55,84.3
104702,130,9,38,46.6,914,3.5,1.6,1.3,3.7,,5.1,67,233,83.3
104703,138,7,101,72.2,1430,0.9,3.3,1.5,3.5,2.9,3.4,139,119,87.0
104704,180,20,1,48.4,928,4.3,3.4,7.8,5.7,3.0,3.5,169,204,57.9
104705,173,76,106,122.6,2300,9.8,2.9,5.7,1.4,3.7,2.6,62,115,100.0
104706,29,58,38,55.8,1000,3.3,3.6,2.0,0.4,4.4,2.2,60,158,100.0
104707,56,49,117,87.4,1650,,1.3,4.7,3.9,2.2,2.9,164,221,85.9
104708,145,68,20,77.8,1420,8.4,0.4,4.3,4.4,1.7,2.2,82,169,82.7
104709,178,69,39,92.6,1714,9.5,0.2,6.8,1.7,0.5,2.1,165,181,84.8
104710,127,29,100,82.8,1598,7.9,3.4,5.8,3.4,1.7,6.0,91,59,80.7
104711,47,16,81,51.4,996,6.6,2.9,6.7,0.4,0.3,2.0,22,43,85.3
104712,135,74,53,92.6,1704,8.6,2.8,1.7,5.8,4.0,1.5,73,180,93.4
104713,21,19,111,60.0,1162,0.8,1.4,5.1,0.7,4.0,2.1,138,159,89.7
104714,5,47,109,72.8,1362,4.6,1.5,0.3,0.4,2.1,3.5,161,160,100.0
104715,103,72,11,68.2,1220,9.9,3.8,0.6,0.3,1.3,5.5,53,35,100.0
104716,35,1,80,39.6,790,7.7,0.3,5.7,2.6,0.6,4.7,146,240,81.4
104717,78,36,36,51.6,960,9.6,3.1,0.2,0.6,4.3,5.1,145,178,100.0
104718,115,0,109,66.6,1332,7.8,1.2,4.6,4.5,4.4,5.2,20,49,87.9
104719,56,3,37,27.8,550,8.7,0.2,6.7,5.4,1.3,5.5,118,178,67.5
104720,48,53,14,47.0,834,7.1,3.0,3.0,1.6,3.1,1.4,29,69,100.0
104721,172,24,6,51.2,976,7.6,1.3,0.4,3.8,1.3,2.8,102,225,98.5
104722,81,2,77,48.2,960,5.2,2.9,5.7,0.3,1.1,2.3,158,182,89.4
104723,65,8,49,37.4,732,9.2,2.8,7.4,2.3,0.1,2.3,138,144,77.6
104724,76,85,64,91.8,1666,8.3,2.1,5.7,1.8,2.9,3.9,146,153,93.5
104725,44,86,101,100.8,1844,8.4,3.1,4.6,1.4,0.7,2.4,118,100,93.5
104726,78,75,66,87.0,1590,6.7,2.3,1.8,3.9,0.1,3.7,85,228,87.0
104727,19,73,100,87.6,1606,3.0,1.1,0.1,0.8,0.5,2.3,22,62,100.0
104728,122,33,43,61.4,1162,0.4,2.9,5.6,5.2,1.6,1.9,162,80,57.2
104729,66,42,30,50.4,924,9.4,2.4,1.8,4.0,3.3,2.1,78,119,100.0
104730,82,73,42,77.0,1394,5.9,0.1,6.9,4.3,1.0,4.8,124,238,65.7
104731,2,21,76,43.4,826,3.0,3.6,3.7,5.6,4.4,3.6,111,229,76.4
104732,63,69,47,72.8,1318,1.5,2.2,4.2,5.7,1.4,5.8,149,119,61.9
104733,39,1,81,40.8,814,8.3,3.5,6.0,3.3,1.7,5.0,177,146,81.2
104734,58,65,80,82.6,1522,8.4,3.5,6.2,3.0,1.1,2.9,24,108,80.3
104735,61,31,80,62.8,1194,8.1,1.8,5.1,2.0,1.3,1.5,153,49,89.7
104736,131,15,60,59.2,1154,6.5,2.0,7.5,4.3,0.4,4.0,152,48,62.7
104737,59,75,74,86.4,1578,3.7,,7.9,3.2,1.5,4.4,31,228,64.3
104738,115,0,83,56.2,1124,3.0,1.8,7.6,5.6,4.3,2.8,151,213,60.5
104739,74,71,9,61.0,1078,0.1,3.6,6.6,1.4,3.4,1.4,171,85,77.0
104740,121,47,28,63.6,1178,8.3,3.2,5.6,1.9,4.4,3.3,172,30,97.9
104741,106,49,47,69.4,1290,0.9,0.5,5.3,1.9,0.5,1.5,45,196,72.6
104742,95,12,97,65.0,1276,6.3,2.4,0.8,4.8,2.3,5.6,74,66,92.3
104743,90,14,80,58.4,1140,5.0,4.0,2.2,0.6,1.1,3.8,145,47,100.0
104744,157,52,117,109.4,2084,5.3,2.4,0.0,2.7,3.6,1.8,65,229,100.0
104745,129,43,61,76.0,1434,9.3,3.1,1.1,2.6,4.9,1.3,62,108,100.0
104746,61,7,115,62.4,1234,0.3,3.1,3.5,0.4,4.1,4.3,40,163,96.9
104747,48,73,105,95.4,1762,7.7,1.4,1.2,2.5,0.2,4.2,31,130,98.7
104748,136,45,12,59.0,1090,0.5,1.5,7.2,3.1,1.6,3.6,120,51,61.5
104749,91,68,43,76.2,1388,0.4,2.9,6.4,0.4,0.1,3.7,168,40,73.5
104750,158,18,46,60.8,1180,4.3,2.0,0.6,3.1,0.2,3.6,160,247,91.3
104751,123,37,102,87.6,1678,0.6,2.3,2.0,5.8,0.4,2.2,136,101,65.4
104752,60,10,63,43.2,844,7.9,2.9,6.6,5.9,1.4,5.6,52,38,64.1
104753,47,42,90,70.6,1328,,3.1,6.4,3.2,1.5,2.9,95,170,73.5
104754,152,19,117,88.6,1734,0.3,1.1,7.6,3.1,,0.1,139,160,60.7
104755,163,19,52,64.8,1258,0.4,0.6,8.0,1.7,2.0,2.1,177,224,66.3
104756,135,20,89,74.6,1452,,1.2,7.8,6.0,3.9,0.8,56,164,62.7
104757,57,81,91,96.4,1766,8.1,2.0,3.3,1.6,0.7,2.2,101,224,97.1
104758,100,56,76,84.0,1568,4.4,1.4,2.0,2.7,0.8,3.6,163,232,89.7
104759,111,49,75,81.6,1534,5.5,2.3,6.1,0.0,3.1,0.1,64,75,95.9
104760,172,73,43,95.4,1762,8.0,0.2,2.4,2.1,2.9,5.2,148,87,100.0
104761,61,25,27,38.0,710,6.1,2.0,6.5,0.4,0.8,3.7,47,57,86.6
104762,38,29,1,25.4,450,2.2,1.5,4.3,4.5,4.3,1.8,63,60,77.6
104763,57,72,100,94.6,1748,6.1,2.1,6.4,3.4,1.6,1.9,86,81,74.4
104764,98,30,56,60.0,1140,6.3,1.7,2.2,3.4,1.8,2.8,126,166,92.2
104765,43,41,56,55.6,1030,7.3,1.1,4.1,1.7,2.1,1.5,29,120,96.0
104766,28,67,33,59.0,1046,6.2,3.6,4.5,4.9,1.6,0.0,70,233,74.7
104767,58,60,86,82.0,1520,9.7,0.7,7.5,0.0,2.8,0.2,128,37,97.8
104768,70,60,57,72.8,1336,2.0,2.7,2.1,2.0,1.9,2.1,161,137,91.3
104769,91,69,51,80.0,1462,9.5,3.7,7.5,4.0,1.3,0.7,98,115,72.9
104770,8,77,108,91.0,1666,5.4,2.2,6.4,5.4,4.5,0.1,153,47,71.7
104771,126,67,28,76.6,1398,6.7,3.5,5.8,1.4,1.5,5.2,99,149,87.7
104772,133,89,34,93.6,1694,1.0,0.5,6.3,3.2,3.5,1.6,101,78,71.3
104773,156,16,74,70.4,1376,3.8,2.0,4.8,3.2,1.7,3.0,118,40,77.5
104774,144,18,47,58.4,1132,7.7,1.8,2.0,5.2,2.2,1.1,172,146,88.0
104775,143,50,32,71.4,1328,7.1,0.0,1.5,0.3,1.2,0.3,139,159,100.0
104776,130,69,114,113.0,2122,0.4,1.8,6.9,2.5,3.8,4.5,52,186,72.1
104777,20,62,74,70.8,1292,5.5,1.5,5.8,1.1,3.7,0.7,102,212,93.4
104778,63,74,72,85.8,1568,0.9,2.7,1.7,0.1,0.1,0.2,121,82,94.8
104779,89,79,77,96.0,1762,10.0,3.8,4.9,0.9,0.3,3.5,94,183,96.8
104780,35,29,8,27.6,494,9.0,0.3,3.6,5.9,4.6,0.1,139,208,87.9
104781,61,24,102,67.4,1300,0.2,1.3,1.3,1.3,4.4,2.6,121,235,100.0
104782,169,74,47,97.0,1792,8.6,1.8,4.3,5.6,2.5,1.7,84,121,79.5
104783,75,70,66,83.4,1528,9.2,1.8,2.3,1.2,2.5,1.9,44,35,100.0
104784,169,25,92,85.6,1662,3.5,,0.8,5.6,4.1,0.0,76,129,88.1
104785,12,55,82,68.2,1254,7.2,1.8,3.7,3.9,0.7,5.8,179,41,82.2
104786,10,21,35,28.6,530,4.4,0.1,4.7,0.7,3.3,3.1,65,191,96.4
104787,53,88,95,101.4,1852,6.6,2.8,0.4,3.5,2.4,3.4,119,150,100.0
104788,15,18,70,41.8,800,3.4,3.5,3.2,1.9,3.7,4.0,151,227,95.6
104789,7,30,118,66.6,1272,3.2,2.1,2.1,2.3,0.2,4.8,138,156,87.1
104790,103,25,91,72.0,1390,4.2,,0.2,2.6,3.0,3.6,170,221,100.0
104791,58,41,43,53.4,986,1.5,0.7,1.0,2.5,2.8,4.6,99,66,94.9
104792,56,40,81,67.6,1272,8.3,0.9,1.1,4.0,4.2,2.7,94,154,100.0
104793,39,22,59,44.6,848,3.5,0.9,1.5,4.6,3.4,2.2,169,194,88.2
104794,129,46,62,78.2,1472,4.0,1.7,6.4,2.0,4.4,4.9,122,37,85.6
104795,93,12,4,27.4,524,8.9,3.7,3.5,5.5,4.4,5.2,145,194,89.5
104796,137,88,86,114.6,2116,5.0,2.1,1.2,5.6,2.0,0.8,52,149,83.2
104797,43,65,118,94.8,1766,5.4,0.8,0.8,0.2,0.7,3.3,60,145,100.0
104798,138,65,85,100.6,1882,9.6,1.1,2.4,0.1,3.2,4.1,82,203,100.0
104799,79,15,89,60.4,1178,8.9,1.5,6.4,2.6,4.4,0.5,104,60,92.4
104800,80,72,105,101.2,1880,1.7,2.5,2.9,3.5,0.4,5.6,109,168,75.5
104801,1,27,75,46.4,874,4.7,1.8,1.3,1.7,2.8,3.1,84,193,100.0
104802,177,76,39,96.6,1780,9.7,1.6,3.2,1.6,0.6,3.9,124,225,100.0
104803,139,34,18,55.4,1040,3.7,2.3,4.4,4.1,0.1,1.1,76,174,69.6
104804,114,40,46,65.2,1224,3.7,1.0,0.2,3.6,3.4,1.6,105,45,98.8
104805,89,76,64,89.0,1628,2.0,0.3,5.0,1.0,3.4,0.7,174,59,89.2
104806,22,30,66,48.8,916,1.1,0.1,3.2,5.3,3.0,1.6,91,68,71.9
104807,145,84,90,115.4,2140,7.4,1.0,0.1,4.1,4.3,3.0,101,73,100.0
104808,61,31,17,37.6,690,7.7,0.4,5.4,2.2,0.4,5.0,23,226,84.0
104809,112,53,49,73.8,1370,9.7,1.3,5.7,4.1,0.5,3.2,84,145,77.6
104810,127,71,29,79.6,1450,7.7,3.1,5.0,0.7,4.3,1.5,63,66,100.0
104811,61,58,65,73.0,1344,,2.9,2.7,2.8,2.5,0.3,35,183,87.5
104812,37,40,4,33.0,580,0.4,2.4,4.2,1.0,1.4,3.7,113,249,83.2
104813,165,65,92,108.8,2046,9.9,3.4,3.1,0.2,3.7,2.5,42,240,100.0
104814,60,53,96,82.2,1538,3.4,1.1,5.6,2.0,4.5,5.9,178,178,87.9
104815,128,39,41,65.4,1230,3.1,3.5,4.7,0.9,3.4,4.7,175,121,93.1
104816,172,27,83,83.8,1622,9.1,1.6,0.7,3.8,4.0,4.9,120,48,100.0
104817,155,36,93,89.8,1724,5.9,1.6,5.1,4.0,1.4,0.1,35,129,75.6
104818,148,64,105,110.0,2072,2.1,1.6,5.5,0.9,1.4,4.7,60,168,81.9
104819,121,73,4,69.6,1246,8.9,0.4,3.0,0.1,4.3,1.2,156,176,100.0
104820,109,54,49,73.8,1368,9.9,3.9,7.0,4.8,3.1,3.5,21,98,77.1
104821,12,3,84,37.8,750,0.9,0.6,6.7,0.0,1.2,2.7,129,159,78.6
104822,154,9,57,59.0,1162,8.6,1.4,1.4,2.1,2.6,3.4,62,54,100.0
104823,99,46,78,78.6,1480,3.9,1.3,7.2,3.0,3.4,0.8,85,144,74.2
104824,134,74,83,104.4,1940,5.2,0.3,3.5,4.9,,2.7,115,119,75.2
104825,21,13,7,14.8,270,9.1,0.6,5.8,5.0,3.3,0.2,96,59,79.9
104826,73,37,112,81.6,1558,9.7,0.2,6.5,4.3,0.2,0.2,144,46,72.5
104827,180,11,30,54.6,1070,2.6,1.2,4.0,1.5,1.5,3.9,116,114,86.2
104828,131,44,11,57.0,1052,2.1,3.5,3.2,4.3,3.4,5.7,40,241,80.1
104829,22,16,20,22.0,408,0.8,1.4,7.3,1.5,0.7,4.7,166,175,67.0
104830,118,79,93,108.2,2006,5.6,0.5,1.8,1.3,1.1,2.8,131,140,100.0
104831,69,34,61,58.6,1104,0.1,2.6,2.1,3.3,4.4,0.3,76,237,88.5
104832,83,65,90,91.6,1702,4.1,4.0,2.9,4.1,3.4,0.3,96,121,86.3
104833,100,74,107,107.2,1996,0.7,0.9,6.9,0.3,2.5,0.9,79,105,79.8
104834,83,40,89,76.2,1444,4.1,1.1,7.5,0.4,1.1,5.9,166,69,79.5
104835,160,66,32,84.4,1556,0.4,3.9,1.8,4.7,1.7,2.4,118,163,75.2
104836,27,28,25,32.2,588,8.4,0.7,6.9,5.2,2.9,5.1,54,117,71.9
104837,135,17,89,72.8,1422,2.1,2.0,2.1,3.6,0.8,4.2,145,200,80.2
104838,0,19,99,51.0,982,3.3,1.0,7.8,2.6,2.4,3.6,86,227,69.6
104839,164,13,39,56.2,1098,8.7,3.7,4.8,5.1,2.0,5.7,106,174,78.7
104840,62,33,64,57.8,1090,7.5,3.9,0.1,4.4,,1.4,67,199,99.8
104841,21,48,58,56.2,1028,2.2,3.3,0.3,3.5,0.5,2.7,64,176,87.2
104842,69,53,14,51.2,918,0.7,1.3,1.2,1.9,0.5,5.2,94,140,88.6
104843,124,30,113,88.0,1700,,1.6,1.5,1.2,4.8,3.3,87,84,100.0
104844,148,57,0,63.8,1162,3.9,1.0,6.1,2.5,4.9,1.5,162,121,85.6
104845,95,41,10,47.6,870,,3.6,1.8,1.7,2.1,1.3,111,186,100.0
104846,162,57,54,88.2,1650,4.5,3.7,7.8,2.0,3.9,4.5,91,142,79.5
104847,78,81,1,64.6,1130,3.5,1.7,5.1,3.1,3.3,0.1,117,211,81.0
104848,4,29,64,43.8,818,4.5,,5.5,1.0,,5.5,34,228,83.8
104849,59,24,94,63.8,1228,7.5,0.7,1.7,4.8,,0.1,170,240,88.7
104850,119,62,43,78.2,1440,9.0,1.7,7.1,0.9,1.6,3.8,110,37,89.9
104851,45,18,15,25.8,480,0.5,2.5,5.3,2.9,3.0,3.6,161,37,74.3
104852,177,71,117,124.8,2354,5.2,1.5,6.9,4.5,2.9,3.5,136,98,69.0
104853,175,7,21,47.6,938,0.3,1.4,7.7,2.9,4.6,2.8,21,72,69.1
104854,133,2,105,69.8,1392,4.7,0.0,1.0,2.2,4.0,5.1,144,127,100.0
104855,55,66,17,57.4,1016,8.9,3.2,0.8,2.8,4.3,4.0,62,79,100.0
104856,109,85,46,91.2,1654,3.6,3.6,6.4,5.1,4.5,4.7,90,242,69.6
104857,156,80,80,111.2,2064,9.3,3.9,6.9,5.9,4.0,0.7,163,33,73.5
104858,103,16,29,41.8,804,6.3,2.9,4.7,3.8,1.7,0.3,105,137,79.9
104859,76,13,9,26.6,506,9.3,,2.9,4.8,1.1,0.2,47,65,86.3
104860,145,8,98,73.0,1444,7.6,1.1,5.2,0.1,2.9,0.9,179,162,100.0
104861,1,61,57,59.6,1070,1.0,4.0,2.4,5.3,3.4,4.0,90,244,76.1
104862,7,20,61,37.8,716,2.3,2.4,1.9,5.7,1.9,3.0,126,48,74.2
104863,74,75,84,93.4,1718,3.9,2.7,3.9,3.5,4.2,4.5,149,199,87.3
104864,124,36,79,78.0,1488,1.7,2.7,1.7,4.5,4.8,1.2,26,139,88.5
104865,37,10,5,15.4,288,4.9,3.4,3.9,3.1,2.8,2.2,57,172,87.1
104866,175,19,66,72.8,1418,4.7,0.0,7.7,1.7,2.3,5.3,126,215,77.0
104867,26,34,40,41.6,764,9.6,0.9,6.7,5.1,4.2,5.6,105,43,79.5
104868,19,52,42,51.8,932,4.3,2.7,7.5,3.6,0.1,5.5,101,77,60.9
104869,139,46,84,89.0,1688,7.9,3.6,6.5,3.5,0.6,4.9,92,101,74.1
104870,42,74,76,83.2,1516,9.4,2.7,2.8,4.0,,4.1,21,230,100.0
104871,30,51,17,43.4,766,8.8,1.7,6.5,5.1,3.7,5.5,61,133,77.2
104872,90,7,57,45.0,886,2.1,1.4,7.4,4.4,2.1,4.3,100,104,58.9
104873,60,3,117,60.6,1206,5.0,3.0,7.6,1.3,4.4,5.7,167,137,86.3
104874,108,26,59,60.8,1164,3.5,3.0,5.5,2.8,1.8,0.1,25,139,76.4
104875,90,43,87,78.6,1486,4.0,2.4,1.7,5.9,3.2,5.5,158,111,81.3
104876,162,39,26,66.2,1246,3.6,1.2,0.3,3.3,3.2,3.3,93,92,99.1
104877,94,46,117,93.2,1772,8.3,3.7,1.2,5.6,0.9,0.7,59,84,86.5
104878,142,43,67,81.0,1534,4.5,2.2,7.7,4.9,1.4,1.3,147,61,57.9
104879,143,47,21,65.2,1210,5.2,3.2,3.7,4.0,4.6,5.1,55,193,89.4
104880,12,90,23,65.6,1132,9.8,0.9,6.8,2.1,0.9,3.0,122,138,84.6
104881,112,84,39,88.4,1600,0.6,1.4,3.7,1.8,0.9,5.9,66,114,80.1
104882,34,51,108,80.6,1510,4.9,3.5,5.3,3.9,2.4,0.7,117,248,76.3
104883,148,83,73,108.6,2006,7.7,0.2,0.2,2.6,0.5,2.5,164,141,100.0
104884,157,67,65,97.6,1818,1.5,2.0,2.0,4.8,4.5,2.0,45,135,84.5
104885,47,10,39,31.0,600,6.1,1.9,3.5,4.6,0.5,3.1,146,242,76.7
104886,34,76,5,54.4,936,2.4,3.0,5.0,1.9,3.1,3.8,67,232,84.6
104887,85,72,111,104.6,1948,8.7,1.1,1.4,4.2,1.7,4.0,46,86,95.9
104888,165,3,17,41.6,826,3.3,0.9,6.1,3.0,4.0,0.0,65,73,79.2
104889,158,75,80,108.6,2022,3.3,3.7,2.9,1.9,2.9,0.5,86,191,94.2
104890,151,72,101,113.8,2132,6.0,2.3,6.5,2.5,1.9,0.2,142,208,79.2
104891,113,76,108,111.4,2076,1.8,0.4,0.8,5.4,4.9,5.2,166,226,88.1
104892,176,47,86,97.8,1862,2.8,0.8,5.4,2.2,0.3,1.9,91,121,73.9
104893,99,25,109,78.4,1518,,4.0,2.3,1.7,2.9,2.2,100,167,99.4
104894,159,76,29,89.0,1628,3.5,0.8,6.4,2.1,4.9,2.7,84,141,85.6
104895,98,38,20,50.4,932,5.2,2.4,3.2,1.3,3.5,5.1,90,169,100.0
104896,2,57,61,59.0,1066,6.0,1.7,5.3,3.3,3.7,0.1,55,198,85.4
104897,84,18,9,31.2,588,5.7,3.5,7.5,0.9,0.2,0.7,86,160,77.5
104898,124,87,119,124.6,2318,6.5,3.0,0.2,4.9,0.1,4.1,102,94,88.0
104899,137,82,106,119.0,2216,3.1,2.4,0.1,1.4,0.2,5.8,86,130,99.4
104900,82,76,12,66.8,1184,1.3,0.0,6.2,3.6,5.0,3.9,117,69,74.8
104901,24,76,75,80.4,1456,7.6,3.5,5.2,0.8,4.9,1.6,88,222,100.0
104902,67,57,8,50.8,902,8.5,1.8,2.3,5.9,1.7,3.1,56,234,83.4
104903,60,27,67,55.0,1046,2.6,3.7,4.0,2.7,1.5,5.8,65,131,80.2
104904,28,65,38,59.8,1066,4.1,2.0,0.3,4.9,0.7,3.2,75,236,84.6
104905,126,9,23,39.8,778,5.0,2.8,1.5,4.6,1.6,2.2,138,228,85.8
104906,18,85,117,101.4,1858,5.3,0.3,3.4,4.3,1.9,2.3,82,59,81.2
104907,170,76,33,92.8,1704,6.6,3.0,6.7,5.0,3.7,5.8,97,245,72.5
104908,73,57,102,89.6,1678,0.4,1.4,3.8,0.6,4.3,4.3,49,229,95.5
104909,60,72,60,79.2,1440,7.2,1.4,4.7,4.1,3.7,4.1,115,224,86.2
104910,170,13,40,57.8,1130,0.6,0.5,7.0,1.6,3.2,1.4,82,236,74.8
104911,152,83,4,81.8,1470,4.7,0.6,2.5,4.7,3.8,3.4,134,134,87.3
104912,19,14,78,43.4,840,8.3,0.7,5.6,5.7,3.7,2.1,128,72,76.8
104913,47,32,49,48.2,900,4.5,1.3,6.9,5.4,2.4,1.4,95,210,61.6
104914,86,16,3,28.0,528,1.5,,1.6,0.7,1.7,5.4,173,235,98.2
104915,151,23,50,64.0,1234,9.9,1.5,2.9,2.2,1.4,2.3,42,120,100.0
104916,138,29,51,65.4,1250,8.9,2.9,7.8,2.2,3.4,1.7,132,59,85.8
104917,109,61,38,73.6,1350,7.7,0.3,7.9,0.7,4.8,5.6,167,70,94.7
104918,27,12,7,15.4,284,4.1,2.4,1.8,0.6,2.9,1.2,121,73,100.0
104919,58,61,112,93.0,1738,1.8,1.9,0.5,2.3,4.6,4.5,65,66,100.0
104920,132,46,44,71.6,1340,9.4,3.9,2.2,6.0,0.1,3.9,178,146,80.3
104921,50,15,87,53.8,1046,5.3,3.4,3.2,3.4,4.0,5.5,168,163,92.8
104922,148,65,116,115.0,2170,8.5,1.8,3.5,3.7,4.3,5.0,70,112,97.4
104923,11,80,27,61.0,1060,3.4,3.1,5.0,2.8,3.2,4.2,82,153,82.4
104924,49,42,118,82.2,1560,3.4,0.8,7.2,4.0,,1.9,88,194,72.1
104925,131,7,106,72.8,1442,9.9,2.2,2.6,5.7,2.9,3.0,39,30,89.6
104926,112,2,26,34.0,676,5.2,0.3,6.8,3.5,1.2,5.7,138,246,69.3
104927,169,11,64,66.0,1298,1.4,1.4,0.7,0.4,1.1,0.1,42,39,100.0
104928,165,83,33,96.0,1754,2.2,0.9,0.3,3.0,2.8,4.8,150,55,96.6
104929,152,15,80,71.4,1398,4.8,2.9,4.0,6.0,4.5,1.5,46,244,77.1
104930,13,77,100,88.8,1622,0.4,2.0,0.5,2.3,0.4,1.1,110,174,88.5
104931,31,79,61,78.0,1402,4.6,3.0,3.1,3.6,3.0,1.4,99,93,87.8
104932,138,58,61,86.8,1620,4.2,2.1,7.2,0.6,3.8,0.4,171,184,88.0
104933,145,48,37,72.6,1356,7.8,0.3,1.9,0.8,0.6,6.0,28,232,100.0
104934,154,62,25,78.0,1436,3.5,2.9,5.6,5.2,0.6,5.2,149,97,60.4
104935,54,61,120,95.4,1786,9.8,3.3,2.4,1.8,1.8,3.1,153,47,100.0
104936,119,48,23,61.8,1140,1.8,3.6,0.4,1.8,1.4,4.3,90,112,97.2
104937,74,50,38,60.0,1100,5.9,2.3,4.5,2.3,1.0,3.3,98,139,85.3
104938,20,32,20,31.2,560,0.9,3.0,6.7,5.8,1.0,4.9,40,207,49.0
104939,171,29,93,88.8,1718,7.3,3.0,3.3,0.5,0.7,5.1,119,119,100.0
104940,132,58,46,79.6,1476,9.9,0.6,4.9,4.9,3.1,1.4,176,222,85.0
104941,86,75,114,107.8,2006,8.2,0.7,7.2,2.0,3.4,2.8,32,49,87.8
104942,168,14,47,60.8,1188,5.6,0.3,6.3,5.1,3.5,3.8,130,150,71.0
104943,58,81,120,108.2,2002,4.8,1.3,1.6,6.0,2.7,5.9,122,91,81.3
104944,88,22,12,35.6,668,8.4,1.9,5.9,2.1,4.8,4.1,122,104,97.1
104945,149,77,100,116.0,2166,9.4,4.0,4.0,0.8,4.4,5.4,128,216,100.0
104946,82,44,2,43.6,784,9.9,1.7,6.0,0.9,4.8,5.1,139,54,100.0
104947,64,61,31,61.8,1114,4.0,2.9,4.0,4.6,1.9,3.5,145,153,74.7
104948,63,78,34,73.0,1304,9.9,2.8,1.0,0.9,4.4,5.4,148,112,100.0
104949,70,70,18,63.2,1124,1.6,0.8,4.6,1.6,3.8,2.3,167,125,88.2
104950,3,14,13,14.2,256,2.5,0.2,3.9,1.2,1.7,2.3,20,94,88.5
104951,142,45,47,74.2,1394,0.9,2.2,4.1,2.1,,4.7,59,222,76.4
104952,103,63,85,92.4,1722,2.7,2.8,7.0,0.4,3.4,0.8,26,96,85.6
104953,149,45,80,88.8,1686,7.7,4.0,7.2,5.1,0.7,1.8,53,87,63.2
104954,174,55,67,94.6,1782,8.5,1.4,3.6,5.2,1.5,3.7,88,69,81.1
104955,92,43,44,61.8,1150,,3.6,3.6,2.5,2.5,2.5,176,204,96.2
104956,173,74,103,120.2,2256,6.3,1.5,4.1,3.7,3.4,5.6,133,129,87.9
104957,141,28,18,52.2,988,5.1,2.8,4.2,3.9,4.6,5.8,131,200,87.7
104958,177,61,63,97.2,1822,7.1,2.4,7.6,4.5,3.0,3.0,20,165,70.3
104959,147,88,100,122.2,2268,3.9,0.2,5.2,3.1,3.4,3.2,92,132,81.7
104960,177,51,65,92.0,1738,8.4,0.3,2.2,3.1,1.6,4.3,36,91,97.3
104961,111,53,78,85.2,1598,6.8,0.1,4.3,3.8,3.4,2.7,124,191,87.6
104962,160,87,65,110.2,2030,7.0,1.5,5.0,4.2,2.2,1.1,113,37,79.6
104963,118,56,74,86.8,1624,5.4,3.0,5.1,2.1,4.3,4.5,175,54,92.8
104964,58,82,44,78.4,1404,8.9,0.7,4.7,2.0,2.0,4.4,22,183,95.0
104965,42,65,86,81.8,1506,2.5,2.4,1.4,1.6,2.3,1.5,24,248,98.3
104966,11,21,73,44.0,838,3.8,1.2,0.3,3.3,2.2,5.0,73,211,96.5
104967,39,19,66,45.6,874,7.8,3.2,2.7,2.2,4.1,3.7,63,240,100.0
104968,117,32,68,69.8,1332,4.9,3.2,3.4,3.2,4.8,1.4,95,244,94.6
104969,19,71,2,47.2,802,8.9,3.1,0.5,2.4,1.6,3.9,137,198,100.0
104970,165,24,37,62.2,1196,,2.1,6.5,5.0,2.4,1.4,43,109,63.2
104971,130,45,76,83.4,1578,3.7,1.1,2.8,0.4,3.5,1.6,99,101,100.0
104972,155,72,41,90.6,1668,8.9,3.2,7.3,3.4,4.5,5.1,27,92,85.1
104973,89,56,82,84.2,1572,4.6,0.7,1.2,3.5,2.5,5.6,110,229,94.4
104974,93,86,39,85.8,1544,5.2,1.2,0.5,2.3,0.5,1.5,109,104,98.4
104975,12,4,49,24.4,480,3.3,0.7,3.9,2.5,1.8,5.6,114,36,83.9
104976,65,54,34,59.0,1072,2.8,2.7,1.5,4.8,2.8,1.4,21,242,84.0
104977,36,60,23,52.4,928,6.6,2.7,7.5,1.7,2.1,0.7,60,127,81.0
104978,176,88,87,122.8,2280,1.2,2.6,0.1,5.2,0.9,0.3,67,114,78.7
104979,65,7,16,23.6,458,,1.7,3.3,5.4,0.2,1.5,125,98,78.0
104980,35,15,39,31.6,602,7.8,0.4,7.4,3.9,3.4,2.3,41,79,76.7
104981,25,47,73,62.4,1154,1.9,3.6,3.1,4.6,5.0,5.6,116,200,83.4
104982,74,60,65,76.8,1416,6.9,2.0,0.7,3.7,4.6,1.5,37,151,100.0
104983,107,14,43,47.0,912,6.0,1.6,2.4,3.2,3.4,2.2,98,46,96.6
104984,167,64,22,80.6,1484,1.8,2.4,4.0,5.8,4.2,4.4,86,178,71.2
104985,42,21,5,23.0,418,2.7,0.8,1.5,1.7,1.3,1.8,67,35,94.8
104986,149,2,65,57.0,1136,4.1,0.5,3.7,0.9,3.1,4.1,141,138,98.2
104987,147,53,20,69.2,1278,7.0,,6.7,1.7,0.3,2.6,42,228,79.6
104988,7,13,118,56.4,1102,6.4,0.9,7.0,3.7,3.5,1.2,130,104,76.8
104989,28,35,119,74.2,1414,5.3,1.0,0.4,1.1,4.8,4.4,149,111,100.0
104990,39,81,34,70.0,1238,7.7,3.6,1.3,5.5,4.3,0.2,125,67,95.6
104991,157,81,112,124.8,2334,7.6,2.1,2.2,2.5,2.7,1.8,23,92,100.0
104992,127,66,28,76.2,1392,6.2,1.9,4.8,5.1,3.9,2.1,173,157,79.4
104993,83,9,6,24.4,470,7.9,2.8,2.9,1.5,4.7,2.7,38,169,100.0
104994,115,48,92,88.6,1676,3.3,3.8,6.8,1.9,1.1,4.1,68,179,73.2
104995,143,64,52,87.8,1628,8.8,0.4,5.7,0.4,4.0,2.8,93,32,100.0
104996,173,90,36,103.0,1880,6.1,3.3,0.8,1.5,1.3,3.6,72,176,100.0
104997,61,56,22,54.6,980,8.2,2.3,5.0,2.9,4.4,3.6,153,200,95.1
104998,6,26,96,55.2,1052,5.5,0.6,0.9,5.7,0.5,2.2,148,116,80.4
104999,44,74,7,56.0,972,2.2,1.2,2.0,2.3,0.9,5.6,163,224,87.6
105000,175,4,75,67.4,1340,5.4,1.9,1.4,3.8,3.6,5.7,26,244,97.0
103001,100,2,2,22.0,436,2.9,2.3,4.1,2.6,2.4,0.2,163,68,83.6
103002,159,51,110,106.4,2026,4.6,3.3,6.8,4.3,3.0,3.2,159,90,69.5
103003,123,46,25,62.2,1152,2.9,0.8,5.9,0.3,0.1,2.0,99,202,81.0
103004,175,12,52,63.0,1236,2.3,2.8,0.6,0.4,4.9,5.8,94,139,100.0
103005,106,79,30,80.6,1454,7.4,0.2,1.7,2.2,3.6,1.0,62,185,100.0
103006,100,54,25,62.4,1140,0.1,3.7,2.5,1.2,2.1,4.8,47,175,90.5
103007,3,20,22,21.4,388,5.4,0.3,0.9,5.6,1.0,1.9,100,43,82.2
103008,109,65,29,72.4,1318,7.9,3.7,3.7,3.5,0.4,1.3,38,212,84.7
103009,18,53,9,39.0,674,2.7,2.0,7.9,1.7,3.4,5.8,93,88,75.5
103010,31,26,71,50.2,952,6.0,1.8,4.1,4.2,1.6,4.8,142,138,79.4
103011,136,37,107,92.2,1770,6.7,3.9,5.9,2.2,1.1,3.8,74,176,82.1
103012,11,89,88,90.8,1638,6.6,4.0,5.5,0.8,1.9,4.2,102,70,92.9
103013,138,57,63,87.0,1626,4.5,2.6,6.8,1.4,,5.9,81,169,83.8
103014,45,61,21,54.0,958,3.5,0.5,1.7,3.9,3.4,3.6,126,177,90.9
103015,118,45,14,56.2,1034,8.4,2.0,6.0,0.3,3.2,0.6,135,191,100.0
103016,15,88,104,97.4,1772,7.6,2.1,7.1,1.6,4.3,0.4,60,154,91.7
103017,128,10,55,53.6,1052,3.2,2.1,1.4,1.2,1.1,4.0,105,65,98.1
103018,62,71,120,103.0,1918,1.0,2.3,2.8,1.2,3.2,3.9,85,50,94.4
103019,108,7,73,55.0,1086,0.7,0.1,7.8,4.1,0.5,4.5,116,85,51.2
103020,118,70,19,73.2,1324,0.9,,6.2,5.0,2.7,0.7,38,240,60.1
103021,20,63,104,83.4,1542,5.8,2.8,2.3,4.3,,5.7,74,70,89.6
103022,157,20,46,61.8,1196,0.5,0.5,4.5,3.9,1.1,3.3,131,156,66.8
103023,12,71,86,79.4,1446,3.4,2.3,3.2,5.5,,3.9,65,198,72.5
103024,161,62,52,90.2,1680,7.5,2.3,3.9,0.4,4.1,0.2,23,200,100.0
103025,3,84,52,71.8,1268,2.9,2.7,2.8,1.0,0.7,5.8,44,135,91.7
103026,155,63,0,68.8,1250,7.6,0.3,2.2,2.5,2.2,3.4,82,229,100.0
103027,101,19,1,32.0,602,7.5,2.5,5.4,2.2,4.7,3.4,130,115,96.5
103028,58,7,57,38.6,758,2.5,1.1,6.2,2.5,2.5,5.7,32,67,75.2
103029,127,57,18,66.8,1222,7.3,2.0,7.0,1.2,3.6,5.6,134,175,91.4
103030,26,45,61,56.6,1042,7.5,3.1,1.2,0.9,4.1,1.3,105,37,100.0
103031,68,30,77,62.4,1188,4.0,2.8,6.6,3.1,1.0,5.6,23,223,69.1
103032,24,8,71,38.0,744,2.1,0.5,2.0,5.6,1.1,4.4,21,177,71.5
103033,130,14,101,74.8,1468,5.2,2.4,3.4,2.4,3.8,0.1,86,226,96.2
103034,96,25,11,38.6,722,9.2,3.9,7.2,0.3,3.8,1.4,129,214,99.5
103035,24,9,25,20.2,386,6.4,0.6,3.6,4.2,0.3,2.5,49,135,78.3
103036,147,28,26,56.6,1076,1.7,3.4,1.6,1.7,1.6,3.5,151,175,93.3
103037,161,79,28,90.8,1658,6.8,2.8,1.3,1.5,2.0,4.2,67,137,100.0
103038,153,35,14,57.2,1074,4.3,3.1,3.8,1.9,4.1,1.3,62,217,96.2
103039,125,83,45,92.8,1690,5.9,1.1,6.1,4.3,,5.0,112,244,72.2
103040,132,36,116,94.4,1816,7.3,1.2,8.0,4.9,4.6,5.1,160,159,71.9
103041,8,85,0,52.6,882,5.1,3.6,6.3,3.5,5.0,3.8,66,199,82.5
103042,115,70,59,88.6,1632,8.1,1.4,7.0,1.9,3.9,5.5,47,93,90.4
103043,177,22,106,91.0,1776,7.2,0.3,6.0,1.9,3.3,4.9,56,73,90.8
103044,133,40,91,87.0,1660,6.2,2.4,7.2,0.7,2.0,1.3,47,208,86.1
103045,59,79,56,81.6,1474,1.5,0.5,0.6,5.6,0.3,4.8,174,130,73.5
103046,171,27,2,51.2,970,8.4,3.2,7.4,3.8,2.9,5.7,177,135,76.9
103047,120,47,114,97.8,1862,9.4,2.6,3.2,0.2,1.8,0.8,153,94,100.0
103048,138,37,17,56.6,1058,1.4,3.5,7.4,4.0,1.8,5.9,139,94,58.6
103049,174,30,51,73.2,1404,4.9,3.1,0.6,2.7,3.4,0.1,28,147,100.0
103050,107,13,59,52.8,1030,2.6,0.4,5.7,5.8,2.3,3.1,153,153,60.3
103051,107,72,33,77.8,1412,7.5,1.5,5.9,4.9,3.8,4.6,176,211,78.3
103052,130,90,95,118.0,2180,7.2,3.1,8.0,1.0,2.0,4.7,89,137,83.4
103053,75,87,92,104.0,1906,1.4,1.7,6.2,4.3,0.8,4.4,105,124,58.9
103054,29,76,88,86.6,1580,8.8,3.9,3.1,2.9,,3.2,85,196,97.6
103055,20,89,59,81.0,1442,1.8,2.9,4.5,1.1,4.8,3.9,114,165,94.5
103056,155,28,25,57.8,1100,8.0,0.1,2.9,4.2,4.0,4.2,89,96,95.4
103057,160,50,102,102.8,1956,4.6,3.5,1.6,3.3,1.0,3.0,24,140,89.3
103058,162,48,71,89.6,1696,3.3,0.4,2.0,0.2,2.0,3.6,39,105,100.0
103059,179,42,18,68.2,1280,1.6,0.6,1.8,3.9,4.6,5.1,159,78,90.3
103060,33,71,117,96.0,1778,1.7,2.9,4.4,3.8,0.6,1.9,121,246,68.6
103061,40,86,110,103.6,1900,6.6,3.5,7.2,0.9,1.3,3.1,121,193,83.8
103062,50,4,105,54.4,1080,5.5,2.1,7.3,2.1,1.3,0.1,155,36,75.2
103063,174,41,21,67.8,1274,1.2,1.2,0.4,3.5,2.9,4.1,139,44,92.0
103064,81,6,92,56.6,1120,1.1,1.4,0.6,0.8,2.1,1.2,68,114,100.0
103065,57,41,32,48.8,894,0.7,1.4,2.0,5.1,0.4,2.9,83,182,69.1
103066,74,35,37,50.6,942,7.4,1.3,2.0,0.2,3.1,1.3,116,214,100.0
103067,22,26,108,63.2,1212,7.1,1.0,0.8,0.6,0.5,0.1,58,67,100.0
103068,175,57,109,112.8,2142,0.6,2.4,3.1,0.7,3.0,2.9,59,66,94.3
103069,127,45,34,66.0,1230,5.6,3.6,4.7,3.2,2.5,2.5,50,151,83.9
103070,149,65,106,111.2,2094,0.8,1.2,4.6,3.7,2.5,2.6,22,45,72.2
103071,16,24,66,44.0,832,9.0,0.7,4.3,2.4,0.3,1.3,91,30,89.7
103072,68,72,82,89.6,1648,9.1,3.4,2.7,1.7,3.2,5.7,49,204,100.0
103073,107,26,9,40.6,760,7.0,3.0,5.7,4.9,2.2,0.0,114,209,73.3
103074,138,0,90,63.6,1272,9.3,3.7,6.6,0.4,2.1,5.3,48,66,96.5
103075,93,86,14,75.8,1344,8.1,0.7,2.8,1.7,3.0,4.4,75,74,100.0
103076,14,73,10,50.6,866,8.3,0.6,0.7,0.2,3.0,1.0,106,171,100.0
103077,90,41,110,86.6,1650,5.7,2.2,2.4,0.1,,2.8,127,214,100.0
103078,162,51,89,98.6,1870,3.1,2.5,1.1,2.1,0.6,5.9,82,191,93.1
103079,32,24,23,30.0,552,2.2,1.9,3.7,1.2,1.2,3.9,49,223,87.2
103080,124,53,76,87.0,1634,3.3,2.4,1.2,1.6,3.4,0.8,72,188,100.0
103081,15,66,95,80.6,1480,6.3,0.7,3.7,4.9,2.9,2.7,65,112,82.0
103082,161,5,100,75.2,1494,1.7,1.9,1.8,1.0,3.8,2.8,122,240,100.0
103083,65,57,3,48.4,854,2.6,2.6,5.9,4.7,,4.8,156,201,69.2
103084,167,69,12,79.6,1454,4.7,1.7,0.2,4.1,4.3,5.5,26,52,100.0
103085,155,52,72,91.0,1716,2.3,2.7,4.4,2.0,1.9,0.5,82,123,82.7
103086,46,65,56,70.6,1282,5.9,1.8,1.4,3.3,1.7,1.9,63,110,94.8
103087,166,57,112,112.2,2130,9.2,1.3,0.0,2.7,4.2,1.8,98,95,100.0
103088,147,81,97,116.8,2174,7.5,1.2,7.0,0.8,1.2,6.0,78,168,86.6
103089,123,86,119,123.8,2304,6.7,1.6,5.4,5.4,2.3,3.4,94,206,71.7
103090,0,1,36,15.0,298,5.8,0.1,0.8,3.4,1.0,5.3,103,235,94.4
103091,86,75,47,81.0,1470,4.9,2.7,5.3,5.3,4.6,2.6,32,87,75.9
103092,127,21,70,66.0,1278,1.9,3.4,4.9,4.9,2.0,4.3,177,58,65.7
103093,66,36,0,34.8,624,8.9,1.4,3.8,0.5,1.1,1.7,123,112,100.0
103094,3,19,59,35.6,674,2.5,0.2,3.4,1.2,3.5,5.5,122,249,95.9
103095,152,23,11,48.6,926,0.9,3.9,7.1,0.9,1.2,2.7,103,208,72.5
103096,46,83,20,67.0,1174,7.5,1.1,2.0,5.0,4.7,4.8,128,158,96.1
103097,37,64,10,49.8,868,,0.5,3.2,5.2,1.8,1.5,62,162,70.2
103098,142,64,43,84.0,1552,3.7,1.5,2.6,3.2,3.3,4.2,121,144,90.9
103099,20,80,114,97.6,1792,0.3,3.0,6.2,0.6,1.7,2.4,27,63,77.9
103100,56,0,57,34.0,680,1.4,1.2,7.3,0.8,4.0,0.2,56,154,81.6
103101,116,2,107,67.2,1340,1.7,2.3,6.8,4.9,4.5,2.5,125,107,65.2
103102,180,45,43,80.2,1514,0.5,1.7,6.4,5.6,3.9,3.3,116,48,59.1
103103,45,54,77,72.2,1336,6.6,0.5,7.9,1.2,4.2,0.9,109,117,88.2
103104,141,74,97,111.4,2080,8.4,1.3,5.6,0.1,0.5,1.1,127,197,95.4
103105,144,87,33,94.2,1710,3.7,2.9,6.0,2.0,4.6,2.8,139,110,87.2
103106,38,85,24,68.2,1194,8.7,2.4,7.9,0.2,3.1,2.1,58,223,94.1
103107,136,63,3,66.2,1198,2.1,0.5,0.1,5.0,4.3,2.6,155,124,91.7
103108,98,44,63,71.2,1336,3.3,0.7,5.1,2.9,3.4,2.8,81,238,81.9
103109,76,25,115,76.2,1474,1.5,2.6,5.9,3.9,1.0,0.8,58,221,62.9
103110,114,76,118,115.6,2160,6.2,3.3,7.3,2.5,3.0,1.1,161,101,79.7
103111,133,64,89,100.6,1884,4.2,1.4,7.1,2.1,0.5,5.1,71,174,71.0
103112,150,23,15,49.8,950,6.1,2.4,6.7,1.3,3.5,1.0,76,67,89.4
103113,90,73,9,65.4,1162,7.6,0.7,7.6,4.6,2.0,4.0,168,247,67.8
103114,97,34,108,83.0,1592,5.5,1.2,4.3,4.2,0.8,2.5,42,200,75.2
103115,119,23,65,63.6,1226,6.3,0.1,0.1,2.2,4.9,5.8,151,69,100.0
103116,45,27,34,38.8,722,9.4,3.1,0.1,1.9,4.5,0.4,158,202,100.0
103117,37,79,82,87.6,1594,3.0,1.6,4.4,0.0,4.5,5.0,103,197,100.0
103118,141,15,5,39.2,754,3.6,3.3,3.5,0.4,3.9,2.9,38,228,100.0
103119,99,58,18,61.8,1120,7.2,2.8,3.6,3.7,3.5,0.0,84,149,92.0
103120,71,80,58,85.4,1548,6.1,3.3,3.2,3.1,3.3,1.6,114,117,93.8
103121,34,53,52,59.4,1082,1.8,1.1,7.3,2.6,0.5,2.4,149,119,62.9
103122,146,78,115,122.0,2284,3.8,0.7,2.9,5.0,4.5,1.9,124,59,84.5
103123,29,15,114,60.4,1178,4.7,3.9,6.8,3.0,4.4,2.2,23,192,80.4
103124,77,14,7,26.6,504,4.2,2.9,7.2,2.3,3.7,5.5,58,223,79.2
103125,83,10,77,53.4,1048,1.8,3.3,4.0,1.0,4.6,2.2,68,201,96.4
103126,112,64,9,64.4,1160,9.2,0.1,3.6,4.9,2.8,2.5,150,161,87.9
103127,24,78,66,78.0,1404,7.6,1.4,6.1,3.5,2.2,4.6,173,221,79.9
103128,167,89,37,101.6,1854,4.8,3.0,5.7,0.6,4.8,4.8,60,162,98.2
103129,87,67,28,68.8,1242,6.8,0.3,2.6,3.9,2.3,0.5,84,205,90.6
103130,13,42,14,33.4,584,9.0,2.3,0.8,2.6,3.2,4.2,141,95,100.0
103131,153,68,86,105.8,1980,1.4,1.7,2.1,4.9,1.9,2.9,163,124,75.6
103132,101,12,22,36.2,700,2.5,0.1,1.0,5.5,3.2,0.8,54,56,83.1
103133,149,9,81,67.6,1334,5.4,0.9,2.4,3.6,3.6,1.6,163,181,94.0
103134,175,74,45,97.4,1800,8.0,1.1,2.1,4.4,3.1,0.3,52,85,94.9
103135,82,81,82,97.8,1794,0.4,0.4,5.1,0.3,2.6,2.2,178,74,86.7
103136,109,40,27,56.6,1052,9.8,2.5,7.6,3.4,1.5,1.5,169,97,76.7
103137,178,49,25,75.0,1402,4.5,1.0,5.5,4.5,3.2,2.3,80,185,74.1
103138,130,86,9,81.2,1452,3.6,1.1,7.4,3.0,4.5,3.5,127,34,76.1
103139,169,70,46,94.2,1744,2.9,3.6,6.3,3.6,0.0,4.4,58,248,62.6
103140,18,58,3,39.6,676,1.7,1.9,5.8,5.4,0.7,3.6,150,137,55.3
103141,27,38,54,49.8,920,7.9,1.6,3.3,1.2,,4.1,115,76,98.4
103142,172,2,65,61.6,1228,9.6,2.9,2.6,0.6,4.6,5.2,160,162,100.0
103143,70,75,66,85.4,1558,4.1,3.6,6.8,4.1,3.3,5.2,33,34,70.4
103144,62,6,6,18.4,356,9.5,0.1,7.2,4.9,4.8,5.2,155,205,80.1
103145,72,48,54,64.8,1200,8.2,1.8,3.6,5.1,2.9,0.9,130,150,85.2
103146,123,25,79,71.2,1374,4.8,2.4,0.1,3.8,2.3,1.5,38,102,97.1
103147,118,32,30,54.8,1032,6.7,1.3,6.3,5.0,4.0,3.0,128,76,75.2
103148,120,47,73,81.4,1534,4.3,,2.3,4.2,0.8,2.2,161,219,80.8
103149,18,78,18,57.6,996,5.6,3.9,0.1,0.5,1.9,0.8,118,184,100.0
103150,174,1,27,46.2,922,0.6,3.8,6.4,4.6,2.3,1.7,80,33,59.5
103151,141,70,80,102.2,1904,7.0,1.1,4.1,1.1,1.5,5.9,86,206,96.6
103152,119,31,27,53.2,1002,0.5,0.9,5.5,1.4,1.9,2.1,96,245,77.7
103153,165,3,18,42.0,834,8.2,3.8,7.3,2.4,0.4,2.5,111,120,76.4
103154,180,19,100,87.4,1710,8.2,1.8,4.3,1.9,1.0,0.0,64,94,92.7
103155,60,35,86,67.4,1278,2.4,0.8,4.0,1.9,1.7,4.3,110,125,84.4
103156,163,31,19,58.8,1114,3.2,2.8,2.3,1.0,4.0,2.5,91,109,100.0
103157,167,27,12,54.4,1034,4.8,1.1,2.4,1.8,0.9,0.6,154,116,93.7
103158,29,76,76,81.8,1484,6.0,1.1,6.4,0.1,1.7,5.8,132,249,91.0
103159,8,0,42,18.4,368,,3.5,3.6,2.8,0.3,4.7,41,90,78.3
103160,63,59,10,52.0,922,5.9,0.6,1.3,4.6,2.8,4.4,121,177,92.0
103161,160,55,47,83.8,1566,3.0,0.3,0.8,5.2,3.1,5.7,156,238,86.1
103162,119,34,14,49.8,928,0.6,1.1,3.8,4.9,4.3,2.4,79,129,74.4
103163,51,29,16,34.0,622,0.0,2.4,3.7,2.5,4.1,4.3,61,148,85.0
103164,88,53,53,70.6,1306,1.0,0.5,5.2,4.4,1.4,1.2,78,138,63.4
103165,141,35,49,68.8,1306,7.9,,3.8,1.7,0.7,4.2,48,165,94.2
103166,52,54,27,53.6,964,9.6,2.5,1.1,0.3,0.8,0.1,120,111,100.0
103167,77,88,82,101.0,1844,4.3,3.4,4.1,4.1,4.8,0.8,133,42,86.1
103168,40,79,3,56.6,974,5.1,0.9,7.3,3.9,3.4,2.6,131,230,71.7
103169,67,57,21,56.0,1006,1.5,3.3,1.3,4.8,0.2,0.1,61,194,74.4
103170,7,82,85,84.6,1528,5.5,0.9,5.5,3.7,0.7,2.8,48,72,72.6
103171,1,64,118,85.8,1588,1.4,2.7,4.8,0.9,2.4,3.1,40,121,86.3
103172,104,68,100,101.6,1896,6.1,1.7,6.0,5.1,1.0,3.7,116,213,65.7
103173,124,50,38,70.0,1300,9.3,,1.2,3.8,4.0,0.6,142,207,100.0
103174,109,21,33,47.6,910,2.0,2.9,7.5,4.8,2.9,1.1,82,239,58.7
103175,85,87,96,107.6,1978,7.6,0.9,5.0,4.6,3.1,3.7,57,49,81.5
103176,168,52,43,82.0,1536,0.2,0.7,6.8,1.8,2.3,3.9,159,77,71.1
103177,119,35,41,61.2,1154,3.8,1.4,2.0,0.4,1.3,0.2,52,129,100.0
103178,126,67,39,81.0,1486,1.1,2.6,5.9,1.1,2.9,3.2,20,48,81.8
103179,15,35,96,62.4,1178,3.5,0.9,6.2,0.6,3.6,4.7,47,98,90.0
103180,61,51,11,47.2,842,1.7,0.7,3.2,1.5,1.9,0.4,97,46,88.8
103181,112,52,1,54.0,976,3.7,0.0,3.1,2.8,2.5,2.5,136,185,88.5
103182,175,81,27,94.4,1726,4.2,1.9,5.3,5.4,4.2,2.0,78,65,72.8
103183,157,49,73,90.0,1702,3.0,1.7,0.7,5.2,0.7,5.5,68,195,79.3
103184,11,79,85,83.6,1514,6.6,0.9,5.9,4.3,2.7,1.1,64,111,76.2
103185,34,40,80,62.8,1176,9.2,0.2,0.3,0.1,1.7,1.9,142,99,100.0
103186,10,17,89,47.8,922,4.0,1.7,1.5,2.0,3.5,5.4,153,145,100.0
103187,63,21,66,51.6,990,1.9,3.2,5.3,4.1,0.1,2.0,134,183,62.4
103188,49,65,70,76.8,1406,2.7,2.9,0.8,0.8,3.4,3.2,39,236,100.0
103189,148,20,107,84.4,1648,8.5,3.4,7.8,4.8,0.5,0.2,104,30,63.3
103190,68,43,71,67.8,1270,5.7,0.0,6.9,5.5,0.3,5.9,163,110,57.2
103191,47,46,83,70.2,1312,4.6,3.9,5.0,2.1,3.6,4.9,159,159,89.5
103192,19,38,75,56.6,1056,1.5,1.4,6.6,4.2,3.2,3.8,71,193,65.2
103193,100,28,98,76.0,1464,4.5,4.0,7.1,0.9,4.5,0.4,167,213,89.6
103194,171,53,80,98.0,1854,2.8,1.0,2.1,4.1,2.6,0.4,116,64,84.5
103195,160,89,91,121.8,2258,9.4,1.9,6.8,0.1,2.7,3.3,133,156,99.2
103196,136,84,104,119.2,2216,8.8,1.4,1.6,0.9,3.5,1.7,21,56,100.0
103197,67,16,9,26.6,500,0.8,1.4,3.3,4.3,1.6,3.7,53,224,71.7
103198,34,79,85,88.2,1606,5.2,3.4,4.5,4.3,0.2,3.6,45,213,71.5
103199,64,59,101,88.6,1654,2.3,3.0,5.7,3.8,1.2,5.0,113,75,66.4
103200,7,30,56,41.8,776,4.1,4.0,0.2,2.9,1.2,1.7,84,177,96.5
103201,44,72,96,90.4,1664,8.8,2.5,2.3,4.0,1.7,3.5,129,37,93.5
103202,86,77,85,97.4,1794,5.3,1.9,4.9,4.6,4.7,4.7,27,122,82.1
103203,174,48,107,106.4,2032,3.3,0.4,2.9,5.8,4.0,2.9,84,101,78.0
103204,167,1,36,48.4,966,2.1,4.0,6.2,5.3,4.7,5.0,129,143,67.0
103205,75,47,76,73.6,1378,8.0,2.2,5.2,4.8,5.0,0.8,157,120,86.2
103206,75,13,90,58.8,1150,6.2,2.8,1.9,4.2,2.2,4.4,51,55,90.4
103207,173,58,63,94.6,1776,,1.6,1.2,3.4,1.1,5.7,70,132,90.9
103208,46,57,78,74.6,1378,2.2,2.2,5.0,0.7,2.8,2.0,85,231,89.3
103209,14,57,85,71.0,1306,3.3,3.8,3.6,1.0,4.4,2.2,50,91,100.0
103210,104,50,93,88.0,1660,9.6,0.7,1.4,4.9,2.3,0.5,87,123,96.0
103211,146,83,106,121.4,2262,5.2,1.2,2.6,4.8,2.5,3.8,31,190,83.5
103212,25,1,39,21.2,422,4.0,0.6,2.4,3.7,0.7,3.3,50,90,82.0
103213,51,40,100,74.2,1404,5.2,3.2,0.9,2.6,2.1,0.2,42,177,100.0
103214,92,82,97,106.4,1964,7.8,0.2,4.4,0.2,1.9,4.5,27,97,100.0
103215,149,81,107,121.2,2262,3.4,0.3,6.1,2.0,1.8,5.0,143,244,77.8
103216,20,15,59,36.6,702,1.8,1.2,4.6,2.5,4.4,5.4,99,58,85.9
103217,50,3,97,50.6,1006,5.8,2.1,6.6,2.9,0.3,3.3,34,75,71.6
103218,37,11,47,32.8,634,6.7,1.6,1.0,5.6,4.9,2.7,123,194,96.1
103219,19,28,116,67.0,1284,7.1,0.2,3.5,0.7,0.0,5.3,173,130,96.7
103220,156,6,98,74.0,1468,8.8,3.8,4.9,3.1,4.7,2.4,97,119,96.6
103221,178,13,105,85.4,1682,3.7,3.8,5.4,2.2,,3.9,31,210,82.9
103222,131,11,18,40.0,778,0.8,1.1,5.6,5.9,3.5,3.7,46,162,60.2
103223,54,4,71,41.6,824,9.6,2.9,5.8,5.2,0.9,2.2,130,117,72.7
103224,91,80,102,107.0,1980,4.4,2.3,5.2,2.6,3.3,0.5,177,156,84.9
103225,27,31,32,36.8,674,6.2,0.9,0.8,6.0,4.4,0.1,23,136,92.4
103226,3,73,43,61.6,1086,6.7,1.0,5.6,3.1,0.7,2.6,73,95,77.6
103227,149,42,91,91.4,1744,5.5,2.0,5.8,1.0,0.6,2.9,114,172,84.6
103228,75,80,36,77.4,1388,2.1,1.7,7.9,3.3,1.5,4.9,103,75,60.6
103229,172,68,111,119.6,2256,7.6,1.2,5.5,1.4,0.8,2.5,165,214,88.6
103230,66,44,88,74.8,1408,8.0,3.2,5.5,3.8,0.6,1.7,125,37,76.8
103231,85,8,35,35.8,700,5.5,1.9,4.1,5.6,3.4,2.8,149,194,76.8
103232,161,48,80,93.0,1764,4.9,2.6,6.9,4.7,1.1,1.4,140,130,62.0
103233,90,32,87,72.0,1376,1.1,0.8,8.0,1.6,3.3,0.5,92,214,72.1
103234,104,17,20,39.0,746,0.8,2.1,6.2,1.8,,0.7,35,171,80.7
103235,0,8,1,5.2,88,3.4,1.3,4.9,0.4,3.3,1.9,159,162,95.1
103236,71,61,30,62.8,1134,3.1,2.1,0.6,1.7,0.6,0.1,152,102,97.1
103237,86,56,107,93.6,1760,9.5,3.1,5.8,0.6,2.9,1.3,162,243,100.0
103238,165,28,96,88.2,1708,7.8,3.1,5.7,3.0,2.0,4.7,91,152,83.8
103239,5,77,29,58.8,1022,6.6,1.4,6.2,4.3,1.7,1.4,107,72,72.0
103240,152,24,75,74.8,1448,5.2,2.8,1.0,4.5,1.6,0.7,166,206,88.7
103241,144,14,43,54.4,1060,1.7,3.8,5.2,0.4,4.6,5.7,120,152,94.4
103242,60,5,11,19.4,378,9.8,2.5,2.4,2.0,3.7,3.7,101,201,100.0
103243,11,41,50,46.8,854,3.8,0.6,6.1,1.7,0.7,0.4,104,213,76.8
103244,5,28,120,65.8,1260,1.1,2.7,1.9,0.6,2.4,0.4,68,77,98.8
103245,26,78,48,71.2,1268,4.9,0.4,5.5,2.2,1.6,3.7,142,187,81.6
103246,135,3,115,74.8,1490,8.7,3.5,2.4,1.8,4.9,3.2,58,190,100.0
103247,123,81,23,82.4,1486,8.9,2.1,0.1,3.8,4.9,0.4,97,194,100.0
103248,105,56,23,63.8,1164,0.1,1.5,5.1,5.3,1.6,1.3,162,207,58.1
103249,92,48,59,70.8,1320,8.9,0.2,0.9,2.7,1.8,5.6,142,36,100.0
103250,108,43,10,51.4,942,2.7,1.5,5.3,4.5,3.0,3.4,74,224,70.7
103251,98,79,12,71.8,1278,0.4,3.6,7.4,0.9,2.4,2.6,132,200,73.9
103252,167,74,90,113.8,2128,8.5,0.1,7.8,5.4,1.1,1.5,64,69,62.1
103253,141,13,71,64.4,1262,8.6,,1.9,0.9,3.3,0.8,86,61,100.0
103254,34,2,73,37.2,740,6.0,3.7,6.5,1.2,1.7,2.4,25,134,85.1
103255,175,61,71,100.0,1878,5.7,,2.8,0.6,3.3,5.5,89,212,100.0
103256,83,63,63,79.6,1466,8.1,1.7,7.2,1.9,1.9,0.3,178,240,83.6
103257,55,44,19,45.0,812,7.9,2.3,6.3,3.3,3.5,5.9,41,123,84.6
103258,176,81,71,112.2,2082,8.9,1.9,0.6,5.9,3.3,1.2,104,140,95.8
103259,140,57,72,91.0,1706,5.5,0.7,3.3,4.8,2.5,2.5,121,118,81.3
103260,48,19,70,49.0,942,9.7,0.1,2.7,2.3,3.5,0.3,77,106,100.0
103261,45,57,77,74.0,1366,10.0,2.4,6.3,3.5,2.3,3.5,176,233,84.2
103262,112,88,27,86.0,1544,,,3.3,3.7,0.6,2.9,129,38,72.5
103263,135,56,1,61.0,1108,8.5,0.4,5.5,4.9,0.9,4.0,158,166,73.2
103264,42,76,120,102.0,1888,5.0,0.8,4.8,4.4,1.2,3.3,105,93,72.4
103265,147,67,42,86.4,1594,3.9,1.5,7.8,3.4,0.3,2.4,79,202,60.5
103266,123,77,7,73.6,1318,,3.2,7.5,4.0,3.6,4.4,153,120,73.0
103267,96,51,12,54.6,990,0.6,1.1,3.4,4.5,1.8,0.2,49,218,70.5
103268,89,36,84,73.0,1388,5.1,3.5,5.8,0.8,0.5,3.2,126,124,84.5
103269,38,7,110,55.8,1102,8.7,0.2,6.6,1.2,4.1,0.7,148,227,97.3
103270,84,43,91,79.0,1494,2.1,3.8,7.2,4.1,3.4,2.6,105,122,65.1
103271,176,4,34,51.2,1016,4.3,2.2,0.5,5.1,2.3,4.7,28,123,88.0
103272,61,68,22,61.8,1100,9.4,2.6,2.4,2.5,1.2,0.9,155,195,100.0
103273,105,30,45,57.0,1080,4.3,1.5,2.6,5.9,0.8,5.6,53,232,71.1
103274,106,44,14,53.2,976,3.6,3.1,3.5,1.3,2.3,5.3,155,203,93.6
103275,53,8,1,15.8,300,4.4,0.7,1.4,2.5,4.4,2.5,159,153,100.0
103276,125,31,60,67.6,1290,5.2,0.2,4.0,2.3,0.9,0.0,62,99,85.6
103277,8,32,114,66.4,1264,6.3,1.6,5.3,5.6,2.8,4.7,124,132,71.8
103278,87,66,75,87.0,1608,8.0,3.4,4.0,1.7,4.8,5.3,75,93,100.0
103279,36,29,63,49.8,938,4.5,3.0,5.3,2.8,3.2,1.0,50,124,83.4
103280,48,75,120,102.6,1902,8.2,2.1,0.5,1.1,2.2,5.5,38,192,100.0
103281,40,28,51,45.2,848,,2.3,7.0,3.1,3.6,5.5,132,41,77.9
103282,16,2,35,18.4,364,3.4,0.5,7.5,5.1,4.1,2.8,23,77,63.6
103283,87,89,66,97.2,1766,6.6,3.4,4.9,1.8,3.0,4.8,31,92,93.6
103284,20,56,68,64.8,1184,7.2,3.1,7.1,4.9,4.4,2.7,103,202,74.7
103285,50,29,66,53.8,1018,5.6,2.6,1.1,5.5,2.6,3.4,123,35,87.1
103286,58,8,120,64.4,1272,0.6,1.9,6.4,0.4,4.2,1.9,175,74,86.2
103287,166,25,46,66.6,1282,1.7,3.9,1.0,4.5,4.8,1.0,77,119,91.3
103288,40,1,82,41.4,826,2.9,3.5,3.3,1.5,2.5,4.5,67,130,92.6
103289,38,61,1,44.6,770,2.8,2.6,2.6,1.1,3.0,0.0,139,189,98.7
103290,140,2,43,46.4,924,6.7,1.5,4.7,3.6,3.0,3.5,143,225,85.6
103291,10,45,100,69.0,1290,0.2,2.5,2.4,4.2,3.9,5.2,20,133,81.5
103292,146,67,63,94.6,1758,7.6,2.3,5.1,2.4,4.1,1.3,124,160,95.1
103293,138,24,117,88.8,1728,2.7,1.6,2.9,0.2,0.1,2.0,63,156,93.1
103294,76,50,80,77.2,1444,3.1,1.2,6.9,5.5,3.7,3.5,82,159,62.2
103295,126,12,77,63.2,1240,5.3,1.6,5.1,4.4,3.9,1.5,114,49,79.9
103296,45,43,27,45.6,826,2.2,2.3,1.7,1.6,3.5,5.1,57,240,100.0
103297,44,34,90,65.2,1236,8.8,1.7,2.7,3.0,3.6,2.2,28,68,100.0
103298,0,54,53,53.6,964,0.9,1.1,6.8,0.2,0.2,3.5,25,169,74.2
103299,167,86,73,114.2,2112,4.4,3.0,3.1,2.0,2.2,1.4,89,218,93.0
103300,107,8,66,52.6,1036,8.5,2.1,4.3,3.1,4.1,0.2,71,65,96.6
103301,18,1,35,18.2,362,6.2,0.3,5.2,3.1,4.7,1.0,86,121,90.2
103302,75,60,101,91.4,1708,2.9,1.5,2.8,1.2,1.1,0.3,115,38,91.9
103303,71,40,119,85.8,1636,4.2,3.5,2.4,4.7,2.9,2.8,118,73,84.0
103304,108,43,62,72.2,1358,7.1,3.0,3.8,1.8,4.0,3.5,163,104,100.0
103305,11,63,24,49.6,866,9.7,1.3,1.7,3.5,3.8,0.3,149,82,100.0
103306,160,30,85,84.0,1620,8.9,3.8,2.3,1.6,3.1,0.5,55,59,100.0
103307,44,46,47,55.2,1012,3.4,0.3,0.5,2.6,0.1,2.9,124,144,92.1
103308,89,1,38,33.6,670,10.0,3.8,2.4,1.2,3.6,4.8,54,95,100.0
103309,102,81,46,87.4,1586,0.0,1.0,2.6,3.8,3.9,3.8,139,67,82.3
103310,7,76,93,84.2,1532,0.3,0.0,7.7,2.6,3.6,0.6,49,67,67.6
103311,152,68,20,79.2,1448,8.2,1.7,4.7,0.1,3.8,5.3,112,190,100.0
103312,90,57,29,63.8,1162,2.0,1.4,6.3,0.2,2.2,5.5,148,228,84.4
103313,173,43,91,96.8,1850,0.6,2.2,0.4,2.8,5.0,1.9,124,242,100.0
103314,86,73,30,73.0,1314,2.4,3.2,0.9,1.1,3.9,3.7,119,84,100.0
103315,157,55,120,112.4,2138,4.3,3.4,6.5,3.5,2.9,3.0,122,105,73.8
103316,174,42,115,106.0,2036,7.3,1.6,5.0,2.4,4.7,5.7,50,145,96.7
103317,176,88,25,98.0,1784,6.2,1.7,1.5,3.9,4.5,3.1,44,114,100.0
103318,174,33,106,97.0,1874,2.4,0.6,3.2,5.7,4.1,5.8,66,52,75.8
103319,83,29,21,42.4,790,5.0,0.2,4.3,3.2,2.8,1.2,20,227,85.2
103320,81,70,20,66.2,1184,9.3,2.6,6.7,4.7,2.6,2.1,121,171,76.1
103321,145,69,0,70.4,1270,8.2,0.3,0.5,4.5,1.6,4.7,137,125,96.7
103322,67,54,36,60.2,1096,3.2,2.9,4.8,5.5,1.3,4.7,132,78,63.6
103323,160,66,76,102.0,1908,9.8,2.2,5.7,1.3,2.6,4.4,159,142,98.1
103324,126,12,84,66.0,1296,7.1,0.8,7.8,5.0,2.9,5.2,39,143,66.7
103325,163,2,45,51.8,1032,0.6,2.2,6.5,5.4,1.2,4.2,49,74,51.8
103326,81,25,8,34.4,638,0.4,0.7,2.2,2.4,4.6,3.8,98,234,93.8
103327,146,56,16,69.2,1272,1.7,,5.7,1.9,2.8,2.8,147,184,79.5
103328,155,23,46,63.2,1218,7.3,3.2,6.1,5.7,2.6,2.8,104,232,69.5
103329,167,52,84,98.2,1860,1.8,1.8,5.8,3.8,2.2,2.4,83,125,68.0
103330,83,69,94,95.6,1774,5.1,0.6,6.6,2.3,0.3,3.7,37,224,73.2
103331,112,42,102,88.4,1684,0.9,2.9,7.2,4.8,4.4,2.4,51,78,62.2
103332,75,59,58,73.6,1354,9.2,0.7,0.8,1.8,1.6,0.9,166,31,100.0
103333,121,57,53,79.6,1478,3.4,3.0,0.8,1.1,3.2,0.6,113,217,100.0
103334,142,48,85,91.2,1728,9.1,1.9,6.4,3.3,3.0,5.5,52,223,85.1
103335,40,41,11,37.0,658,9.4,1.8,2.0,3.4,2.9,0.1,169,132,100.0
103336,166,75,63,103.4,1918,0.1,3.4,0.5,5.0,2.6,0.6,128,88,81.0
103337,1,65,118,86.4,1598,4.6,2.8,3.2,2.7,0.9,2.7,176,89,85.6
103338,28,10,5,13.6,252,0.2,0.1,6.6,4.9,1.4,1.6,23,51,53.7
103339,104,89,52,95.0,1722,9.1,1.2,1.0,1.9,2.6,2.4,119,118,100.0
103340,50,17,15,26.2,490,5.2,3.5,5.4,3.5,3.9,0.7,141,135,83.0
103341,74,84,89,100.8,1848,0.7,0.1,0.0,1.3,2.2,0.8,151,203,100.0
103342,9,51,4,34.0,578,1.1,2.2,0.9,2.3,1.0,4.8,24,82,90.1
103343,141,45,72,84.0,1590,3.8,2.9,2.8,5.1,0.4,4.6,76,48,72.1
103344,50,43,45,53.8,990,9.4,2.5,0.7,1.3,3.3,0.6,50,78,100.0
103345,117,21,103,77.2,1502,6.9,3.0,6.8,4.9,2.1,4.0,26,237,68.4
103346,120,52,13,60.4,1104,8.7,2.9,6.9,1.7,0.6,3.7,31,46,83.1
103347,38,58,43,59.6,1076,3.7,2.8,6.0,0.2,3.4,4.3,29,156,92.6
103348,27,29,62,47.6,894,,3.3,1.9,0.7,1.0,2.8,176,184,92.7
103349,2,7,105,46.6,918,9.7,2.6,4.2,4.5,2.5,1.6,160,48,87.6
103350,83,56,93,87.4,1636,0.2,1.6,1.5,1.6,1.5,4.0,146,59,90.9
103351,154,72,51,94.4,1744,9.5,1.9,2.3,3.9,4.7,2.2,178,107,100.0
103352,116,19,115,80.6,1574,3.7,2.9,4.1,4.2,1.1,1.3,156,203,73.3
103353,1,24,25,24.6,444,0.1,3.5,5.9,2.1,2.1,2.5,107,135,72.4
103354,92,18,52,50.0,964,6.9,1.1,0.8,2.8,4.8,4.6,163,93,100.0
103355,165,4,108,78.6,1564,9.8,1.4,2.4,2.4,1.6,2.9,30,61,100.0
103356,130,74,28,81.6,1484,9.7,3.7,7.4,5.7,3.2,1.8,20,210,70.9
103357,143,78,18,82.6,1496,1.6,2.3,3.4,1.9,1.6,5.0,40,180,84.9
103358,93,71,46,79.6,1450,1.8,0.7,7.5,1.1,0.6,5.3,119,65,69.9
103359,39,82,7,59.8,1032,5.7,2.7,7.9,2.2,3.1,2.6,25,39,78.1
103360,1,86,22,60.6,1040,6.4,4.0,4.2,4.0,4.6,2.2,161,88,89.8
103361,80,26,116,78.0,1508,7.4,3.3,2.3,4.2,2.3,3.7,112,131,91.5
103362,168,39,105,99.0,1902,1.8,3.0,6.3,5.5,3.1,0.3,148,147,60.2
103363,11,25,34,30.8,566,9.6,0.8,1.3,5.3,3.0,4.1,155,186,96.5
103364,162,26,94,85.6,1660,6.4,,2.0,1.7,2.1,4.7,130,40,100.0
103365,64,61,52,70.2,1282,8.5,2.1,6.3,2.7,3.1,2.4,63,195,87.6
103366,54,82,98,99.2,1820,5.4,3.6,3.5,4.5,1.3,1.0,142,108,78.2
103367,44,49,95,76.2,1426,4.1,1.3,1.6,5.5,1.9,0.2,106,189,80.0
103368,100,41,57,67.4,1266,9.8,0.2,5.2,2.0,2.2,3.8,122,120,95.4
103369,61,28,4,30.6,556,5.8,1.9,5.9,2.7,4.3,1.6,124,131,87.4
103370,48,38,15,38.4,692,8.7,1.1,1.0,5.4,1.7,2.8,94,209,91.5
103371,126,59,16,67.0,1222,9.5,2.9,2.2,2.2,3.2,2.3,174,158,100.0
103372,152,40,31,66.8,1256,6.8,3.8,1.8,2.9,1.1,1.0,55,43,95.2
103373,22,32,101,64.0,1216,5.5,2.8,3.0,5.4,1.3,3.1,167,160,75.9
103374,151,82,95,117.4,2184,0.0,,6.1,4.8,3.2,2.8,27,59,61.2
103375,37,82,51,77.0,1376,0.4,1.8,5.7,1.5,3.8,3.7,65,188,81.9
103376,27,15,19,22.0,410,2.0,3.1,5.3,1.9,2.3,1.5,119,158,80.2
103377,20,22,111,61.6,1188,1.9,3.4,0.1,2.1,1.7,1.3,71,203,98.0
103378,106,6,119,72.4,1436,2.5,2.8,1.1,5.5,4.6,4.9,45,171,86.9
103379,145,25,65,70.0,1350,3.0,2.0,1.8,6.0,0.7,4.2,54,193,70.9
103380,163,11,83,72.4,1426,3.6,2.5,2.2,4.6,3.6,4.6,150,203,86.2
103381,98,71,110,106.2,1982,4.2,2.8,1.2,2.9,3.5,0.7,142,212,99.6
103382,172,4,81,69.2,1376,1.0,1.0,3.3,0.1,3.5,1.3,151,193,98.8
103383,118,68,0,64.4,1152,0.4,3.2,0.6,4.2,,3.5,81,200,91.5
103384,72,48,57,66.0,1224,6.7,3.8,6.0,2.3,3.6,5.1,83,134,88.7
103385,180,25,92,87.8,1706,5.4,1.9,6.3,3.8,1.5,5.4,166,72,71.1
103386,121,4,92,63.4,1260,4.4,2.8,4.6,3.6,1.8,5.0,101,172,77.8
103387,29,21,82,51.2,982,6.3,2.9,0.7,2.9,2.0,0.3,33,67,100.0
103388,107,78,43,85.4,1552,8.3,2.6,7.1,5.7,0.2,4.9,33,118,60.3
103389,97,12,103,67.8,1332,4.3,2.2,7.7,0.1,4.6,5.4,73,73,91.1
103390,31,27,5,24.4,434,6.4,3.5,1.6,4.3,0.4,0.3,176,138,86.1
103391,155,32,107,93.0,1796,9.5,1.8,5.6,2.5,3.5,2.5,150,84,94.6
103392,171,22,102,88.2,1720,8.4,0.2,6.7,4.3,3.7,3.2,117,84,79.6
103393,78,17,49,45.4,874,4.3,3.4,4.3,4.1,4.2,1.4,123,107,83.5
103394,40,29,117,72.2,1386,6.4,,2.6,0.1,2.8,3.1,24,245,100.0
103395,62,25,109,71.0,1370,1.8,3.4,3.8,1.7,3.6,5.3,24,215,90.7
103396,22,15,71,41.8,806,5.6,0.6,4.1,1.1,1.5,5.2,136,136,93.8
103397,103,76,87,101.0,1868,9.8,0.1,3.2,1.0,3.7,5.6,64,86,100.0
103398,74,38,19,45.2,828,5.2,3.7,7.4,4.4,1.7,2.9,135,213,63.9
103399,47,32,117,75.4,1444,9.3,0.6,6.0,1.4,4.5,2.5,70,159,100.0
103400,159,25,13,52.0,990,4.1,3.2,1.9,2.8,0.8,4.0,32,153,89.0
103401,56,47,4,41.0,726,10.0,3.3,4.7,1.5,1.6,2.5,92,191,98.5
103402,117,64,40,77.8,1428,5.8,2.8,5.5,3.5,2.5,0.3,87,78,79.6
103403,99,37,39,57.6,1078,0.4,0.5,1.1,4.3,3.9,4.3,88,93,86.6
103404,123,1,33,38.4,766,5.9,2.7,2.9,2.0,,1.7,154,116,100.0
103405,160,5,79,66.6,1322,2.7,3.6,7.2,3.6,1.1,0.3,111,165,61.9
103406,151,45,44,74.8,1406,0.3,1.7,4.5,4.9,0.7,0.1,123,98,60.2
103407,166,49,70,90.6,1714,8.2,1.7,1.7,0.6,1.5,5.6,97,215,100.0
103408,33,37,79,60.4,1134,2.8,1.8,1.0,4.3,2.4,1.5,121,200,87.3
103409,155,87,70,111.2,2050,8.0,,4.1,1.9,2.7,2.7,24,91,98.2
103410,164,17,26,53.4,1034,2.9,3.6,4.4,0.7,2.1,5.7,67,150,91.0
103411,6,26,77,47.6,900,1.9,3.5,2.7,3.3,3.3,2.8,142,81,86.4
103412,164,40,77,87.6,1672,9.7,4.0,5.0,1.4,2.1,0.5,111,62,98.7
103413,55,71,43,70.8,1274,3.6,2.3,0.5,4.9,,3.3,155,49,94.8
103414,64,73,32,69.4,1242,6.0,3.0,1.2,0.3,1.3,0.5,168,237,100.0
103415,46,16,32,31.6,600,6.1,0.8,4.4,0.6,3.1,0.6,107,216,100.0
103416,147,61,43,83.2,1542,5.6,,0.5,3.1,3.1,5.1,137,217,100.0
103417,18,28,19,28.0,504,9.1,2.6,7.0,3.5,1.4,1.7,43,220,76.9
103418,156,57,116,111.8,2122,6.7,3.6,1.1,4.4,2.1,4.1,160,141,93.3
103419,145,69,110,114.4,2150,4.0,3.3,5.4,1.6,1.8,3.1,132,213,83.8
103420,162,77,35,92.6,1698,8.6,3.8,3.1,5.1,0.9,1.3,162,66,82.0
103421,170,21,6,49.0,938,1.8,3.5,3.2,5.7,2.4,3.1,129,217,69.5
103422,125,5,31,40.4,798,5.4,3.5,6.1,3.0,1.9,0.4,108,135,77.1
103423,138,25,111,87.0,1690,9.5,0.3,4.0,4.6,0.9,2.1,128,134,82.7
103424,48,38,66,58.8,1100,6.3,,5.8,3.1,2.2,3.1,72,245,80.5
103425,112,11,38,44.2,862,8.2,2.4,4.0,0.4,2.1,1.4,178,80,100.0
103426,37,13,92,52.0,1014,6.5,1.5,4.7,2.0,0.7,4.0,70,58,86.3
103427,63,21,23,34.4,646,8.4,0.2,6.1,0.5,0.7,0.3,136,166,92.0
103428,68,50,85,77.6,1452,9.4,2.7,4.9,5.9,3.2,2.9,76,115,79.3
103429,135,22,69,67.8,1312,2.7,1.3,4.9,1.4,3.5,4.3,134,241,89.3
103430,161,47,111,104.8,2002,1.7,1.9,6.3,3.8,4.7,2.6,76,69,73.3
103431,175,70,87,111.8,2096,4.8,2.7,7.6,1.7,0.4,5.2,54,225,71.9
103432,115,49,103,93.6,1774,7.0,3.6,3.0,3.9,0.6,3.8,105,200,84.3
103433,64,88,86,100.0,1824,2.3,3.3,4.6,1.3,0.3,5.8,154,129,80.6
103434,30,12,53,34.4,664,0.0,1.8,0.7,4.7,2.7,1.7,72,233,81.8
103435,131,84,37,91.4,1660,3.4,1.6,2.9,0.7,3.1,5.6,29,52,100.0
103436,112,9,73,57.0,1122,9.7,1.0,3.3,5.4,2.0,3.6,58,132,85.2
103437,108,54,79,85.6,1604,6.9,1.5,6.7,5.0,4.0,4.5,146,37,74.0
103438,177,8,74,69.8,1380,4.0,0.4,4.1,4.1,3.4,5.4,78,103,81.3
103439,68,78,31,72.8,1300,1.9,3.9,5.8,0.4,4.9,3.3,136,93,93.3
103440,157,51,44,79.6,1490,3.6,2.3,0.2,1.3,0.7,5.2,169,180,100.0
103441,119,1,60,48.4,966,1.7,0.5,3.7,5.2,0.3,3.3,156,122,63.5
103442,87,24,69,59.4,1140,1.1,1.4,7.2,0.7,1.4,3.6,119,149,74.1
103443,66,12,87,55.2,1080,9.1,2.2,1.8,0.9,0.1,2.7,27,138,100.0
103444,74,50,96,83.2,1564,10.0,2.1,0.3,3.3,4.7,0.9,139,125,100.0
103445,44,57,52,63.8,1162,1.6,0.1,3.5,1.6,1.5,3.3,77,213,85.7
103446,3,33,50,40.4,742,0.5,3.8,5.6,1.3,2.8,5.9,146,171,80.5
103447,153,34,75,81.0,1552,3.3,,3.6,3.5,,4.7,114,109,79.5
103448,154,2,55,54.0,1076,4.6,0.1,3.7,2.2,1.2,4.5,169,132,87.0
103449,173,58,26,79.8,1480,2.0,0.3,5.4,0.8,0.8,3.9,114,46,80.8
103450,106,69,37,77.4,1410,3.0,2.3,2.0,3.2,1.6,2.1,175,49,86.8
103451,50,47,61,62.6,1158,2.0,0.6,6.0,2.3,3.1,1.0,88,144,77.8
103452,49,63,17,54.4,962,7.7,0.2,1.2,4.4,4.9,1.3,71,41,100.0
103453,5,18,108,55.0,1064,7.1,1.5,3.2,0.6,2.8,0.0,30,230,100.0
103454,58,66,102,92.0,1708,6.3,2.5,5.2,3.7,2.7,4.0,169,153,81.4
103455,124,81,63,98.6,1810,3.9,0.4,6.6,2.6,0.2,4.9,66,151,69.0
103456,142,72,118,118.8,2232,9.1,1.3,6.3,2.4,4.2,1.6,108,101,93.6
103457,29,75,76,81.2,1474,9.7,1.7,5.8,1.4,0.2,0.6,32,198,89.8
103458,169,4,116,82.6,1644,1.7,,2.9,0.2,4.5,2.0,145,114,100.0
103459,121,66,103,105.0,1968,2.2,2.0,1.0,5.1,2.7,1.8,119,189,83.0
103460,124,10,29,42.4,828,5.3,0.3,1.7,2.0,0.8,2.7,137,194,96.2
103461,36,67,116,93.8,1742,0.9,0.2,6.9,4.1,2.3,1.6,94,139,60.6
103462,169,68,48,93.8,1740,4.4,2.1,6.9,5.7,5.0,2.0,88,47,67.7
103463,123,0,40,40.6,812,,1.0,7.6,3.4,1.5,5.4,140,58,68.7
103464,100,90,115,120.0,2220,5.2,0.4,0.6,2.4,1.3,2.0,97,164,99.9
103465,34,62,12,48.8,852,3.3,1.7,4.3,1.6,0.6,4.7,41,69,83.2
103466,86,28,33,47.2,888,5.4,3.7,5.2,5.6,3.0,3.8,179,130,71.0
103467,133,81,99,114.8,2134,9.6,2.9,5.7,4.1,0.4,2.0,77,149,77.1
103468,17,11,93,47.2,922,2.1,3.3,5.2,4.0,3.8,4.9,40,163,74.8
103469,112,76,24,77.6,1400,6.5,3.5,6.2,2.6,4.6,3.6,68,177,89.0
103470,28,40,65,55.6,1032,0.4,3.9,2.9,5.1,4.7,0.1,116,84,77.8
103471,76,1,99,55.4,1106,0.7,3.1,1.4,4.3,0.5,0.4,111,213,75.8
103472,58,36,17,40.0,728,5.5,2.4,1.6,1.7,2.8,4.5,58,102,100.0
103473,174,44,4,62.8,1168,1.0,1.5,0.1,3.6,0.5,2.7,119,210,85.1
103474,125,79,18,79.6,1434,0.2,0.7,2.8,2.6,2.9,2.4,29,230,84.9
103475,144,47,41,73.4,1374,1.7,2.7,0.7,0.0,4.1,0.9,77,229,100.0
103476,108,23,17,42.2,798,5.6,4.0,2.6,4.8,2.7,0.9,108,238,84.9
103477,21,21,120,64.8,1254,7.0,1.9,5.0,0.7,4.4,4.8,164,117,100.0
103478,67,10,31,31.8,616,2.0,2.9,7.2,3.1,4.0,5.0,140,154,71.7
103479,68,57,20,55.8,1002,6.7,2.0,6.7,2.0,1.4,3.4,87,244,80.8
103480,164,45,9,63.4,1178,1.8,1.7,2.0,2.1,3.2,1.8,29,190,94.7
103481,48,28,36,40.8,760,6.1,1.6,1.1,2.9,0.0,5.6,136,51,93.3
103482,140,34,48,67.6,1284,4.1,2.0,1.5,6.0,2.0,3.7,81,79,78.2
103483,161,14,85,74.6,1464,6.5,1.5,7.8,2.5,1.2,4.8,108,243,72.9
103484,108,59,12,61.8,1118,10.0,3.0,4.4,1.1,4.7,0.0,179,56,100.0
103485,85,41,54,63.2,1182,9.4,3.5,1.5,3.7,2.0,2.7,91,77,100.0
103486,52,42,16,42.0,756,0.0,3.5,6.7,1.4,3.3,5.2,95,95,76.1
103487,122,79,8,75.0,1342,8.9,0.9,3.2,0.6,3.7,2.0,168,170,100.0
103488,86,73,87,95.8,1770,0.7,3.6,7.2,0.3,3.9,4.4,128,159,82.8
103489,178,48,43,81.6,1536,9.5,1.4,2.1,0.1,3.7,3.9,174,75,100.0
103490,130,63,77,94.6,1766,2.8,,3.1,2.6,1.4,0.9,147,100,84.4
103491,41,31,45,44.8,834,3.8,2.9,4.0,2.6,3.4,4.6,177,157,88.8
103492,97,63,7,60.0,1074,0.9,1.2,7.1,1.1,2.7,0.7,93,40,76.0
103493,159,1,118,79.6,1590,1.1,0.2,7.0,4.7,3.0,4.4,148,55,59.7
103494,108,23,36,49.8,950,7.3,1.5,4.6,0.8,0.0,5.9,28,220,92.2
103495,50,86,18,68.8,1204,9.4,2.9,1.8,5.5,1.3,5.7,22,78,88.0
103496,84,65,62,80.6,1482,6.1,1.3,3.2,3.5,4.7,4.8,132,92,96.0
103497,173,37,91,93.2,1790,7.2,2.5,7.8,0.2,1.5,3.2,72,50,86.7
103498,126,30,45,61.2,1164,7.6,2.6,4.9,5.8,2.2,4.0,166,206,73.2
103499,20,25,104,60.6,1162,2.6,2.9,6.2,1.8,0.9,4.4,25,108,74.1
103500,43,28,93,62.6,1196,0.5,3.6,3.6,2.7,0.7,0.1,154,109,75.2
103501,138,66,70,95.2,1772,0.0,1.7,4.3,1.7,1.0,0.6,99,38,77.3
103502,102,77,25,76.6,1378,3.5,0.7,3.4,4.4,2.8,3.6,55,178,79.8
103503,67,24,103,69.0,1332,2.4,1.3,5.6,2.9,4.6,0.0,115,210,81.7
103504,128,47,45,71.8,1342,0.6,1.7,6.8,0.8,1.6,5.5,58,145,74.8
103505,91,64,117,103.4,1940,1.8,2.9,4.1,0.6,1.6,2.9,62,149,89.0
103506,23,52,45,53.8,972,,0.1,3.8,4.4,2.8,1.5,175,84,73.6
103507,124,66,74,94.0,1748,9.1,1.3,2.7,1.4,1.8,2.4,69,70,100.0
103508,140,89,13,86.6,1554,1.4,3.1,1.4,0.8,4.6,5.1,58,35,100.0
103509,110,17,84,65.8,1282,5.4,2.7,7.5,3.0,1.9,5.6,149,30,71.5
103510,97,8,62,49.0,964,5.9,2.9,2.5,4.8,2.5,0.7,144,124,85.3
103511,138,37,71,78.2,1490,5.4,3.2,6.4,1.7,2.7,4.7,120,221,84.8
103512,178,86,2,88.0,1588,1.0,3.1,5.7,1.7,3.9,3.5,134,162,82.4
103513,16,20,27,26.0,480,3.2,2.7,6.3,5.0,2.8,3.5,38,55,64.6
103514,98,64,28,69.2,1256,0.5,1.8,7.5,0.9,1.2,4.7,88,30,70.1
103515,81,20,86,62.6,1212,4.0,3.9,5.0,3.7,0.6,1.3,63,30,71.3
103516,103,26,17,43.0,808,1.9,2.3,7.2,5.7,4.7,3.2,160,122,60.6
103517,151,69,34,85.2,1566,,0.8,1.3,5.0,4.0,1.9,169,243,93.0
103518,18,43,76,59.8,1110,6.9,1.2,5.0,0.4,0.1,0.6,154,67,92.1
103519,164,27,75,79.0,1526,5.3,2.8,6.2,1.9,4.1,0.6,149,70,88.6
103520,84,44,46,61.6,1144,4.3,3.7,2.2,0.9,3.0,0.8,81,240,100.0
103521,7,16,113,56.2,1092,3.9,0.7,5.9,5.7,2.6,3.7,108,185,63.5
103522,27,39,4,30.4,530,8.4,0.3,6.2,5.9,0.1,0.6,152,162,62.8
103523,4,2,102,42.8,852,2.2,3.5,6.6,1.4,3.9,3.4,167,178,82.7
103524,144,75,74,103.4,1918,7.3,3.7,2.5,4.0,1.0,3.5,145,92,87.6
103525,100,75,58,88.2,1614,7.6,1.1,5.5,5.0,3.6,5.4,73,115,79.0
103526,163,65,74,101.2,1894,4.2,1.5,2.4,1.4,0.1,3.8,95,113,92.1
103527,117,45,58,73.6,1382,3.0,2.6,5.9,1.1,4.0,5.9,163,169,88.9
103528,146,85,110,124.2,2314,4.7,1.3,3.7,0.1,0.1,0.2,76,163,94.4
103529,63,86,105,106.2,1952,0.9,3.5,4.8,2.5,1.2,4.2,83,186,73.7
103530,90,29,46,53.8,1018,0.5,0.4,3.3,5.4,1.3,0.2,157,138,64.7
103531,116,68,94,101.6,1896,1.1,0.2,1.3,5.4,0.8,4.4,118,133,72.4
103532,97,8,94,61.8,1220,1.9,0.8,1.4,0.8,2.4,2.3,121,218,100.0
103533,10,84,12,57.2,976,5.0,1.1,0.6,1.2,1.4,3.7,118,64,100.0
103534,53,10,77,47.4,928,,0.5,4.9,2.4,5.0,1.9,70,104,100.0
103535,172,68,112,120.0,2264,2.4,0.3,6.8,4.7,2.9,1.0,46,154,62.8
103536,46,90,108,106.4,1948,9.4,3.0,0.2,3.7,2.8,4.3,154,81,100.0
103537,139,65,105,108.8,2046,9.5,0.7,0.5,3.1,1.1,5.4,110,62,100.0
103538,148,87,88,117.0,2166,9.6,3.7,3.7,3.6,2.0,1.1,60,182,92.4
103539,138,30,32,58.4,1108,8.4,1.5,5.9,0.6,0.6,5.5,137,43,92.0
103540,4,32,96,58.4,1104,3.6,2.7,1.3,2.9,3.8,0.8,145,82,98.9
103541,19,38,61,51.0,944,0.7,0.9,2.2,6.0,1.7,4.4,116,90,67.7
103542,168,45,78,91.8,1746,5.7,1.0,1.9,0.5,3.8,5.8,140,42,100.0
103543,45,36,15,36.6,660,5.6,2.3,3.2,3.1,1.9,0.9,160,44,88.6
103544,11,59,43,54.8,978,8.5,2.2,1.8,1.8,4.9,2.6,136,84,100.0
103545,69,30,57,54.6,1032,10.0,3.1,2.8,3.2,0.9,2.0,85,210,95.5
103546,16,10,119,56.8,1116,5.1,3.0,5.8,3.4,0.0,2.3,150,229,70.0
103547,114,86,101,114.8,2124,3.5,2.7,4.9,3.5,3.0,4.5,30,76,78.9
103548,146,1,5,31.8,634,,1.8,0.6,5.1,4.8,4.0,152,202,90.3
103549,153,26,107,89.0,1728,0.0,3.6,5.1,2.3,3.2,5.8,79,126,77.7
103550,47,1,88,45.2,902,5.1,2.5,3.8,3.1,0.4,1.1,149,104,80.7
103551,107,20,14,39.0,740,5.6,4.0,7.5,0.1,2.7,3.3,111,221,88.8
103552,51,57,3,45.6,798,8.2,3.3,2.3,4.7,4.5,2.7,96,44,97.2
103553,95,4,55,43.4,860,5.0,0.2,5.8,1.6,0.0,5.5,123,50,78.8
103554,69,51,63,69.6,1290,9.2,1.3,5.8,4.9,0.8,0.1,83,65,73.1
103555,101,44,67,73.4,1380,6.3,2.3,1.8,1.6,4.1,5.9,160,227,100.0
103556,74,84,93,102.4,1880,8.4,2.9,7.2,0.1,4.5,2.9,73,182,100.0
103557,160,19,33,56.6,1094,1.5,2.2,3.9,0.9,3.5,3.8,159,73,93.4
103558,150,60,90,102.0,1920,8.6,3.1,5.4,5.9,5.0,2.2,165,158,81.1
103559,142,37,94,88.2,1690,6.8,1.1,1.2,1.9,0.5,5.1,37,71,100.0
103560,154,19,55,64.2,1246,1.7,0.7,2.1,0.7,2.7,3.4,164,216,99.6
103561,178,24,31,62.4,1200,1.9,0.2,4.7,0.7,3.4,4.0,105,62,91.7
103562,180,1,107,79.4,1586,9.3,2.3,2.6,1.9,3.5,3.9,160,132,100.0
103563,81,31,102,75.6,1450,,2.8,4.0,0.2,4.0,2.2,64,189,95.6
103564,91,25,115,79.2,1534,4.6,1.3,3.0,3.1,4.6,0.5,147,223,95.5
103565,178,69,8,80.2,1466,3.1,2.5,5.1,1.3,1.8,4.8,121,182,84.7
103566,174,40,62,83.6,1592,6.7,0.2,3.9,3.1,0.2,1.7,136,69,82.9
103567,3,66,104,81.8,1504,8.4,0.4,0.0,0.8,1.8,5.1,166,215,100.0
103568,134,0,71,55.2,1104,3.6,2.8,5.2,2.6,3.4,3.7,166,126,83.6
103569,108,50,77,82.4,1548,4.3,1.5,3.4,3.6,1.1,2.1,40,144,80.3
103570,162,4,32,47.6,944,9.8,2.7,2.7,0.4,4.0,3.6,43,131,100.0
103571,47,12,86,51.0,996,7.8,3.3,0.8,2.4,1.1,3.9,177,232,100.0
103572,72,18,20,33.2,628,9.0,3.4,1.8,1.8,0.1,4.2,67,93,100.0
103573,71,11,54,42.4,826,4.4,0.7,1.8,1.4,2.5,4.9,129,176,100.0
103574,115,47,75,81.2,1530,2.3,1.9,7.5,3.6,3.6,1.0,78,246,67.4
103575,172,24,56,71.2,1376,4.1,2.9,3.5,3.5,1.7,5.7,36,57,81.8
103576,80,56,1,50.0,888,7.2,,0.3,3.8,3.7,2.5,67,231,100.0
103577,80,34,12,41.2,756,1.1,3.1,1.1,1.0,2.2,5.2,74,109,99.4
103578,112,75,3,68.6,1222,2.7,0.9,0.6,1.7,0.9,1.3,156,141,97.2
103579,95,4,83,54.6,1084,0.5,,4.7,1.3,0.5,0.2,96,199,77.2
103580,71,21,49,46.4,886,4.3,2.4,1.5,3.2,3.6,3.4,33,239,97.4
103581,146,76,114,120.4,2256,8.3,3.0,4.0,2.8,1.9,1.9,173,115,92.3
103582,62,56,47,64.8,1184,0.2,1.3,3.0,2.0,4.6,5.9,104,207,92.2
103583,37,46,77,65.8,1224,,0.4,6.4,4.7,2.7,0.6,63,233,72.6
103584,66,53,29,56.6,1026,9.3,2.9,2.6,0.6,1.7,0.3,158,135,100.0
103585,68,2,28,26.0,516,2.4,1.2,3.7,5.8,1.7,0.3,70,249,66.1
103586,12,52,7,36.4,624,6.9,0.7,5.8,0.7,0.7,1.3,83,77,89.2
103587,174,83,11,89.0,1614,9.8,0.6,3.5,4.6,3.0,3.5,114,214,91.6
103588,30,30,40,40.0,740,9.6,1.3,6.3,2.2,2.9,3.0,165,38,91.7
103589,113,68,101,103.8,1940,2.3,2.4,5.3,5.2,4.0,2.1,161,187,69.4
103590,21,87,25,66.4,1154,1.0,1.4,3.3,0.4,1.0,0.5,139,175,89.8
103591,92,32,49,57.2,1080,1.5,0.1,4.0,2.2,1.5,1.4,68,202,80.5
103592,170,71,1,77.0,1398,7.0,0.4,7.7,2.0,0.5,1.1,164,245,74.7
103593,66,87,54,87.0,1566,7.3,1.2,5.3,6.0,1.5,4.5,168,139,67.9
103594,53,49,103,81.2,1526,6.7,2.6,7.2,5.9,2.1,4.7,161,112,61.4
103595,137,83,55,99.2,1818,3.4,0.4,1.4,1.1,4.8,4.7,22,107,100.0
103596,41,15,13,22.4,418,1.7,2.2,3.9,3.8,3.3,5.8,178,95,78.7
103597,63,75,5,59.6,1042,5.8,0.5,7.3,3.2,3.9,5.3,66,168,78.1
103598,125,76,105,112.6,2100,4.8,0.8,2.6,0.9,1.6,3.0,36,119,99.5
103599,20,38,103,68.0,1284,7.3,0.7,7.7,1.0,0.7,2.5,100,101,80.9
103600,168,88,94,124.0,2304,4.4,0.3,0.8,5.9,1.3,5.5,46,224,80.0
103601,151,45,80,89.2,1694,3.4,2.7,7.2,2.7,1.3,3.7,90,44,68.4
103602,34,87,88,94.2,1710,2.9,1.9,3.6,0.8,2.9,1.8,109,138,96.1
103603,29,46,60,57.4,1056,2.1,3.3,0.6,1.3,1.7,3.4,149,69,100.0
103604,56,43,95,75.0,1414,2.7,0.4,7.0,1.6,4.3,6.0,99,170,82.3
103605,46,8,11,18.4,352,0.9,0.6,2.0,3.1,4.9,5.1,128,237,93.0
103606,162,86,112,128.8,2404,3.5,1.2,0.2,2.0,1.7,1.7,106,115,100.0
103607,18,49,12,37.8,658,0.4,,1.1,2.7,3.5,5.7,25,62,93.4
103608,113,76,18,75.4,1356,1.9,1.2,5.3,1.0,3.3,5.9,120,155,87.5
103609,7,59,43,54.0,962,7.5,1.6,7.8,2.0,1.0,1.4,165,159,76.8
103610,25,14,111,57.8,1128,3.3,1.2,0.9,0.4,4.6,5.4,74,138,100.0
103611,112,35,88,78.6,1502,6.7,0.3,3.7,5.3,,5.3,86,139,75.1
103612,70,62,94,88.8,1652,7.2,3.8,1.4,1.2,3.7,0.2,166,191,100.0
103613,29,68,58,69.8,1260,5.8,2.2,6.0,4.5,1.7,4.0,93,45,70.2
103614,134,85,36,92.2,1674,9.6,3.2,0.9,2.1,1.8,1.8,158,43,100.0
103615,66,79,24,70.2,1246,0.2,2.6,1.9,2.8,2.3,4.0,115,75,85.7
103616,64,40,15,42.8,776,7.4,2.1,1.6,1.7,4.3,5.5,105,79,100.0
103617,35,73,120,98.8,1830,9.6,0.4,4.4,4.2,0.7,3.0,151,142,82.7
103618,24,23,37,33.4,622,8.6,2.6,7.0,5.1,0.3,2.5,32,162,64.6
103619,36,81,42,72.6,1290,1.7,0.6,4.1,1.7,2.0,5.5,89,72,84.5
103620,0,48,112,73.6,1376,3.3,1.7,0.5,1.5,0.3,5.8,112,175,98.0
103621,142,17,86,73.0,1426,1.7,2.5,4.5,4.1,3.4,0.4,149,77,75.1
103622,36,6,13,16.0,308,6.0,3.1,6.4,1.2,3.8,5.5,108,221,91.8
103623,140,3,5,31.8,630,7.1,2.7,1.1,3.8,4.3,0.5,179,183,100.0
103624,135,89,88,115.6,2134,3.2,2.7,0.6,0.6,3.7,2.0,82,231,100.0
103625,132,68,22,76.0,1384,5.4,0.6,1.5,3.7,4.6,4.6,79,227,100.0
103626,127,59,59,84.4,1570,6.9,1.4,6.0,3.1,3.7,4.7,173,171,85.4
103627,126,54,106,100.0,1892,4.2,0.2,4.7,0.7,4.7,4.4,169,223,100.0
103628,0,15,11,13.4,238,8.5,2.9,4.3,3.9,1.0,0.2,93,218,83.3
103629,163,89,12,90.8,1638,7.7,3.8,2.0,2.7,2.5,0.8,151,248,100.0
103630,34,81,99,95.0,1738,0.6,1.1,2.7,1.3,5.0,5.6,163,230,98.9
103631,103,28,102,78.2,1508,6.2,,7.7,2.1,3.4,0.5,82,234,81.3
103632,22,22,97,56.4,1084,2.4,1.9,1.9,3.0,4.4,0.5,160,50,95.4
103633,8,13,5,11.4,202,5.6,3.4,7.2,0.5,0.2,5.0,65,84,80.5
103634,33,78,62,78.2,1408,9.6,2.2,4.6,5.7,4.4,3.8,160,145,85.5
103635,173,48,37,78.2,1468,8.8,0.2,1.0,4.0,3.5,2.1,52,137,100.0
103636,127,32,49,64.2,1220,4.0,3.9,3.7,0.6,0.9,1.0,142,31,92.9
103637,3,24,51,35.4,660,2.9,3.3,7.6,4.9,0.1,5.3,33,160,51.2
103638,157,20,39,59.0,1140,,0.5,3.3,1.9,1.3,5.9,27,42,85.8
103639,101,16,7,32.6,620,5.3,3.7,6.9,3.6,4.6,0.3,105,50,78.8
103640,74,22,60,52.0,996,1.1,1.8,2.1,1.7,3.3,3.3,145,190,95.2
103641,98,56,7,56.0,1008,5.5,1.5,4.6,4.4,4.6,1.6,148,177,84.4
103642,71,80,103,103.4,1908,0.0,1.8,6.8,4.3,2.2,5.0,78,154,57.9
103643,2,57,96,73.0,1346,3.2,3.3,7.4,3.3,4.7,2.1,79,175,74.4
103644,141,13,33,49.2,958,2.2,2.6,3.9,1.4,2.3,4.3,68,246,88.7
103645,172,19,107,88.6,1734,9.7,0.2,5.1,1.5,1.0,3.2,99,67,94.5
103646,33,29,78,55.2,1046,7.3,,0.0,2.3,0.8,3.2,112,54,100.0
103647,44,18,99,59.2,1148,3.5,0.6,2.0,0.9,5.0,5.1,80,195,100.0
103648,60,52,59,66.8,1232,0.9,3.0,2.2,2.0,1.7,2.8,135,172,88.1
103649,82,55,56,71.8,1326,5.2,2.5,0.7,4.1,0.8,5.1,42,238,89.5
103650,122,76,98,109.2,2032,2.1,0.8,2.2,5.0,0.0,2.2,152,186,70.4
103651,101,81,45,86.8,1574,5.4,0.7,2.6,2.0,1.4,1.0,104,126,94.6
103652,15,22,21,24.6,448,8.4,3.5,7.8,1.4,4.4,2.7,139,221,91.8
103653,65,61,86,84.0,1558,6.2,1.7,5.3,5.0,2.7,3.0,147,61,74.3
103654,167,32,39,68.2,1300,6.3,2.6,3.4,5.3,3.2,2.9,69,229,82.1
103655,144,17,44,56.6,1098,5.4,2.0,7.9,2.5,4.6,4.8,167,72,80.5
103656,118,72,54,88.4,1624,9.3,2.9,1.2,0.2,2.6,3.4,62,42,100.0
103657,161,32,50,71.4,1364,9.3,1.9,3.8,4.2,4.2,5.3,155,238,95.0
103658,123,31,85,77.2,1482,5.1,1.1,5.2,4.7,1.6,3.1,44,242,70.7
103659,143,60,4,66.2,1204,3.1,1.5,0.4,0.1,4.9,1.3,135,107,100.0
103660,101,53,94,89.6,1686,4.6,3.4,5.7,3.6,0.4,0.8,26,54,69.6
103661,65,16,12,27.4,516,1.9,1.9,0.8,3.5,3.6,5.2,134,78,93.9
103662,12,18,27,24.0,444,6.4,0.9,1.1,2.3,3.3,0.3,105,117,100.0
103663,110,90,83,109.2,2004,5.0,3.7,1.3,4.5,1.0,0.7,57,149,85.3
103664,158,69,96,111.4,2090,1.0,3.2,7.4,2.6,1.9,0.4,31,165,65.1
103665,33,33,79,58.0,1094,2.0,0.2,5.5,4.1,1.6,2.5,143,185,66.3
103666,38,83,61,81.8,1470,,4.0,5.2,3.1,0.5,3.2,63,240,74.8
103667,135,24,92,78.2,1516,8.9,2.8,4.4,1.5,2.9,0.1,72,155,100.0
103668,119,67,86,98.4,1834,5.7,0.6,2.3,3.6,5.0,3.1,33,40,99.2
103669,125,73,23,78.0,1414,6.8,0.9,5.0,4.4,2.8,2.4,111,212,80.0
103670,54,73,97,93.4,1722,3.4,2.8,3.3,5.8,2.7,4.6,71,39,72.7
103671,26,87,6,59.8,1022,5.7,3.1,1.2,2.3,0.2,5.0,65,88,95.7
103672,117,84,37,88.6,1604,4.5,1.0,5.5,0.4,0.7,4.1,149,94,87.1
103673,52,10,36,30.8,596,6.6,1.0,1.0,5.9,2.6,2.8,119,162,87.5
103674,38,90,67,88.4,1588,0.5,1.2,1.5,3.7,4.9,1.3,129,109,91.2
103675,64,15,97,60.6,1182,4.9,2.4,6.5,5.7,4.4,5.1,47,241,68.5
103676,144,89,41,98.6,1794,3.0,0.7,5.3,0.6,1.7,2.1,130,177,86.9
103677,157,60,85,101.4,1908,3.3,0.4,5.0,2.1,2.7,2.1,51,121,84.2
103678,180,79,4,85.0,1542,9.6,2.7,3.3,0.8,2.8,5.5,111,162,100.0
103679,12,6,63,31.2,612,1.8,3.1,3.2,5.0,,5.9,95,141,76.0
103680,20,15,49,32.6,622,3.1,2.0,5.5,5.3,3.4,5.4,41,224,67.9
103681,146,15,105,80.2,1574,5.1,,5.9,3.0,3.9,6.0,131,187,83.3
103682,52,39,86,68.2,1286,8.6,1.7,4.1,1.1,0.1,5.2,176,116,95.6
103683,18,11,117,57.0,1118,4.2,1.6,7.8,0.8,4.7,4.2,123,191,87.3
103684,56,34,14,37.2,676,,3.8,7.6,3.5,0.4,1.8,87,142,68.1
103685,24,20,94,54.4,1048,8.6,3.1,3.3,3.0,2.4,5.7,156,147,96.2
103686,30,49,72,64.2,1186,3.1,0.8,6.6,4.2,4.6,5.3,57,121,72.6
103687,80,42,106,83.6,1588,3.9,1.5,4.3,1.8,,1.4,99,30,88.8
103688,22,16,52,34.8,664,3.6,2.2,4.1,2.4,0.3,2.9,45,141,79.7
103689,31,31,24,34.4,626,8.3,2.5,0.4,0.1,1.1,0.4,62,184,100.0
103690,73,40,88,73.8,1396,0.4,1.9,4.6,3.7,2.9,5.7,46,148,72.6
103691,9,5,112,49.6,982,3.1,3.2,7.2,2.5,0.4,3.4,30,149,66.1
103692,53,87,84,96.4,1754,6.8,3.1,6.2,5.5,2.1,1.5,126,220,67.6
103693,51,26,8,29.0,528,5.7,2.0,6.3,3.9,1.6,1.8,173,63,71.5
103694,147,19,118,88.0,1722,4.4,3.4,1.3,2.4,4.1,5.9,97,124,100.0
103695,159,24,111,90.6,1764,5.4,3.0,2.9,1.6,0.6,3.7,76,61,93.0
103696,113,65,37,76.4,1398,2.0,3.1,1.9,5.4,3.4,2.5,20,145,79.6
103697,13,8,21,15.8,300,4.3,,2.5,0.1,2.0,3.0,30,228,100.0
103698,177,52,106,109.0,2076,5.0,1.1,4.6,2.0,2.9,0.6,177,203,90.3
103699,155,60,86,101.4,1908,9.0,1.1,2.9,5.7,1.0,0.5,107,225,80.9
103700,109,37,48,63.2,1190,2.6,3.6,4.5,3.9,3.0,3.6,151,240,76.7
103701,52,2,67,38.4,764,8.7,3.1,3.5,3.2,3.4,3.1,105,214,97.6
103702,151,83,92,116.8,2170,6.4,3.7,2.3,1.2,0.4,2.2,129,51,98.8
103703,78,69,14,62.6,1114,0.2,0.3,0.8,5.0,4.1,3.4,91,186,84.5
103704,21,54,64,62.2,1136,7.2,2.5,7.1,1.2,4.3,0.4,130,127,92.9
103705,29,0,53,27.0,540,0.4,0.6,0.1,1.5,0.3,5.7,52,74,93.8
103706,3,69,29,53.6,934,,2.0,0.0,1.2,3.0,1.8,93,202,100.0
103707,58,44,92,74.8,1408,8.7,0.6,6.6,0.9,3.0,0.4,85,96,95.5
103708,7,46,19,36.6,640,3.0,0.5,8.0,5.7,0.1,1.0,127,50,45.8
103709,11,78,32,61.8,1080,2.6,0.0,5.8,3.6,1.7,0.6,23,178,69.1
103710,118,25,104,80.2,1554,3.8,2.5,0.1,3.8,4.8,1.1,174,217,100.0
103711,158,13,107,82.2,1618,3.6,1.4,1.8,5.7,2.8,2.5,52,238,79.9
103712,33,53,99,78.0,1454,3.7,0.4,7.8,1.4,4.7,4.4,124,58,83.3
103713,81,70,85,92.2,1704,3.2,1.3,6.5,0.0,3.4,1.6,145,62,90.6
103714,97,45,76,76.8,1446,6.2,0.7,4.5,3.6,0.1,2.6,103,196,76.7
103715,126,30,6,45.6,852,1.6,3.8,1.9,3.0,0.4,5.6,96,219,81.8
103716,74,87,7,69.8,1222,8.5,1.3,0.1,2.9,3.6,1.8,102,119,100.0
103717,104,58,27,66.4,1212,8.1,1.3,0.2,0.4,2.8,4.8,51,155,100.0
103718,48,28,44,44.0,824,4.8,3.4,4.9,2.7,0.6,0.9,135,228,78.3
103719,78,16,106,67.6,1320,8.5,2.6,0.2,1.7,3.1,1.1,175,74,100.0
103720,92,13,72,55.0,1074,2.5,2.8,7.9,1.6,4.1,2.7,38,215,77.7
103721,153,35,88,86.8,1666,0.2,,1.5,1.3,3.8,1.4,178,102,99.3
103722,17,57,119,85.2,1590,,3.8,5.7,2.0,1.2,5.4,72,111,83.2
103723,95,23,79,64.4,1242,4.6,0.8,1.2,2.1,1.3,0.3,107,158,97.8
103724,37,62,73,73.8,1352,5.7,4.0,4.3,1.9,4.8,3.6,179,40,99.1
103725,86,90,10,75.2,1324,9.0,3.3,0.6,5.9,4.4,3.6,28,243,99.3
103726,87,24,30,43.8,828,9.7,,6.1,5.6,1.6,0.4,102,189,71.8
103727,49,58,11,49.0,864,6.3,2.6,4.7,3.4,4.1,4.4,170,136,89.1
103728,7,31,94,57.6,1090,7.6,2.6,0.7,5.9,0.8,2.8,44,231,85.3
103729,168,81,77,113.0,2098,0.8,0.2,6.8,5.9,1.0,4.3,137,206,47.9
103730,133,17,50,56.8,1102,1.6,0.9,4.4,2.1,0.9,5.0,86,120,77.8
103731,68,36,43,52.4,976,7.3,3.8,7.4,2.7,0.4,1.9,146,233,72.7
103732,171,25,95,87.2,1694,4.3,2.1,7.3,5.8,4.3,2.9,175,187,63.3
103733,120,8,49,48.4,952,4.5,1.5,7.4,3.7,,1.6,97,89,69.6
103734,63,63,116,96.8,1810,3.1,3.0,0.6,1.3,1.3,1.2,171,167,100.0
103735,156,71,16,80.2,1462,6.1,2.1,1.0,4.1,4.2,0.0,75,233,100.0
103736,155,19,34,56.0,1082,1.9,0.1,7.9,1.2,4.0,5.8,69,131,78.2
103737,138,53,0,59.4,1082,6.3,2.9,3.9,2.0,0.5,2.6,120,178,88.5
103738,120,85,28,86.2,1554,1.7,2.9,1.9,1.4,3.2,0.1,22,248,98.4
103739,64,82,50,82.0,1476,0.6,0.7,6.2,1.5,3.6,0.1,42,35,79.7
103740,106,29,63,63.8,1218,3.3,3.8,2.1,0.0,3.6,1.7,28,195,100.0
103741,146,52,3,61.6,1128,2.3,0.9,5.8,5.3,3.6,0.1,101,154,65.7
103742,136,62,86,98.8,1852,8.9,1.8,6.7,1.8,0.8,2.2,78,145,84.4
103743,154,10,27,47.6,932,0.5,0.5,6.3,0.5,1.6,0.4,85,215,78.1
103744,161,30,15,56.2,1064,1.8,2.4,2.2,0.5,4.2,0.2,169,37,100.0
103745,171,48,62,87.8,1660,5.5,1.5,3.2,3.3,4.5,4.0,134,99,95.2
103746,99,86,75,101.4,1856,4.8,1.4,3.3,6.0,1.4,5.4,54,220,70.6
103747,81,18,52,47.8,920,0.5,3.3,3.9,0.9,0.1,2.5,178,191,81.2
103748,142,11,84,68.6,1350,0.1,0.0,1.3,0.6,4.3,5.0,97,206,100.0
103749,50,14,108,61.6,1204,9.9,3.2,3.6,2.6,1.9,0.2,128,69,98.1
103750,140,30,16,52.4,988,6.6,2.3,4.1,3.4,1.6,4.7,67,115,84.6
103751,82,42,39,57.2,1060,3.7,3.9,4.3,1.8,1.7,0.4,72,58,86.3
103752,176,36,12,61.6,1160,4.7,2.4,6.6,1.8,2.1,5.0,94,38,80.3
103753,111,78,51,89.4,1632,2.7,0.2,4.1,2.5,1.9,5.3,51,50,82.2
103754,55,28,57,50.6,956,3.4,0.2,1.8,1.9,2.8,4.7,107,61,98.5
103755,178,25,95,88.6,1722,6.5,3.5,5.3,5.5,0.4,4.9,159,101,65.5
103756,164,1,36,47.8,954,8.8,3.4,6.4,0.3,4.9,3.4,81,212,100.0
103757,144,83,113,123.8,2310,1.8,1.4,2.6,1.4,4.7,1.6,22,200,100.0
103758,156,14,78,70.8,1388,8.4,2.5,5.2,4.9,4.7,3.9,25,39,85.6
103759,160,3,75,63.8,1270,1.2,2.0,1.2,5.0,4.4,2.6,146,206,85.8
103760,59,85,60,86.8,1566,2.1,3.9,2.7,0.7,3.3,0.0,131,116,99.8
103761,119,49,112,98.0,1862,0.4,3.8,7.3,5.8,1.1,2.9,31,113,45.9
103762,137,37,120,97.6,1878,1.4,3.9,7.3,4.2,0.2,3.9,72,170,53.2
103763,174,22,78,79.2,1540,9.2,3.5,4.6,1.6,0.5,0.1,167,115,93.5
103764,22,58,33,52.4,932,4.6,3.6,5.6,2.7,1.6,3.7,153,70,78.1
103765,148,89,69,110.6,2034,0.8,0.9,6.8,1.8,2.5,3.9,103,236,72.9
103766,12,74,16,53.2,916,9.6,,7.7,0.9,5.0,0.9,161,60,98.9
103767,100,27,111,80.6,1558,8.8,2.8,3.9,1.7,2.2,2.6,68,138,100.0
103768,160,65,112,115.8,2186,7.5,3.9,4.5,3.5,2.6,5.8,127,61,87.3
103769,23,7,120,56.8,1122,,2.3,3.3,5.0,3.5,5.3,103,202,90.9
103770,107,28,19,45.8,860,2.2,0.3,0.6,2.2,0.9,2.5,123,42,93.7
103771,10,10,72,36.8,716,8.4,2.4,3.4,2.1,4.7,2.1,114,150,100.0
103772,16,17,58,36.6,698,6.9,2.7,6.3,2.8,2.6,0.7,50,182,82.4
103773,174,54,68,94.4,1780,8.7,0.9,6.4,3.9,1.4,0.2,175,242,76.5
103774,24,49,86,68.6,1274,8.0,1.6,7.1,4.5,4.7,1.8,31,225,79.2
103775,93,13,32,39.2,758,3.5,2.4,0.4,2.0,3.1,5.6,35,147,100.0
103776,20,73,101,88.2,1618,7.7,1.5,4.2,3.5,2.4,5.8,63,135,88.3
103777,83,8,119,69.0,1364,2.6,1.5,0.9,2.3,2.9,4.9,87,44,98.8
103778,139,10,77,64.6,1272,3.3,0.5,1.6,4.3,3.7,2.1,157,93,89.8
103779,36,62,16,50.8,892,1.1,3.8,7.2,1.0,0.8,0.9,22,242,70.8
103780,41,75,56,75.6,1362,9.4,3.0,4.0,1.5,4.3,3.6,50,217,100.0
103781,144,66,82,101.2,1892,2.9,0.0,6.1,2.6,4.8,3.9,135,146,82.8
103782,100,52,96,89.6,1688,5.2,3.1,0.5,5.3,2.8,2.5,24,37,90.3
103783,47,38,0,32.2,568,,3.0,3.3,3.4,3.4,4.1,24,231,87.8
103784,102,77,12,71.4,1274,9.6,0.0,5.4,5.8,4.3,4.5,85,242,81.5
103785,27,55,109,82.0,1530,3.4,1.5,1.1,0.6,1.9,4.7,34,174,100.0
103786,40,27,26,34.6,638,7.8,2.4,2.6,2.8,5.0,3.0,168,34,100.0
103787,98,74,69,91.6,1684,8.6,1.8,0.5,2.5,3.4,4.7,120,170,100.0
103788,46,38,58,55.2,1028,4.4,3.1,5.2,3.6,2.1,0.2,30,50,76.3
103789,145,24,5,45.4,860,3.8,1.7,7.8,4.9,3.4,4.1,61,146,62.1
103790,104,20,96,71.2,1384,7.5,0.6,6.6,5.0,2.6,1.4,85,153,71.4
103791,123,9,93,67.2,1326,9.1,3.9,7.8,4.0,0.6,1.6,113,144,68.8
103792,12,42,109,71.2,1340,7.5,1.0,6.8,3.8,4.0,0.5,80,73,80.8
103793,140,14,98,75.6,1484,2.3,2.9,6.8,5.7,2.8,1.2,79,233,57.3
103794,99,82,22,77.8,1392,8.9,0.6,4.6,2.3,4.0,6.0,161,246,99.9
103795,30,47,9,37.8,662,,1.3,4.1,5.0,0.8,2.5,139,82,68.8
103796,129,85,50,96.8,1766,5.8,1.8,3.3,5.5,,5.6,152,185,79.0
103797,15,20,18,22.2,404,8.3,0.8,6.5,2.9,3.8,1.0,50,95,87.5
103798,136,59,50,82.6,1534,1.9,1.8,1.5,4.4,4.9,1.2,67,178,90.5
103799,72,49,91,80.2,1506,7.8,0.6,0.4,2.3,4.4,3.3,51,134,100.0
103800,165,22,86,80.6,1568,6.0,2.2,7.6,1.0,4.3,2.1,76,155,89.5
103801,53,12,67,44.6,868,8.9,2.7,0.0,3.5,,3.9,114,149,100.0
103802,99,68,83,93.8,1740,1.7,0.2,7.8,1.2,4.2,2.5,174,243,78.8
103803,108,3,82,56.2,1118,4.2,3.5,5.8,2.7,0.8,4.9,101,86,74.1
103804,86,77,41,79.8,1442,8.3,0.7,2.6,5.2,1.0,2.6,24,84,83.2
103805,172,71,90,113.0,2118,0.2,0.9,5.6,0.5,0.6,3.4,36,159,77.3
103806,161,8,56,59.4,1172,1.1,2.6,6.5,0.2,4.3,1.9,136,123,88.1
103807,136,34,97,86.4,1660,9.9,1.9,2.0,3.6,0.5,4.2,142,94,95.3
103808,7,20,67,40.2,764,,2.0,6.2,2.0,0.7,3.9,67,139,72.9
103809,6,57,119,83.0,1546,9.8,0.5,6.4,2.5,1.2,2.4,68,234,85.1
103810,35,17,37,32.0,606,1.8,3.2,2.0,2.4,2.9,1.7,41,160,92.3
103811,17,71,61,70.4,1266,3.6,2.5,0.3,0.5,4.4,3.7,38,216,100.0
103812,2,80,6,50.8,856,7.5,0.5,1.6,0.0,2.1,5.7,132,241,100.0
103813,27,42,111,75.0,1416,6.6,1.5,1.6,5.4,2.7,0.8,120,220,87.9
103814,69,5,70,44.8,886,5.8,3.2,0.5,1.3,0.8,4.8,149,34,100.0
103815,171,85,49,104.8,1926,5.3,2.3,5.8,2.6,1.3,3.3,52,95,78.3
103816,148,77,51,96.2,1770,8.4,0.4,3.0,5.8,0.7,3.2,108,119,77.9
103817,27,66,25,55.0,968,2.3,1.5,7.1,5.0,2.0,5.8,153,175,57.2
103818,53,11,25,27.2,522,4.4,1.0,2.0,0.6,3.0,3.6,30,166,100.0
103819,64,11,117,66.2,1302,1.6,2.1,3.6,3.1,1.4,5.0,46,179,77.5
103820,99,65,18,66.0,1190,6.0,3.4,5.1,4.4,4.2,3.1,50,185,82.2
103821,20,1,8,7.8,154,2.5,1.7,7.0,4.2,4.9,1.5,110,217,70.7
103822,12,14,60,34.8,668,3.3,1.7,4.2,4.6,0.6,4.2,66,169,68.6
103823,56,22,19,32.0,596,4.7,3.6,3.0,2.7,0.1,5.5,98,66,84.2
103824,48,28,105,68.4,1312,0.3,2.3,6.9,1.1,3.9,5.0,21,239,79.2
103825,117,80,108,114.6,2132,0.9,2.3,2.5,2.8,1.0,1.2,162,148,80.8
103826,53,6,49,33.8,664,6.9,1.0,0.6,3.9,1.8,1.9,39,127,97.3
103827,137,27,79,75.2,1450,4.3,2.4,3.6,3.7,2.0,3.1,150,199,81.7
103828,52,13,117,65.0,1274,8.6,2.3,6.3,0.4,4.6,3.4,125,83,100.0
103829,43,43,80,66.4,1242,6.9,1.6,0.2,0.4,3.3,1.2,58,199,100.0
103830,46,29,21,35.0,642,0.1,4.0,4.7,5.8,0.2,1.4,93,151,53.0
103831,52,80,12,63.2,1104,6.2,3.5,4.8,0.9,0.1,4.6,109,96,89.0
103832,73,31,11,37.6,690,0.9,3.0,7.4,1.8,1.0,4.4,157,85,66.2
103833,45,69,9,54.0,942,7.8,2.1,2.3,4.6,1.6,5.0,160,75,88.2
103834,12,87,64,80.2,1430,9.9,1.8,2.2,2.5,2.4,5.6,63,34,100.0
103835,164,5,95,73.8,1466,,0.7,3.5,1.1,4.2,1.8,51,85,100.0
103836,101,26,29,47.4,896,6.8,1.2,2.9,2.8,1.6,5.2,49,180,92.8
103837,23,81,7,56.0,958,2.4,3.1,5.9,3.4,1.9,4.0,148,91,69.9
103838,1,87,20,60.4,1034,4.4,,5.1,2.7,1.6,5.7,72,170,79.7
103839,80,23,21,38.2,718,8.6,3.5,6.1,5.5,0.0,1.6,95,88,65.3
103840,99,33,17,46.4,862,1.7,0.6,6.6,1.7,4.8,1.6,63,245,82.9
103841,141,39,65,77.6,1474,2.7,2.0,7.4,4.0,0.7,4.2,54,57,57.9
103842,137,46,47,73.8,1384,4.5,2.6,3.4,0.7,1.4,5.6,64,238,96.1
103843,162,78,43,96.4,1772,7.1,2.1,7.9,2.4,0.6,4.9,143,35,72.4
103844,152,74,8,78.0,1412,3.8,3.6,1.7,4.4,2.5,4.4,135,218,86.3
103845,130,85,66,103.4,1898,9.3,4.0,5.7,1.3,4.7,2.3,143,90,100.0
103846,110,23,53,57.0,1094,0.9,0.5,4.3,3.5,0.5,4.3,157,248,68.6
103847,101,64,25,68.6,1244,3.7,0.5,6.5,0.9,,4.8,66,202,83.5
103848,16,17,84,47.0,906,7.1,0.5,3.8,0.6,0.1,4.5,171,122,96.3
103849,11,43,93,65.2,1218,2.3,2.7,6.3,3.1,3.9,4.1,37,41,75.6
103850,115,75,91,104.4,1938,6.6,1.5,7.4,4.1,3.2,0.3,91,192,72.7
103851,23,56,99,77.8,1444,1.6,2.9,5.9,0.7,3.5,4.0,142,91,86.6
103852,28,27,25,31.8,582,0.6,1.6,6.2,5.5,2.4,2.9,96,141,56.1
103853,170,70,33,89.2,1644,1.2,2.5,0.5,1.4,4.5,5.8,163,34,100.0
103854,152,22,7,46.4,884,9.3,3.1,1.6,0.7,2.0,3.6,161,95,100.0
103855,121,84,9,78.2,1396,5.5,2.2,7.8,1.2,2.6,3.6,28,232,81.6
103856,89,33,47,56.4,1062,8.0,2.2,5.5,1.0,3.5,6.0,88,97,99.5
103857,64,10,54,40.4,788,3.3,0.4,4.5,0.5,2.6,0.6,80,115,93.9
103858,83,85,106,110.0,2030,5.9,1.6,2.9,4.8,0.9,1.7,30,222,78.9
103859,118,34,113,89.2,1716,4.9,2.2,0.4,3.0,1.6,3.9,166,138,98.0
103860,155,41,53,76.8,1454,,1.8,3.0,2.3,0.5,1.9,83,143,97.0
103861,15,27,77,50.0,946,7.5,3.6,4.0,5.7,2.2,2.1,57,109,77.1
103862,174,81,39,99.0,1818,7.3,3.6,1.7,2.2,3.0,5.4,29,95,100.0
103863,103,77,118,114.0,2126,0.5,3.3,1.4,1.0,0.6,3.5,35,198,92.2
103864,91,81,14,72.4,1286,5.5,1.5,4.1,1.6,3.2,0.6,88,184,96.2
103865,26,23,80,51.0,974,4.7,2.9,4.7,1.4,4.5,1.9,61,105,97.1
103866,180,7,116,86.6,1718,,1.6,1.9,3.0,1.7,0.5,63,34,100.0
103867,169,52,17,71.8,1332,2.6,0.9,4.7,1.7,1.1,3.3,169,162,81.2
103868,174,71,95,115.4,2166,2.7,1.4,7.2,3.1,4.5,1.0,43,115,74.6
103869,161,3,101,74.4,1482,4.1,0.3,3.8,4.0,3.5,5.1,159,170,83.5
103870,164,90,22,95.6,1732,2.4,1.3,6.9,4.7,0.5,3.5,54,109,55.2
103871,133,4,61,53.4,1060,1.3,,7.4,4.3,2.0,0.4,69,119,57.5
103872,134,48,45,73.6,1376,8.6,3.8,0.7,1.2,3.4,1.8,102,166,100.0
103873,152,29,86,82.2,1586,5.6,1.3,0.8,0.7,2.9,3.7,97,205,100.0
103874,32,71,98,88.2,1622,8.6,3.6,3.8,3.3,3.1,2.0,59,61,94.8
103875,54,62,38,63.2,1140,8.3,0.9,4.7,1.2,2.8,3.1,41,112,100.0
103876,6,46,14,34.4,596,2.8,0.8,3.4,0.5,4.0,5.5,94,65,100.0
103877,56,25,52,47.0,890,5.5,2.1,2.6,3.2,1.6,2.1,85,249,89.4
103878,125,56,87,93.4,1756,0.8,2.7,5.1,2.0,3.5,2.0,157,172,81.7
103879,11,36,63,49.0,908,9.2,0.2,0.0,4.5,5.0,4.9,113,166,100.0
103880,15,6,62,31.4,616,4.0,0.9,7.7,1.9,1.9,1.9,172,45,73.4
103881,42,39,91,68.2,1286,3.9,1.8,1.9,5.9,4.0,0.5,129,35,82.7
103882,116,38,79,77.6,1476,3.0,1.3,7.3,4.6,1.2,1.1,66,101,57.4
103883,134,61,15,69.4,1266,4.6,2.9,0.9,0.3,1.4,5.7,154,190,100.0
103884,110,77,103,109.4,2034,2.5,2.0,1.9,3.1,4.7,5.6,123,139,96.0
103885,50,52,102,82.0,1536,3.7,0.6,1.9,3.4,0.1,1.3,175,129,83.1
103886,159,3,69,61.2,1218,8.0,3.6,8.0,4.2,1.1,3.3,99,199,66.3
103887,74,81,65,89.4,1626,8.3,,0.0,3.0,2.4,0.8,64,88,100.0
103888,7,24,117,62.6,1204,3.0,2.9,5.1,2.9,2.0,4.0,120,65,77.1
103889,44,6,12,17.2,332,4.7,3.1,7.0,2.2,3.1,1.1,31,63,79.7
103890,58,27,107,70.6,1358,8.7,3.9,5.4,1.6,1.0,0.3,102,159,90.8
103891,131,68,46,85.4,1572,0.5,2.0,2.9,5.7,0.4,4.9,132,42,62.1
103892,103,66,8,63.4,1136,8.9,2.5,7.7,1.9,1.8,2.0,30,200,82.9
103893,156,19,62,67.4,1310,2.2,1.3,7.1,0.4,2.6,0.7,150,231,81.8
103894,156,82,33,93.6,1708,6.8,2.7,3.5,1.0,2.8,5.0,80,86,100.0
103895,97,10,80,57.4,1128,5.8,1.9,4.6,5.1,3.0,4.6,75,36,76.7
103896,155,66,90,106.6,2000,5.5,1.8,7.7,3.5,,4.1,141,216,70.8
103897,78,86,28,78.4,1396,8.6,3.4,7.9,4.7,1.2,5.5,45,88,65.7
103898,123,6,36,42.6,840,1.0,0.2,3.6,4.9,,2.9,105,140,74.5
103899,171,22,42,64.2,1240,3.5,3.5,6.8,4.9,0.4,0.8,53,145,56.5
103900,3,60,85,70.6,1292,5.4,3.4,2.4,3.3,1.0,0.4,163,80,87.7
103901,89,70,114,105.4,1968,8.1,2.0,3.0,1.1,3.7,1.9,153,32,100.0
103902,103,33,63,65.6,1246,2.2,2.0,1.3,0.9,1.4,0.5,129,184,98.9
103903,136,18,23,47.2,908,8.0,1.4,1.7,3.4,2.5,3.2,91,235,99.7
103904,118,57,70,85.8,1602,4.0,4.0,5.3,2.2,,0.1,172,83,80.6
103905,132,8,33,44.4,872,1.9,0.4,4.1,3.3,2.5,2.7,75,123,78.4
103906,55,47,47,58.0,1066,7.6,2.4,1.8,3.0,1.7,1.1,102,221,98.1
103907,95,81,11,72.0,1278,0.9,2.7,3.2,3.6,5.0,2.2,166,63,86.0
103908,177,40,22,68.2,1284,5.1,3.7,3.0,0.2,1.8,4.1,112,52,100.0
103909,74,47,78,74.2,1390,0.6,3.1,7.9,0.2,3.1,2.1,174,77,77.9
103910,142,44,96,93.2,1776,3.6,2.6,6.8,4.3,4.4,2.0,152,84,71.7
103911,31,24,120,68.6,1324,6.0,0.5,3.1,1.2,3.2,5.9,45,46,100.0
103912,27,77,12,56.4,974,5.6,1.5,7.3,3.9,2.8,4.3,177,108,70.9
103913,21,24,86,53.0,1012,4.0,0.6,2.7,3.3,2.8,3.1,97,91,89.1
103914,16,18,101,54.4,1052,4.3,3.5,5.3,5.9,2.5,3.5,116,154,65.4
103915,58,38,95,72.4,1372,2.3,3.0,7.7,5.0,4.0,3.7,94,90,60.8
103916,89,78,44,82.2,1488,4.6,3.0,3.1,2.5,0.3,0.1,135,218,85.2
103917,105,79,113,113.6,2114,9.5,2.6,5.4,3.7,4.4,0.5,89,73,92.1
103918,25,26,98,59.8,1144,8.5,2.0,2.4,0.7,2.9,3.9,175,100,100.0
103919,24,73,64,74.2,1338,1.5,0.6,2.1,2.3,4.2,2.2,55,154,95.7
103920,137,62,46,83.0,1536,0.3,1.3,4.6,4.4,0.1,0.3,68,157,60.5
103921,44,67,57,71.8,1302,9.3,0.5,7.8,3.7,4.3,1.8,72,32,81.8
103922,82,18,108,70.4,1372,5.3,2.9,3.6,2.9,0.6,0.8,149,230,83.5
103923,10,27,4,19.8,342,5.4,0.6,7.5,1.1,3.6,5.5,99,96,86.1
103924,180,84,120,134.4,2520,7.8,,7.3,4.8,2.1,1.2,90,141,68.7
103925,103,77,76,97.2,1790,3.1,2.8,2.0,1.6,3.4,0.9,40,128,100.0
103926,67,32,117,79.4,1524,4.8,1.8,3.2,4.9,3.1,3.8,54,165,81.6
103927,94,9,4,25.8,498,9.7,0.5,5.1,3.7,0.8,3.1,105,183,82.9
103928,155,82,59,103.8,1912,6.7,1.3,4.1,2.2,,3.5,134,149,93.8
103929,64,29,95,68.2,1306,1.5,1.3,0.8,0.2,1.4,2.6,41,172,100.0
103930,48,21,114,67.8,1314,1.3,2.8,7.9,1.4,2.8,2.8,153,162,72.4
103931,174,2,20,44.0,876,2.0,0.5,6.0,5.3,3.7,4.7,139,170,64.6
103932,51,81,23,68.0,1198,7.7,3.3,3.5,4.9,0.4,1.3,58,236,78.1
103933,101,74,17,71.4,1280,3.0,3.0,4.9,3.4,2.6,2.4,62,132,77.2
103934,56,47,20,47.4,854,0.2,0.7,0.7,2.8,3.1,5.7,172,169,92.9
103935,46,1,53,31.0,618,9.4,2.9,4.0,3.9,1.5,1.1,165,92,87.8
103936,158,75,9,80.2,1454,1.7,2.7,7.4,2.8,4.8,1.8,60,165,74.2
103937,173,53,23,75.6,1406,0.1,3.0,7.2,3.9,2.6,1.1,147,231,59.7
103938,25,5,103,49.2,974,2.4,0.8,2.7,1.8,0.9,0.1,137,63,87.7
103939,113,39,110,90.0,1722,2.4,0.6,4.3,5.0,0.5,1.6,54,229,64.1
103940,4,1,84,35.0,698,4.2,0.9,5.6,4.2,2.7,0.3,43,51,73.1
103941,83,72,88,95.0,1756,9.2,1.5,2.7,2.0,1.9,0.9,123,79,100.0
103942,51,1,115,56.8,1134,8.8,3.2,0.5,5.0,1.0,2.2,59,169,93.6
103943,104,73,59,88.2,1618,4.6,3.0,4.0,2.9,0.2,0.1,106,179,79.3
103944,53,54,56,65.4,1200,4.1,3.7,4.8,1.0,2.8,4.5,48,120,92.4
103945,160,71,22,83.4,1526,5.6,0.2,0.0,0.5,3.0,4.8,157,215,100.0
103946,177,59,21,79.2,1466,2.4,0.0,0.8,4.2,0.7,2.5,98,111,82.7
103947,165,5,67,62.8,1246,0.5,2.8,1.7,5.2,3.0,5.9,157,48,77.2
103948,154,18,33,54.8,1060,9.4,1.1,2.8,4.8,4.8,4.1,83,152,98.0
103949,14,26,119,66.0,1268,1.9,1.3,4.3,3.9,4.9,4.5,136,162,81.8
103950,60,0,69,39.6,792,2.0,2.2,2.4,0.8,4.4,1.2,176,45,100.0
103951,121,32,27,54.2,1020,,0.4,2.2,0.6,4.0,5.0,117,142,100.0
103952,20,39,94,65.0,1222,4.9,2.6,7.0,2.1,1.0,5.7,165,198,74.3
103953,45,31,98,66.8,1274,,1.3,1.2,5.1,0.8,1.4,149,231,72.5
103954,133,68,38,82.6,1516,1.5,2.5,4.0,5.8,2.2,4.1,172,48,64.6
103955,37,16,41,33.4,636,,3.3,7.6,1.4,3.1,4.5,104,137,79.5
103956,61,7,22,25.2,490,6.8,0.7,5.0,4.6,4.3,1.8,70,222,83.5
103957,85,56,69,78.2,1452,2.3,3.7,5.7,3.4,1.2,2.9,114,51,68.4
103958,77,41,79,71.6,1350,4.2,2.1,3.4,0.2,2.4,0.6,41,174,100.0
103959,45,8,1,14.2,268,5.6,3.7,0.2,3.3,3.2,1.0,28,64,100.0
103960,140,86,23,88.8,1604,8.9,0.8,5.2,4.8,2.2,0.4,110,196,79.6
103961,2,34,16,27.2,476,3.3,2.4,5.1,1.7,2.3,3.4,108,102,84.6
103962,5,70,108,86.2,1584,1.3,1.6,0.9,5.4,1.1,3.8,108,84,75.3
103963,92,78,64,90.8,1660,4.9,3.1,3.7,1.4,4.9,5.5,93,162,100.0
103964,7,52,69,60.2,1100,7.5,2.4,7.3,0.5,2.4,3.3,113,102,90.5
103965,171,53,68,93.2,1758,1.1,2.0,1.6,1.0,2.7,1.6,142,144,98.9
103966,107,83,120,119.2,2218,4.2,3.7,3.7,5.0,1.1,0.4,151,40,71.9
103967,160,24,108,89.6,1744,0.2,1.5,3.7,2.5,2.6,5.3,168,107,80.9
103968,74,66,59,78.0,1428,0.3,0.9,6.5,4.8,1.3,2.9,143,139,54.5
103969,76,61,118,99.0,1858,4.8,2.4,6.6,3.2,1.0,4.4,49,197,70.2
103970,49,54,49,61.8,1128,3.0,2.5,6.1,2.9,1.4,0.1,62,245,71.3
103971,10,45,92,65.8,1226,,1.8,2.9,4.8,0.0,2.9,21,113,81.4
103972,94,23,11,37.0,694,6.0,1.9,0.6,2.5,2.9,2.0,106,126,100.0
103973,155,45,102,98.8,1886,4.5,3.8,2.8,4.8,1.9,0.2,178,161,79.5
103974,69,21,46,44.8,854,4.1,2.9,5.4,0.6,4.5,4.7,151,156,97.1
103975,168,10,66,66.0,1300,5.0,0.4,5.6,3.8,0.2,3.1,66,109,69.2
103976,15,47,111,75.6,1418,0.4,0.8,7.7,4.2,0.2,2.0,103,246,49.6
103977,67,7,64,43.2,850,8.9,3.9,3.6,5.4,4.4,4.8,108,215,89.6
103978,98,38,26,52.8,980,10.0,2.9,5.1,1.3,0.6,2.7,64,222,94.9
103979,47,34,47,48.6,904,1.8,3.7,4.3,3.6,0.0,0.0,84,144,68.4
103980,63,48,87,76.2,1428,1.2,1.2,1.2,2.6,0.9,5.7,25,245,87.3
103981,89,45,61,69.2,1294,1.4,3.0,3.7,2.3,4.1,1.5,26,93,88.8
103982,75,37,43,54.4,1014,6.6,2.9,4.4,0.6,4.0,5.0,37,96,100.0
103983,138,7,18,39.0,766,6.6,1.2,7.6,0.8,,4.9,138,125,83.9
103984,100,53,58,75.0,1394,8.5,2.2,2.9,5.0,3.3,1.0,60,63,90.3
103985,88,36,7,42.0,768,7.5,2.5,7.8,4.5,2.5,2.8,126,142,68.8
103986,17,90,54,79.0,1400,4.5,1.9,4.3,2.3,4.5,0.2,88,118,93.8
103987,18,39,107,69.8,1318,6.1,3.3,1.9,5.0,0.3,2.1,44,215,80.5
103988,54,33,46,49.0,914,6.9,3.3,1.5,0.5,4.1,4.4,75,224,100.0
103989,101,78,1,67.4,1192,5.1,3.4,1.1,3.7,0.9,1.4,20,164,90.0
103990,117,16,93,70.2,1372,4.8,3.2,3.6,5.2,2.0,0.7,150,192,75.2
103991,153,32,93,87.0,1676,6.5,2.0,0.2,5.0,1.0,3.0,73,186,90.2
103992,133,46,112,99.0,1888,5.6,1.5,3.6,2.2,3.5,3.2,100,54,96.3
103993,3,51,38,46.4,826,6.4,3.3,7.9,4.5,3.4,4.1,179,57,68.9
103994,107,79,44,86.4,1570,6.1,2.0,5.4,2.6,2.7,4.6,149,245,85.7
103995,114,8,31,40.0,784,7.2,1.0,6.1,5.0,3.5,4.2,27,98,75.5
103996,28,32,64,50.4,944,6.4,2.0,1.0,3.2,3.2,5.1,128,184,100.0
103997,58,59,37,61.8,1118,,0.6,3.8,4.6,,1.3,72,231,83.9
103998,124,76,76,100.8,1864,6.8,2.8,2.3,0.5,1.2,3.4,63,105,100.0
103999,97,20,10,35.4,668,4.5,1.3,7.2,3.5,2.1,2.2,47,111,69.0
104000,16,57,9,41.0,706,,1.0,1.5,3.3,0.8,5.8,166,165,84.7
100001,102,26,70,64.0,1228,2.5,1.5,5.5,1.0,2.1,1.0,40,117,84.3
100002,179,52,82,99.8,1892,2.2,2.8,1.9,3.7,0.2,0.9,142,64,78.9
100003,92,86,56,92.4,1676,5.2,1.9,4.3,3.4,2.5,3.3,27,235,83.7
100004,14,87,119,102.6,1878,5.6,3.3,5.5,1.1,0.3,5.0,68,97,84.6
100005,106,72,92,101.2,1880,9.4,,3.6,5.9,4.4,1.6,144,134,88.1
100006,71,34,14,40.2,736,2.0,2.7,6.9,2.5,3.8,5.0,125,172,75.3
100007,20,50,98,73.2,1364,6.4,0.9,7.0,0.6,1.9,4.8,153,137,87.5
100008,102,83,110,114.2,2118,8.2,3.9,3.8,0.7,3.2,3.5,100,214,100.0
100009,121,36,100,85.8,1644,5.6,3.4,7.8,3.5,0.6,3.9,123,180,64.3
100010,74,80,118,110.0,2040,2.6,3.2,0.6,5.9,3.5,0.2,128,240,83.8
100011,87,56,75,81.0,1508,2.6,1.3,0.0,3.4,4.1,2.2,144,107,100.0
100012,116,7,29,39.0,766,0.4,2.1,3.0,5.7,4.1,1.6,111,248,72.6
100013,99,78,19,74.2,1328,3.1,0.5,4.8,2.7,1.4,0.9,140,154,77.7
100014,103,19,36,46.4,890,7.4,2.2,5.0,2.6,1.3,2.3,130,131,85.7
100015,151,52,2,62.2,1140,0.5,0.6,3.8,3.0,2.6,2.1,42,243,78.6
100016,130,11,72,61.4,1206,2.2,2.2,1.0,4.2,4.8,4.4,178,168,93.8
100017,149,48,40,74.6,1396,7.1,2.6,1.4,2.2,4.6,3.6,129,161,100.0
100018,52,16,38,35.2,672,7.8,1.6,6.8,5.2,1.8,5.5,94,215,67.8
100019,1,63,25,48.0,834,4.6,2.0,6.9,0.2,3.9,0.9,81,197,92.3
100020,87,41,1,42.4,766,7.0,3.5,5.4,2.6,,0.4,115,87,93.2
100021,157,28,22,57.0,1084,3.9,0.4,5.3,3.1,1.3,3.2,76,148,75.0
100022,37,18,22,27.0,504,1.6,3.2,4.8,3.6,4.2,0.0,121,117,78.6
100023,129,10,84,65.4,1288,4.0,0.7,1.6,1.7,1.3,4.7,89,151,97.0
100024,20,49,15,39.4,690,5.8,0.1,3.4,2.6,1.7,3.0,84,96,90.1
100025,160,70,8,77.2,1404,9.5,0.7,5.6,2.9,1.0,2.9,56,67,85.1
100026,57,57,12,50.4,894,0.7,3.1,4.3,4.1,2.5,2.2,87,159,71.2
100027,21,33,27,34.8,630,5.1,1.6,0.1,4.6,4.2,2.2,94,116,99.4
100028,88,19,26,39.4,750,3.3,3.5,7.6,4.4,2.6,2.6,36,69,62.0
100029,48,49,50,59.0,1082,5.1,2.1,6.8,2.0,0.6,0.1,154,241,74.8
100030,58,87,63,89.0,1606,0.2,0.1,2.1,6.0,1.3,0.5,71,85,65.9
100031,169,9,51,59.6,1174,3.1,2.9,4.9,5.1,2.8,3.0,149,229,69.5
100032,14,31,80,53.4,1006,8.2,0.4,7.4,1.6,2.9,0.9,56,64,87.5
100033,174,51,37,80.2,1502,5.5,3.2,0.8,1.2,2.9,4.7,76,78,100.0
100034,50,14,99,58.0,1132,4.5,0.7,4.0,1.9,0.4,1.6,120,136,84.7
100035,107,83,64,96.8,1770,2.9,1.4,3.6,2.7,3.8,0.6,29,224,89.3
100036,54,2,17,18.8,372,3.0,3.0,3.3,5.1,4.5,1.4,100,125,80.8
100037,63,36,62,59.0,1108,3.8,3.8,6.7,4.7,2.6,2.1,109,151,65.1
100038,130,39,50,69.4,1310,8.4,1.5,3.0,5.1,3.6,0.2,152,124,90.1
100039,50,71,8,55.8,974,9.7,3.3,0.5,1.6,4.6,0.9,152,201,100.0
100040,134,39,12,55.0,1022,4.4,,0.5,3.6,3.2,1.9,139,60,98.4
100041,20,55,39,52.6,942,3.9,3.2,0.3,1.7,,1.9,121,154,100.0
100042,72,22,54,49.2,940,8.5,2.6,3.3,0.7,3.6,4.8,46,222,100.0
100043,166,10,108,82.4,1628,4.3,0.8,5.7,4.1,,5.1,24,105,69.2
100044,17,63,78,72.4,1322,5.5,1.2,1.6,0.9,2.9,1.2,80,155,100.0
100045,131,7,42,47.2,930,2.3,0.5,5.2,4.0,4.2,0.7,155,175,76.4
100046,88,55,43,67.8,1246,7.4,1.5,5.5,3.9,1.5,3.8,178,117,77.8
100047,59,59,109,90.8,1698,5.3,0.8,2.0,4.9,4.5,4.8,116,65,91.6
100048,13,9,67,34.8,678,8.1,2.6,4.8,0.8,3.1,5.8,168,219,100.0
100049,8,38,32,37.2,668,7.8,4.0,5.5,4.7,2.1,0.0,40,186,76.4
100050,89,27,23,43.2,810,2.2,0.0,3.7,6.0,3.1,2.5,70,246,68.9
100051,52,48,35,53.2,968,7.2,2.2,2.7,5.1,2.0,4.4,98,180,84.1
100052,129,35,114,92.4,1778,8.0,2.3,5.0,4.5,4.2,5.0,78,32,86.1
100053,83,12,104,65.4,1284,3.5,3.7,7.8,4.0,2.4,0.4,21,59,63.0
100054,91,35,9,42.8,786,1.7,2.0,3.4,2.5,4.5,4.1,177,238,90.8
100055,110,25,99,76.6,1482,0.0,2.2,3.1,4.4,2.5,1.7,77,74,73.1
100056,171,85,19,92.8,1686,4.5,1.9,3.7,4.3,3.3,0.4,39,206,82.6
100057,7,3,104,44.8,890,3.5,1.1,0.6,3.8,5.0,2.9,176,142,100.0
100058,174,81,108,126.6,2370,5.5,0.2,4.4,4.8,0.7,0.9,152,151,71.5
100059,34,63,107,87.4,1622,1.9,1.6,2.6,2.7,3.7,4.4,108,48,91.0
100060,80,37,74,67.8,1282,8.6,0.2,1.0,0.7,0.7,4.4,157,221,100.0
100061,163,87,11,89.2,1610,2.6,2.2,3.7,3.4,4.2,5.1,124,162,86.0
100062,49,86,61,85.8,1544,2.3,1.2,0.0,1.6,3.0,2.3,131,85,100.0
100063,103,21,17,40.0,758,4.8,2.1,3.2,2.3,4.7,0.1,148,191,99.4
100064,131,1,93,64.0,1278,5.0,0.5,0.8,0.1,4.3,1.6,117,102,100.0
100065,1,30,107,61.0,1160,2.2,3.7,0.2,2.3,0.4,2.8,33,132,93.3
100066,133,10,111,77.0,1520,2.7,3.6,6.6,4.9,0.7,4.2,172,205,56.6
100067,53,45,100,77.6,1462,1.7,0.8,7.3,3.3,3.0,2.3,40,55,66.7
100068,105,61,62,82.4,1526,7.2,1.4,1.7,0.1,2.6,3.2,35,162,100.0
100069,3,68,83,74.6,1356,7.7,,4.3,2.8,0.8,3.1,179,117,86.6
100070,53,63,24,58.0,1034,4.6,0.4,2.2,1.7,0.6,1.0,83,188,93.7
100071,145,9,11,38.8,758,7.1,1.4,3.9,2.9,2.8,3.7,103,53,92.5
100072,43,39,20,40.0,722,7.4,1.0,3.5,2.4,0.2,2.6,92,114,89.4
100073,161,23,24,55.6,1066,1.4,3.7,2.2,5.6,4.4,4.8,79,51,79.2
100074,13,43,10,32.4,562,9.7,3.4,5.6,0.2,4.0,4.1,117,131,100.0
100075,94,59,63,79.4,1470,8.2,2.3,1.0,4.1,3.9,0.7,166,179,100.0
100076,47,61,72,74.8,1374,2.0,2.1,0.4,5.1,0.1,2.9,66,242,77.2
100077,14,86,49,74.0,1308,1.9,3.7,6.1,5.8,0.2,4.2,177,86,51.0
100078,39,16,61,41.8,804,1.3,3.7,5.3,1.1,2.7,0.5,66,187,84.0
100079,81,64,88,89.8,1668,1.4,3.9,4.0,3.2,5.0,4.8,52,142,85.8
100080,110,56,98,94.8,1784,7.5,0.5,3.7,0.3,1.7,1.3,40,76,100.0
100081,52,54,115,88.8,1668,4.7,0.6,4.0,3.0,1.7,3.0,114,231,83.5
100082,23,52,95,73.8,1372,7.8,2.7,3.5,0.8,0.7,5.6,82,224,99.7
100083,153,55,48,82.8,1546,7.5,2.2,3.1,5.0,3.4,3.4,61,196,87.8
100084,123,8,13,34.6,676,6.0,0.1,4.0,0.7,3.2,2.5,124,118,100.0
100085,40,21,0,20.6,370,6.9,0.2,4.2,3.1,0.5,0.0,145,223,83.0
100086,156,12,80,70.4,1384,,3.6,5.5,3.1,2.3,0.8,134,234,69.8
100087,14,88,24,65.2,1128,3.1,3.5,5.7,5.8,3.3,3.5,62,120,64.3
100088,44,47,58,60.2,1110,6.4,1.4,3.0,3.9,2.5,3.0,87,186,88.8
100089,64,17,71,51.4,994,0.1,3.6,3.3,1.7,3.4,2.2,45,171,88.7
100090,88,75,68,89.8,1646,0.3,2.4,3.0,1.4,4.1,5.5,127,33,93.9
100091,70,39,4,39.0,702,8.5,3.2,4.3,0.8,3.4,2.0,52,229,100.0
100092,8,16,104,52.8,1024,6.8,1.7,3.6,4.5,3.1,3.2,68,34,86.0
100093,87,14,98,65.0,1272,2.7,0.5,7.1,4.1,4.3,3.4,103,73,69.4
100094,128,14,18,41.2,796,6.9,1.7,5.6,3.7,4.5,3.2,60,120,86.4
100095,135,78,22,82.6,1496,7.9,1.8,7.2,0.2,1.9,2.9,55,53,91.7
100096,62,62,8,52.8,932,3.1,2.2,5.7,4.6,0.9,2.0,114,57,63.1
100097,138,38,117,97.2,1868,0.4,0.4,7.8,3.9,4.1,5.5,138,181,62.4
100098,80,12,93,60.4,1184,9.3,4.0,5.1,5.8,1.1,2.7,169,157,72.5
100099,135,80,49,94.6,1732,3.5,1.0,7.7,3.5,4.6,3.2,102,34,72.5
100100,162,31,15,57.0,1078,1.1,0.8,1.3,1.8,0.1,3.9,39,42,88.3
100101,162,8,32,50.0,984,4.9,2.1,0.4,2.3,4.6,0.4,106,239,100.0
100102,32,39,1,30.2,526,7.7,2.1,4.6,1.1,2.9,4.7,171,84,100.0
100103,122,19,13,41.0,782,2.2,1.8,7.9,4.3,3.9,3.1,145,238,63.0
100104,4,89,109,97.8,1778,2.7,3.1,3.3,4.2,2.0,3.9,119,59,77.2
100105,40,90,0,62.0,1060,2.4,2.1,1.7,1.2,5.0,4.6,92,131,100.0
100106,27,84,89,91.4,1660,9.9,2.4,4.2,1.0,1.1,5.2,35,112,100.0
100107,134,81,57,98.2,1802,2.0,2.9,5.2,0.5,1.3,2.4,46,243,84.6
100108,71,76,88,95.0,1748,5.8,0.1,2.5,5.5,0.3,4.9,64,206,75.0
100109,11,79,15,55.6,954,9.3,2.3,5.7,1.4,4.7,1.6,32,142,100.0
100110,161,72,78,106.6,1988,1.5,3.5,7.8,2.1,2.3,4.0,21,111,68.2
100111,32,62,89,79.2,1460,9.7,0.1,7.2,1.7,3.4,0.6,95,119,92.3
100112,47,75,46,72.8,1306,,1.6,2.3,2.5,3.4,0.1,124,44,100.0
100113,150,43,43,73.0,1374,8.8,3.7,2.6,4.3,4.4,0.6,116,249,98.9
100114,61,37,79,66.0,1246,2.1,1.4,3.0,5.2,3.3,1.9,106,59,76.1
100115,36,82,13,61.6,1068,6.3,1.8,3.2,1.1,2.8,0.2,78,57,100.0
100116,98,59,92,91.8,1718,7.6,3.9,0.8,4.1,3.6,3.8,33,241,100.0
100117,171,70,23,85.4,1568,9.9,0.8,6.1,2.1,3.8,1.9,122,161,96.3
100118,103,47,110,92.8,1762,1.8,0.3,2.9,5.9,0.9,4.4,49,97,65.2
100119,34,17,54,38.6,738,7.7,3.4,7.0,1.8,0.5,0.3,129,130,79.9
100120,100,15,14,34.6,662,3.4,3.5,7.4,0.0,0.4,1.3,117,172,78.4
100121,174,54,82,100.0,1892,1.8,1.9,0.2,3.1,1.9,2.4,28,63,93.0
100122,130,38,71,77.2,1468,4.2,2.1,7.9,0.9,2.5,2.3,43,232,79.8
100123,0,67,33,53.4,934,7.9,3.3,5.7,0.3,3.1,0.8,131,244,100.0
100124,4,58,1,36.0,604,4.6,3.0,4.2,4.2,4.8,6.0,60,128,85.8
100125,141,88,26,91.4,1652,5.4,1.1,3.1,4.4,1.7,1.7,51,200,81.5
100126,102,61,73,86.2,1602,10.0,0.1,4.1,2.8,3.8,4.3,40,232,100.0
100127,26,12,98,51.6,1008,4.0,1.9,2.6,4.1,2.7,1.3,89,90,85.2
100128,136,80,86,109.6,2032,,3.4,5.0,3.2,,5.3,130,220,79.7
100129,14,5,112,50.6,1002,,3.6,0.7,3.8,3.1,2.3,108,31,94.9
100130,89,82,71,95.4,1744,3.9,3.8,5.0,3.6,4.8,5.4,21,147,84.2
100131,41,76,91,90.2,1652,7.0,3.5,2.2,4.0,0.6,2.1,178,81,87.0
100132,123,59,22,68.8,1258,9.4,2.3,0.1,1.2,2.5,0.1,75,81,100.0
100133,178,89,67,115.8,2138,5.4,1.8,4.4,1.6,0.3,3.1,177,44,86.1
100134,62,13,13,25.4,482,7.7,3.1,4.6,2.6,1.6,3.1,34,197,88.8
100135,95,53,62,75.6,1406,0.9,3.0,3.4,2.7,3.1,0.7,37,57,84.0
100136,51,3,116,58.4,1162,2.1,2.2,0.6,4.6,4.2,1.4,51,125,91.4
100137,95,38,105,83.8,1600,,0.3,7.1,2.2,3.7,4.7,33,127,81.7
100138,131,71,92,105.6,1970,0.2,3.7,4.9,1.0,2.3,0.2,71,84,82.7
100139,150,24,64,70.0,1352,2.5,1.8,0.9,1.5,4.5,2.9,41,207,100.0
100140,142,76,67,100.8,1864,5.2,1.5,4.1,1.3,1.5,3.2,33,51,92.0
100141,170,31,62,77.4,1486,0.1,2.5,4.0,4.4,3.8,4.1,53,186,73.6
100142,28,58,95,78.4,1452,2.6,2.7,0.5,2.8,2.4,0.2,105,101,96.4
100143,35,62,96,82.6,1528,5.1,0.8,4.9,4.3,4.5,3.5,75,243,82.6
100144,12,37,112,69.4,1314,5.7,3.3,6.5,2.5,4.0,0.0,82,169,84.9
100145,159,52,89,98.6,1868,9.3,1.2,6.0,5.3,4.5,1.6,163,244,81.6
100146,70,66,80,85.6,1580,6.5,0.7,1.6,5.9,1.1,3.0,99,67,80.4
100147,85,27,102,74.0,1426,4.1,1.6,6.9,4.0,3.3,5.5,59,149,70.5
100148,27,2,86,41.0,816,9.3,2.9,2.7,5.2,3.7,0.8,57,31,92.9
100149,65,79,63,85.6,1554,7.8,3.9,7.6,3.0,3.7,1.0,165,169,81.3
100150,169,21,31,58.8,1134,2.0,,0.6,5.6,2.5,4.0,42,212,81.1
100151,44,37,115,77.0,1466,1.3,3.8,3.9,5.0,0.1,2.2,129,242,62.3
100152,61,71,78,86.0,1578,6.8,,4.8,6.0,1.3,3.7,67,155,68.3
100153,133,71,12,74.0,1338,5.6,0.3,2.0,3.7,1.6,6.0,101,169,89.5
100154,27,61,65,68.0,1238,7.9,2.2,6.2,4.7,4.3,5.9,132,138,80.4
100155,27,56,18,46.2,812,7.4,1.2,5.0,3.3,4.2,2.1,41,38,90.9
100156,107,5,23,33.6,662,6.3,3.3,0.1,1.6,0.5,3.0,144,236,100.0
100157,43,77,108,98.0,1806,9.9,,4.9,2.1,4.7,5.4,73,61,100.0
100158,83,31,87,70.0,1338,5.3,3.9,3.9,5.4,0.9,0.6,59,102,70.7
100159,29,9,10,15.2,286,1.1,1.0,1.6,0.3,2.1,2.7,49,245,100.0
100160,74,2,58,39.2,780,8.3,1.9,8.0,3.5,1.1,2.3,61,165,70.4
100161,127,58,85,94.2,1768,2.5,2.0,7.2,2.2,4.3,1.8,146,145,78.1
100162,91,75,14,68.8,1226,7.8,1.0,2.3,2.3,3.7,6.0,101,185,100.0
100163,128,48,9,58.0,1064,9.6,2.4,4.3,5.3,1.8,4.4,72,213,80.9
100164,120,58,40,74.8,1380,7.0,1.8,2.5,5.1,3.4,2.3,20,111,88.7
100165,26,30,26,33.6,612,6.0,1.8,6.2,3.6,0.9,5.0,125,136,71.9
100166,120,68,59,88.4,1632,4.6,1.5,7.4,1.6,1.9,2.9,46,65,77.3
100167,115,61,72,88.4,1646,3.6,0.1,2.9,2.9,1.9,5.2,36,146,86.8
100168,2,51,51,51.4,926,3.5,2.1,6.4,2.4,1.2,1.6,82,194,73.0
100169,102,88,27,84.0,1504,6.4,,4.0,2.1,4.4,1.3,147,61,99.5
100170,154,40,64,80.4,1528,7.5,0.0,3.2,0.6,3.4,1.5,140,242,100.0
100171,136,30,16,51.6,972,6.8,1.2,7.5,3.3,1.4,3.2,141,196,71.3
100172,61,84,94,100.2,1836,2.0,1.1,4.1,1.8,1.2,1.7,146,78,82.2
100173,164,83,43,99.8,1830,4.9,1.6,3.7,4.0,0.1,0.9,141,175,75.3
100174,50,21,9,26.2,482,7.9,0.5,5.4,1.9,1.7,6.0,85,52,89.8
100175,171,3,62,60.8,1210,4.8,2.0,2.1,2.6,2.6,5.4,42,62,96.0
100176,151,12,100,77.4,1524,5.4,2.8,2.6,0.3,1.4,3.8,167,141,100.0
100177,58,44,92,74.8,1408,7.7,2.5,7.5,6.0,3.5,5.3,55,230,65.9
100178,117,41,81,80.4,1526,6.6,3.2,5.4,3.0,2.1,5.6,169,208,82.9
100179,159,48,46,79.0,1484,4.1,1.8,6.6,0.1,1.6,4.1,30,200,86.1
100180,95,19,37,45.2,866,9.0,2.1,2.2,3.2,4.7,3.1,47,33,100.0
100181,179,76,102,122.2,2292,1.6,3.2,4.4,5.2,1.3,5.3,64,109,63.5
100182,112,80,112,115.2,2144,10.0,1.7,7.8,4.6,2.0,3.4,143,224,71.8
100183,61,53,69,71.6,1326,1.2,2.8,2.5,4.2,1.9,0.8,141,229,77.1
100184,51,35,103,72.4,1378,0.1,1.7,1.3,0.8,1.2,2.2,169,237,94.6
100185,11,0,75,32.2,644,8.9,1.7,4.1,3.9,1.1,2.7,100,154,85.2
100186,38,14,52,36.8,708,2.4,3.0,3.1,4.6,1.5,5.6,178,31,73.9
100187,129,76,77,102.2,1892,7.3,0.7,1.3,3.4,4.3,4.0,30,74,100.0
100188,130,16,43,52.8,1024,8.1,1.4,7.1,5.4,3.8,5.3,55,240,72.2
100189,112,23,118,83.4,1622,8.6,0.9,7.9,1.7,3.4,4.5,97,117,87.3
100190,100,57,73,83.4,1554,9.9,,4.5,1.5,2.3,1.9,54,237,100.0
100191,112,71,53,86.2,1582,2.9,0.9,6.2,5.2,2.5,4.3,146,144,62.5
100192,80,90,19,77.6,1372,7.1,2.3,6.9,3.8,1.3,1.2,170,197,71.5
100193,112,22,78,66.8,1292,1.2,3.2,5.6,0.0,0.4,2.4,48,159,81.2
100194,1,45,30,39.2,694,,3.1,0.4,2.1,1.7,4.8,170,189,100.0
100195,129,71,6,70.8,1274,8.5,1.5,1.3,5.1,2.5,3.7,143,30,93.8
100196,53,7,57,37.6,738,3.7,4.0,0.6,0.2,0.3,5.0,35,47,100.0
100197,86,58,104,93.6,1756,5.9,2.4,0.1,0.0,0.4,1.5,122,221,100.0
100198,128,89,9,82.6,1474,5.0,1.6,2.4,1.7,1.3,4.5,103,189,95.8
100199,146,58,9,67.6,1236,6.5,3.3,3.1,5.5,1.8,1.2,166,38,78.5
100200,125,12,111,76.6,1508,9.7,,1.9,5.4,2.0,3.3,115,84,90.8
100201,129,38,38,63.8,1200,0.6,3.0,0.5,3.1,0.6,2.6,69,96,85.5
100202,52,27,27,37.4,694,5.7,0.8,4.2,3.3,1.1,3.3,62,53,81.4
100203,171,88,29,98.6,1796,8.6,1.9,2.2,2.0,1.3,0.8,38,150,100.0
100204,159,60,36,82.2,1524,4.8,3.4,6.4,1.5,0.3,2.2,132,40,77.4
100205,159,15,118,88.0,1730,0.8,2.0,0.1,4.9,1.6,4.0,140,185,81.5
100206,67,1,66,40.4,806,5.6,2.7,6.7,0.6,0.4,3.4,37,45,82.6
100207,122,81,113,118.2,2202,3.3,2.4,7.6,2.9,3.5,3.3,153,122,72.2
100208,144,16,42,55.2,1072,1.5,3.4,5.7,3.8,1.9,3.1,54,134,66.9
100209,37,29,78,56.0,1062,8.5,1.1,5.9,0.6,1.6,5.7,33,41,95.2
100210,23,12,84,45.4,884,5.2,2.3,7.5,3.1,0.6,5.6,83,150,66.7
100211,68,81,51,82.6,1490,9.3,0.5,1.7,3.5,1.1,2.2,156,225,97.6
100212,115,12,100,70.2,1380,8.1,2.8,8.0,4.5,1.2,2.1,21,119,65.3
100213,97,42,55,66.6,1248,6.9,2.9,6.2,1.4,4.9,3.3,25,161,96.7
100214,138,84,75,108.0,1992,0.1,0.2,5.8,1.8,4.2,0.6,118,104,80.6
100215,143,20,67,67.4,1308,4.3,2.7,2.9,3.4,0.1,1.8,140,95,80.3
100216,96,54,110,95.6,1804,2.0,1.7,4.4,5.9,3.1,1.4,172,60,66.2
100217,123,80,8,75.8,1356,9.1,0.5,5.2,1.3,1.3,1.3,92,213,94.8
100218,69,39,102,78.0,1482,1.7,1.7,5.0,5.9,0.5,3.8,154,207,55.4
100219,92,82,105,109.6,2028,2.9,0.8,5.6,4.3,3.5,2.3,82,224,72.4
100220,2,14,91,45.2,876,5.2,1.7,0.7,5.0,0.7,1.0,175,118,84.7
100221,147,72,22,81.4,1484,2.6,1.5,2.8,0.5,2.2,5.3,21,127,98.1
100222,163,51,62,88.0,1658,2.1,3.0,3.5,1.8,,5.2,84,158,90.8
100223,146,73,108,116.2,2178,6.0,3.1,2.1,0.3,2.8,5.2,120,226,100.0
100224,89,52,60,73.0,1356,0.9,2.4,1.4,2.2,4.9,2.3,171,68,99.9
100225,146,86,39,96.4,1756,0.6,0.1,1.1,5.9,3.9,0.3,57,209,79.0
100226,147,51,43,77.2,1442,3.7,3.7,2.9,0.6,3.9,0.6,81,124,100.0
100227,95,29,85,70.4,1350,7.2,2.7,3.9,3.4,1.8,1.7,138,193,87.2
100228,51,32,23,38.6,708,5.5,0.1,0.5,0.0,0.0,1.3,71,224,100.0
100229,160,56,50,85.6,1600,4.2,3.3,7.6,4.3,3.7,5.2,129,169,67.6
100230,167,51,57,86.8,1634,5.7,0.8,6.1,1.2,5.0,5.9,93,90,96.0
100231,127,8,89,65.8,1300,3.7,,5.8,0.8,2.0,4.9,117,237,86.2
100232,38,53,93,76.6,1426,9.4,1.9,1.4,2.0,4.9,4.4,82,101,100.0
100233,81,0,32,29.0,580,0.5,1.7,4.8,4.6,0.7,3.5,158,168,60.9
100234,103,43,15,52.4,962,6.7,3.6,4.2,0.6,1.5,4.6,67,138,98.1
100235,128,74,21,78.4,1420,8.9,1.7,7.9,1.4,0.9,5.7,120,43,81.9
100236,10,79,112,94.2,1726,8.0,0.3,6.0,0.1,2.4,3.6,93,248,98.7
100237,177,8,56,62.6,1236,1.8,3.8,4.6,5.8,4.0,0.9,57,239,68.2
100238,150,31,61,73.0,1398,3.0,3.7,6.8,3.6,1.7,1.0,155,211,65.9
100239,158,14,113,85.2,1676,7.2,2.7,1.2,4.3,4.5,3.5,25,165,100.0
100240,41,11,106,57.2,1122,0.8,1.9,0.1,3.9,2.7,2.0,87,190,89.8
100241,98,77,81,98.2,1810,8.1,0.4,5.5,0.9,2.3,5.5,153,161,96.6
100242,6,56,70,62.8,1144,7.2,3.2,0.8,3.6,3.9,3.7,130,142,100.0
100243,143,7,113,78.0,1546,7.3,0.3,0.9,0.8,0.5,4.1,51,59,100.0
100244,89,71,89,96.0,1778,1.0,0.3,6.0,2.4,3.9,0.0,57,113,77.7
100245,111,26,71,66.2,1272,7.2,2.1,2.2,3.4,1.2,3.0,134,123,92.2
100246,59,61,69,76.0,1398,6.8,0.6,5.0,3.4,,2.6,128,120,80.8
100247,112,11,29,40.6,790,8.3,0.0,7.3,0.7,3.0,4.2,83,118,92.9
100248,1,64,102,79.4,1460,0.4,1.7,2.5,0.2,4.5,2.3,73,83,100.0
100249,128,41,22,59.0,1098,0.2,0.5,1.7,4.8,2.9,5.9,132,163,78.3
100250,47,61,31,58.4,1046,3.7,0.6,0.9,4.4,3.2,4.0,33,34,91.4
100251,139,10,85,67.8,1336,1.5,0.3,1.0,0.5,3.9,4.0,83,235,100.0
100252,36,42,105,74.4,1404,5.6,0.8,0.5,0.8,1.3,5.5,73,80,100.0
100253,159,16,106,83.8,1644,9.2,2.9,0.7,5.4,4.1,6.0,38,171,100.0
100254,8,31,56,42.6,790,3.9,3.2,3.5,4.6,2.1,1.2,145,63,77.1
100255,98,84,108,113.2,2096,8.4,1.8,2.6,6.0,0.9,4.9,79,198,79.1
100256,146,84,8,82.8,1488,0.0,2.0,5.7,1.5,1.8,1.0,51,118,75.1
100257,47,39,30,44.8,818,1.7,0.1,7.0,2.9,1.2,2.7,55,196,64.5
100258,130,22,70,67.2,1300,0.3,0.3,6.3,1.4,1.1,0.6,171,175,71.7
100259,147,55,8,65.6,1202,3.3,1.0,4.2,3.7,1.4,3.7,65,49,75.5
100260,151,5,12,38.0,750,9.1,2.2,0.8,0.7,0.9,2.8,33,136,100.0
100261,53,85,57,84.4,1518,1.0,3.0,5.7,0.8,3.3,3.8,137,165,85.1
100262,119,49,2,54.0,982,6.1,2.4,2.9,0.4,2.9,4.1,69,55,100.0
100263,160,36,34,67.2,1272,4.5,1.6,0.7,4.2,3.2,3.7,84,114,94.8
100264,151,63,96,106.4,2002,9.4,0.5,6.7,3.0,1.7,1.8,96,184,82.1
100265,115,53,20,62.8,1150,1.2,3.1,2.7,3.7,3.8,5.0,83,189,84.5
100266,74,71,63,82.6,1510,2.1,1.5,1.7,5.3,0.6,3.3,42,71,72.7
100267,112,48,94,88.8,1680,0.3,2.9,7.0,4.4,2.9,2.9,144,207,59.3
100268,163,10,51,59.0,1160,4.3,2.1,7.2,2.8,1.4,5.9,103,110,70.0
100269,165,87,33,98.4,1794,2.8,3.0,2.7,5.9,2.6,1.7,89,206,73.1
100270,103,48,95,87.4,1652,8.7,3.6,2.8,2.7,,3.2,92,222,97.5
100271,83,20,120,76.6,1492,6.0,3.7,4.6,0.7,,4.1,111,220,100.0
100272,111,65,34,74.8,1366,6.1,2.1,5.9,6.0,4.5,0.8,93,56,72.1
100273,98,62,14,62.4,1124,5.3,2.0,0.5,0.1,3.7,2.1,173,129,100.0
100274,152,82,119,127.2,2380,0.9,1.1,4.7,3.3,0.9,4.8,63,232,69.2
100275,92,27,95,72.6,1398,4.5,3.7,7.6,1.9,1.4,1.4,95,64,73.3
100276,145,16,5,40.6,780,10.0,,2.1,3.0,4.6,3.0,160,67,100.0
100277,127,5,108,71.6,1422,8.4,0.5,7.3,3.4,2.2,3.8,138,67,77.2
100278,109,18,84,66.2,1288,8.9,1.7,7.6,1.4,4.7,4.0,59,71,94.5
100279,81,55,96,87.6,1642,8.2,0.5,2.2,3.3,2.0,4.4,23,199,97.1
100280,53,27,31,39.2,730,1.0,2.0,6.0,4.5,4.8,5.2,148,206,69.9
100281,162,65,51,91.8,1706,2.3,2.2,1.9,1.6,4.6,2.4,25,86,100.0
100282,168,37,82,88.6,1698,0.0,1.4,5.9,2.3,3.3,4.2,74,129,74.8
100283,160,36,96,92.0,1768,3.0,0.3,6.4,1.6,0.0,4.4,85,83,72.4
100284,67,67,27,64.4,1154,1.1,3.8,2.0,4.9,2.0,1.8,137,167,75.7
100285,32,85,94,95.0,1730,4.7,3.1,5.7,4.3,4.6,5.8,165,217,78.9
100286,141,89,84,115.2,2126,6.8,3.4,6.5,5.2,4.4,5.2,48,69,74.8
100287,20,48,117,79.6,1496,8.7,1.5,2.9,1.0,0.9,1.7,72,158,100.0
100288,47,42,97,73.4,1384,7.5,3.0,1.3,0.4,2.0,4.1,150,149,100.0
100289,147,35,63,75.6,1442,9.4,1.9,0.7,0.7,4.2,4.3,167,115,100.0
100290,127,57,78,90.8,1702,0.5,0.8,4.6,1.0,2.9,2.6,151,93,86.3
100291,135,12,77,65.0,1276,0.1,0.5,7.8,3.2,4.2,5.2,101,110,65.6
100292,134,51,18,64.6,1190,6.6,1.4,6.6,5.8,4.1,4.1,155,41,70.1
100293,144,57,106,105.4,1994,2.9,0.6,3.5,2.1,4.5,3.9,124,214,94.8
100294,127,31,14,49.6,930,2.5,4.0,4.3,5.8,0.6,1.3,105,234,60.6
100295,32,80,5,56.4,968,3.3,0.2,2.2,0.2,0.7,2.4,102,118,98.9
100296,175,59,115,116.4,2210,2.7,1.8,1.3,5.6,0.4,2.6,175,55,73.4
100297,114,82,72,100.8,1852,5.1,1.8,3.9,1.1,4.7,4.4,92,69,100.0
100298,118,57,100,97.8,1842,4.4,1.2,3.7,5.5,2.4,3.7,118,139,73.7
100299,21,55,83,70.4,1298,5.1,2.3,4.2,0.3,0.3,0.5,45,142,92.8
100300,157,27,97,86.4,1674,6.7,0.6,7.6,5.7,1.6,1.8,53,72,59.3
100301,37,0,37,22.2,444,3.9,3.1,4.8,1.2,1.8,2.8,90,101,88.0
100302,108,41,25,56.2,1042,2.5,1.3,4.8,1.8,4.0,4.4,113,170,88.8
100303,50,81,81,91.0,1658,1.7,2.4,1.0,2.9,3.7,4.5,108,119,96.0
100304,7,47,91,66.0,1226,3.5,2.9,8.0,2.3,3.4,2.9,46,213,73.7
100305,26,39,118,75.8,1438,7.4,3.6,6.2,4.0,0.1,0.7,52,46,70.3
100306,26,62,50,62.4,1124,7.6,3.3,7.0,5.8,4.6,1.8,91,117,72.0
100307,20,75,72,77.8,1406,6.7,2.4,3.3,3.6,1.1,1.5,68,53,85.5
100308,29,71,95,86.4,1586,2.3,1.6,4.0,4.3,3.1,4.7,82,105,76.4
100309,96,87,52,92.2,1670,5.9,2.0,4.2,0.5,0.3,1.1,179,87,93.4
100310,27,79,55,74.8,1338,5.7,3.1,1.6,3.8,0.4,2.8,38,237,87.2
100311,110,3,58,47.0,934,4.8,,5.5,2.7,0.0,4.0,41,218,74.1
100312,60,37,69,61.8,1162,5.5,0.4,7.2,5.3,2.8,5.8,109,237,64.1
100313,47,26,77,55.8,1064,4.9,1.5,1.3,2.3,3.1,6.0,86,185,100.0
100314,146,8,91,70.4,1392,5.7,3.1,0.7,4.1,0.3,5.7,156,224,89.0
100315,3,15,57,32.4,618,7.2,1.7,5.9,1.4,1.5,4.3,90,126,88.3
100316,34,55,87,74.6,1382,1.1,1.3,2.2,1.6,4.3,4.5,98,80,98.3
100317,48,75,12,59.4,1038,7.5,1.6,5.0,2.3,0.5,4.6,151,117,85.0
100318,16,30,42,38.0,700,1.4,2.4,5.6,1.8,1.1,5.2,56,121,74.7
100319,171,87,75,116.4,2154,0.7,4.0,2.6,1.5,2.1,5.7,47,140,89.8
100320,157,13,50,59.2,1158,9.8,2.0,6.5,0.3,4.2,2.7,156,196,100.0
100321,45,24,18,30.6,564,9.6,0.8,4.4,5.0,1.3,2.5,54,223,80.5
100322,116,33,20,51.0,954,0.6,0.7,7.0,0.4,5.0,2.8,131,234,86.2
100323,5,66,90,76.6,1400,4.4,0.2,6.1,5.3,1.8,4.0,172,130,63.3
100324,98,23,82,66.2,1278,1.9,2.2,6.9,0.8,1.9,4.7,28,231,77.9
100325,123,72,23,77.0,1396,4.9,2.2,0.2,0.4,0.6,5.2,71,197,100.0
100326,36,25,25,32.2,594,,0.8,1.9,3.4,3.4,2.7,164,42,100.0
100327,23,19,44,33.6,634,9.5,2.8,0.7,3.0,1.2,2.2,28,176,100.0
100328,92,63,27,67.0,1214,6.3,3.0,3.5,2.9,3.1,5.9,73,35,93.4
100329,45,9,109,58.0,1142,3.5,1.0,7.1,3.4,1.1,1.4,152,175,64.9
100330,180,82,119,132.8,2492,6.0,1.4,3.7,1.7,1.9,1.3,143,38,94.4
100331,94,66,81,90.8,1684,3.1,4.0,6.8,4.0,4.3,4.3,128,110,71.9
100332,98,23,107,76.2,1478,9.1,1.5,2.6,3.0,3.7,1.1,166,97,100.0
100333,115,4,99,65.0,1292,8.7,3.0,2.7,2.0,0.8,2.4,85,83,99.0
100334,159,66,105,113.4,2136,5.6,1.8,7.2,5.0,3.0,1.8,64,155,66.4
100335,160,57,28,77.4,1434,3.2,3.2,3.4,4.4,3.1,1.0,90,79,80.1
100336,66,26,16,35.2,652,2.9,3.1,6.3,2.4,0.5,3.5,125,99,70.1
100337,127,79,67,99.6,1834,0.3,2.7,1.9,5.1,2.3,2.2,52,168,74.4
100338,17,14,43,29.0,552,8.2,3.4,7.6,5.5,1.3,2.8,137,212,62.4
100339,24,34,108,68.4,1300,4.5,3.8,4.6,3.2,2.3,1.2,99,147,81.5
100340,53,75,60,79.6,1442,3.3,2.3,6.1,1.3,3.9,4.6,107,199,87.4
100341,57,52,92,79.4,1484,4.7,0.9,0.7,5.5,0.8,1.9,113,119,81.5
100342,66,43,67,65.8,1230,8.2,1.6,3.9,1.1,0.6,2.1,173,168,97.1
100343,103,25,73,64.8,1246,1.2,3.0,7.2,0.3,1.3,1.5,64,101,76.0
100344,173,46,24,71.8,1344,8.6,2.6,7.0,2.0,4.8,2.6,54,96,93.6
100345,23,33,94,62.0,1174,9.0,0.7,0.4,4.4,3.7,2.8,100,159,100.0
100346,113,86,66,100.6,1840,9.5,0.2,2.4,5.5,0.1,3.2,121,239,82.2
100347,31,49,110,79.6,1494,4.0,2.7,3.5,3.8,2.0,5.8,29,223,81.0
100348,174,83,1,85.0,1534,2.2,1.0,1.4,5.7,1.3,5.4,60,55,74.2
100349,85,11,120,71.6,1410,3.7,2.0,5.8,0.6,3.2,3.7,133,105,90.8
100350,150,86,88,116.8,2164,3.3,3.0,1.5,0.4,2.3,0.2,145,66,100.0
100351,126,3,48,46.2,918,1.8,2.3,2.8,3.6,4.8,3.7,36,247,88.8
100352,154,86,69,110.0,2028,6.1,0.3,5.3,5.8,1.1,0.5,146,65,65.3
100353,129,47,25,64.0,1186,4.8,0.7,3.9,3.0,2.9,4.3,90,45,87.7
100354,16,54,71,64.0,1172,8.7,0.9,5.9,0.3,3.5,2.3,30,107,100.0
100355,103,0,98,59.8,1196,0.3,1.0,7.7,1.3,4.1,5.0,82,95,75.6
100356,160,88,26,95.2,1728,6.4,2.3,0.9,1.5,2.0,5.7,39,50,100.0
100357,136,65,88,101.4,1898,7.6,2.0,5.7,2.0,3.4,2.5,160,164,92.6
100358,42,29,17,32.6,594,7.6,0.8,1.8,0.3,1.5,2.8,36,168,100.0
100359,175,2,53,57.4,1144,8.9,0.3,3.3,5.4,2.2,3.5,179,213,84.2
100360,38,20,0,19.6,352,7.3,0.7,0.3,3.1,4.5,1.2,117,201,100.0
100361,169,88,60,110.6,2036,9.3,3.9,1.1,4.0,4.7,5.6,104,83,100.0
100362,25,83,111,99.2,1818,3.3,1.9,2.6,0.4,3.6,2.6,35,122,100.0
100363,98,48,102,89.2,1688,5.0,,2.7,0.3,1.9,1.0,42,214,100.0
100364,49,85,2,61.6,1062,0.1,3.4,7.2,3.5,4.1,4.6,158,87,66.2
100365,152,84,118,128.0,2392,0.1,2.0,5.9,5.3,0.1,1.3,143,66,50.4
100366,151,61,67,93.6,1750,2.4,2.8,7.8,3.2,0.5,0.9,161,149,59.1
100367,12,37,40,40.6,738,1.0,,4.8,5.3,3.3,3.4,90,205,66.2
100368,59,14,36,34.6,664,2.6,2.8,1.9,4.9,1.5,4.0,52,219,77.6
100369,134,51,50,77.4,1446,1.8,1.1,2.6,0.5,4.8,3.4,64,68,100.0
100370,56,78,14,63.6,1116,0.3,3.3,2.6,1.2,2.2,3.9,70,249,90.8
100371,35,45,7,36.8,646,9.1,0.3,2.6,3.9,2.1,0.7,134,221,94.6
100372,172,24,37,63.6,1224,0.1,3.1,5.4,2.7,3.4,2.9,143,133,75.3
100373,19,20,113,61.0,1180,7.4,0.4,4.2,1.7,,2.1,106,97,100.0
100374,64,87,82,97.8,1782,1.5,3.5,3.1,2.5,2.4,5.8,170,97,85.3
100375,7,4,55,25.8,508,9.1,1.2,1.2,2.7,1.1,0.3,48,184,100.0
100376,143,69,46,88.4,1630,8.9,2.6,0.2,5.5,3.9,1.8,25,227,100.0
100377,141,46,89,91.4,1736,6.5,2.0,1.8,0.6,1.6,5.7,152,133,100.0
100378,114,86,102,115.2,2132,6.7,1.5,0.9,1.7,0.9,5.9,115,239,100.0
100379,142,67,9,72.2,1310,0.1,2.6,6.3,3.2,3.2,4.9,109,89,68.6
100380,91,90,101,112.6,2072,9.8,3.8,0.9,4.2,0.5,0.5,101,201,96.5
100381,97,17,77,60.4,1174,8.8,0.2,5.8,3.8,4.9,3.4,40,187,90.1
100382,65,20,48,44.2,844,9.0,3.7,3.1,5.6,3.2,2.4,78,215,87.2
100383,31,85,40,73.2,1294,6.6,2.4,0.6,4.8,4.9,4.8,167,241,100.0
100384,85,22,82,63.0,1216,3.4,3.2,6.5,3.3,1.7,0.3,43,155,69.4
100385,50,63,29,59.4,1062,8.9,1.5,4.6,1.3,4.9,1.2,150,152,100.0
100386,152,66,4,71.6,1300,2.9,1.9,1.9,2.7,0.7,2.9,105,65,86.8
100387,62,39,118,83.0,1582,5.6,3.5,7.2,4.2,0.2,0.9,91,162,62.0
100388,124,9,94,67.8,1338,1.0,1.7,0.4,5.0,,4.2,129,153,76.0
100389,149,88,70,110.6,2036,9.2,2.1,1.6,5.8,2.3,4.9,76,176,89.9
100390,57,51,82,74.8,1394,1.4,0.1,6.0,3.6,0.4,4.2,129,169,62.0
100391,57,71,30,66.0,1178,2.2,0.6,5.7,3.2,,2.6,112,119,73.4
100392,85,74,51,81.8,1488,5.6,2.6,2.3,0.1,1.6,5.3,90,217,100.0
100393,48,60,102,86.4,1608,7.6,2.9,0.5,0.4,1.7,0.8,89,112,100.0
100394,179,63,87,108.4,2042,6.2,2.3,6.9,0.9,3.2,1.6,89,168,89.9
100395,169,4,97,75.0,1492,2.3,0.6,2.5,0.3,0.8,2.9,95,82,95.5
100396,69,52,120,93.0,1756,0.0,1.8,1.6,2.4,3.8,0.4,66,49,93.0
100397,14,54,22,44.0,772,7.6,1.4,4.1,2.0,2.9,0.6,108,102,97.5
100398,53,36,47,51.0,948,9.9,2.0,7.3,3.8,4.6,2.4,38,113,85.4
100399,100,55,108,96.2,1814,8.1,3.5,0.3,3.2,1.8,5.7,160,56,100.0
100400,7,58,39,51.8,920,4.6,3.1,6.1,3.6,4.9,5.5,64,87,81.5
100401,52,68,5,53.2,928,9.0,0.3,4.6,2.8,2.9,2.8,179,152,94.3
100402,59,72,37,69.8,1252,4.1,3.6,3.4,1.7,4.9,0.9,177,162,100.0
100403,107,58,40,72.2,1328,5.2,1.9,6.0,5.7,0.1,1.1,104,103,58.2
100404,4,1,99,41.0,818,4.8,3.0,7.7,0.5,3.6,2.3,145,166,87.1
100405,102,64,26,69.2,1256,4.5,0.6,1.8,5.6,4.1,1.3,128,246,86.1
100406,5,59,74,66.0,1202,7.8,2.7,1.1,1.9,0.3,0.5,127,106,100.0
100407,108,50,68,78.8,1476,5.3,0.9,7.3,3.1,2.9,4.0,91,154,74.6
100408,115,29,56,62.8,1198,3.2,1.8,5.4,0.7,4.0,3.5,154,154,93.3
100409,93,10,16,31.0,600,2.6,0.1,3.5,0.4,2.8,1.7,150,61,97.6
100410,46,75,115,100.2,1854,0.4,0.6,4.6,2.6,0.3,4.7,56,229,70.3
100411,98,38,70,70.4,1332,5.8,0.4,6.0,4.5,3.5,4.7,22,211,75.6
100412,54,89,90,100.2,1826,2.3,1.0,6.2,1.6,0.3,2.9,165,202,72.7
100413,167,76,46,97.4,1796,1.5,0.4,7.4,3.4,4.1,0.6,143,56,68.7
100414,51,71,120,100.8,1874,6.5,2.8,3.4,1.7,0.2,5.5,156,243,91.5
100415,143,62,78,97.0,1816,6.8,0.1,2.3,2.3,0.7,4.0,171,185,95.0
100416,12,63,109,83.8,1550,7.5,2.5,5.1,5.4,1.4,1.5,26,47,71.8
100417,113,60,12,63.4,1148,5.0,0.6,3.3,5.1,3.2,3.7,116,116,80.9
100418,123,53,10,60.4,1102,8.9,3.8,4.8,3.1,,2.4,117,134,97.8
100419,105,72,108,107.4,2004,9.4,3.7,3.4,1.4,0.6,3.8,121,188,100.0
100420,157,57,89,101.2,1910,8.1,0.9,1.2,1.2,0.7,2.8,121,70,100.0
100421,146,84,85,113.6,2104,6.4,2.5,3.8,5.7,1.8,2.9,75,63,74.5
100422,144,55,91,98.2,1854,3.0,0.1,5.5,1.2,4.2,4.4,165,36,90.6
100423,119,33,23,52.8,990,9.8,3.7,6.4,4.8,2.3,3.7,69,34,76.9
100424,62,30,92,67.2,1284,2.7,2.1,3.9,2.2,1.6,0.5,47,50,83.6
100425,18,51,72,63.0,1158,2.0,0.2,1.3,5.9,2.8,0.4,44,163,77.7
100426,91,88,105,113.0,2084,4.4,1.4,3.3,2.2,1.3,1.8,161,202,88.5
100427,57,75,3,57.6,1002,0.6,0.3,6.3,2.1,2.0,2.6,103,149,71.5
100428,89,0,112,62.6,1252,9.8,1.6,3.3,3.8,1.7,1.7,154,192,92.5
100429,116,54,45,73.6,1364,5.9,2.7,5.6,5.8,4.0,3.9,151,135,72.4
100430,61,21,119,72.4,1406,5.6,1.9,4.1,5.9,4.6,1.2,177,116,79.1
100431,22,39,17,34.6,614,6.6,1.5,1.9,4.2,3.8,4.2,81,160,96.0
100432,126,0,42,42.0,840,5.0,0.5,6.4,4.5,2.2,4.6,104,190,68.5
100433,136,64,79,97.2,1816,0.3,1.0,0.7,3.4,2.5,0.7,84,67,88.3
100434,139,62,32,77.8,1432,6.1,0.4,4.2,4.5,0.6,3.9,71,116,74.7
100435,128,53,92,94.2,1778,7.2,3.2,1.7,5.2,3.7,5.8,22,109,92.7
100436,57,41,102,76.8,1454,4.2,0.5,0.5,2.9,,1.2,96,246,100.0
100437,121,20,9,39.8,756,7.6,2.4,4.0,3.7,4.5,5.5,154,142,94.2
100438,0,78,72,75.6,1356,2.3,1.4,4.0,3.2,1.0,3.6,89,173,75.6
100439,33,80,58,77.8,1396,2.2,0.9,5.7,3.4,3.8,3.5,89,118,76.0
100440,95,21,30,43.6,830,1.6,2.6,6.0,5.3,3.4,0.3,115,135,62.9
100441,125,37,27,58.0,1086,3.7,1.8,5.8,2.1,1.3,4.5,35,100,77.6
100442,117,79,59,94.4,1730,8.5,1.6,3.3,1.2,3.3,2.9,155,37,100.0
100443,47,7,120,61.6,1218,8.3,2.4,5.1,2.7,4.6,4.3,168,160,96.5
100444,88,61,2,55.0,978,3.8,2.0,4.6,1.2,4.6,4.9,140,98,97.0
100445,116,46,117,97.6,1860,5.9,1.2,3.4,3.0,3.6,3.1,30,157,94.0
100446,128,16,54,56.8,1104,7.2,2.2,4.8,5.4,0.2,1.6,69,48,68.8
100447,15,16,13,17.8,324,2.4,2.7,7.6,3.7,4.4,0.8,106,164,69.1
100448,68,89,57,89.8,1618,1.7,0.1,1.5,5.1,3.3,1.0,25,115,81.8
100449,21,12,88,46.6,908,9.7,1.9,7.2,1.0,1.6,5.2,129,247,90.4
100450,92,16,14,33.6,640,6.2,0.2,0.4,5.4,0.9,0.7,162,79,86.5
100451,75,37,1,37.6,678,9.8,0.7,2.5,3.6,0.6,2.3,158,246,93.4
100452,153,80,23,87.8,1596,3.4,2.2,2.3,0.2,0.3,2.0,174,163,97.5
100453,143,77,77,105.6,1958,7.0,3.5,5.0,3.8,3.8,5.2,23,162,86.4
100454,178,44,63,87.2,1656,2.2,3.5,1.0,5.7,1.2,2.9,157,90,75.5
100455,85,5,111,64.4,1278,2.6,0.3,7.1,0.5,,6.0,140,243,74.6
100456,28,34,70,54.0,1012,5.1,1.7,6.6,3.5,2.0,4.4,176,124,72.3
100457,68,13,99,61.0,1194,,2.3,5.2,5.5,2.4,5.1,159,87,65.3
100458,46,71,113,97.0,1798,1.7,0.6,3.7,0.1,0.8,0.6,103,179,90.5
100459,93,60,23,63.8,1156,2.6,3.1,7.5,3.8,0.2,1.5,39,214,56.8
100460,143,14,26,47.4,920,0.4,3.0,6.6,2.8,0.9,0.8,31,232,63.1
100461,175,53,36,81.2,1518,7.0,3.6,4.0,2.1,3.4,2.8,57,61,97.7
100462,84,26,101,72.8,1404,4.9,0.0,5.6,3.8,0.4,4.3,177,174,69.6
100463,38,12,93,52.0,1016,0.9,0.9,4.5,0.3,2.8,1.0,66,215,90.7
100464,99,30,90,73.8,1416,1.7,3.3,4.7,4.5,0.7,0.8,101,198,64.2
100465,32,34,38,42.0,772,1.0,2.7,2.6,0.0,1.0,3.7,93,51,94.6
100466,100,59,62,80.2,1486,6.1,3.6,3.7,1.8,2.0,1.4,61,109,94.4
100467,22,5,78,38.6,762,0.9,0.2,0.6,3.0,0.5,2.9,24,71,85.9
100468,9,68,25,52.6,916,7.5,2.4,2.9,2.3,0.9,0.3,134,108,94.6
100469,68,85,64,90.2,1634,0.2,2.3,5.6,1.8,1.7,4.1,146,165,74.1
100470,99,57,119,101.6,1918,2.5,0.1,7.6,5.0,1.6,3.2,118,75,54.4
100471,33,48,3,36.6,636,8.9,2.1,7.7,5.6,3.7,3.9,122,205,70.1
100472,179,22,28,60.2,1160,7.2,2.4,4.4,5.2,0.4,1.7,159,144,72.0
100473,137,88,120,128.2,2388,0.7,0.8,4.9,3.1,4.3,1.7,157,160,79.2
100474,146,33,0,49.0,914,8.2,1.1,1.5,5.3,4.1,4.8,56,106,96.2
100475,95,25,106,76.4,1478,4.9,2.6,5.6,5.5,3.8,4.3,144,59,71.3
100476,0,46,49,47.2,852,8.5,1.9,0.6,2.5,1.5,3.5,85,57,100.0
100477,68,4,109,59.6,1184,6.0,3.4,2.3,1.7,4.1,3.8,86,102,100.0
100478,3,89,85,88.0,1582,6.8,1.4,5.3,0.6,0.9,0.6,33,233,92.1
100479,15,19,10,18.4,330,9.9,1.1,2.5,2.9,0.6,5.1,66,182,97.1
100480,23,5,73,36.8,726,2.3,3.9,0.4,5.7,0.2,4.6,167,194,75.1
100481,79,69,58,80.4,1470,6.2,3.6,6.7,3.4,4.7,3.5,128,242,82.7
100482,1,58,61,59.4,1072,4.6,0.1,2.5,4.0,1.5,5.5,132,208,83.7
100483,127,63,80,95.2,1778,0.4,3.1,0.5,0.7,4.6,1.0,87,68,100.0
100484,159,17,35,56.0,1086,0.1,0.4,0.6,0.9,1.4,4.1,134,112,97.5
100485,83,3,55,40.4,802,1.2,0.1,2.0,2.8,4.5,5.8,45,229,93.9
100486,151,16,110,83.8,1644,6.5,1.1,1.4,5.7,4.5,1.9,66,96,92.4
100487,139,13,89,71.2,1398,5.7,1.1,6.2,2.2,4.6,0.1,92,243,89.4
100488,177,77,111,126.0,2366,5.5,3.3,2.6,5.3,2.5,4.4,22,158,81.6
100489,162,12,20,47.6,928,0.3,2.8,6.4,0.7,4.3,0.0,149,67,84.4
100490,123,6,12,33.0,648,4.7,3.9,1.4,3.7,4.8,5.2,49,209,99.7
100491,32,43,8,35.4,622,9.2,2.8,3.9,3.6,1.6,0.3,22,220,89.6
100492,160,14,10,44.4,860,4.0,1.7,5.5,5.2,2.1,3.9,28,81,66.3
100493,178,18,74,76.0,1484,,2.8,5.2,0.0,3.6,2.3,27,112,100.0
100494,170,62,69,98.8,1852,7.8,4.0,4.8,1.1,1.5,1.2,28,114,95.4
100495,100,34,0,40.4,740,7.8,,7.4,1.3,3.8,5.4,139,217,90.9
100496,11,80,117,97.0,1780,5.2,3.0,1.8,5.7,0.4,4.5,164,42,75.9
100497,66,34,69,61.2,1156,8.6,3.8,3.9,0.9,2.6,2.0,171,248,100.0
100498,64,18,76,54.0,1044,3.9,0.5,7.1,0.2,0.6,1.7,161,46,80.2
100499,160,19,85,77.4,1510,8.9,2.8,0.6,3.2,1.5,4.4,99,113,100.0
100500,167,34,55,75.8,1448,2.4,3.4,0.4,3.2,1.3,5.0,37,187,91.1
100501,73,31,30,45.2,842,,3.8,1.9,5.1,,4.3,135,195,85.1
100502,42,47,85,70.6,1318,0.5,0.8,5.1,5.7,1.0,3.8,46,168,55.1
100503,43,43,36,48.8,890,8.0,2.0,2.1,3.2,4.0,1.4,111,184,100.0
100504,28,23,46,37.8,710,4.2,2.7,1.5,5.6,4.0,5.1,90,67,86.4
100505,140,60,90,100.0,1880,2.3,1.0,3.7,4.4,2.5,4.5,53,57,75.3
100506,11,16,113,57.0,1108,2.3,,4.9,1.6,1.2,3.1,122,183,80.6
100507,94,70,115,106.8,1996,9.0,1.0,2.0,5.6,1.1,3.1,166,132,85.3
100508,45,49,77,69.2,1286,8.3,1.3,2.4,4.0,2.3,3.4,153,190,93.9
100509,129,64,46,82.6,1524,5.5,1.8,4.9,2.5,0.0,5.0,177,189,78.9
100510,34,31,68,52.6,990,6.2,2.1,7.6,4.1,2.7,4.5,111,211,69.6
100511,80,35,57,59.8,1126,4.7,1.8,5.4,2.4,4.8,5.1,159,182,90.2
100512,89,12,35,39.0,756,3.9,2.0,6.3,0.7,0.8,3.0,162,53,81.5
100513,7,69,31,55.2,966,9.2,1.2,2.9,4.3,2.9,3.7,128,197,94.0
100514,92,57,97,91.4,1714,1.3,0.6,2.2,4.9,4.8,5.1,122,184,83.7
100515,153,13,63,63.6,1246,4.2,0.2,3.6,4.4,4.3,1.4,83,75,84.9
100516,89,36,70,67.4,1276,3.4,0.8,6.5,1.4,4.3,2.7,83,243,86.7
100517,161,78,41,95.4,1752,5.0,2.3,3.7,5.7,4.1,3.7,34,113,79.0
100518,114,67,47,81.8,1502,4.6,3.1,6.8,0.2,1.5,5.5,119,126,85.5
100519,104,39,73,73.4,1390,5.2,0.7,7.9,2.0,4.5,0.1,86,98,82.3
100520,134,58,113,106.8,2020,1.4,0.4,0.6,1.6,4.7,1.3,20,98,100.0
100521,57,79,80,90.8,1658,5.1,3.0,0.4,0.3,2.5,1.4,26,68,100.0
100522,113,15,29,43.2,834,2.4,1.2,1.2,2.4,1.8,2.0,156,238,93.4
100523,74,61,20,59.4,1066,1.8,3.8,3.1,3.7,2.1,1.7,20,186,79.0
100524,156,3,59,56.6,1126,0.6,2.9,1.0,5.3,1.7,3.5,24,104,75.8
100525,119,44,12,55.0,1012,7.6,1.3,7.0,5.9,1.1,5.3,66,115,61.0
100526,163,89,0,86.0,1542,4.3,1.2,0.2,4.8,3.1,3.8,119,60,93.1
100527,20,27,64,45.8,862,6.3,2.1,2.5,2.8,2.8,1.4,29,94,97.0
100528,163,65,110,115.6,2182,7.3,0.3,1.5,4.3,2.3,5.2,21,44,94.0
100529,137,30,32,58.2,1104,6.8,0.5,7.5,5.1,0.5,3.8,42,112,59.6
100530,100,2,37,36.0,716,4.7,0.7,5.4,2.8,4.0,1.3,122,103,85.8
100531,151,7,24,44.0,866,3.9,3.1,7.3,4.7,0.9,2.2,166,38,57.8
100532,176,23,25,59.0,1134,3.8,2.1,7.8,2.9,0.6,4.7,66,42,63.7
100533,98,14,76,58.4,1140,6.4,0.0,4.0,2.3,3.1,4.4,103,149,94.6
100534,35,42,58,55.4,1024,4.9,2.7,1.9,3.2,2.0,3.5,68,74,92.2
100535,95,30,91,73.4,1408,8.5,1.7,1.5,4.1,0.3,0.9,170,119,91.4
100536,151,72,32,86.2,1580,8.7,2.0,1.8,4.4,1.8,4.8,69,163,93.6
100537,150,44,100,96.4,1840,1.7,0.9,5.7,2.1,3.9,1.8,36,133,81.8
100538,36,65,40,62.2,1114,1.4,2.2,0.3,3.4,3.1,4.6,67,73,93.9
100539,11,7,29,18.0,346,,3.9,0.4,5.5,1.8,3.9,140,31,88.9
100540,112,70,56,86.8,1596,3.0,0.3,4.9,5.9,1.0,1.6,21,186,59.9
100541,12,56,48,55.2,992,0.2,1.1,5.1,1.4,3.2,1.3,104,205,82.6
100542,22,79,47,70.6,1254,8.9,1.0,5.3,1.2,4.4,0.8,32,154,100.0
100543,98,29,71,65.4,1250,2.3,1.0,3.0,4.1,3.2,1.5,80,41,81.7
100544,104,73,48,83.8,1530,9.3,1.5,6.4,2.5,4.1,0.9,30,244,92.8
100545,29,17,46,34.4,654,7.2,,4.3,0.1,2.6,3.7,116,143,100.0
100546,16,68,55,66.0,1184,7.6,3.7,0.8,2.1,3.6,3.6,46,96,100.0
100547,112,38,64,70.8,1340,2.0,0.8,6.4,4.8,4.5,3.5,54,207,67.9
100548,61,59,11,52.0,922,2.3,2.2,7.6,4.8,3.9,3.9,37,40,61.9
100549,83,42,68,69.0,1296,5.2,2.5,0.5,3.0,4.5,4.9,87,34,100.0
100550,111,44,87,83.4,1580,1.7,2.1,3.1,2.8,2.2,5.5,60,74,83.6
100551,85,22,5,32.2,600,3.1,1.7,3.9,3.5,4.5,1.4,115,231,86.6
100552,140,68,88,104.0,1944,3.2,0.8,1.2,1.3,3.1,3.5,158,146,100.0
100553,18,5,64,32.2,634,1.6,2.0,6.9,3.2,4.4,0.5,86,204,72.8
100554,176,55,24,77.8,1446,2.1,1.6,2.3,0.1,0.2,0.7,71,163,95.1
100555,99,3,0,21.6,426,7.9,3.2,6.3,2.9,3.3,3.9,138,109,86.0
100556,139,22,31,53.4,1024,1.7,3.1,5.4,2.0,4.2,2.9,104,244,84.4
100557,146,5,105,74.2,1474,0.3,,4.8,4.0,0.9,4.5,89,123,64.1
100558,75,31,105,75.6,1450,6.3,0.4,1.5,3.8,3.3,2.6,176,113,97.5
100559,8,17,2,12.6,218,9.8,3.6,1.8,2.3,4.1,0.8,178,118,100.0
100560,27,14,48,33.0,632,,2.1,0.4,0.0,1.4,5.2,47,226,100.0
100561,127,39,18,56.0,1042,1.2,3.4,1.9,1.5,,0.5,126,220,93.3
100562,51,72,59,77.0,1396,5.7,0.2,2.8,3.8,2.8,1.1,55,140,89.6
100563,82,73,106,102.6,1906,9.1,2.1,6.7,0.4,2.6,1.7,111,96,97.2
100564,110,83,28,83.0,1494,7.8,2.2,2.9,0.6,0.2,6.0,166,204,100.0
100565,143,5,49,51.2,1014,6.2,3.4,6.0,3.9,0.5,2.5,31,191,70.4
100566,116,62,1,60.8,1092,3.2,0.4,3.5,4.5,0.5,3.0,95,41,71.4
100567,68,66,72,82.0,1508,5.4,1.0,6.3,1.9,1.3,4.6,43,56,80.0
100568,98,10,55,47.6,932,0.9,1.6,7.8,2.9,1.2,3.8,84,226,59.7
100569,139,42,16,59.4,1104,6.8,3.5,1.9,5.7,3.7,5.0,111,134,88.6
100570,24,16,59,38.0,728,7.3,3.8,6.9,5.7,2.9,2.9,99,115,67.2
100571,179,3,109,81.2,1618,9.7,4.0,5.0,1.8,3.8,5.8,168,225,100.0
100572,122,62,35,75.6,1388,2.6,3.8,6.5,4.9,0.3,4.8,117,146,55.6
100573,52,67,60,74.6,1358,0.2,0.0,5.2,3.6,2.4,2.4,45,185,68.8
100574,150,80,16,84.4,1528,5.5,0.2,3.4,5.9,1.6,2.3,137,228,72.7
100575,143,40,48,71.8,1356,7.1,0.6,1.8,2.9,4.2,5.6,99,202,100.0
100576,56,82,75,90.4,1644,7.9,1.4,0.6,4.6,3.5,4.1,77,159,100.0
100577,38,4,59,33.6,664,1.9,3.3,4.3,4.6,4.3,3.7,176,166,76.5
100578,108,31,19,47.8,894,2.6,3.6,7.9,3.0,0.2,4.5,176,236,59.2
100579,180,85,49,106.6,1962,5.1,0.7,5.9,4.8,3.6,3.4,156,60,73.4
100580,41,69,2,50.4,870,3.3,2.5,2.6,1.6,2.7,1.0,97,193,96.3
100581,166,34,42,70.4,1340,8.6,3.7,6.6,0.7,4.1,1.9,140,142,99.6
100582,141,21,56,63.2,1222,4.7,1.9,6.2,2.6,2.5,3.3,91,134,79.1
100583,121,64,49,82.2,1516,8.0,0.4,2.3,5.7,2.7,0.1,21,44,86.4
100584,132,83,67,103.0,1894,5.8,1.8,0.1,3.0,0.3,2.6,21,126,97.1
100585,162,21,80,77.0,1498,7.7,1.5,0.9,3.8,3.3,4.5,130,219,100.0
100586,74,10,49,40.4,788,3.3,2.3,7.0,3.7,1.4,1.0,165,60,64.3
100587,145,76,36,89.0,1628,8.3,1.8,6.7,0.8,0.1,0.4,88,184,86.1
100588,75,2,45,34.2,680,2.7,0.1,2.4,2.3,0.3,5.0,141,31,85.2
100589,8,8,41,22.8,440,5.5,4.0,2.3,4.2,4.8,3.7,170,230,95.2
100590,73,59,14,55.6,994,2.1,2.2,6.3,5.8,1.7,1.1,38,72,55.1
100591,144,75,32,86.6,1582,4.8,1.9,7.5,1.0,4.3,4.8,38,144,87.5
100592,6,86,79,84.4,1516,3.2,3.8,6.2,2.5,4.8,3.9,131,152,83.5
100593,173,13,10,46.4,902,2.7,0.6,4.8,0.6,4.7,2.0,47,30,97.3
100594,140,17,118,85.4,1674,9.7,0.8,1.9,1.5,4.4,2.3,94,240,100.0
100595,167,72,19,84.2,1540,1.6,3.2,4.2,2.3,,0.9,69,38,88.4
100596,169,22,101,87.4,1704,7.9,1.0,1.9,3.2,,5.0,158,217,96.4
100597,136,73,23,80.2,1458,9.8,3.2,6.5,1.4,0.8,3.1,74,159,89.0
100598,177,82,63,109.8,2032,0.2,1.1,3.1,1.4,3.2,3.3,156,130,90.6
100599,26,46,117,79.6,1500,7.0,0.1,6.7,4.7,2.4,5.3,161,215,70.9
100600,121,68,79,96.6,1796,2.5,2.1,3.1,5.8,0.5,0.1,132,222,65.1
100601,4,46,93,65.6,1220,0.4,0.8,6.6,1.9,3.4,0.4,168,139,75.1
100602,28,86,97,96.0,1748,4.0,3.0,2.7,4.1,2.8,1.0,67,169,85.1
100603,164,29,64,75.8,1458,9.4,2.6,3.5,1.5,4.3,0.2,77,212,100.0
100604,165,24,87,82.2,1596,0.1,3.7,4.9,5.6,3.0,3.9,156,247,61.6
100605,82,27,87,67.4,1294,5.9,3.1,0.6,4.0,2.9,3.8,37,167,98.1
100606,135,24,72,70.2,1356,5.0,,7.6,4.8,2.2,1.3,31,140,62.2
100607,108,73,85,99.4,1842,8.7,3.2,4.6,0.3,2.3,0.9,143,94,100.0
100608,64,77,75,89.0,1626,0.8,2.6,4.1,3.6,4.8,0.9,35,94,81.6
100609,85,57,16,57.6,1038,6.8,2.7,6.7,3.2,0.7,5.7,167,90,72.9
100610,144,40,88,88.0,1680,6.8,3.3,6.9,1.8,2.2,4.2,39,124,83.6
100611,70,24,91,64.8,1248,6.7,2.3,4.2,1.6,3.3,3.5,162,232,98.5
100612,44,77,60,79.0,1426,9.4,,7.4,3.5,2.2,1.9,44,226,78.3
100613,131,47,14,60.0,1106,8.2,2.5,0.5,4.2,1.4,2.6,164,64,97.6
100614,35,9,93,49.6,974,0.4,1.2,0.9,0.2,1.4,0.5,31,168,100.0
100615,69,74,50,78.2,1416,4.7,0.7,4.8,3.4,1.2,6.0,128,225,76.8
100616,158,10,26,48.0,940,4.0,2.5,2.8,1.0,1.7,4.5,58,67,96.9
100617,18,84,85,88.0,1592,3.1,0.9,3.7,0.8,4.4,3.7,90,143,100.0
100618,107,20,73,62.6,1212,4.5,0.3,2.6,3.7,2.5,3.5,66,68,87.6
100619,166,85,60,108.2,1994,3.8,0.0,3.2,1.9,,3.0,44,178,88.9
100620,90,44,57,67.2,1256,4.3,2.4,6.6,2.6,1.9,1.5,137,149,74.9
100621,89,6,30,33.4,656,9.8,1.4,4.7,2.2,0.5,1.4,52,193,91.3
100622,18,80,90,87.6,1592,0.9,3.0,8.0,3.9,4.5,3.3,48,139,63.8
100623,38,63,11,49.8,870,9.2,1.5,6.3,2.8,2.0,0.4,22,249,85.2
100624,125,63,45,80.8,1490,4.8,1.9,2.2,5.8,4.9,0.4,58,229,86.5
100625,172,1,30,47.0,938,6.2,1.6,2.1,2.1,,3.4,23,49,98.6
100626,140,75,31,85.4,1558,8.3,2.6,2.7,4.4,4.2,5.5,114,72,96.4
100627,125,41,31,62.0,1158,3.6,1.4,6.7,1.5,1.3,5.5,153,178,76.8
100628,57,81,104,101.6,1870,4.3,3.9,0.2,3.1,,0.1,157,192,93.5
100629,147,53,108,104.4,1982,4.1,3.7,1.8,3.3,0.2,0.6,31,93,85.1
100630,60,74,98,95.6,1764,3.7,3.4,7.2,2.0,3.0,3.5,137,136,77.6
100631,126,15,52,55.0,1070,9.3,3.7,5.1,2.8,1.6,5.1,85,61,89.0
100632,104,17,60,55.0,1066,8.3,1.8,1.8,1.7,2.2,5.7,150,65,100.0
100633,166,58,45,86.0,1604,1.1,2.1,1.8,0.0,4.1,5.2,83,134,100.0
100634,0,89,84,87.0,1562,1.1,3.0,6.9,1.3,1.2,4.1,54,98,71.7
100635,130,15,73,64.2,1254,4.3,,7.2,4.2,1.5,1.2,171,138,63.3
100636,91,5,79,52.8,1046,1.0,3.6,2.0,4.6,4.2,0.4,131,209,83.6
100637,112,56,6,58.4,1056,6.2,2.9,3.4,1.7,,0.3,71,161,97.8
100638,152,46,3,59.2,1092,1.4,4.0,6.7,2.4,4.1,3.7,53,36,76.3
100639,55,47,90,75.2,1410,5.2,1.4,6.2,0.2,1.9,0.2,103,113,90.3
100640,160,41,51,77.0,1458,0.1,3.3,6.5,1.4,2.0,4.4,99,228,73.2
100641,165,75,118,125.2,2354,3.2,2.8,4.1,4.7,0.8,4.3,130,181,68.9
100642,116,59,88,93.8,1758,6.8,2.8,7.3,3.6,4.6,0.5,172,178,80.2
100643,133,76,30,84.2,1532,4.8,1.3,2.6,1.2,4.5,5.4,176,214,100.0
100644,57,3,74,42.8,850,9.8,3.1,1.3,1.5,4.9,3.1,111,230,100.0
100645,43,1,111,53.6,1070,8.7,3.6,5.7,4.9,2.0,5.4,60,176,76.1
100646,172,89,83,121.0,2242,3.6,0.9,4.3,1.3,4.1,5.4,106,241,95.8
100647,159,58,35,80.6,1496,0.5,2.5,6.8,2.0,2.1,1.2,70,185,70.1
100648,172,26,53,71.2,1372,8.5,1.6,0.6,4.0,2.3,2.3,145,189,100.0
100649,60,26,53,48.8,924,9.1,,6.7,3.4,4.1,0.8,165,63,86.7
100650,46,78,118,103.2,1908,8.2,,2.3,2.8,0.9,4.6,60,45,95.9
100651,148,71,16,78.6,1430,1.3,0.9,5.2,5.4,1.1,3.0,118,67,58.1
100652,79,6,108,62.6,1240,10.0,1.5,0.3,1.3,1.6,5.6,126,144,100.0
100653,117,62,74,90.2,1680,2.6,2.6,4.9,4.4,3.9,1.2,43,110,75.3
100654,163,45,29,71.2,1334,7.2,0.3,5.7,1.0,1.9,4.1,66,232,92.3
100655,146,62,98,105.6,1988,9.1,2.4,3.0,3.7,1.8,5.9,47,148,93.1
100656,19,11,104,52.0,1018,2.4,3.7,1.7,5.2,5.0,4.0,55,161,87.0
100657,145,12,101,76.6,1508,9.1,3.4,4.3,2.7,1.9,0.4,40,85,93.2
100658,46,42,21,42.8,772,3.1,0.3,6.7,4.3,1.2,3.5,88,197,61.5
100659,48,16,116,65.6,1280,9.8,4.0,2.6,4.9,3.1,1.1,173,149,94.0
100660,13,62,42,56.6,1008,2.8,2.8,2.0,0.8,4.0,0.2,63,79,100.0
100661,142,80,111,120.8,2256,9.5,0.6,2.2,4.2,0.3,2.0,173,138,90.1
100662,158,35,114,98.2,1894,0.5,0.0,7.6,5.5,3.1,1.6,140,146,52.4
100663,0,84,26,60.8,1048,7.1,0.7,2.9,3.5,0.2,4.7,169,197,85.7
100664,116,7,36,41.8,822,5.3,3.4,0.0,1.1,2.6,2.2,167,135,100.0
100665,53,68,45,69.4,1252,4.8,0.1,6.3,0.8,1.3,4.4,21,111,84.3
100666,117,89,112,121.6,2254,2.2,0.9,5.6,1.6,1.5,0.1,60,143,78.5
100667,2,79,34,61.4,1070,7.1,3.0,1.0,0.6,2.3,0.1,73,78,100.0
100668,143,35,3,50.8,946,1.9,2.3,7.9,3.1,4.6,0.2,165,77,70.5
100669,11,27,79,50.0,946,5.5,3.1,4.9,0.4,3.6,1.3,152,163,100.0
100670,73,46,79,73.8,1384,2.5,3.0,4.0,1.3,4.7,2.2,65,155,96.6
100671,15,75,84,81.6,1482,9.6,0.2,3.1,2.6,3.3,3.6,94,162,100.0
100672,101,29,25,47.6,894,0.3,3.6,7.2,2.8,0.0,5.9,168,108,57.8
100673,151,22,120,91.4,1784,2.0,0.9,2.0,3.4,1.3,2.1,169,202,82.9
100674,155,15,99,79.6,1562,2.4,2.2,2.3,4.2,4.5,0.3,22,173,88.1
100675,116,13,18,38.2,738,4.1,2.6,1.0,0.3,3.2,1.2,28,141,100.0
100676,7,73,80,77.2,1398,2.3,0.7,6.1,0.5,4.9,5.4,21,174,92.4
100677,121,70,44,83.8,1536,4.9,3.9,4.8,0.4,0.8,4.2,47,216,91.0
100678,91,51,25,58.8,1074,8.7,2.0,4.9,2.5,1.5,4.7,53,149,89.8
100679,163,36,21,62.6,1180,7.1,0.2,1.7,0.3,1.8,0.7,78,213,100.0
100680,89,28,118,81.8,1580,5.8,3.7,5.2,4.5,1.6,0.8,29,130,73.1
100681,135,66,57,89.4,1656,0.9,2.3,6.1,1.3,1.3,0.7,102,136,74.8
100682,59,14,62,45.0,872,6.9,,2.9,5.6,2.2,5.1,112,108,80.8
100683,177,46,119,110.6,2120,1.7,2.1,6.4,2.9,3.2,1.3,21,192,72.9
100684,27,45,27,43.2,774,7.9,3.3,2.8,2.7,1.6,3.9,67,37,95.9
100685,100,51,64,76.2,1422,2.5,0.1,6.1,4.7,0.4,3.1,153,128,58.3
100686,40,18,43,36.0,684,4.2,1.1,0.3,4.3,3.5,3.3,63,90,96.2
100687,154,76,99,116.0,2168,3.5,1.9,4.4,3.6,2.3,1.2,55,129,78.3
100688,144,20,42,57.6,1112,8.6,0.3,7.8,5.6,2.8,3.8,155,56,66.4
100689,160,63,36,84.2,1558,1.3,2.8,7.8,2.5,2.3,0.3,102,235,65.8
100690,156,36,65,78.8,1504,5.7,1.6,2.3,4.9,4.5,6.0,29,148,91.2
100691,140,26,16,50.0,948,1.4,1.1,3.5,2.3,2.8,0.2,121,244,85.7
100692,45,54,39,57.0,1032,7.0,0.0,0.5,5.0,4.6,0.3,112,49,100.0
100693,34,28,37,38.4,712,9.1,,7.0,1.6,2.6,1.9,38,86,90.0
100694,133,19,84,71.6,1394,4.3,3.3,4.5,1.7,1.5,5.0,37,227,86.6
100695,81,24,60,54.6,1044,4.9,1.6,3.1,4.1,1.8,1.5,134,245,82.3
100696,114,69,8,67.4,1210,9.3,2.3,0.9,1.3,2.6,2.8,42,52,100.0
100697,46,62,76,76.8,1412,5.2,0.9,7.6,1.4,2.6,0.1,148,129,80.8
100698,152,35,74,81.0,1550,4.9,2.5,4.2,1.8,3.4,0.5,78,233,94.2
100699,9,1,60,26.4,526,5.8,0.0,2.3,4.1,1.1,3.6,126,159,85.2
100700,55,21,79,55.2,1062,,2.0,2.8,5.3,3.3,1.2,150,184,86.0
100701,29,15,15,20.8,386,1.1,2.6,2.2,4.0,3.9,4.2,29,189,85.1
100702,108,17,1,32.2,610,8.2,3.7,4.8,5.0,3.4,4.7,142,207,82.4
100703,4,68,105,83.6,1536,4.4,1.5,7.4,3.3,2.4,5.1,68,221,69.9
100704,118,53,107,98.2,1858,0.7,3.1,6.9,0.4,5.0,0.8,75,69,86.8
100705,32,29,71,52.2,986,7.9,2.4,3.7,0.6,2.0,2.7,109,133,100.0
100706,117,44,42,66.6,1244,3.8,3.7,6.6,3.3,0.5,5.7,163,62,66.2
100707,64,18,41,40.0,764,1.0,1.6,3.4,2.0,4.1,4.6,58,58,90.7
100708,145,86,76,111.0,2048,6.3,1.3,2.0,1.3,1.1,0.7,128,62,100.0
100709,176,33,56,77.4,1482,8.8,3.5,7.9,2.8,3.6,3.0,115,129,82.8
100710,10,12,80,41.2,800,8.9,0.2,2.4,4.0,0.9,5.5,63,174,90.9
100711,84,42,102,82.8,1572,9.6,0.5,2.6,2.3,0.1,2.6,27,103,97.6
100712,25,61,87,76.4,1406,8.7,,7.9,4.8,0.8,5.0,155,94,64.2
100713,62,21,66,51.4,986,0.0,3.4,1.1,4.4,1.9,3.0,64,151,79.3
100714,85,51,29,59.2,1082,3.8,0.0,6.1,4.4,0.5,0.6,158,72,62.7
100715,58,51,115,88.2,1662,8.2,3.4,7.5,5.9,1.0,0.9,116,220,59.9
100716,26,35,12,31.0,550,3.7,1.8,4.1,1.8,3.8,0.3,172,146,93.4
100717,176,72,18,85.6,1568,6.0,0.0,0.0,3.9,3.8,1.2,36,238,100.0
100718,160,18,6,45.2,868,6.1,1.6,3.0,5.1,4.1,5.4,102,249,87.0
100719,97,37,8,44.8,822,3.7,0.7,0.9,3.5,4.2,3.9,98,156,98.9
100720,104,69,82,95.0,1762,9.0,2.5,3.3,4.7,2.1,4.4,75,129,87.6
100721,98,78,108,109.6,2036,5.0,2.7,6.3,2.5,4.3,3.7,63,215,85.2
100722,128,56,53,80.4,1496,4.6,2.0,3.5,3.5,2.6,2.3,72,120,85.5
100723,148,19,103,82.2,1606,10.0,0.2,3.5,0.3,2.4,1.3,58,72,100.0
100724,54,8,85,49.6,976,4.9,2.6,4.5,5.9,3.6,5.6,149,194,73.1
100725,5,31,81,52.0,978,1.8,3.4,4.7,4.8,1.1,3.1,117,75,64.1
100726,94,3,60,44.6,886,5.1,2.9,6.9,5.2,3.9,2.9,44,54,68.3
100727,132,49,86,90.2,1706,8.1,3.3,2.5,4.2,2.1,6.0,99,127,91.5
100728,101,81,1,69.2,1222,7.8,0.8,6.6,1.1,0.6,2.3,51,224,85.5
100729,2,4,49,22.4,440,7.9,3.6,4.5,0.2,0.6,5.1,98,122,98.6
100730,180,19,113,92.6,1814,7.1,1.3,2.4,5.2,0.8,5.2,97,128,81.0
100731,22,86,74,85.6,1540,2.5,,2.4,2.4,4.5,1.4,98,134,96.9
100732,52,74,30,66.8,1188,8.6,3.4,2.9,1.6,5.0,0.6,90,208,100.0
100733,164,36,32,67.2,1272,8.9,3.8,5.0,3.4,1.8,5.9,26,103,86.2
100734,82,21,77,59.8,1154,1.9,2.6,1.8,2.5,1.5,2.6,37,146,88.6
100735,144,57,79,94.6,1778,1.3,0.9,7.4,3.9,1.1,0.0,36,67,56.8
100736,84,67,10,61.0,1086,9.8,1.0,4.6,2.9,4.1,3.0,136,195,99.0
100737,77,43,32,54.0,994,8.7,1.9,7.4,4.2,1.0,3.7,123,30,69.8
100738,109,33,6,44.0,814,8.9,3.6,0.4,5.1,4.6,4.7,96,83,100.0
100739,0,76,30,57.6,1000,8.9,0.6,2.7,1.2,3.3,5.7,78,222,100.0
100740,50,41,47,53.4,986,5.4,3.3,0.2,2.0,4.5,5.5,30,125,100.0
100741,172,8,109,82.8,1640,6.5,1.2,2.2,2.6,2.8,5.6,144,51,99.6
100742,3,6,46,22.6,440,5.5,3.2,6.9,5.8,3.5,0.2,70,218,64.9
100743,112,67,77,93.4,1734,0.5,3.7,0.3,2.2,3.1,4.3,26,215,98.1
100744,31,18,91,53.4,1032,7.5,1.7,3.5,2.3,4.2,1.4,174,211,100.0
100745,33,30,52,45.4,848,5.1,1.5,0.9,3.9,4.2,1.1,56,48,99.7
100746,91,34,106,81.0,1552,6.5,3.2,3.3,2.5,2.9,4.8,24,227,96.0
100747,94,56,79,84.0,1568,5.0,2.1,6.7,5.7,3.2,2.5,81,63,64.3
100748,71,84,18,71.8,1268,4.9,2.7,5.0,5.4,4.6,5.5,93,236,76.6
100749,38,60,80,75.6,1392,1.7,2.5,5.9,3.1,4.6,0.3,109,73,78.1
100750,153,30,89,84.2,1624,2.8,0.6,2.8,3.9,3.3,4.8,98,146,84.8
100751,161,82,5,83.4,1504,1.6,3.4,7.6,0.3,0.0,0.8,74,138,71.3
100752,117,52,106,97.0,1836,2.0,0.8,5.7,4.2,0.5,1.1,163,96,61.7
100753,2,31,48,38.2,702,9.7,,3.4,4.2,4.3,2.9,111,143,97.7
100754,122,65,72,92.2,1714,1.5,1.0,3.4,2.2,0.4,2.4,93,209,79.6
100755,49,58,49,64.2,1168,2.7,2.9,7.3,1.3,1.1,2.9,75,51,73.0
100756,11,9,80,39.6,774,5.9,1.1,4.6,5.5,1.2,5.6,80,58,69.5
100757,53,1,94,48.8,974,6.1,1.3,5.7,2.6,3.0,3.9,123,171,85.4
100758,132,65,11,69.8,1266,1.5,1.2,3.3,3.9,2.9,1.7,136,91,79.0
100759,56,59,22,55.4,990,7.9,3.0,1.8,0.2,1.4,1.0,97,44,100.0
100760,144,87,53,102.2,1870,7.9,2.2,5.8,2.5,1.0,2.5,52,171,83.1
100761,111,16,117,78.6,1540,2.4,3.5,4.9,4.9,3.8,2.7,74,144,72.1
100762,46,15,68,45.4,878,2.9,1.2,4.0,2.3,4.7,3.6,37,224,92.4
100763,150,15,106,81.4,1598,9.4,2.8,5.0,3.6,0.3,1.6,159,179,81.7
100764,84,45,99,83.4,1578,8.3,3.0,1.7,1.3,0.7,4.6,93,126,100.0
100765,141,38,58,74.2,1408,7.0,0.6,6.4,2.5,3.2,0.6,40,116,85.5
100766,65,30,35,45.0,840,0.8,1.6,7.6,5.6,4.0,3.4,116,154,55.2
100767,74,87,2,67.8,1182,4.2,1.9,7.1,3.4,4.0,3.7,173,149,75.0
100768,178,0,57,58.4,1168,5.6,1.4,2.6,5.4,3.6,1.2,168,36,84.6
100769,102,10,87,61.2,1204,1.9,1.3,3.2,5.4,4.4,5.0,169,113,77.2
100770,165,84,54,105.0,1932,4.5,2.7,6.5,5.7,1.1,3.7,65,36,57.8
100771,37,3,56,31.6,626,6.0,0.9,4.8,5.4,0.5,3.9,60,46,67.3
100772,49,70,16,58.2,1024,3.3,2.8,4.4,0.0,3.1,3.0,24,61,98.3
100773,97,25,38,49.6,942,7.8,3.7,7.4,5.6,4.1,5.5,63,154,70.3
100774,81,49,89,81.2,1526,8.4,2.3,4.3,0.8,2.9,4.2,163,108,100.0
100775,29,11,67,39.2,762,3.2,2.4,4.1,0.2,,2.3,24,234,100.0
100776,78,80,54,85.2,1544,8.4,0.3,0.3,0.3,4.0,1.4,81,213,100.0
100777,90,74,44,80.0,1452,1.0,3.5,0.6,2.1,3.5,0.4,109,91,99.6
100778,178,64,75,104.0,1952,8.4,1.1,0.1,3.7,0.3,1.0,45,87,98.8
100779,51,46,0,37.8,664,1.5,2.5,7.3,2.4,0.5,6.0,80,140,63.3
100780,165,52,20,72.2,1340,0.8,3.9,3.3,0.2,3.9,2.4,88,215,99.1
100781,78,70,82,90.4,1668,6.4,2.4,3.7,2.9,1.0,5.4,69,160,86.5
100782,29,1,20,14.4,286,4.7,2.9,6.8,2.7,0.1,1.0,144,118,69.0
100783,105,23,51,55.2,1058,9.1,1.8,4.9,4.5,4.6,2.6,55,109,89.9
100784,50,3,81,44.2,878,3.6,0.2,4.9,1.7,4.5,5.8,171,147,92.6
100785,80,18,42,43.6,836,,3.2,2.4,1.3,1.1,0.5,49,30,93.0
100786,132,25,51,61.8,1186,5.0,0.1,6.7,1.5,3.9,3.6,88,139,87.4
100787,28,74,66,76.4,1380,4.6,2.8,1.3,1.8,0.2,5.5,41,96,95.6
100788,131,39,112,94.4,1810,3.4,0.1,0.4,3.6,1.4,5.7,52,177,91.4
100789,137,49,43,74.0,1382,6.9,3.4,1.5,2.8,3.1,5.1,88,249,100.0
100790,144,42,31,66.4,1244,7.6,0.6,2.1,2.0,3.8,5.1,115,243,100.0
100791,73,74,9,62.6,1104,8.5,2.1,2.3,2.2,0.1,3.9,69,91,97.1
100792,16,66,63,68.0,1228,9.7,2.4,5.4,2.2,1.6,1.3,42,85,91.6
100793,83,11,103,64.4,1266,2.7,1.8,1.7,5.8,1.1,4.4,157,210,72.9
100794,68,66,78,84.4,1556,7.2,1.4,5.4,1.4,5.0,5.9,133,222,100.0
100795,33,26,68,49.4,936,3.9,1.9,0.7,4.9,3.4,3.2,36,85,90.7
100796,5,53,67,59.6,1086,6.8,1.2,1.2,4.2,2.0,1.6,110,107,93.8
100797,52,65,27,60.2,1074,4.8,1.8,4.1,0.0,0.4,3.4,155,202,94.4
100798,125,48,52,74.6,1396,9.9,1.4,7.4,6.0,3.0,4.1,141,108,69.2
100799,42,15,115,63.4,1238,7.3,2.3,6.9,4.5,3.2,1.2,153,125,74.1
100800,114,1,50,43.4,866,9.5,1.0,7.8,4.1,4.1,4.3,90,175,79.6
100801,110,59,52,78.2,1446,8.3,4.0,5.2,2.4,1.4,3.5,109,77,88.0
100802,150,53,3,63.0,1154,9.0,,5.4,3.3,4.9,3.7,73,67,94.6
100803,79,29,78,64.4,1230,8.1,0.8,5.0,1.5,2.2,1.8,42,51,95.3
100804,94,83,16,75.0,1334,4.6,,5.0,0.2,1.5,0.9,70,237,92.7
100805,117,37,107,88.4,1694,2.5,3.5,1.2,5.0,1.7,3.7,77,232,80.3
100806,143,27,66,71.2,1370,3.7,0.1,4.3,5.4,2.6,3.5,166,228,71.0
100807,7,24,73,45.0,852,0.2,2.7,3.1,1.0,4.7,2.0,174,102,97.1
100808,131,9,46,50.0,982,5.2,2.2,3.5,4.7,3.7,1.8,44,158,84.0
100809,103,59,105,98.0,1842,5.1,0.7,4.2,4.4,2.9,2.1,168,199,80.1
100810,131,41,55,72.8,1374,5.3,3.3,1.0,1.1,0.8,2.9,142,154,100.0
100811,24,39,22,37.0,662,9.7,1.5,2.9,2.5,0.7,5.8,44,153,97.4
100812,95,76,17,71.4,1276,9.1,1.2,0.5,2.5,2.5,4.6,144,229,100.0
100813,154,41,0,55.4,1026,1.6,3.3,7.8,4.6,3.6,5.1,90,104,59.8
100814,92,46,34,59.6,1100,3.7,2.6,0.9,5.0,3.8,3.0,54,226,90.2
100815,159,36,63,78.6,1500,4.2,3.6,2.1,0.6,1.1,3.2,89,186,100.0
100816,177,79,116,129.2,2426,3.6,2.5,7.1,3.4,0.5,1.2,123,163,63.3
100817,60,21,57,47.4,906,8.0,3.0,3.9,4.6,1.9,4.3,162,85,83.1
100818,121,56,94,95.4,1796,5.2,3.3,1.1,4.7,4.6,2.5,171,149,96.3
100819,50,83,58,83.0,1494,5.7,0.2,3.1,0.9,2.7,4.5,68,41,100.0
100820,146,26,107,87.6,1700,8.5,3.1,0.9,3.2,1.6,2.5,87,68,100.0
100821,20,40,0,28.0,480,8.1,2.5,1.6,5.1,1.6,0.7,26,228,89.1
100822,4,79,2,49.0,822,1.3,0.3,0.4,1.9,0.7,1.0,113,137,93.6
100823,91,33,66,64.4,1222,7.1,2.0,3.5,2.6,2.4,4.9,147,169,94.4
100824,169,31,36,66.8,1274,4.4,0.3,6.5,4.8,4.0,1.6,100,62,70.8
100825,60,89,82,98.2,1786,2.9,2.9,4.7,0.5,4.8,1.6,57,149,98.9
100826,21,88,28,68.2,1188,0.5,2.2,4.9,5.2,2.5,5.6,113,112,62.9
100827,148,65,88,103.8,1946,4.9,3.8,1.6,1.9,0.8,3.9,64,210,96.3
100828,69,11,32,33.2,642,3.6,0.7,2.8,0.0,3.4,0.7,122,48,100.0
100829,0,39,99,63.0,1182,,2.4,6.8,1.4,3.8,0.9,156,215,82.2
100830,132,72,60,93.6,1728,6.9,0.8,0.7,0.5,0.4,1.6,74,114,100.0
100831,11,75,92,84.0,1530,7.7,2.5,6.9,0.6,4.3,3.6,71,240,97.7
100832,89,89,89,106.8,1958,2.4,2.9,3.9,4.2,4.1,4.5,130,157,80.5
100833,45,72,3,53.4,924,0.5,2.9,6.7,1.3,2.4,1.6,68,72,74.9
100834,33,9,112,56.8,1118,,3.3,2.5,5.6,2.8,5.2,89,102,87.4
100835,176,47,13,68.6,1278,0.1,3.4,2.7,3.1,3.6,0.7,130,202,84.7
100836,77,19,113,72.0,1402,9.4,0.3,6.0,2.8,3.4,1.2,150,115,91.0
100837,44,38,90,67.6,1276,6.3,1.4,6.3,2.6,0.1,5.8,87,48,74.7
100838,154,59,32,79.0,1462,3.2,2.7,1.8,4.2,0.6,0.8,120,194,80.0
100839,72,65,21,61.8,1106,2.5,2.0,7.8,2.7,0.8,5.3,57,40,62.7
100840,25,64,47,62.2,1116,0.1,0.8,0.7,0.8,3.8,4.2,68,213,100.0
100841,46,50,2,40.0,700,,2.2,0.5,5.3,2.2,0.4,111,157,82.9
100842,120,35,86,79.4,1518,1.4,1.6,4.8,2.6,2.7,2.9,27,182,78.7
100843,55,23,84,58.4,1122,6.1,1.6,5.8,0.4,3.9,3.1,135,128,98.7
100844,93,26,104,75.8,1464,1.7,3.2,7.7,3.2,1.7,5.6,114,226,61.7
100845,106,1,22,30.6,610,,1.6,3.2,3.9,3.7,2.5,48,74,89.4
100846,62,30,67,57.2,1084,5.9,0.1,0.2,1.7,2.2,2.7,98,91,100.0
100847,47,56,20,51.0,908,3.0,0.2,4.8,4.8,1.9,0.7,43,124,68.5
100848,60,77,100,98.2,1810,0.4,3.4,2.3,4.0,1.7,3.8,168,171,76.7
100849,80,65,42,71.8,1306,0.4,3.8,3.5,3.9,4.8,1.3,132,234,81.7
100850,25,28,94,59.4,1132,0.3,2.8,3.9,2.5,3.9,0.5,42,63,84.2
100851,35,14,84,49.0,952,7.4,1.5,0.5,5.8,0.1,6.0,114,127,84.1
100852,0,11,25,16.6,310,3.2,3.8,3.9,1.6,4.8,1.6,175,239,97.2
100853,7,27,40,33.6,618,8.0,2.7,3.4,3.5,3.9,0.8,179,89,96.6
100854,112,83,98,111.4,2062,4.3,3.4,5.7,1.9,,4.2,169,93,78.4
100855,98,23,37,48.2,918,4.5,3.1,5.2,4.5,0.4,4.9,86,227,66.9
100856,179,20,87,82.6,1612,5.1,1.5,1.5,0.3,1.5,0.4,137,208,100.0
100857,46,9,10,18.6,354,7.1,1.9,1.6,0.3,3.1,0.6,92,71,100.0
100858,126,77,104,113.0,2106,2.7,0.7,2.0,4.9,3.1,0.5,25,178,82.2
100859,55,17,28,32.4,614,1.2,1.2,1.4,2.6,1.4,0.3,84,133,88.0
100860,13,87,110,98.8,1802,5.6,3.1,5.3,2.0,2.2,4.0,41,162,86.6
100861,27,13,118,60.4,1182,3.3,3.6,8.0,3.6,1.1,3.5,128,95,59.9
100862,77,33,59,58.8,1110,4.4,2.9,5.2,4.2,0.3,4.0,135,227,67.9
100863,129,57,66,86.4,1614,6.5,1.9,4.9,1.2,2.6,3.0,74,143,95.2
100864,108,75,64,92.2,1694,4.9,0.3,3.3,1.1,1.7,4.9,38,218,96.2
100865,153,21,115,89.2,1742,6.2,0.2,2.5,5.7,2.7,3.3,127,165,82.0
100866,13,69,60,68.0,1222,,1.5,7.3,3.5,4.7,5.5,148,95,78.2
100867,55,35,117,78.8,1506,7.4,1.9,7.8,2.3,0.7,2.9,67,116,74.2
100868,114,44,18,56.4,1040,7.1,2.4,4.0,4.8,0.0,4.7,179,91,74.2
100869,6,35,45,40.2,734,5.3,0.0,2.3,3.2,0.4,2.4,161,177,86.6
100870,2,21,48,32.2,602,6.8,4.0,6.2,1.4,2.3,2.6,36,161,88.7
100871,110,77,21,76.6,1378,8.7,1.5,1.1,1.2,3.5,5.1,115,172,100.0
100872,150,79,77,108.2,2006,4.3,3.4,6.1,2.4,2.9,0.6,49,213,80.9
100873,106,60,112,102.0,1920,4.1,2.1,6.6,5.2,2.5,3.4,140,49,63.3
100874,17,55,56,58.8,1066,,0.5,1.0,0.4,1.8,4.4,130,53,100.0
100875,37,88,13,65.4,1132,5.8,3.2,7.8,1.3,1.5,4.5,117,38,78.4
100876,114,32,43,59.2,1120,0.7,2.8,7.9,5.4,1.9,3.5,171,145,48.5
100877,14,44,15,35.2,616,8.9,2.1,7.5,0.7,3.1,2.7,139,178,93.6
100878,118,35,96,83.0,1590,0.3,2.1,4.0,3.8,0.8,1.6,161,70,68.0
100879,27,19,76,47.2,906,7.5,0.3,2.0,1.3,3.9,5.5,53,42,100.0
100880,38,17,101,58.2,1130,7.6,2.6,4.7,3.6,2.9,2.2,130,162,87.1
100881,16,37,112,70.2,1330,9.5,3.6,3.4,2.3,1.3,4.8,105,221,97.8
100882,85,66,11,61.0,1088,0.5,0.4,1.6,0.6,2.5,0.2,127,75,99.1
100883,125,22,54,59.8,1152,6.0,1.1,3.4,3.5,4.8,1.4,137,107,95.3
100884,43,15,50,37.6,722,4.3,3.6,5.3,4.1,0.1,2.1,130,100,67.2
100885,24,58,101,80.0,1484,3.3,1.1,0.6,4.1,1.0,4.0,77,227,86.7
100886,144,68,38,84.8,1560,0.9,2.6,2.7,3.8,2.2,1.9,37,88,78.6
100887,12,67,32,55.4,974,5.6,2.1,0.1,3.0,3.2,0.2,130,233,100.0
100888,24,20,32,29.6,552,4.8,2.4,6.0,3.1,1.1,1.0,122,80,73.4
100889,67,77,28,70.8,1262,1.0,1.7,5.1,3.8,4.7,1.6,159,45,76.7
100890,137,77,68,100.8,1862,6.1,1.2,0.5,4.1,3.2,1.1,149,80,99.3
100891,66,69,69,82.2,1506,7.4,0.2,7.7,3.9,4.4,1.2,47,157,77.7
100892,108,11,30,40.2,782,7.7,3.0,0.2,3.5,1.6,4.6,139,199,100.0
100893,145,15,79,69.6,1362,9.1,3.0,4.7,0.9,4.1,2.5,142,40,100.0
100894,110,80,30,82.0,1480,4.1,2.7,6.2,1.3,1.9,2.4,61,97,82.6
100895,110,86,88,108.8,2004,9.5,2.6,6.3,1.6,1.3,5.8,22,150,89.7
100896,33,13,111,58.8,1150,8.7,1.0,0.3,5.5,4.6,2.7,106,209,100.0
100897,110,60,45,76.0,1400,3.0,0.1,7.3,4.6,0.5,5.6,160,230,55.3
100898,7,70,96,81.8,1496,1.6,3.2,7.3,3.3,4.7,1.8,76,167,71.6
100899,167,45,76,90.8,1726,4.4,2.0,4.5,1.5,2.3,2.4,150,101,90.2
100900,112,31,51,61.4,1166,4.0,1.2,3.9,0.7,,2.4,133,220,100.0
100901,82,14,9,28.4,540,5.8,0.4,0.4,5.4,2.7,3.3,57,193,91.1
100902,41,43,87,68.8,1290,,0.3,4.5,5.4,3.8,3.5,78,74,78.0
100903,168,16,73,72.4,1416,7.5,,3.3,0.7,0.0,1.5,47,35,98.3
100904,100,40,40,60.0,1120,5.1,3.2,6.2,4.8,2.5,4.8,45,35,68.9
100905,5,53,94,70.4,1302,1.0,3.7,3.2,2.7,3.7,3.0,103,120,86.8
100906,179,43,76,92.0,1754,8.6,3.6,5.5,1.9,3.9,0.0,110,223,97.4
100907,25,4,2,8.2,156,3.1,3.7,0.8,4.4,0.8,3.5,84,102,83.4
100908,63,26,58,51.4,976,9.7,3.6,1.1,3.7,,4.8,93,93,100.0
100909,58,86,113,108.4,1996,1.2,2.1,1.1,4.7,2.1,1.5,80,67,80.8
100910,108,77,51,88.2,1610,9.6,0.9,0.4,0.4,0.5,0.2,20,226,100.0
100911,120,78,33,84.0,1524,0.9,3.2,4.3,1.9,2.2,4.8,179,218,81.7
100912,32,42,48,50.8,932,2.3,0.9,6.4,1.9,4.0,5.9,51,107,81.5
100913,180,30,27,64.8,1236,0.5,,4.9,2.0,1.5,0.5,174,231,75.9
100914,149,16,82,72.2,1412,7.1,0.9,4.6,3.0,2.2,5.6,160,92,87.4
100915,20,82,86,87.6,1588,8.5,2.1,5.4,1.7,4.8,2.2,36,140,100.0
100916,69,53,108,88.8,1670,4.3,1.3,2.7,2.7,0.2,5.6,175,100,84.9
100917,111,61,95,96.8,1814,9.3,0.6,2.9,2.2,3.0,3.9,108,49,100.0
100918,3,86,12,57.0,968,5.9,1.8,2.5,4.4,3.7,5.3,71,232,90.9
100919,93,31,96,75.6,1450,6.3,3.5,5.7,3.6,3.8,4.7,133,106,83.2
100920,74,39,97,77.0,1462,8.5,2.3,1.3,3.9,3.6,0.2,66,93,100.0
100921,61,12,96,57.8,1132,3.0,3.5,0.1,1.3,,0.4,179,238,100.0
100922,93,83,119,116.0,2154,3.5,0.8,4.8,2.0,0.3,3.2,51,66,78.7
100923,94,34,68,66.4,1260,9.1,0.7,7.5,0.1,2.7,0.8,114,137,95.8
100924,151,4,119,80.2,1596,9.0,2.3,4.9,0.7,3.9,2.8,142,193,100.0
100925,54,72,66,80.4,1464,9.8,1.9,6.3,1.6,0.5,5.7,126,39,87.9
100926,136,28,60,68.0,1304,9.0,,5.4,0.4,0.1,1.8,147,191,94.7
100927,130,69,59,91.0,1682,1.3,3.2,4.0,3.6,4.1,2.9,99,74,80.9
100928,30,24,70,48.4,920,8.2,3.0,5.7,6.0,3.6,2.3,108,92,74.4
100929,39,21,23,29.6,550,4.1,3.8,6.6,0.6,2.1,3.8,59,42,85.1
100930,35,65,62,70.8,1286,9.9,1.6,1.8,4.9,4.7,1.2,47,54,100.0
100931,151,44,85,90.6,1724,4.7,0.8,2.7,0.7,3.8,1.6,100,156,100.0
100932,5,68,108,85.0,1564,5.5,2.2,1.8,4.0,4.8,5.2,50,73,98.2
100933,65,90,60,91.0,1640,5.3,0.4,3.6,3.9,4.6,4.9,138,103,90.5
100934,74,88,22,76.4,1352,3.2,1.2,7.1,5.4,2.4,4.7,106,145,58.2
100935,3,71,29,54.8,954,0.8,0.8,2.8,0.7,3.8,4.6,50,181,98.3
100936,78,0,59,39.2,784,9.0,1.6,3.0,1.9,3.3,2.8,173,98,100.0
100937,133,83,17,83.2,1498,8.0,0.4,6.9,0.5,4.1,4.4,23,231,98.2
100938,117,43,95,87.2,1658,,,4.1,2.4,3.9,2.3,126,76,86.1
100939,112,86,55,96.0,1748,7.8,2.6,4.3,5.5,0.8,0.6,126,120,73.3
100940,93,74,52,83.8,1528,,2.4,6.9,4.7,1.2,2.4,126,79,65.1
100941,178,38,6,60.8,1140,4.1,2.8,3.9,4.3,1.3,1.0,136,145,75.0
100942,61,53,96,82.4,1542,2.5,2.6,5.5,3.2,4.1,2.3,98,193,79.3
100943,78,87,68,95.0,1726,8.6,0.5,0.7,5.3,4.1,1.8,42,62,100.0
100944,135,74,112,116.2,2176,7.0,1.2,1.4,2.7,2.5,3.6,124,121,100.0
100945,25,28,91,58.2,1108,5.5,,3.2,0.9,2.9,2.2,173,133,100.0
100946,178,53,71,95.8,1810,6.1,3.4,4.0,5.0,4.1,4.2,135,160,83.5
100947,172,89,78,119.0,2202,0.9,3.0,7.7,1.7,1.6,3.1,74,188,67.3
100948,43,15,51,38.0,730,4.7,0.8,7.8,0.3,0.3,5.5,163,89,77.6
100949,132,19,3,39.0,742,1.9,1.4,6.8,0.8,2.4,0.5,77,58,79.8
100950,69,45,33,54.0,990,2.1,3.9,2.5,3.7,4.6,4.1,126,201,89.5
100951,153,66,68,97.4,1816,6.6,2.4,7.7,3.6,4.0,4.0,20,202,76.4
100952,117,64,32,74.6,1364,9.1,3.2,5.5,1.6,1.8,5.7,146,145,93.6
100953,67,57,120,95.6,1798,4.0,1.1,3.1,4.4,0.3,2.2,113,71,74.5
100954,18,52,68,62.0,1136,2.1,0.8,5.6,4.6,3.2,1.8,153,178,68.4
100955,19,0,37,18.6,372,6.5,3.1,0.1,5.5,4.2,1.0,71,61,97.7
100956,112,80,97,109.2,2024,8.7,,1.2,3.5,3.3,1.6,38,185,100.0
100957,139,65,25,76.8,1406,7.5,2.7,6.6,4.7,2.1,3.0,121,242,71.4
100958,46,28,0,26.0,464,8.7,2.2,5.2,4.5,0.6,5.0,38,204,75.9
100959,0,83,3,51.0,854,5.4,2.3,2.9,1.5,4.6,1.7,58,128,100.0
100960,89,69,38,74.4,1350,7.5,2.9,4.0,1.9,1.4,0.9,127,149,93.7
100961,141,7,53,53.6,1058,1.4,1.1,7.2,2.9,1.1,1.6,179,76,62.8
100962,63,28,89,65.0,1244,3.5,1.4,5.1,0.1,4.1,0.6,84,46,98.4
100963,37,50,32,50.2,904,3.9,3.5,3.2,1.8,4.9,5.6,66,58,100.0
100964,36,32,32,39.2,720,5.1,1.2,1.0,2.8,3.3,5.2,160,77,100.0
100965,125,2,71,54.6,1088,9.3,2.2,2.3,0.6,3.1,1.9,93,159,100.0
100966,138,59,19,70.6,1294,8.7,,7.8,0.8,1.6,1.5,174,62,87.0
100967,99,34,15,46.2,856,1.3,,3.5,2.8,0.1,5.4,91,157,74.9
100968,76,68,20,64.0,1144,1.7,1.7,3.8,4.4,1.0,0.0,171,220,69.2
100969,2,90,44,72.0,1260,3.6,1.7,4.0,5.0,2.9,3.6,167,97,74.9
100970,160,75,118,124.2,2334,2.9,3.4,7.1,3.3,0.8,5.5,105,68,63.3
100971,133,83,119,124.0,2314,6.1,3.2,4.8,2.8,4.4,3.1,28,246,92.2
100972,177,19,89,82.4,1610,9.0,2.9,5.5,2.3,0.9,0.0,139,162,87.2
100973,9,72,86,79.4,1444,9.6,1.9,3.1,1.2,2.6,1.3,133,148,100.0
100974,4,38,81,56.0,1044,6.5,,0.2,0.9,2.6,5.5,20,97,100.0
100975,150,3,61,56.2,1118,8.4,2.4,7.4,4.8,3.0,0.1,30,81,72.2
100976,137,18,30,50.2,968,5.3,3.5,7.6,2.8,1.6,2.4,124,209,71.0
100977,171,90,115,134.2,2504,2.1,3.5,7.6,4.7,4.4,4.7,20,186,63.5
100978,129,44,41,68.6,1284,,0.4,7.5,4.2,2.2,5.0,100,194,66.0
100979,12,42,11,32.0,556,5.6,1.7,6.5,1.2,3.5,2.9,142,165,89.7
100980,167,12,64,66.2,1300,7.4,1.9,5.5,3.1,3.2,1.4,70,177,86.9
100981,129,12,105,75.0,1476,2.2,,6.8,2.7,0.6,3.6,36,198,65.5
100982,83,59,72,80.8,1498,3.7,2.7,4.8,2.5,3.1,1.6,122,99,85.0
100983,64,56,2,47.2,832,3.6,1.6,1.1,3.3,2.8,1.5,126,65,94.7
100984,62,85,114,109.0,2010,9.6,0.1,3.1,5.9,4.5,4.8,139,61,90.8
100985,100,51,89,86.2,1622,4.4,2.3,7.8,4.9,4.4,0.9,131,34,66.3
100986,72,52,8,48.8,872,7.6,0.4,2.8,5.4,0.8,0.0,42,133,79.4
100987,16,85,105,96.2,1754,7.5,3.3,6.9,0.2,0.4,2.0,145,177,87.6
100988,8,42,50,46.8,852,2.7,3.0,0.7,0.8,1.5,2.9,78,97,100.0
100989,142,82,15,83.6,1508,5.7,1.8,2.7,0.5,4.9,4.2,125,179,100.0
100990,151,71,87,107.6,2010,8.9,1.7,2.8,1.6,0.1,4.7,113,188,98.9
100991,37,71,113,95.2,1762,4.8,3.6,0.4,2.7,3.4,4.0,44,198,100.0
100992,162,41,77,87.8,1674,9.5,,1.0,3.9,3.0,3.8,164,34,100.0
100993,93,89,2,72.8,1278,2.1,1.0,1.5,3.0,3.2,4.0,129,39,92.8
100994,94,25,97,72.6,1402,0.7,3.8,6.7,5.4,1.1,1.6,38,232,50.9
100995,48,22,96,61.2,1180,8.9,3.2,0.5,5.6,1.1,2.3,101,143,91.1
100996,68,42,113,84.0,1596,8.5,3.3,2.4,1.0,2.2,3.7,65,194,100.0
100997,61,76,23,67.0,1188,9.9,0.8,0.1,5.1,0.5,0.4,54,85,95.4
100998,177,27,72,80.4,1554,6.8,0.6,5.6,2.9,0.4,1.8,42,115,77.9
100999,77,8,12,25.0,484,9.4,0.1,5.0,2.7,,2.4,128,181,86.5
101000,116,19,1,35.0,662,8.3,0.9,5.2,4.7,2.9,3.2,63,242,81.0
